ATP,Location,Tournament,Date,Series,Court,Surface,Round,Best of,Winner,Loser,WRank,LRank,WPts,LPts,W1,L1,W2,L2,W3,L3,W4,L4,W5,L5,Wsets,Lsets,Comment,B365W,B365L,PSW,PSL,MaxW,MaxL,AvgW,AvgL
1,Brisbane,Brisbane International,2023-12-31,ATP250,Outdoor,Hard,1st Round,3,Popyrin A.,O Connell C.,40,68.0,1084,780.0,6.0,4.0,6.0,7.0,7.0,6.0,,,,,2.0,1.0,Completed,1.62,2.3,1.72,2.23,1.77,2.32,1.68,2.17
1,Brisbane,Brisbane International,2023-12-31,ATP250,Outdoor,Hard,1st Round,3,Shevchenko A.,Van Assche L.,48,90.0,947,687.0,6.0,3.0,6.0,2.0,,,,,,,2.0,0.0,Completed,1.62,2.3,1.78,2.14,1.78,2.32,1.7,2.14
1,Brisbane,Brisbane International,2024-01-01,ATP250,Outdoor,Hard,1st Round,3,Safiullin R.,Shelton B.,39,17.0,1122,2145.0,6.0,3.0,6.0,7.0,6.0,3.0,,,,,2.0,1.0,Completed,2.3,1.62,2.31,1.68,2.32,1.68,2.24,1.63
1,Brisbane,Brisbane International,2024-01-01,ATP250,Outdoor,Hard,1st Round,3,Rune H.,Purcell M.,8,45.0,3660,1012.0,4.0,6.0,6.0,4.0,6.0,2.0,,,,,2.0,1.0,Completed,1.25,4.0,1.32,3.68,1.32,4.01,1.28,3.65
1,Brisbane,Brisbane International,2024-01-01,ATP250,Outdoor,Hard,1st Round,3,Dimitrov G.,Murray A.,14,42.0,2570,1050.0,4.0,6.0,7.0,5.0,6.0,2.0,,,,,2.0,1.0,Completed,1.33,3.4,1.35,3.47,1.36,3.5,1.33,3.25
1,Brisbane,Brisbane International,2024-01-02,ATP250,Outdoor,Hard,1st Round,3,Hanfmann Y.,Korda S.,51,24.0,914,1530.0,7.0,5.0,6.0,4.0,,,,,,,2.0,0.0,Completed,4.5,1.2,4.54,1.25,4.54,1.25,4.16,1.22
1,Brisbane,Brisbane International,2024-01-02,ATP250,Outdoor,Hard,1st Round,3,Klein L.,Baez S.,170,28.0,359,1435.0,4.0,6.0,6.0,3.0,6.0,4.0,,,,,2.0,1.0,Completed,2.0,1.8,2.02,1.88,2.22,1.88,2.04,1.76
1,Brisbane,Brisbane International,2024-01-02,ATP250,Outdoor,Hard,1st Round,3,Duckworth J.,Wolf J.J.,116,53.0,573,910.0,6.0,3.0,6.0,4.0,,,,,,,2.0,0.0,Completed,2.38,1.57,2.21,1.74,2.4,1.74,2.24,1.63
1,Brisbane,Brisbane International,2024-01-02,ATP250,Outdoor,Hard,1st Round,3,Altmaier D.,Tu L.,56,225.0,891,280.0,7.0,6.0,7.0,6.0,,,,,,,2.0,0.0,Completed,1.57,2.38,1.64,2.39,1.64,2.4,1.59,2.32
1,Brisbane,Brisbane International,2024-01-02,ATP250,Outdoor,Hard,1st Round,3,Machac T.,Etcheverry T.,78,30.0,722,1375.0,6.0,7.0,7.0,5.0,7.0,6.0,,,,,2.0,1.0,Completed,1.36,3.2,1.4,3.17,1.41,3.2,1.37,3.02
1,Brisbane,Brisbane International,2024-01-02,ATP250,Outdoor,Hard,1st Round,3,Thompson J.,Vukic A.,55,62.0,902,835.0,6.0,3.0,6.0,2.0,,,,,,,2.0,0.0,Completed,1.57,2.38,1.56,2.58,1.57,2.63,1.54,2.46
1,Brisbane,Brisbane International,2024-01-02,ATP250,Outdoor,Hard,1st Round,3,Kubler J.,Karatsev A.,102,35.0,631,1193.0,6.0,4.0,6.0,7.0,,,,,,,1.0,1.0,Retired,2.75,1.44,2.6,1.55,2.75,1.55,2.58,1.49
1,Brisbane,Brisbane International,2024-01-02,ATP250,Outdoor,Hard,1st Round,3,Arnaldi M.,Fucsovics M.,44,59.0,1021,882.0,6.0,7.0,6.0,4.0,7.0,6.0,,,,,2.0,1.0,Completed,1.91,1.91,2.05,1.85,2.05,2.1,1.82,1.98
1,Brisbane,Brisbane International,2024-01-02,ATP250,Outdoor,Hard,1st Round,3,Nadal R.,Thiem D.,672,98.0,45,652.0,7.0,5.0,6.0,1.0,,,,,,,2.0,0.0,Completed,1.62,2.3,1.6,2.48,1.63,2.48,1.58,2.33
1,Brisbane,Brisbane International,2024-01-02,ATP250,Outdoor,Hard,1st Round,3,Hijikata R.,Kokkinakis T.,71,65.0,744,802.0,7.0,6.0,6.0,2.0,,,,,,,2.0,0.0,Completed,2.63,1.5,2.71,1.52,2.75,1.55,2.57,1.49
1,Brisbane,Brisbane International,2024-01-03,ATP250,Outdoor,Hard,1st Round,3,Humbert U.,Michelsen A.,20,97.0,1765,653.0,6.0,4.0,6.0,4.0,,,,,,,2.0,0.0,Completed,1.4,3.0,1.44,2.97,1.44,3.1,1.4,2.87
1,Brisbane,Brisbane International,2024-01-03,ATP250,Outdoor,Hard,2nd Round,3,Duckworth J.,Hanfmann Y.,116,51.0,573,914.0,4.0,6.0,6.0,1.0,7.0,6.0,,,,,2.0,1.0,Completed,1.91,1.91,1.93,1.98,1.96,1.98,1.89,1.88
1,Brisbane,Brisbane International,2024-01-03,ATP250,Outdoor,Hard,2nd Round,3,Arnaldi M.,Klein L.,44,170.0,1021,359.0,6.0,4.0,3.0,6.0,7.0,5.0,,,,,2.0,1.0,Completed,1.53,2.5,1.61,2.49,1.65,2.6,1.54,2.43
1,Brisbane,Brisbane International,2024-01-03,ATP250,Outdoor,Hard,2nd Round,3,Safiullin R.,Popyrin A.,39,40.0,1122,1084.0,6.0,7.0,6.0,4.0,7.0,6.0,,,,,2.0,1.0,Completed,1.53,2.5,1.53,2.68,1.55,2.68,1.52,2.49
1,Brisbane,Brisbane International,2024-01-03,ATP250,Outdoor,Hard,2nd Round,3,Rune H.,Shevchenko A.,8,48.0,3660,947.0,6.0,4.0,5.0,7.0,6.0,2.0,,,,,2.0,1.0,Completed,1.29,3.75,1.33,3.68,1.33,3.75,1.29,3.53
1,Brisbane,Brisbane International,2024-01-04,ATP250,Outdoor,Hard,2nd Round,3,Hijikata R.,Machac T.,71,78.0,744,722.0,5.0,7.0,6.0,2.0,7.0,6.0,,,,,2.0,1.0,Completed,2.3,1.62,2.66,1.54,2.66,1.62,2.48,1.53
1,Brisbane,Brisbane International,2024-01-04,ATP250,Outdoor,Hard,2nd Round,3,Thompson J.,Humbert U.,55,20.0,902,1765.0,,,,,,,,,,,0.0,0.0,Walkover,2.5,1.53,2.59,1.56,2.6,1.56,2.54,1.5
1,Brisbane,Brisbane International,2024-01-04,ATP250,Outdoor,Hard,2nd Round,3,Dimitrov G.,Altmaier D.,14,56.0,2570,891.0,6.0,1.0,6.0,2.0,,,,,,,2.0,0.0,Completed,1.14,5.5,1.13,7.16,1.15,7.16,1.13,5.83
1,Brisbane,Brisbane International,2024-01-04,ATP250,Outdoor,Hard,2nd Round,3,Nadal R.,Kubler J.,672,102.0,45,631.0,6.0,1.0,6.0,2.0,,,,,,,2.0,0.0,Completed,1.14,5.5,1.17,5.93,1.18,5.93,1.15,5.22
1,Brisbane,Brisbane International,2024-01-05,ATP250,Outdoor,Hard,Quarterfinals,3,Safiullin R.,Arnaldi M.,39,44.0,1122,1021.0,7.0,6.0,6.0,2.0,,,,,,,2.0,0.0,Completed,1.36,3.2,1.42,3.13,1.44,3.2,1.39,2.96
1,Brisbane,Brisbane International,2024-01-05,ATP250,Outdoor,Hard,Quarterfinals,3,Rune H.,Duckworth J.,8,116.0,3660,573.0,6.0,2.0,7.0,6.0,,,,,,,2.0,0.0,Completed,1.17,5.0,1.18,5.7,1.22,5.7,1.16,5.04
1,Brisbane,Brisbane International,2024-01-05,ATP250,Outdoor,Hard,Quarterfinals,3,Dimitrov G.,Hijikata R.,14,71.0,2570,744.0,6.0,1.0,6.0,4.0,,,,,,,2.0,0.0,Completed,1.13,6.0,1.13,7.11,1.14,7.13,1.13,5.88
1,Brisbane,Brisbane International,2024-01-05,ATP250,Outdoor,Hard,Quarterfinals,3,Thompson J.,Nadal R.,55,672.0,902,45.0,5.0,7.0,7.0,6.0,6.0,3.0,,,,,2.0,1.0,Completed,6.0,1.13,6.62,1.18,6.62,1.18,5.54,1.14
1,Brisbane,Brisbane International,2024-01-06,ATP250,Outdoor,Hard,Semifinals,3,Rune H.,Safiullin R.,8,39.0,3660,1122.0,6.0,4.0,7.0,6.0,,,,,,,2.0,0.0,Completed,1.57,2.38,1.63,2.43,1.63,2.63,1.56,2.4
1,Brisbane,Brisbane International,2024-01-06,ATP250,Outdoor,Hard,Semifinals,3,Dimitrov G.,Thompson J.,14,55.0,2570,902.0,6.0,3.0,7.0,5.0,,,,,,,2.0,0.0,Completed,1.22,4.33,1.26,4.34,1.26,4.34,1.23,4.07
1,Brisbane,Brisbane International,2024-01-07,ATP250,Outdoor,Hard,The Final,3,Dimitrov G.,Rune H.,14,8.0,2570,3660.0,7.0,6.0,6.0,4.0,,,,,,,2.0,0.0,Completed,1.91,1.91,2.03,1.88,2.03,2.03,1.93,1.86
2,Hong Kong,Hong Kong Tennis Open,2024-01-01,ATP250,Outdoor,Hard,1st Round,3,Shang J.,Djere L.,183,33.0,335,1285.0,6.0,7.0,6.0,3.0,7.0,6.0,,,,,2.0,1.0,Completed,2.3,1.62,2.07,1.83,2.3,1.83,2.13,1.7
2,Hong Kong,Hong Kong Tennis Open,2024-01-01,ATP250,Outdoor,Hard,1st Round,3,Kotov P.,Borges N.,67,66.0,791,799.0,6.0,2.0,6.0,4.0,,,,,,,2.0,0.0,Completed,2.0,1.8,2.01,1.88,2.03,1.85,1.97,1.81
2,Hong Kong,Hong Kong Tennis Open,2024-01-01,ATP250,Outdoor,Hard,1st Round,3,Ruusuvuori E.,Bonzi B.,69,73.0,771,738.0,6.0,7.0,6.0,2.0,6.0,1.0,,,,,2.0,1.0,Completed,1.62,2.3,1.58,2.53,1.6,2.6,1.55,2.38
2,Hong Kong,Hong Kong Tennis Open,2024-01-01,ATP250,Outdoor,Hard,1st Round,3,Van De Zandschulp B.,Mochizuki S.,50,137.0,930,457.0,7.0,5.0,6.0,1.0,,,,,,,2.0,0.0,Completed,1.3,3.5,1.28,4.06,1.33,4.06,1.3,3.48
2,Hong Kong,Hong Kong Tennis Open,2024-01-02,ATP250,Outdoor,Hard,1st Round,3,Kecmanovic M.,Daniel T.,54,75.0,905,737.0,6.0,3.0,6.0,2.0,,,,,,,2.0,0.0,Completed,1.57,2.38,1.56,2.57,1.67,2.57,1.55,2.41
2,Hong Kong,Hong Kong Tennis Open,2024-01-02,ATP250,Outdoor,Hard,1st Round,3,Broady L.,Cachin P.,108,70.0,608,763.0,6.0,4.0,6.0,0.0,,,,,,,2.0,0.0,Completed,1.36,3.2,1.42,3.06,1.42,3.2,1.37,3.03
2,Hong Kong,Hong Kong Tennis Open,2024-01-02,ATP250,Outdoor,Hard,1st Round,3,Ofner S.,Mcdonald M.,43,41.0,1048,1055.0,6.0,1.0,6.0,2.0,,,,,,,2.0,0.0,Completed,2.75,1.44,2.72,1.51,2.78,1.51,2.66,1.46
2,Hong Kong,Hong Kong Tennis Open,2024-01-02,ATP250,Outdoor,Hard,1st Round,3,Struff J.L.,Cilic M.,25,674.0,1522,45.0,3.0,6.0,7.0,6.0,7.0,6.0,,,,,2.0,1.0,Completed,1.53,2.5,1.6,2.47,1.9,2.6,1.56,2.41
2,Hong Kong,Hong Kong Tennis Open,2024-01-02,ATP250,Outdoor,Hard,1st Round,3,Bautista Agut R.,Marozsan F.,57,64.0,886,805.0,6.0,2.0,6.0,3.0,,,,,,,2.0,0.0,Completed,1.62,2.3,1.64,2.39,1.7,2.39,1.63,2.24
2,Hong Kong,Hong Kong Tennis Open,2024-01-02,ATP250,Outdoor,Hard,1st Round,3,Huesler M.A.,Sachko V.,194,169.0,312,360.0,6.0,4.0,6.0,4.0,,,,,,,2.0,0.0,Completed,1.53,2.5,1.53,2.67,1.55,2.67,1.51,2.51
2,Hong Kong,Hong Kong Tennis Open,2024-01-02,ATP250,Outdoor,Hard,1st Round,3,Fils A.,Gojo B.,36,72.0,1158,744.0,6.0,3.0,4.0,6.0,6.0,1.0,,,,,2.0,1.0,Completed,1.53,2.5,1.6,2.47,1.6,2.51,1.54,2.42
2,Hong Kong,Hong Kong Tennis Open,2024-01-02,ATP250,Outdoor,Hard,1st Round,3,Musetti L.,Wong C.,27,253.0,1470,238.0,6.0,4.0,7.0,5.0,,,,,,,2.0,0.0,Completed,1.2,4.5,1.24,4.45,1.24,4.65,1.2,4.35
2,Hong Kong,Hong Kong Tennis Open,2024-01-03,ATP250,Outdoor,Hard,2nd Round,3,Shang J.,Van De Zandschulp B.,183,50.0,335,930.0,6.0,7.0,7.0,6.0,7.0,6.0,,,,,2.0,1.0,Completed,2.3,1.62,2.6,1.55,2.6,1.65,2.37,1.57
2,Hong Kong,Hong Kong Tennis Open,2024-01-03,ATP250,Outdoor,Hard,2nd Round,3,Tiafoe F.,Kecmanovic M.,16,54.0,2310,905.0,6.0,3.0,7.0,6.0,,,,,,,2.0,0.0,Completed,1.8,2.0,1.82,2.08,1.91,2.1,1.79,2.0
2,Hong Kong,Hong Kong Tennis Open,2024-01-03,ATP250,Outdoor,Hard,2nd Round,3,Ruusuvuori E.,Khachanov K.,69,15.0,771,2520.0,7.0,6.0,2.0,6.0,6.0,2.0,,,,,2.0,1.0,Completed,2.2,1.67,2.32,1.68,2.32,1.68,2.25,1.62
2,Hong Kong,Hong Kong Tennis Open,2024-01-03,ATP250,Outdoor,Hard,2nd Round,3,Kotov P.,Musetti L.,67,27.0,791,1470.0,6.0,4.0,6.0,3.0,,,,,,,2.0,0.0,Completed,2.1,1.73,2.37,1.65,2.37,1.75,2.17,1.67
2,Hong Kong,Hong Kong Tennis Open,2024-01-04,ATP250,Outdoor,Hard,2nd Round,3,Ofner S.,Struff J.L.,43,25.0,1048,1522.0,6.0,7.0,7.0,6.0,7.0,6.0,,,,,2.0,1.0,Completed,2.2,1.67,2.14,1.79,2.25,1.82,2.09,1.73
2,Hong Kong,Hong Kong Tennis Open,2024-01-04,ATP250,Outdoor,Hard,2nd Round,3,Bautista Agut R.,Cerundolo F.,57,21.0,886,1760.0,7.0,5.0,6.0,3.0,,,,,,,2.0,0.0,Completed,1.4,3.0,1.47,2.9,1.47,3.2,1.41,2.85
2,Hong Kong,Hong Kong Tennis Open,2024-01-04,ATP250,Outdoor,Hard,2nd Round,3,Fils A.,Huesler M.A.,36,194.0,1158,312.0,7.0,5.0,7.0,5.0,,,,,,,2.0,0.0,Completed,1.4,3.0,1.44,3.02,1.46,3.05,1.4,2.91
2,Hong Kong,Hong Kong Tennis Open,2024-01-04,ATP250,Outdoor,Hard,2nd Round,3,Rublev A.,Broady L.,5,108.0,4805,608.0,6.0,4.0,7.0,6.0,,,,,,,2.0,0.0,Completed,1.08,8.0,1.11,7.85,1.11,8.01,1.09,7.05
2,Hong Kong,Hong Kong Tennis Open,2024-01-05,ATP250,Outdoor,Hard,Quarterfinals,3,Ruusuvuori E.,Kotov P.,69,67.0,771,791.0,6.0,3.0,7.0,6.0,,,,,,,2.0,0.0,Completed,1.57,2.38,1.64,2.42,1.7,2.42,1.6,2.29
2,Hong Kong,Hong Kong Tennis Open,2024-01-05,ATP250,Outdoor,Hard,Quarterfinals,3,Ofner S.,Bautista Agut R.,43,57.0,1048,886.0,6.0,4.0,6.0,4.0,,,,,,,2.0,0.0,Completed,3.2,1.36,2.85,1.48,3.2,1.48,2.83,1.42
2,Hong Kong,Hong Kong Tennis Open,2024-01-05,ATP250,Outdoor,Hard,Quarterfinals,3,Shang J.,Tiafoe F.,183,16.0,335,2310.0,6.0,4.0,6.0,4.0,,,,,,,2.0,0.0,Completed,3.75,1.29,3.7,1.33,3.85,1.33,3.51,1.29
2,Hong Kong,Hong Kong Tennis Open,2024-01-05,ATP250,Outdoor,Hard,Quarterfinals,3,Rublev A.,Fils A.,5,36.0,4805,1158.0,6.0,4.0,1.0,6.0,6.0,2.0,,,,,2.0,1.0,Completed,1.3,3.5,1.32,3.71,1.32,3.83,1.29,3.54
2,Hong Kong,Hong Kong Tennis Open,2024-01-06,ATP250,Outdoor,Hard,Semifinals,3,Ruusuvuori E.,Ofner S.,69,43.0,771,1048.0,4.0,6.0,7.0,5.0,6.0,3.0,,,,,2.0,1.0,Completed,1.57,2.38,1.67,2.35,1.67,2.4,1.62,2.28
2,Hong Kong,Hong Kong Tennis Open,2024-01-06,ATP250,Outdoor,Hard,Semifinals,3,Rublev A.,Shang J.,5,183.0,4805,335.0,4.0,6.0,6.0,2.0,6.0,3.0,,,,,2.0,1.0,Completed,1.14,5.5,1.18,5.78,1.18,5.78,1.15,5.27
2,Hong Kong,Hong Kong Tennis Open,2024-01-07,ATP250,Outdoor,Hard,The Final,3,Rublev A.,Ruusuvuori E.,5,69.0,4805,771.0,6.0,4.0,6.0,4.0,,,,,,,2.0,0.0,Completed,1.25,4.0,1.34,3.56,1.34,4.01,1.29,3.59
3,Adelaide,Adelaide International,2024-01-08,ATP250,Outdoor,Hard,1st Round,3,Draper J.,Baez S.,62,26.0,836,1435.0,6.0,1.0,6.0,3.0,,,,,,,2.0,0.0,Completed,1.17,5.0,1.2,5.07,1.22,5.07,1.2,4.46
3,Adelaide,Adelaide International,2024-01-08,ATP250,Outdoor,Hard,1st Round,3,Shevchenko A.,Etcheverry T.,48,30.0,961,1375.0,7.0,6.0,4.0,6.0,7.0,5.0,,,,,2.0,1.0,Completed,1.73,2.1,1.75,2.19,1.75,2.25,1.69,2.15
3,Adelaide,Adelaide International,2024-01-08,ATP250,Outdoor,Hard,1st Round,3,Kecmanovic M.,Mcdonald M.,55,42.0,910,1055.0,6.0,4.0,6.0,2.0,,,,,,,2.0,0.0,Completed,1.5,2.63,1.57,2.53,1.57,2.63,1.54,2.43
3,Adelaide,Adelaide International,2024-01-08,ATP250,Outdoor,Hard,1st Round,3,Lajovic D.,Kokkinakis T.,52,68.0,914,792.0,3.0,6.0,6.0,1.0,6.0,4.0,,,,,2.0,1.0,Completed,2.75,1.44,2.69,1.52,2.75,1.54,2.59,1.48
3,Adelaide,Adelaide International,2024-01-08,ATP250,Outdoor,Hard,1st Round,3,Arnaldi M.,Zapata Miralles B.,41,77.0,1062,715.0,6.0,4.0,6.0,3.0,,,,,,,2.0,0.0,Completed,1.13,6.0,1.17,5.65,1.17,6.0,1.15,5.29
3,Adelaide,Adelaide International,2024-01-09,ATP250,Outdoor,Hard,1st Round,3,O Connell C.,Rinderknech A.,71,97.0,780,626.0,6.0,4.0,6.0,4.0,,,,,,,2.0,0.0,Completed,2.1,1.73,2.1,1.81,2.1,1.81,2.06,1.75
3,Adelaide,Adelaide International,2024-01-09,ATP250,Outdoor,Hard,1st Round,3,Bolt A.,Seyboth Wild T.,325,78.0,159,714.0,6.0,3.0,6.0,2.0,,,,,,,2.0,0.0,Completed,1.73,2.1,1.93,1.96,1.93,2.1,1.83,1.96
3,Adelaide,Adelaide International,2024-01-09,ATP250,Outdoor,Hard,1st Round,3,Thompson J.,Diaz Acosta F.,47,93.0,982,655.0,6.0,2.0,6.0,2.0,,,,,,,2.0,0.0,Completed,1.2,4.5,1.22,4.76,1.28,4.76,1.22,4.25
3,Adelaide,Adelaide International,2024-01-09,ATP250,Outdoor,Hard,1st Round,3,Sonego L.,Hanfmann Y.,46,49.0,990,929.0,7.0,5.0,2.0,6.0,7.0,6.0,,,,,2.0,1.0,Completed,1.62,2.3,1.5,2.75,1.63,2.75,1.56,2.41
3,Adelaide,Adelaide International,2024-01-09,ATP250,Outdoor,Hard,1st Round,3,Lehecka J.,Walton A.,32,176.0,1337,348.0,6.0,1.0,6.0,3.0,,,,,,,2.0,0.0,Completed,1.3,3.5,1.35,3.43,1.35,3.75,1.31,3.37
3,Adelaide,Adelaide International,2024-01-09,ATP250,Outdoor,Hard,1st Round,3,Bublik A.,Mccabe J.,31,278.0,1369,207.0,6.0,2.0,6.0,3.0,,,,,,,2.0,0.0,Completed,1.3,3.5,1.29,3.97,1.35,4.07,1.28,3.6
3,Adelaide,Adelaide International,2024-01-09,ATP250,Outdoor,Hard,1st Round,3,Evans D.,Hijikata R.,40,70.0,1096,782.0,6.0,3.0,6.0,4.0,,,,,,,2.0,0.0,Completed,1.8,2.0,1.83,2.07,1.83,2.07,1.78,2.01
3,Adelaide,Adelaide International,2024-01-10,ATP250,Outdoor,Hard,2nd Round,3,O Connell C.,Shevchenko A.,71,48.0,780,961.0,6.0,3.0,6.0,1.0,,,,,,,2.0,0.0,Completed,2.3,1.62,2.13,1.8,2.32,1.8,2.13,1.71
3,Adelaide,Adelaide International,2024-01-10,ATP250,Outdoor,Hard,2nd Round,3,Jarry N.,Arnaldi M.,18,41.0,1830,1062.0,6.0,7.0,7.0,6.0,6.0,4.0,,,,,2.0,1.0,Completed,1.73,2.1,1.81,2.13,1.84,2.13,1.77,2.03
3,Adelaide,Adelaide International,2024-01-10,ATP250,Outdoor,Hard,2nd Round,3,Draper J.,Kecmanovic M.,62,55.0,836,910.0,5.0,7.0,7.0,6.0,7.0,6.0,,,,,2.0,1.0,Completed,1.44,2.75,1.48,2.86,1.5,2.86,1.44,2.73
3,Adelaide,Adelaide International,2024-01-10,ATP250,Outdoor,Hard,2nd Round,3,Korda S.,Sonego L.,29,46.0,1380,990.0,6.0,4.0,7.0,6.0,,,,,,,2.0,0.0,Completed,1.57,2.38,1.6,2.5,1.63,2.5,1.57,2.37
3,Adelaide,Adelaide International,2024-01-10,ATP250,Outdoor,Hard,2nd Round,3,Paul T.,Bolt A.,14,325.0,2665,159.0,6.0,3.0,6.0,2.0,,,,,,,2.0,0.0,Completed,1.25,4.0,1.3,3.94,1.3,4.25,1.26,3.8
3,Adelaide,Adelaide International,2024-01-10,ATP250,Outdoor,Hard,2nd Round,3,Lehecka J.,Lajovic D.,32,52.0,1337,914.0,7.0,5.0,4.0,6.0,6.0,3.0,,,,,2.0,1.0,Completed,1.4,3.0,1.47,2.9,1.49,3.0,1.44,2.73
3,Adelaide,Adelaide International,2024-01-10,ATP250,Outdoor,Hard,2nd Round,3,Bublik A.,Evans D.,31,40.0,1369,1096.0,4.0,6.0,6.0,2.0,6.0,1.0,,,,,2.0,1.0,Completed,1.8,2.0,1.95,1.95,1.95,2.1,1.85,1.94
3,Adelaide,Adelaide International,2024-01-10,ATP250,Outdoor,Hard,2nd Round,3,Musetti L.,Thompson J.,25,47.0,1435,982.0,6.0,4.0,6.0,1.0,,,,,,,2.0,0.0,Completed,2.38,1.57,2.49,1.61,2.49,1.63,2.33,1.59
3,Adelaide,Adelaide International,2024-01-11,ATP250,Outdoor,Hard,Quarterfinals,3,Korda S.,O Connell C.,29,71.0,1380,780.0,6.0,4.0,6.0,4.0,,,,,,,2.0,0.0,Completed,1.4,3.0,1.47,2.92,1.47,3.2,1.4,2.92
3,Adelaide,Adelaide International,2024-01-11,ATP250,Outdoor,Hard,Quarterfinals,3,Lehecka J.,Jarry N.,32,18.0,1337,1830.0,6.0,4.0,7.0,5.0,,,,,,,2.0,0.0,Completed,2.0,1.8,2.05,1.87,2.2,1.87,2.04,1.76
3,Adelaide,Adelaide International,2024-01-11,ATP250,Outdoor,Hard,Quarterfinals,3,Bublik A.,Musetti L.,31,25.0,1369,1435.0,6.0,3.0,6.0,7.0,7.0,5.0,,,,,2.0,1.0,Completed,1.91,1.91,1.99,1.92,1.99,2.0,1.9,1.89
3,Adelaide,Adelaide International,2024-01-11,ATP250,Outdoor,Hard,Quarterfinals,3,Draper J.,Paul T.,62,14.0,836,2665.0,6.0,1.0,6.0,4.0,,,,,,,2.0,0.0,Completed,2.2,1.67,2.09,1.83,2.26,1.83,2.16,1.69
3,Adelaide,Adelaide International,2024-01-12,ATP250,Outdoor,Hard,Semifinals,3,Lehecka J.,Korda S.,32,29.0,1337,1380.0,6.0,2.0,6.0,1.0,,,,,,,2.0,0.0,Completed,2.5,1.53,2.48,1.61,2.5,1.61,2.39,1.57
3,Adelaide,Adelaide International,2024-01-12,ATP250,Outdoor,Hard,Semifinals,3,Draper J.,Bublik A.,62,31.0,836,1369.0,7.0,6.0,6.0,4.0,,,,,,,2.0,0.0,Completed,1.44,2.75,1.46,2.96,1.48,2.99,1.44,2.77
3,Adelaide,Adelaide International,2024-01-13,ATP250,Outdoor,Hard,The Final,3,Lehecka J.,Draper J.,32,62.0,1337,836.0,4.0,6.0,6.0,4.0,6.0,3.0,,,,,2.0,1.0,Completed,2.3,1.62,2.45,1.63,2.45,1.63,2.32,1.6
4,Auckland,ASB Classic,2024-01-07,ATP250,Outdoor,Hard,1st Round,3,Altmaier D.,Giron M.,57,60.0,906,860.0,7.0,6.0,6.0,2.0,,,,,,,2.0,0.0,Completed,2.63,1.5,2.46,1.61,2.63,1.61,2.49,1.52
4,Auckland,ASB Classic,2024-01-07,ATP250,Outdoor,Hard,1st Round,3,Daniel T.,Vukic A.,74,63.0,739,835.0,7.0,5.0,7.0,5.0,,,,,,,2.0,0.0,Completed,1.73,2.1,1.74,2.21,1.84,2.6,1.72,2.1
4,Auckland,ASB Classic,2024-01-08,ATP250,Outdoor,Hard,1st Round,3,Van Assche L.,Wolf J.J.,87,54.0,687,910.0,6.0,4.0,6.0,2.0,,,,,,,2.0,0.0,Completed,2.3,1.62,2.21,1.74,2.3,1.74,2.19,1.66
4,Auckland,ASB Classic,2024-01-08,ATP250,Outdoor,Hard,1st Round,3,Tabilo A.,Gojo B.,82,91.0,707,664.0,1.0,6.0,6.0,3.0,6.0,2.0,,,,,2.0,1.0,Completed,2.63,1.5,2.52,1.58,2.63,1.58,2.47,1.53
4,Auckland,ASB Classic,2024-01-08,ATP250,Outdoor,Hard,1st Round,3,Van De Zandschulp B.,Eubanks C.,59,34.0,865,1235.0,7.0,6.0,6.0,2.0,,,,,,,2.0,0.0,Completed,1.44,2.75,1.44,2.98,1.46,3.1,1.41,2.83
4,Auckland,ASB Classic,2024-01-08,ATP250,Outdoor,Hard,1st Round,3,Muller A.,Bonzi B.,79,110.0,711,588.0,6.0,3.0,7.0,5.0,,,,,,,2.0,0.0,Completed,2.0,1.8,2.02,1.88,2.1,1.88,1.97,1.82
4,Auckland,ASB Classic,2024-01-08,ATP250,Outdoor,Hard,1st Round,3,Borges N.,Michelsen A.,66,92.0,799,659.0,0.0,6.0,7.0,6.0,6.0,3.0,,,,,2.0,1.0,Completed,2.75,1.44,2.74,1.51,2.8,1.51,2.64,1.47
4,Auckland,ASB Classic,2024-01-08,ATP250,Outdoor,Hard,1st Round,3,Marozsan F.,Monfils G.,65,75.0,805,737.0,6.0,4.0,6.0,7.0,7.0,6.0,,,,,2.0,1.0,Completed,2.5,1.53,2.59,1.56,2.65,1.56,2.53,1.51
4,Auckland,ASB Classic,2024-01-08,ATP250,Outdoor,Hard,1st Round,3,Carballes Baena R.,Bautista Agut R.,67,51.0,796,916.0,6.0,4.0,6.0,3.0,,,,,,,2.0,0.0,Completed,6.0,1.13,6.1,1.16,6.1,1.17,5.55,1.14
4,Auckland,ASB Classic,2024-01-09,ATP250,Outdoor,Hard,1st Round,3,Ofner S.,Shapovalov D.,37,116.0,1132,560.0,6.0,4.0,6.0,2.0,,,,,,,2.0,0.0,Completed,1.8,2.0,1.94,1.94,1.94,2.36,1.8,1.99
4,Auckland,ASB Classic,2024-01-09,ATP250,Outdoor,Hard,1st Round,3,Purcell M.,Pannu K.,45,716.0,1006,37.0,6.0,4.0,6.0,4.0,,,,,,,2.0,0.0,Completed,1.04,13.0,1.06,12.27,1.07,13.0,1.04,10.18
4,Auckland,ASB Classic,2024-01-09,ATP250,Outdoor,Hard,1st Round,3,Fils A.,Gasquet R.,35,76.0,1208,735.0,6.0,3.0,6.0,4.0,,,,,,,2.0,0.0,Completed,1.33,3.4,1.35,3.48,1.4,3.5,1.34,3.19
4,Auckland,ASB Classic,2024-01-09,ATP250,Outdoor,Hard,2nd Round,3,Muller A.,Cerundolo F.,79,22.0,711,1760.0,6.0,1.0,6.0,1.0,,,,,,,2.0,0.0,Completed,2.38,1.57,2.24,1.74,2.4,1.75,2.23,1.64
4,Auckland,ASB Classic,2024-01-09,ATP250,Outdoor,Hard,2nd Round,3,Altmaier D.,Auger-Aliassime F.,57,27.0,906,1425.0,7.0,6.0,7.0,5.0,,,,,,,2.0,0.0,Completed,3.0,1.4,3.2,1.41,3.2,1.42,2.96,1.39
4,Auckland,ASB Classic,2024-01-10,ATP250,Outdoor,Hard,2nd Round,3,Daniel T.,Purcell M.,74,45.0,739,1006.0,6.0,2.0,6.0,4.0,,,,,,,2.0,0.0,Completed,2.2,1.67,2.22,1.74,2.25,1.74,2.15,1.68
4,Auckland,ASB Classic,2024-01-10,ATP250,Outdoor,Hard,2nd Round,3,Shelton B.,Marozsan F.,16,65.0,2145,805.0,6.0,3.0,6.0,4.0,,,,,,,2.0,0.0,Completed,1.44,2.75,1.5,2.79,1.53,2.88,1.46,2.69
4,Auckland,ASB Classic,2024-01-10,ATP250,Outdoor,Hard,2nd Round,3,Carballes Baena R.,Ofner S.,67,37.0,796,1132.0,7.0,5.0,6.0,3.0,,,,,,,2.0,0.0,Completed,3.5,1.3,3.35,1.38,3.6,1.38,3.33,1.32
4,Auckland,ASB Classic,2024-01-10,ATP250,Outdoor,Hard,2nd Round,3,Fils A.,Borges N.,35,66.0,1208,799.0,6.0,2.0,6.0,0.0,,,,,,,2.0,0.0,Completed,1.25,4.0,1.27,4.23,1.3,4.23,1.26,3.75
4,Auckland,ASB Classic,2024-01-10,ATP250,Outdoor,Hard,2nd Round,3,Tabilo A.,Van De Zandschulp B.,82,59.0,707,865.0,7.0,5.0,6.0,3.0,,,,,,,2.0,0.0,Completed,2.75,1.44,2.8,1.5,2.8,1.5,2.71,1.45
4,Auckland,ASB Classic,2024-01-10,ATP250,Outdoor,Hard,2nd Round,3,Norrie C.,Van Assche L.,19,87.0,1810,687.0,6.0,3.0,6.0,7.0,6.0,1.0,,,,,2.0,1.0,Completed,1.4,3.0,1.41,3.15,1.44,3.15,1.4,2.91
4,Auckland,ASB Classic,2024-01-10,ATP250,Outdoor,Hard,Quarterfinals,3,Daniel T.,Muller A.,74,79.0,739,711.0,6.0,4.0,6.0,7.0,6.0,3.0,,,,,2.0,1.0,Completed,1.91,1.91,1.91,2.0,2.03,2.04,1.86,1.93
4,Auckland,ASB Classic,2024-01-11,ATP250,Outdoor,Hard,Quarterfinals,3,Shelton B.,Carballes Baena R.,16,67.0,2145,796.0,6.0,4.0,6.0,3.0,,,,,,,2.0,0.0,Completed,1.17,5.0,1.18,5.69,1.21,5.69,1.17,5.0
4,Auckland,ASB Classic,2024-01-11,ATP250,Outdoor,Hard,Quarterfinals,3,Tabilo A.,Norrie C.,82,19.0,707,1810.0,,,,,,,,,,,,,Walkover,3.4,1.33,3.27,1.39,3.5,1.39,3.26,1.33
4,Auckland,ASB Classic,2024-01-11,ATP250,Outdoor,Hard,Quarterfinals,3,Fils A.,Altmaier D.,35,57.0,1208,906.0,7.0,6.0,1.0,0.0,,,,,,,1.0,0.0,Retired,1.29,3.75,1.31,3.83,1.31,3.85,1.29,3.6
4,Auckland,ASB Classic,2024-01-12,ATP250,Outdoor,Hard,Semifinals,3,Daniel T.,Shelton B.,74,16.0,739,2145.0,7.0,5.0,7.0,6.0,,,,,,,2.0,0.0,Completed,4.33,1.22,4.39,1.26,4.46,1.28,4.02,1.24
4,Auckland,ASB Classic,2024-01-12,ATP250,Outdoor,Hard,Semifinals,3,Tabilo A.,Fils A.,82,35.0,707,1208.0,6.0,2.0,7.0,5.0,,,,,,,2.0,0.0,Completed,4.0,1.25,4.22,1.27,4.22,1.32,3.72,1.27
4,Auckland,ASB Classic,2024-01-13,ATP250,Outdoor,Hard,The Final,3,Tabilo A.,Daniel T.,82,74.0,707,739.0,6.0,2.0,7.0,5.0,,,,,,,2.0,0.0,Completed,2.1,1.73,2.08,1.84,2.15,1.84,2.03,1.77
5,Melbourne,Australian Open,2024-01-14,Grand Slam,Outdoor,Hard,1st Round,5,Arnaldi M.,Walton A.,41,174.0,1077,354.0,7.0,6.0,6.0,2.0,6.0,4.0,,,,,3.0,0.0,Completed,1.2,4.5,1.22,4.84,1.23,4.84,1.21,4.48
5,Melbourne,Australian Open,2024-01-14,Grand Slam,Outdoor,Hard,1st Round,5,Munar J.,Shevchenko A.,82,48.0,706,975.0,6.0,3.0,6.0,3.0,6.0,1.0,,,,,3.0,0.0,Completed,3.2,1.36,3.06,1.43,3.51,1.48,3.0,1.4
5,Melbourne,Australian Open,2024-01-14,Grand Slam,Outdoor,Hard,1st Round,5,Sinner J.,Van De Zandschulp B.,4,59.0,6490,890.0,6.0,4.0,7.0,5.0,6.0,3.0,,,,,3.0,0.0,Completed,1.06,10.0,1.06,13.9,1.08,15.96,1.05,10.8
5,Melbourne,Australian Open,2024-01-14,Grand Slam,Outdoor,Hard,1st Round,5,Kotov P.,Rinderknech A.,65,94.0,835,629.0,7.0,5.0,6.0,1.0,6.0,7.0,6.0,7.0,6.0,3.0,3.0,2.0,Completed,1.62,2.3,1.69,2.3,1.72,2.37,1.67,2.23
5,Melbourne,Australian Open,2024-01-14,Grand Slam,Outdoor,Hard,1st Round,5,Cerundolo F.,Sweeny D.,21,257.0,1760,228.0,3.0,6.0,6.0,3.0,6.0,4.0,2.0,6.0,6.0,2.0,3.0,2.0,Completed,1.36,3.2,1.4,3.21,1.4,3.46,1.35,3.22
5,Melbourne,Australian Open,2024-01-14,Grand Slam,Outdoor,Hard,1st Round,5,Marozsan F.,Cilic M.,67,,823,,6.0,1.0,2.0,6.0,6.0,2.0,7.0,5.0,,,3.0,1.0,Completed,1.73,2.1,1.76,2.19,1.78,2.22,1.74,2.11
5,Melbourne,Australian Open,2024-01-14,Grand Slam,Outdoor,Hard,1st Round,5,Rublev A.,Seyboth Wild T.,5,77.0,5010,718.0,7.0,5.0,6.0,4.0,3.0,6.0,4.0,6.0,7.0,6.0,3.0,2.0,Completed,1.03,17.0,1.03,25.21,1.04,25.34,1.02,16.12
5,Melbourne,Australian Open,2024-01-14,Grand Slam,Outdoor,Hard,1st Round,5,Machac T.,Mochizuki S.,75,136.0,748,457.0,7.0,5.0,6.0,1.0,7.0,5.0,,,,,3.0,0.0,Completed,1.25,4.0,1.3,3.92,1.31,4.0,1.27,3.82
5,Melbourne,Australian Open,2024-01-14,Grand Slam,Outdoor,Hard,1st Round,5,O Connell C.,Garin C.,68,86.0,814,680.0,3.0,6.0,7.0,5.0,4.0,6.0,6.0,1.0,7.0,5.0,3.0,2.0,Completed,1.44,2.75,1.43,3.08,1.48,3.16,1.41,2.95
5,Melbourne,Australian Open,2024-01-14,Grand Slam,Outdoor,Hard,1st Round,5,De Jong J.,Cachin P.,161,74.0,393,763.0,4.0,6.0,6.0,2.0,6.0,3.0,6.0,4.0,,,3.0,1.0,Completed,1.36,3.2,1.35,3.55,1.43,3.55,1.37,3.12
5,Melbourne,Australian Open,2024-01-14,Grand Slam,Outdoor,Hard,1st Round,5,Baez S.,Wolf J.J.,29,57.0,1435,900.0,3.0,6.0,6.0,2.0,6.0,3.0,3.0,0.0,,,2.0,1.0,Retired,2.38,1.57,2.45,1.62,2.46,1.62,2.38,1.58
5,Melbourne,Australian Open,2024-01-14,Grand Slam,Outdoor,Hard,1st Round,5,Fritz T.,Diaz Acosta F.,12,90.0,2840,661.0,4.0,6.0,6.0,3.0,3.0,6.0,6.0,2.0,6.0,4.0,3.0,2.0,Completed,1.03,15.0,1.04,17.97,1.05,32.26,1.03,14.76
5,Melbourne,Australian Open,2024-01-14,Grand Slam,Outdoor,Hard,1st Round,5,Galan D.E.,Kubler J.,87,113.0,676,561.0,2.0,6.0,6.0,3.0,7.0,6.0,4.0,6.0,7.0,6.0,3.0,2.0,Completed,2.5,1.53,2.49,1.61,2.65,1.61,2.46,1.55
5,Melbourne,Australian Open,2024-01-14,Grand Slam,Outdoor,Hard,1st Round,5,Halys Q.,Harris L.,110,167.0,575,371.0,4.0,6.0,7.0,6.0,7.0,5.0,7.0,6.0,,,3.0,1.0,Completed,3.2,1.36,3.59,1.34,3.59,1.4,3.34,1.33
5,Melbourne,Australian Open,2024-01-14,Grand Slam,Outdoor,Hard,1st Round,5,Djokovic N.,Prizmic D.,1,187.0,11055,321.0,6.0,2.0,6.0,7.0,6.0,3.0,6.0,4.0,,,3.0,1.0,Completed,1.01,34.0,1.02,31.46,1.03,34.0,1.01,21.89
5,Melbourne,Australian Open,2024-01-14,Grand Slam,Outdoor,Hard,1st Round,5,Tiafoe F.,Coric B.,17,40.0,2100,1100.0,6.0,3.0,7.0,6.0,2.0,6.0,6.0,3.0,,,3.0,1.0,Completed,1.53,2.5,1.56,2.6,1.59,2.6,1.54,2.48
5,Melbourne,Australian Open,2024-01-15,Grand Slam,Outdoor,Hard,1st Round,5,Korda S.,Kopriva V.,26,132.0,1480,498.0,6.0,1.0,6.0,4.0,2.0,6.0,4.0,6.0,6.0,2.0,3.0,2.0,Completed,1.08,8.0,1.08,10.76,1.11,10.76,1.08,8.5
5,Melbourne,Australian Open,2024-01-15,Grand Slam,Outdoor,Hard,1st Round,5,Ruusuvuori E.,Kypson P.,53,183.0,921,330.0,4.0,6.0,6.0,3.0,6.0,4.0,7.0,6.0,,,3.0,1.0,Completed,1.1,7.0,1.12,7.85,1.14,8.17,1.11,6.76
5,Melbourne,Australian Open,2024-01-15,Grand Slam,Outdoor,Hard,1st Round,5,Musetti L.,Bonzi B.,28,106.0,1440,588.0,7.0,6.0,7.0,6.0,4.0,6.0,6.0,2.0,,,3.0,1.0,Completed,1.36,3.2,1.32,3.73,1.4,3.73,1.35,3.25
5,Melbourne,Australian Open,2024-01-15,Grand Slam,Outdoor,Hard,1st Round,5,Cobolli F.,Jarry N.,100,18.0,617,1870.0,6.0,4.0,3.0,6.0,6.0,3.0,2.0,6.0,7.0,5.0,3.0,2.0,Completed,4.5,1.2,4.46,1.25,4.73,1.26,4.24,1.23
5,Melbourne,Australian Open,2024-01-15,Grand Slam,Outdoor,Hard,1st Round,5,Gaston H.,Carballes Baena R.,97,63.0,626,846.0,6.0,3.0,6.0,2.0,3.0,6.0,6.0,4.0,,,3.0,1.0,Completed,2.2,1.67,2.41,1.64,2.41,1.7,2.29,1.63
5,Melbourne,Australian Open,2024-01-15,Grand Slam,Outdoor,Hard,1st Round,5,Medvedev D.,Atmane T.,3,144.0,7555,429.0,5.0,7.0,6.0,2.0,6.0,4.0,1.0,0.0,,,2.0,1.0,Retired,1.01,23.0,1.02,29.45,1.03,29.45,1.02,17.02
5,Melbourne,Australian Open,2024-01-15,Grand Slam,Outdoor,Hard,1st Round,5,Shelton B.,Bautista Agut R.,16,72.0,2225,776.0,6.0,2.0,7.0,6.0,7.0,5.0,,,,,3.0,0.0,Completed,1.33,3.4,1.45,2.98,1.5,3.4,1.42,2.9
5,Melbourne,Australian Open,2024-01-15,Grand Slam,Outdoor,Hard,1st Round,5,Davidovich Fokina A.,Lestienne C.,24,99.0,1530,619.0,6.0,4.0,6.0,4.0,7.0,6.0,,,,,3.0,0.0,Completed,1.17,5.0,1.25,4.46,1.25,5.5,1.19,4.82
5,Melbourne,Australian Open,2024-01-15,Grand Slam,Outdoor,Hard,1st Round,5,Popyrin A.,Polmans M.,43,154.0,1052,406.0,6.0,3.0,7.0,6.0,6.0,2.0,,,,,3.0,0.0,Completed,1.17,5.0,1.2,5.18,1.21,5.5,1.17,5.03
5,Melbourne,Australian Open,2024-01-15,Grand Slam,Outdoor,Hard,1st Round,5,Mannarino A.,Wawrinka S.,19,56.0,1765,907.0,6.0,4.0,3.0,6.0,5.0,7.0,6.0,3.0,6.0,0.0,3.0,2.0,Completed,1.4,3.0,1.49,2.84,1.49,3.01,1.43,2.84
5,Melbourne,Australian Open,2024-01-15,Grand Slam,Outdoor,Hard,1st Round,5,Van Assche L.,Duckworth J.,79,95.0,715,628.0,6.0,7.0,6.0,3.0,3.0,6.0,6.0,3.0,6.0,3.0,3.0,2.0,Completed,1.73,2.1,1.93,1.98,1.93,2.12,1.82,2.0
5,Melbourne,Australian Open,2024-01-15,Grand Slam,Outdoor,Hard,1st Round,5,Tsitsipas S.,Bergs Z.,7,129.0,4025,508.0,5.0,7.0,6.0,1.0,6.0,1.0,6.0,3.0,,,3.0,1.0,Completed,1.1,7.0,1.12,7.79,1.12,8.9,1.09,7.42
5,Melbourne,Australian Open,2024-01-15,Grand Slam,Outdoor,Hard,1st Round,5,Mensik J.,Shapovalov D.,142,114.0,433,560.0,6.0,3.0,7.0,5.0,7.0,5.0,,,,,3.0,0.0,Completed,1.62,2.3,1.74,2.22,1.74,2.32,1.67,2.22
5,Melbourne,Australian Open,2024-01-15,Grand Slam,Outdoor,Hard,1st Round,5,Khachanov K.,Altmaier D.,15,50.0,2430,946.0,5.0,7.0,6.0,3.0,7.0,6.0,7.0,6.0,,,3.0,1.0,Completed,1.22,4.33,1.22,4.95,1.25,4.95,1.21,4.48
5,Melbourne,Australian Open,2024-01-15,Grand Slam,Outdoor,Hard,1st Round,5,Thompson J.,Vukic A.,47,64.0,982,835.0,3.0,6.0,7.0,6.0,6.0,2.0,3.0,6.0,6.0,4.0,3.0,2.0,Completed,1.4,3.0,1.35,3.54,1.4,3.56,1.35,3.24
5,Melbourne,Australian Open,2024-01-15,Grand Slam,Outdoor,Hard,1st Round,5,Kovacevic A.,Tabilo A.,101,49.0,611,970.0,6.0,7.0,7.0,6.0,1.0,6.0,6.0,1.0,6.0,3.0,3.0,2.0,Completed,2.2,1.67,2.5,1.6,2.5,1.7,2.32,1.62
5,Melbourne,Australian Open,2024-01-15,Grand Slam,Outdoor,Hard,1st Round,5,Zhang Zh.,Coria F.,54,84.0,911,694.0,6.0,4.0,7.0,6.0,7.0,6.0,,,,,3.0,0.0,Completed,1.05,11.0,1.08,10.71,1.08,12.72,1.06,9.65
5,Melbourne,Australian Open,2024-01-15,Grand Slam,Outdoor,Hard,1st Round,5,Eubanks C.,Daniel T.,35,58.0,1215,893.0,6.0,4.0,6.0,2.0,6.0,3.0,,,,,3.0,0.0,Completed,2.2,1.67,2.53,1.59,2.6,1.68,2.37,1.59
5,Melbourne,Australian Open,2024-01-15,Grand Slam,Outdoor,Hard,1st Round,5,Etcheverry T.,Murray A.,32,44.0,1375,1050.0,6.0,4.0,6.0,2.0,6.0,2.0,,,,,3.0,0.0,Completed,2.2,1.67,2.42,1.64,2.42,1.68,2.3,1.62
5,Melbourne,Australian Open,2024-01-15,Grand Slam,Outdoor,Hard,1st Round,5,Monfils G.,Hanfmann Y.,76,52.0,737,929.0,6.0,4.0,6.0,3.0,7.0,5.0,,,,,3.0,0.0,Completed,1.53,2.5,1.53,2.7,1.54,2.75,1.51,2.59
5,Melbourne,Australian Open,2024-01-15,Grand Slam,Outdoor,Hard,1st Round,5,Humbert U.,Goffin D.,20,112.0,1765,570.0,6.0,2.0,7.0,5.0,5.0,7.0,6.0,3.0,,,3.0,1.0,Completed,1.36,3.2,1.42,3.12,1.46,3.2,1.39,3.0
5,Melbourne,Australian Open,2024-01-15,Grand Slam,Outdoor,Hard,1st Round,5,Borges N.,Marterer M.,69,96.0,814,626.0,7.0,5.0,7.0,6.0,6.0,2.0,,,,,3.0,0.0,Completed,2.0,1.8,2.24,1.73,2.24,1.82,2.12,1.74
5,Melbourne,Australian Open,2024-01-15,Grand Slam,Outdoor,Hard,1st Round,5,Grenier H.,Muller A.,178,73.0,340,774.0,2.0,6.0,7.0,6.0,4.0,6.0,6.0,4.0,7.0,6.0,3.0,2.0,Completed,3.2,1.36,3.19,1.41,3.32,1.41,3.1,1.38
5,Melbourne,Australian Open,2024-01-15,Grand Slam,Outdoor,Hard,1st Round,5,De Minaur A.,Raonic M.,10,319.0,2950,165.0,6.0,7.0,6.0,3.0,2.0,0.0,,,,,1.0,1.0,Retired,1.11,6.5,1.1,8.66,1.12,8.66,1.1,7.15
5,Melbourne,Australian Open,2024-01-15,Grand Slam,Outdoor,Hard,1st Round,5,Hurkacz H.,Jasika O.,9,343.0,3320,148.0,7.0,6.0,6.0,4.0,6.0,2.0,,,,,3.0,0.0,Completed,1.02,19.0,1.03,20.95,1.03,21.63,1.02,15.59
5,Melbourne,Australian Open,2024-01-15,Grand Slam,Outdoor,Hard,1st Round,5,Kecmanovic M.,Watanuki Y.,60,102.0,890,610.0,4.0,6.0,7.0,5.0,6.0,3.0,6.0,4.0,,,3.0,1.0,Completed,1.3,3.5,1.33,3.67,1.33,3.67,1.31,3.49
5,Melbourne,Australian Open,2024-01-15,Grand Slam,Outdoor,Hard,1st Round,5,Auger-Aliassime F.,Thiem D.,30,92.0,1425,654.0,6.0,3.0,7.0,5.0,6.0,7.0,5.0,7.0,6.0,3.0,3.0,2.0,Completed,1.44,2.75,1.45,2.97,1.5,3.01,1.45,2.8
5,Melbourne,Australian Open,2024-01-15,Grand Slam,Outdoor,Hard,1st Round,5,Struff J.L.,Hijikata R.,25,71.0,1511,782.0,3.0,6.0,6.0,3.0,6.0,2.0,6.0,7.0,7.0,6.0,3.0,2.0,Completed,1.62,2.3,1.68,2.34,1.7,2.44,1.61,2.33
5,Melbourne,Australian Open,2024-01-16,Grand Slam,Outdoor,Hard,1st Round,5,Michelsen A.,Mccabe J.,91,269.0,656,214.0,7.0,6.0,3.0,6.0,6.0,1.0,6.0,2.0,,,3.0,1.0,Completed,1.17,5.0,1.19,5.48,1.21,5.48,1.18,4.97
5,Melbourne,Australian Open,2024-01-16,Grand Slam,Outdoor,Hard,1st Round,5,Lehecka J.,Zapata Miralles B.,23,78.0,1555,715.0,6.0,3.0,6.0,2.0,6.0,3.0,,,,,3.0,0.0,Completed,1.07,9.0,1.06,13.84,1.08,13.84,1.06,9.98
5,Melbourne,Australian Open,2024-01-16,Grand Slam,Outdoor,Hard,1st Round,5,Norrie C.,Varillas J. P.,22,81.0,1710,709.0,6.0,4.0,6.0,4.0,6.0,2.0,,,,,3.0,0.0,Completed,1.1,7.0,1.13,7.18,1.17,7.18,1.13,6.18
5,Melbourne,Australian Open,2024-01-16,Grand Slam,Outdoor,Hard,1st Round,5,Cazaux A.,Djere L.,122,33.0,529,1250.0,6.0,2.0,6.0,7.0,6.0,2.0,3.0,6.0,6.0,2.0,3.0,2.0,Completed,2.1,1.73,2.0,1.91,2.21,1.91,2.04,1.79
5,Melbourne,Australian Open,2024-01-16,Grand Slam,Outdoor,Hard,1st Round,5,Fils A.,Vesely J.,34,293.0,1233,188.0,4.0,6.0,7.0,5.0,6.0,2.0,6.0,3.0,,,3.0,1.0,Completed,1.08,8.0,1.11,8.44,1.13,9.19,1.09,7.49
5,Melbourne,Australian Open,2024-01-16,Grand Slam,Outdoor,Hard,1st Round,5,Griekspoor T.,Safiullin R.,31,36.0,1410,1190.0,2.0,6.0,3.0,6.0,7.0,6.0,6.0,4.0,7.0,5.0,3.0,2.0,Completed,2.63,1.5,2.73,1.52,2.75,1.58,2.57,1.52
5,Melbourne,Australian Open,2024-01-16,Grand Slam,Outdoor,Hard,1st Round,5,Zeppieri G.,Lajovic D.,133,51.0,487,939.0,6.0,3.0,3.0,6.0,6.0,3.0,7.0,6.0,,,3.0,1.0,Completed,2.0,1.8,1.98,1.93,2.1,1.93,2.0,1.82
5,Melbourne,Australian Open,2024-01-16,Grand Slam,Outdoor,Hard,1st Round,5,Ruud C.,Ramos-Vinolas A.,11,85.0,2910,688.0,6.0,1.0,6.0,3.0,6.0,1.0,,,,,3.0,0.0,Completed,1.02,19.0,1.05,16.05,1.05,28.0,1.02,15.52
5,Melbourne,Australian Open,2024-01-16,Grand Slam,Outdoor,Hard,1st Round,5,Dimitrov G.,Fucsovics M.,13,70.0,2775,782.0,4.0,6.0,6.0,3.0,7.0,6.0,6.0,2.0,,,3.0,1.0,Completed,1.17,5.0,1.15,6.57,1.18,6.57,1.16,5.36
5,Melbourne,Australian Open,2024-01-16,Grand Slam,Outdoor,Hard,1st Round,5,Purcell M.,Valkusz M.,45,214.0,1021,291.0,3.0,6.0,7.0,6.0,6.0,4.0,7.0,5.0,,,3.0,1.0,Completed,1.29,3.75,1.35,3.51,1.36,3.77,1.31,3.48
5,Melbourne,Australian Open,2024-01-16,Grand Slam,Outdoor,Hard,1st Round,5,Klein L.,Kwon S.W.,163,697.0,391,40.0,7.0,6.0,4.0,6.0,7.0,6.0,6.0,3.0,,,3.0,1.0,Completed,1.33,3.4,1.36,3.45,1.38,3.67,1.34,3.3
5,Melbourne,Australian Open,2024-01-16,Grand Slam,Outdoor,Hard,1st Round,5,Draper J.,Giron M.,55,66.0,911,825.0,6.0,4.0,3.0,6.0,4.0,6.0,6.0,0.0,6.0,2.0,3.0,2.0,Completed,1.25,4.0,1.25,4.51,1.3,4.51,1.24,4.06
5,Melbourne,Australian Open,2024-01-16,Grand Slam,Outdoor,Hard,1st Round,5,Rune H.,Nishioka Y.,8,61.0,3815,865.0,6.0,2.0,4.0,6.0,7.0,6.0,6.0,4.0,,,3.0,1.0,Completed,1.11,6.5,1.14,7.03,1.14,7.03,1.12,6.39
5,Melbourne,Australian Open,2024-01-16,Grand Slam,Outdoor,Hard,1st Round,5,Nagal S.,Bublik A.,137,27.0,450,1459.0,6.0,4.0,6.0,2.0,7.0,6.0,,,,,3.0,0.0,Completed,5.0,1.17,5.18,1.2,5.18,1.2,4.78,1.19
5,Melbourne,Australian Open,2024-01-16,Grand Slam,Outdoor,Hard,1st Round,5,Shang J.,Mcdonald M.,140,42.0,435,1055.0,6.0,3.0,1.0,6.0,3.0,6.0,6.0,4.0,6.0,2.0,3.0,2.0,Completed,1.67,2.2,1.77,2.18,1.77,2.29,1.71,2.15
5,Melbourne,Australian Open,2024-01-16,Grand Slam,Outdoor,Hard,1st Round,5,Paul T.,Barrere G.,14,83.0,2670,696.0,6.0,2.0,6.0,3.0,6.0,3.0,,,,,3.0,0.0,Completed,1.11,6.5,1.16,6.31,1.16,7.0,1.12,6.15
5,Melbourne,Australian Open,2024-01-16,Grand Slam,Outdoor,Hard,1st Round,5,Kokkinakis T.,Ofner S.,80,37.0,711,1141.0,7.0,6.0,2.0,6.0,6.0,7.0,6.0,1.0,7.0,6.0,3.0,2.0,Completed,2.0,1.8,2.04,1.87,2.08,1.87,1.99,1.82
5,Melbourne,Australian Open,2024-01-16,Grand Slam,Outdoor,Hard,1st Round,5,Sonego L.,Evans D.,46,38.0,1005,1121.0,4.0,6.0,7.0,6.0,6.0,2.0,7.0,6.0,,,3.0,1.0,Completed,1.8,2.0,1.85,2.07,1.88,2.07,1.8,2.01
5,Melbourne,Australian Open,2024-01-16,Grand Slam,Outdoor,Hard,1st Round,5,Zverev A.,Koepfer D.,6,62.0,4275,858.0,4.0,6.0,6.0,3.0,7.0,6.0,6.0,3.0,,,3.0,1.0,Completed,1.06,10.0,1.07,11.89,1.09,11.89,1.06,9.55
5,Melbourne,Australian Open,2024-01-16,Grand Slam,Outdoor,Hard,1st Round,5,Alcaraz C.,Gasquet R.,2,131.0,8855,500.0,7.0,6.0,6.0,1.0,6.0,2.0,,,,,3.0,0.0,Completed,1.02,19.0,1.01,40.62,1.05,40.62,1.02,17.45
5,Melbourne,Australian Open,2024-01-17,Grand Slam,Outdoor,Hard,2nd Round,5,Sinner J.,De Jong J.,4,161.0,6490,393.0,6.0,2.0,6.0,2.0,6.0,2.0,,,,,3.0,0.0,Completed,1.02,21.0,1.02,27.16,1.03,28.0,1.02,17.56
5,Melbourne,Australian Open,2024-01-17,Grand Slam,Outdoor,Hard,2nd Round,5,De Minaur A.,Arnaldi M.,10,41.0,2950,1077.0,6.0,3.0,6.0,0.0,6.0,3.0,,,,,3.0,0.0,Completed,1.17,5.0,1.2,5.24,1.23,5.24,1.18,4.83
5,Melbourne,Australian Open,2024-01-17,Grand Slam,Outdoor,Hard,2nd Round,5,Baez S.,Galan D.E.,29,87.0,1435,676.0,7.0,5.0,2.0,6.0,6.0,2.0,6.0,4.0,,,3.0,1.0,Completed,1.4,3.0,1.44,2.97,1.44,3.06,1.41,2.9
5,Melbourne,Australian Open,2024-01-17,Grand Slam,Outdoor,Hard,2nd Round,5,Cobolli F.,Kotov P.,100,65.0,617,835.0,7.0,5.0,6.0,3.0,5.0,7.0,6.0,2.0,,,3.0,1.0,Completed,2.5,1.53,2.52,1.6,2.55,1.6,2.45,1.55
5,Melbourne,Australian Open,2024-01-17,Grand Slam,Outdoor,Hard,2nd Round,5,Van Assche L.,Musetti L.,79,28.0,715,1440.0,6.0,3.0,3.0,6.0,6.0,7.0,6.0,3.0,6.0,0.0,3.0,2.0,Completed,2.75,1.44,2.75,1.51,2.9,1.51,2.76,1.45
5,Melbourne,Australian Open,2024-01-17,Grand Slam,Outdoor,Hard,2nd Round,5,Khachanov K.,Kovacevic A.,15,101.0,2430,611.0,6.0,4.0,6.0,3.0,4.0,6.0,6.0,3.0,,,3.0,1.0,Completed,1.14,5.5,1.17,6.02,1.18,6.25,1.15,5.4
5,Melbourne,Australian Open,2024-01-17,Grand Slam,Outdoor,Hard,2nd Round,5,Fritz T.,Gaston H.,12,97.0,2840,626.0,6.0,0.0,6.0,3.0,6.0,1.0,,,,,3.0,0.0,Completed,1.11,6.5,1.14,6.86,1.15,6.86,1.13,6.12
5,Melbourne,Australian Open,2024-01-17,Grand Slam,Outdoor,Hard,2nd Round,5,Marozsan F.,Cerundolo F.,67,21.0,823,1760.0,7.0,6.0,6.0,4.0,6.0,2.0,,,,,3.0,0.0,Completed,1.57,2.38,1.54,2.66,1.6,2.66,1.55,2.46
5,Melbourne,Australian Open,2024-01-17,Grand Slam,Outdoor,Hard,2nd Round,5,Shelton B.,O Connell C.,16,68.0,2225,814.0,6.0,4.0,6.0,1.0,3.0,6.0,7.0,6.0,,,3.0,1.0,Completed,1.25,4.0,1.28,4.16,1.29,4.6,1.26,3.94
5,Melbourne,Australian Open,2024-01-17,Grand Slam,Outdoor,Hard,2nd Round,5,Mannarino A.,Munar J.,19,82.0,1765,706.0,6.0,3.0,6.0,3.0,1.0,6.0,2.0,6.0,6.0,3.0,3.0,2.0,Completed,1.33,3.4,1.34,3.56,1.38,3.56,1.33,3.33
5,Melbourne,Australian Open,2024-01-17,Grand Slam,Outdoor,Hard,2nd Round,5,Machac T.,Tiafoe F.,75,17.0,748,2100.0,6.0,4.0,6.0,4.0,7.0,6.0,,,,,3.0,0.0,Completed,2.75,1.44,2.78,1.51,2.86,1.51,2.69,1.47
5,Melbourne,Australian Open,2024-01-17,Grand Slam,Outdoor,Hard,2nd Round,5,Etcheverry T.,Monfils G.,32,76.0,1375,737.0,6.0,4.0,6.0,4.0,6.0,4.0,,,,,3.0,0.0,Completed,2.38,1.57,2.64,1.55,2.64,1.6,2.48,1.54
5,Melbourne,Australian Open,2024-01-17,Grand Slam,Outdoor,Hard,2nd Round,5,Tsitsipas S.,Thompson J.,7,47.0,4025,982.0,4.0,6.0,7.0,6.0,6.0,2.0,7.0,6.0,,,3.0,1.0,Completed,1.2,4.5,1.25,4.4,1.25,4.54,1.22,4.34
5,Melbourne,Australian Open,2024-01-17,Grand Slam,Outdoor,Hard,2nd Round,5,Korda S.,Halys Q.,26,110.0,1480,575.0,6.0,4.0,6.0,4.0,6.0,4.0,,,,,3.0,0.0,Completed,1.25,4.0,1.31,3.85,1.31,4.01,1.26,3.87
5,Melbourne,Australian Open,2024-01-17,Grand Slam,Outdoor,Hard,2nd Round,5,Rublev A.,Eubanks C.,5,35.0,5010,1215.0,6.0,4.0,6.0,4.0,6.0,4.0,,,,,3.0,0.0,Completed,1.07,9.0,1.09,9.56,1.1,9.56,1.07,8.26
5,Melbourne,Australian Open,2024-01-17,Grand Slam,Outdoor,Hard,2nd Round,5,Djokovic N.,Popyrin A.,1,43.0,11055,1052.0,6.0,3.0,4.0,6.0,7.0,6.0,6.0,3.0,,,3.0,1.0,Completed,1.02,19.0,1.04,19.56,1.05,19.56,1.02,14.37
5,Melbourne,Australian Open,2024-01-18,Grand Slam,Outdoor,Hard,2nd Round,5,Norrie C.,Zeppieri G.,22,133.0,1710,487.0,3.0,6.0,6.0,7.0,6.0,2.0,6.0,4.0,6.0,4.0,3.0,2.0,Completed,1.3,3.5,1.41,3.19,1.41,3.53,1.35,3.22
5,Melbourne,Australian Open,2024-01-18,Grand Slam,Outdoor,Hard,2nd Round,5,Michelsen A.,Lehecka J.,91,23.0,656,1555.0,4.0,6.0,6.0,3.0,6.0,4.0,6.0,4.0,,,3.0,1.0,Completed,4.33,1.22,4.11,1.28,4.34,1.3,4.0,1.25
5,Melbourne,Australian Open,2024-01-18,Grand Slam,Outdoor,Hard,2nd Round,5,Zverev A.,Klein L.,6,163.0,4275,391.0,7.0,5.0,3.0,6.0,4.0,6.0,7.0,6.0,7.0,6.0,3.0,2.0,Completed,1.06,10.0,1.07,12.1,1.07,12.1,1.05,9.88
5,Melbourne,Australian Open,2024-01-18,Grand Slam,Outdoor,Hard,2nd Round,5,Ruud C.,Purcell M.,11,45.0,2910,1021.0,6.0,3.0,6.0,7.0,6.0,3.0,3.0,6.0,7.0,6.0,3.0,2.0,Completed,1.17,5.0,1.18,5.62,1.19,5.62,1.16,5.23
5,Melbourne,Australian Open,2024-01-18,Grand Slam,Outdoor,Hard,2nd Round,5,Paul T.,Draper J.,14,55.0,2670,911.0,6.0,2.0,3.0,6.0,6.0,3.0,7.0,5.0,,,3.0,1.0,Completed,1.91,1.91,2.04,1.87,2.04,2.03,1.92,1.88
5,Melbourne,Australian Open,2024-01-18,Grand Slam,Outdoor,Hard,2nd Round,5,Kecmanovic M.,Struff J.L.,60,25.0,890,1511.0,6.0,4.0,1.0,6.0,7.0,6.0,1.0,6.0,7.0,6.0,3.0,2.0,Completed,1.5,2.63,1.55,2.64,1.57,2.64,1.52,2.57
5,Melbourne,Australian Open,2024-01-18,Grand Slam,Outdoor,Hard,2nd Round,5,Alcaraz C.,Sonego L.,2,46.0,8855,1005.0,6.0,4.0,6.0,7.0,6.0,3.0,7.0,6.0,,,3.0,1.0,Completed,1.04,13.0,1.05,15.2,1.05,28.0,1.03,14.22
5,Melbourne,Australian Open,2024-01-18,Grand Slam,Outdoor,Hard,2nd Round,5,Borges N.,Davidovich Fokina A.,69,24.0,814,1530.0,7.0,6.0,6.0,3.0,6.0,3.0,,,,,3.0,0.0,Completed,4.5,1.2,4.48,1.25,4.75,1.25,4.36,1.21
5,Melbourne,Australian Open,2024-01-18,Grand Slam,Outdoor,Hard,2nd Round,5,Shang J.,Nagal S.,140,137.0,435,450.0,2.0,6.0,6.0,3.0,7.0,5.0,6.0,4.0,,,3.0,1.0,Completed,1.4,3.0,1.48,2.86,1.5,3.19,1.44,2.8
5,Melbourne,Australian Open,2024-01-18,Grand Slam,Outdoor,Hard,2nd Round,5,Griekspoor T.,Fils A.,31,34.0,1410,1233.0,3.0,6.0,6.0,1.0,7.0,5.0,6.0,4.0,,,3.0,1.0,Completed,2.38,1.57,2.4,1.65,2.45,1.7,2.34,1.6
5,Melbourne,Australian Open,2024-01-18,Grand Slam,Outdoor,Hard,2nd Round,5,Humbert U.,Zhang Zh.,20,54.0,1765,911.0,6.0,2.0,5.0,7.0,6.0,1.0,7.0,6.0,,,3.0,1.0,Completed,1.4,3.0,1.41,3.15,1.44,3.16,1.39,3.03
5,Melbourne,Australian Open,2024-01-18,Grand Slam,Outdoor,Hard,2nd Round,5,Dimitrov G.,Kokkinakis T.,13,80.0,2775,711.0,6.0,3.0,6.0,2.0,4.0,6.0,6.0,4.0,,,3.0,1.0,Completed,1.13,6.0,1.15,6.58,1.16,6.58,1.13,5.89
5,Melbourne,Australian Open,2024-01-18,Grand Slam,Outdoor,Hard,2nd Round,5,Cazaux A.,Rune H.,122,8.0,529,3815.0,7.0,6.0,6.0,4.0,4.0,6.0,6.0,3.0,,,3.0,1.0,Completed,5.5,1.14,5.66,1.18,5.92,1.18,5.44,1.15
5,Melbourne,Australian Open,2024-01-18,Grand Slam,Outdoor,Hard,2nd Round,5,Auger-Aliassime F.,Grenier H.,30,178.0,1425,340.0,6.0,1.0,3.0,6.0,6.0,1.0,6.0,2.0,,,3.0,1.0,Completed,1.13,6.0,1.11,8.12,1.15,8.12,1.1,6.83
5,Melbourne,Australian Open,2024-01-18,Grand Slam,Outdoor,Hard,2nd Round,5,Hurkacz H.,Mensik J.,9,142.0,3320,433.0,6.0,7.0,6.0,1.0,5.0,7.0,6.0,1.0,6.0,3.0,3.0,2.0,Completed,1.25,4.0,1.26,4.38,1.26,4.5,1.23,4.16
5,Melbourne,Australian Open,2024-01-18,Grand Slam,Outdoor,Hard,2nd Round,5,Medvedev D.,Ruusuvuori E.,3,53.0,7555,921.0,3.0,6.0,6.0,7.0,6.0,4.0,7.0,6.0,6.0,0.0,3.0,2.0,Completed,1.1,7.0,1.13,7.3,1.18,8.0,1.11,6.68
5,Melbourne,Australian Open,2024-01-19,Grand Slam,Outdoor,Hard,3rd Round,5,Khachanov K.,Machac T.,15,75.0,2430,748.0,6.0,4.0,7.0,6.0,4.0,6.0,7.0,6.0,,,3.0,1.0,Completed,1.62,2.3,1.68,2.34,1.68,2.43,1.61,2.32
5,Melbourne,Australian Open,2024-01-19,Grand Slam,Outdoor,Hard,3rd Round,5,Sinner J.,Baez S.,4,29.0,6490,1435.0,6.0,0.0,6.0,1.0,6.0,3.0,,,,,3.0,0.0,Completed,1.03,17.0,1.02,27.15,1.03,30.0,1.02,17.61
5,Melbourne,Australian Open,2024-01-19,Grand Slam,Outdoor,Hard,3rd Round,5,Fritz T.,Marozsan F.,12,67.0,2840,823.0,3.0,6.0,6.0,4.0,6.0,2.0,6.0,2.0,,,3.0,1.0,Completed,1.3,3.5,1.32,3.68,1.35,3.68,1.31,3.51
5,Melbourne,Australian Open,2024-01-19,Grand Slam,Outdoor,Hard,3rd Round,5,Tsitsipas S.,Van Assche L.,7,79.0,4025,715.0,6.0,3.0,6.0,0.0,6.0,4.0,,,,,3.0,0.0,Completed,1.2,4.5,1.21,5.03,1.25,5.03,1.2,4.6
5,Melbourne,Australian Open,2024-01-19,Grand Slam,Outdoor,Hard,3rd Round,5,Mannarino A.,Shelton B.,19,16.0,1765,2225.0,7.0,6.0,1.0,6.0,6.0,7.0,6.0,3.0,6.0,4.0,3.0,2.0,Completed,3.2,1.36,3.23,1.4,4.12,1.4,3.19,1.36
5,Melbourne,Australian Open,2024-01-19,Grand Slam,Outdoor,Hard,3rd Round,5,Djokovic N.,Etcheverry T.,1,32.0,11055,1375.0,6.0,3.0,6.0,3.0,7.0,6.0,,,,,3.0,0.0,Completed,1.05,11.0,1.06,13.85,1.09,13.85,1.05,10.36
5,Melbourne,Australian Open,2024-01-19,Grand Slam,Outdoor,Hard,3rd Round,5,De Minaur A.,Cobolli F.,10,100.0,2950,617.0,6.0,3.0,6.0,3.0,6.0,1.0,,,,,3.0,0.0,Completed,1.07,9.0,1.06,13.01,1.08,13.01,1.06,9.15
5,Melbourne,Australian Open,2024-01-19,Grand Slam,Outdoor,Hard,3rd Round,5,Rublev A.,Korda S.,5,26.0,5010,1480.0,6.0,2.0,7.0,6.0,6.0,4.0,,,,,3.0,0.0,Completed,1.36,3.2,1.39,3.26,1.42,3.4,1.36,3.15
5,Melbourne,Australian Open,2024-01-20,Grand Slam,Outdoor,Hard,3rd Round,5,Kecmanovic M.,Paul T.,60,14.0,890,2670.0,6.0,4.0,3.0,6.0,2.0,6.0,7.0,6.0,6.0,0.0,3.0,2.0,Completed,3.2,1.36,3.38,1.37,3.38,1.4,3.17,1.36
5,Melbourne,Australian Open,2024-01-20,Grand Slam,Outdoor,Hard,3rd Round,5,Hurkacz H.,Humbert U.,9,20.0,3320,1765.0,3.0,6.0,6.0,1.0,7.0,6.0,6.0,3.0,,,3.0,1.0,Completed,1.57,2.38,1.68,2.34,1.68,2.45,1.62,2.31
5,Melbourne,Australian Open,2024-01-20,Grand Slam,Outdoor,Hard,3rd Round,5,Cazaux A.,Griekspoor T.,122,31.0,529,1410.0,6.0,3.0,6.0,3.0,6.0,1.0,,,,,3.0,0.0,Completed,2.3,1.62,2.22,1.74,2.39,1.75,2.22,1.67
5,Melbourne,Australian Open,2024-01-20,Grand Slam,Outdoor,Hard,3rd Round,5,Alcaraz C.,Shang J.,2,140.0,8855,435.0,6.0,1.0,6.0,1.0,1.0,0.0,,,,,2.0,0.0,Retired,1.03,15.0,1.03,20.85,1.03,20.85,1.02,15.24
5,Melbourne,Australian Open,2024-01-20,Grand Slam,Outdoor,Hard,3rd Round,5,Norrie C.,Ruud C.,22,11.0,1710,2910.0,6.0,4.0,6.0,7.0,6.0,4.0,6.0,3.0,,,3.0,1.0,Completed,3.2,1.36,3.05,1.43,3.2,1.43,3.03,1.39
5,Melbourne,Australian Open,2024-01-20,Grand Slam,Outdoor,Hard,3rd Round,5,Borges N.,Dimitrov G.,69,13.0,814,2775.0,6.0,7.0,6.0,4.0,6.0,2.0,7.0,6.0,,,3.0,1.0,Completed,10.0,1.06,9.79,1.09,10.0,1.09,8.69,1.07
5,Melbourne,Australian Open,2024-01-20,Grand Slam,Outdoor,Hard,3rd Round,5,Medvedev D.,Auger-Aliassime F.,3,30.0,7555,1425.0,6.0,3.0,6.0,4.0,6.0,3.0,,,,,3.0,0.0,Completed,1.17,5.0,1.22,4.86,1.24,5.05,1.2,4.65
5,Melbourne,Australian Open,2024-01-20,Grand Slam,Outdoor,Hard,3rd Round,5,Zverev A.,Michelsen A.,6,91.0,4275,656.0,6.0,2.0,7.0,6.0,6.0,2.0,,,,,3.0,0.0,Completed,1.17,5.0,1.18,5.96,1.21,5.96,1.17,5.07
5,Melbourne,Australian Open,2024-01-21,Grand Slam,Outdoor,Hard,4th Round,5,Djokovic N.,Mannarino A.,1,19.0,11055,1765.0,6.0,0.0,6.0,0.0,6.0,3.0,,,,,3.0,0.0,Completed,1.02,19.0,1.05,15.74,1.05,19.0,1.02,14.16
5,Melbourne,Australian Open,2024-01-21,Grand Slam,Outdoor,Hard,4th Round,5,Fritz T.,Tsitsipas S.,12,7.0,2840,4025.0,7.0,6.0,5.0,7.0,6.0,3.0,6.0,3.0,,,3.0,1.0,Completed,2.2,1.67,2.22,1.74,2.4,1.74,2.22,1.67
5,Melbourne,Australian Open,2024-01-21,Grand Slam,Outdoor,Hard,4th Round,5,Sinner J.,Khachanov K.,4,15.0,6490,2430.0,6.0,4.0,7.0,5.0,6.0,3.0,,,,,3.0,0.0,Completed,1.08,8.0,1.13,7.23,1.13,8.2,1.1,7.22
5,Melbourne,Australian Open,2024-01-21,Grand Slam,Outdoor,Hard,4th Round,5,Rublev A.,De Minaur A.,5,10.0,5010,2950.0,6.0,4.0,6.0,7.0,6.0,7.0,6.0,3.0,6.0,0.0,3.0,2.0,Completed,1.73,2.1,1.85,2.06,1.85,2.23,1.77,2.07
5,Melbourne,Australian Open,2024-01-22,Grand Slam,Outdoor,Hard,4th Round,5,Medvedev D.,Borges N.,3,69.0,7555,814.0,6.0,3.0,7.0,6.0,5.0,7.0,6.0,1.0,,,3.0,1.0,Completed,1.04,13.0,1.07,10.92,1.07,13.0,1.05,10.51
5,Melbourne,Australian Open,2024-01-22,Grand Slam,Outdoor,Hard,4th Round,5,Hurkacz H.,Cazaux A.,9,122.0,3320,529.0,7.0,6.0,7.0,6.0,6.0,4.0,,,,,3.0,0.0,Completed,1.33,3.4,1.41,3.17,1.44,3.4,1.38,3.07
5,Melbourne,Australian Open,2024-01-22,Grand Slam,Outdoor,Hard,4th Round,5,Zverev A.,Norrie C.,6,22.0,4275,1710.0,7.0,5.0,3.0,6.0,6.0,3.0,4.0,6.0,7.0,6.0,3.0,2.0,Completed,1.25,4.0,1.25,4.46,1.31,4.46,1.24,4.03
5,Melbourne,Australian Open,2024-01-22,Grand Slam,Outdoor,Hard,4th Round,5,Alcaraz C.,Kecmanovic M.,2,60.0,8855,890.0,6.0,4.0,6.0,4.0,6.0,0.0,,,,,3.0,0.0,Completed,1.05,11.0,1.06,13.28,1.08,13.28,1.05,10.79
5,Melbourne,Australian Open,2024-01-23,Grand Slam,Outdoor,Hard,Quarterfinals,5,Djokovic N.,Fritz T.,1,12.0,11055,2840.0,7.0,6.0,4.0,6.0,6.0,2.0,6.0,3.0,,,3.0,1.0,Completed,1.1,7.0,1.11,8.55,1.11,8.55,1.1,7.3
5,Melbourne,Australian Open,2024-01-23,Grand Slam,Outdoor,Hard,Quarterfinals,5,Sinner J.,Rublev A.,4,5.0,6490,5010.0,6.0,4.0,7.0,6.0,6.0,3.0,,,,,3.0,0.0,Completed,1.2,4.5,1.22,4.85,1.24,4.85,1.21,4.42
5,Melbourne,Australian Open,2024-01-24,Grand Slam,Outdoor,Hard,Quarterfinals,5,Medvedev D.,Hurkacz H.,3,9.0,7555,3320.0,7.0,6.0,2.0,6.0,6.0,3.0,5.0,7.0,6.0,4.0,3.0,2.0,Completed,1.4,3.0,1.42,3.14,1.44,3.14,1.39,3.0
5,Melbourne,Australian Open,2024-01-24,Grand Slam,Outdoor,Hard,Quarterfinals,5,Zverev A.,Alcaraz C.,6,2.0,4275,8855.0,6.0,1.0,6.0,3.0,6.0,7.0,6.0,4.0,,,3.0,1.0,Completed,4.5,1.2,4.35,1.26,4.85,1.26,4.26,1.23
5,Melbourne,Australian Open,2024-01-26,Grand Slam,Outdoor,Hard,Semifinals,5,Sinner J.,Djokovic N.,4,1.0,6490,11055.0,6.0,1.0,6.0,2.0,6.0,7.0,6.0,3.0,,,3.0,1.0,Completed,2.63,1.5,2.66,1.54,2.75,1.54,2.6,1.5
5,Melbourne,Australian Open,2024-01-26,Grand Slam,Outdoor,Hard,Semifinals,5,Medvedev D.,Zverev A.,3,6.0,7555,4275.0,5.0,7.0,3.0,6.0,7.0,6.0,7.0,6.0,6.0,3.0,3.0,2.0,Completed,1.73,2.1,1.75,2.21,1.79,2.25,1.71,2.16
5,Melbourne,Australian Open,2024-01-28,Grand Slam,Outdoor,Hard,The Final,5,Sinner J.,Medvedev D.,4,3.0,6490,7555.0,3.0,6.0,3.0,6.0,6.0,4.0,6.0,4.0,6.0,3.0,3.0,2.0,Completed,1.36,3.25,1.33,3.67,1.4,3.75,1.35,3.29
6,Montpellier,Open Sud de France,2024-01-29,ATP250,Indoor,Hard,1st Round,3,Mmoh M.,Bonzi B.,133,126.0,497,508.0,6.0,3.0,7.0,5.0,,,,,,,2.0,0.0,Completed,2.3,1.62,2.2,1.74,2.32,1.74,2.19,1.66
6,Montpellier,Open Sud de France,2024-01-29,ATP250,Indoor,Hard,1st Round,3,Paire B.,Murray A.,112,49.0,551,970.0,2.0,6.0,7.0,6.0,6.0,3.0,,,,,2.0,1.0,Completed,3.75,1.29,3.05,1.43,3.8,1.43,3.46,1.3
6,Montpellier,Open Sud de France,2024-01-29,ATP250,Indoor,Hard,1st Round,3,Martinez P.,Munar J.,99,75.0,616,746.0,6.0,4.0,7.0,6.0,,,,,,,2.0,0.0,Completed,1.91,1.91,1.94,1.94,1.95,2.0,1.88,1.9
6,Montpellier,Open Sud de France,2024-01-30,ATP250,Indoor,Hard,1st Round,3,Muller A.,Escoffier A.,71,172.0,768,354.0,7.0,6.0,6.0,3.0,,,,,,,2.0,0.0,Completed,1.44,2.75,1.49,2.79,1.49,2.8,1.45,2.71
6,Montpellier,Open Sud de France,2024-01-30,ATP250,Indoor,Hard,1st Round,3,Barrere G.,Blanchet U.,104,214.0,591,287.0,6.0,7.0,6.0,4.0,6.0,2.0,,,,,2.0,1.0,Completed,1.53,2.5,1.63,2.41,1.63,2.88,1.55,2.42
6,Montpellier,Open Sud de France,2024-01-30,ATP250,Indoor,Hard,1st Round,3,Mayot H.,Pouille L.,144,315.0,449,172.0,6.0,4.0,7.0,5.0,,,,,,,2.0,0.0,Completed,1.91,1.91,1.99,1.89,1.99,2.1,1.89,1.9
6,Montpellier,Open Sud de France,2024-01-30,ATP250,Indoor,Hard,1st Round,3,Shapovalov D.,Gaston H.,137,88.0,480,684.0,6.0,1.0,6.0,3.0,,,,,,,2.0,0.0,Completed,1.8,2.0,1.92,1.97,1.92,2.12,1.78,2.01
6,Montpellier,Open Sud de France,2024-01-30,ATP250,Indoor,Hard,1st Round,3,Cazaux A.,Marterer M.,83,92.0,696,636.0,6.0,1.0,6.0,3.0,,,,,,,2.0,0.0,Completed,1.4,3.0,1.4,3.18,1.41,3.2,1.38,2.99
6,Montpellier,Open Sud de France,2024-01-30,ATP250,Indoor,Hard,1st Round,3,Llamas Ruiz P.,Gasquet R.,156,130.0,404,500.0,7.0,6.0,7.0,5.0,,,,,,,2.0,0.0,Completed,2.63,1.5,2.44,1.61,2.95,1.61,2.51,1.52
6,Montpellier,Open Sud de France,2024-01-31,ATP250,Indoor,Hard,1st Round,3,Shevchenko A.,Svrcina D.,59,194.0,885,315.0,6.0,4.0,4.0,6.0,6.0,4.0,,,,,2.0,1.0,Completed,1.36,3.2,1.43,3.02,1.43,3.25,1.36,3.08
6,Montpellier,Open Sud de France,2024-01-31,ATP250,Indoor,Hard,1st Round,3,Lestienne C.,Zapata Miralles B.,106,80.0,584,715.0,4.0,6.0,6.0,4.0,6.0,2.0,,,,,2.0,1.0,Completed,1.25,4.0,1.33,3.6,1.33,4.05,1.25,3.81
6,Montpellier,Open Sud de France,2024-01-31,ATP250,Indoor,Hard,1st Round,3,Cobolli F.,Monfils G.,76,70.0,738,787.0,6.0,7.0,6.0,3.0,6.0,0.0,,,,,2.0,1.0,Completed,3.4,1.33,3.6,1.33,3.6,1.35,3.29,1.32
6,Montpellier,Open Sud de France,2024-01-31,ATP250,Indoor,Hard,2nd Round,3,Mmoh M.,Muller A.,133,71.0,497,768.0,6.0,4.0,6.0,4.0,,,,,,,2.0,0.0,Completed,2.1,1.73,2.19,1.76,2.19,1.8,2.04,1.76
6,Montpellier,Open Sud de France,2024-01-31,ATP250,Indoor,Hard,2nd Round,3,Mayot H.,Paire B.,144,112.0,449,551.0,6.0,1.0,6.0,4.0,,,,,,,2.0,0.0,Completed,1.53,2.5,1.5,2.78,1.58,2.78,1.52,2.49
6,Montpellier,Open Sud de France,2024-01-31,ATP250,Indoor,Hard,2nd Round,3,Bublik A.,Shapovalov D.,27,137.0,1459,480.0,1.0,6.0,7.0,6.0,6.0,3.0,,,,,2.0,1.0,Completed,1.73,2.1,1.8,2.13,1.8,2.13,1.76,2.04
6,Montpellier,Open Sud de France,2024-02-01,ATP250,Indoor,Hard,2nd Round,3,Shevchenko A.,Barrere G.,59,104.0,885,591.0,7.0,6.0,2.0,6.0,6.0,3.0,,,,,2.0,1.0,Completed,1.8,2.0,1.93,1.98,1.93,2.14,1.83,1.95
6,Montpellier,Open Sud de France,2024-02-01,ATP250,Indoor,Hard,2nd Round,3,Coric B.,Martinez P.,37,99.0,1154,616.0,6.0,4.0,6.0,0.0,,,,,,,2.0,0.0,Completed,1.36,3.2,1.43,3.07,1.43,3.2,1.37,3.02
6,Montpellier,Open Sud de France,2024-02-01,ATP250,Indoor,Hard,2nd Round,3,Cobolli F.,Lestienne C.,76,106.0,738,584.0,6.0,4.0,6.0,1.0,,,,,,,2.0,0.0,Completed,1.53,2.5,1.69,2.3,1.69,2.67,1.56,2.4
6,Montpellier,Open Sud de France,2024-02-01,ATP250,Indoor,Hard,2nd Round,3,Auger-Aliassime F.,Cazaux A.,30,83.0,1345,696.0,7.0,5.0,2.0,6.0,7.0,6.0,,,,,2.0,1.0,Completed,2.0,1.8,2.1,1.83,2.1,1.83,2.01,1.79
6,Montpellier,Open Sud de France,2024-02-01,ATP250,Indoor,Hard,2nd Round,3,Rune H.,Llamas Ruiz P.,7,156.0,3685,404.0,7.0,5.0,6.0,2.0,,,,,,,2.0,0.0,Completed,1.14,5.5,1.16,6.15,1.16,6.25,1.13,5.79
6,Montpellier,Open Sud de France,2024-02-02,ATP250,Indoor,Hard,Quarterfinals,3,Bublik A.,Shevchenko A.,27,59.0,1459,885.0,4.0,6.0,6.0,3.0,6.0,4.0,,,,,2.0,1.0,Completed,1.5,2.63,1.52,2.72,1.52,2.75,1.48,2.61
6,Montpellier,Open Sud de France,2024-02-02,ATP250,Indoor,Hard,Quarterfinals,3,Auger-Aliassime F.,Mayot H.,30,144.0,1345,449.0,7.0,5.0,6.0,1.0,,,,,,,2.0,0.0,Completed,1.29,3.75,1.26,4.29,1.32,4.29,1.25,3.84
6,Montpellier,Open Sud de France,2024-02-02,ATP250,Indoor,Hard,Quarterfinals,3,Rune H.,Mmoh M.,7,133.0,3685,497.0,7.0,6.0,6.0,4.0,,,,,,,2.0,0.0,Completed,1.2,4.5,1.24,4.59,1.24,5.24,1.2,4.38
6,Montpellier,Open Sud de France,2024-02-02,ATP250,Indoor,Hard,Quarterfinals,3,Coric B.,Cobolli F.,37,76.0,1154,738.0,6.0,3.0,6.0,4.0,,,,,,,2.0,0.0,Completed,1.44,2.75,1.49,2.85,1.52,2.85,1.46,2.66
6,Montpellier,Open Sud de France,2024-02-03,ATP250,Indoor,Hard,Semifinals,3,Bublik A.,Auger-Aliassime F.,27,30.0,1459,1345.0,4.0,6.0,6.0,4.0,6.0,4.0,,,,,2.0,1.0,Completed,2.63,1.5,2.62,1.56,2.75,1.56,2.59,1.49
6,Montpellier,Open Sud de France,2024-02-03,ATP250,Indoor,Hard,Semifinals,3,Coric B.,Rune H.,37,7.0,1154,3685.0,6.0,3.0,4.0,1.0,,,,,,,1.0,0.0,Retired,2.75,1.44,2.75,1.52,2.86,1.52,2.71,1.45
6,Montpellier,Open Sud de France,2024-02-04,ATP250,Indoor,Hard,The Final,3,Bublik A.,Coric B.,27,37.0,1459,1154.0,5.0,7.0,6.0,2.0,6.0,3.0,,,,,2.0,1.0,Completed,2.0,1.8,2.06,1.85,2.06,1.91,1.98,1.81
7,Cordoba,Cordoba Open,2024-02-05,ATP250,Outdoor,Clay,1st Round,3,Munar J.,Galan D.E.,74,78.0,746,716.0,6.0,2.0,6.0,4.0,,,,,,,2.0,0.0,Completed,1.73,2.1,1.74,2.21,1.79,2.21,1.69,2.14
7,Cordoba,Cordoba Open,2024-02-05,ATP250,Outdoor,Clay,1st Round,3,Bagnis F.,Cerundolo J.M.,207,148.0,295,435.0,6.0,4.0,6.0,2.0,,,,,,,2.0,0.0,Completed,1.67,2.2,1.74,2.2,1.78,2.2,1.71,2.11
7,Cordoba,Cordoba Open,2024-02-05,ATP250,Outdoor,Clay,1st Round,3,Dellien H.,Seyboth Wild T.,112,81.0,559,708.0,6.0,4.0,2.0,6.0,6.0,3.0,,,,,2.0,1.0,Completed,2.75,1.44,2.64,1.54,2.78,1.54,2.61,1.48
7,Cordoba,Cordoba Open,2024-02-05,ATP250,Outdoor,Clay,1st Round,3,Ramos-Vinolas A.,Cachin P.,84,73.0,688,763.0,6.0,4.0,3.0,6.0,6.0,1.0,,,,,2.0,1.0,Completed,2.1,1.73,2.22,1.73,2.22,1.77,2.11,1.71
7,Cordoba,Cordoba Open,2024-02-06,ATP250,Outdoor,Clay,1st Round,3,Diaz Acosta F.,Gomez F.,95,365.0,634,135.0,6.0,1.0,6.0,4.0,,,,,,,2.0,0.0,Completed,1.25,4.0,1.3,3.87,1.3,4.0,1.27,3.66
7,Cordoba,Cordoba Open,2024-02-06,ATP250,Outdoor,Clay,1st Round,3,Coria F.,Altmaier D.,93,52.0,638,946.0,5.0,7.0,6.0,3.0,6.0,4.0,,,,,2.0,1.0,Completed,2.5,1.53,2.7,1.52,2.75,1.54,2.54,1.5
7,Cordoba,Cordoba Open,2024-02-06,ATP250,Outdoor,Clay,1st Round,3,Darderi L.,Barrios M.,136,108.0,491,578.0,4.0,6.0,6.0,1.0,6.0,2.0,,,,,2.0,1.0,Completed,1.44,2.75,1.43,3.05,1.46,3.05,1.42,2.81
7,Cordoba,Cordoba Open,2024-02-06,ATP250,Outdoor,Clay,1st Round,3,Carballes Baena R.,Navone M.,65,118.0,846,538.0,3.0,6.0,6.0,3.0,6.0,3.0,,,,,2.0,1.0,Completed,1.8,2.0,1.91,1.98,1.91,2.1,1.83,1.96
7,Cordoba,Cordoba Open,2024-02-06,ATP250,Outdoor,Clay,1st Round,3,Zapata Miralles B.,Garin C.,79,87.0,715,680.0,1.0,6.0,7.0,6.0,3.0,0.0,,,,,1.0,1.0,Retired,2.2,1.67,2.13,1.79,2.25,1.79,2.14,1.69
7,Cordoba,Cordoba Open,2024-02-06,ATP250,Outdoor,Clay,1st Round,3,Burruchaga R.,Schwartzman D.,170,117.0,359,538.0,6.0,1.0,4.0,6.0,6.0,4.0,,,,,2.0,1.0,Completed,1.91,1.91,1.97,1.92,2.0,1.92,1.93,1.85
7,Cordoba,Cordoba Open,2024-02-06,ATP250,Outdoor,Clay,1st Round,3,Hanfmann Y.,Varillas J.P.,59,85.0,889,684.0,5.0,7.0,7.0,6.0,6.0,1.0,,,,,2.0,1.0,Completed,1.44,2.75,1.54,2.64,1.55,2.78,1.48,2.62
7,Cordoba,Cordoba Open,2024-02-07,ATP250,Outdoor,Clay,1st Round,3,Tirante T.A.,Comesana F.,109,120.0,573,534.0,6.0,1.0,7.0,6.0,,,,,,,2.0,0.0,Completed,2.0,1.8,2.14,1.78,2.14,1.85,2.02,1.77
7,Cordoba,Cordoba Open,2024-02-07,ATP250,Outdoor,Clay,2nd Round,3,Coria F.,Ramos-Vinolas A.,93,84.0,638,688.0,6.0,1.0,6.0,3.0,,,,,,,2.0,0.0,Completed,1.67,2.2,1.82,2.11,1.82,2.25,1.73,2.09
7,Cordoba,Cordoba Open,2024-02-07,ATP250,Outdoor,Clay,2nd Round,3,Bagnis F.,Carballes Baena R.,207,65.0,295,846.0,7.0,6.0,6.0,4.0,,,,,,,2.0,0.0,Completed,2.2,1.67,2.21,1.75,2.22,1.75,2.14,1.69
7,Cordoba,Cordoba Open,2024-02-07,ATP250,Outdoor,Clay,2nd Round,3,Munar J.,Cerundolo F.,74,22.0,746,1720.0,7.0,5.0,6.0,4.0,,,,,,,2.0,0.0,Completed,2.3,1.62,2.29,1.7,2.3,1.71,2.21,1.65
7,Cordoba,Cordoba Open,2024-02-08,ATP250,Outdoor,Clay,2nd Round,3,Etcheverry T.,Zapata Miralles B.,29,79.0,1430,715.0,7.0,5.0,6.0,4.0,,,,,,,2.0,0.0,Completed,1.29,3.75,1.32,3.73,1.33,3.75,1.3,3.46
7,Cordoba,Cordoba Open,2024-02-08,ATP250,Outdoor,Clay,2nd Round,3,Darderi L.,Ofner S.,136,38.0,491,1091.0,6.0,0.0,6.0,3.0,,,,,,,2.0,0.0,Completed,2.1,1.73,2.06,1.85,2.21,1.85,2.01,1.78
7,Cordoba,Cordoba Open,2024-02-09,ATP250,Outdoor,Clay,2nd Round,3,Hanfmann Y.,Burruchaga R.,59,170.0,889,359.0,3.0,6.0,6.0,1.0,6.0,4.0,,,,,2.0,1.0,Completed,1.5,2.63,1.52,2.74,1.56,2.74,1.5,2.55
7,Cordoba,Cordoba Open,2024-02-09,ATP250,Outdoor,Clay,2nd Round,3,Baez S.,Dellien H.,26,112.0,1525,559.0,4.0,6.0,6.0,3.0,6.0,4.0,,,,,2.0,1.0,Completed,1.17,5.0,1.2,5.19,1.2,5.19,1.18,4.73
7,Cordoba,Cordoba Open,2024-02-09,ATP250,Outdoor,Clay,2nd Round,3,Diaz Acosta F.,Tirante T.A.,95,109.0,634,573.0,6.0,2.0,6.0,7.0,6.0,2.0,,,,,2.0,1.0,Completed,1.62,2.3,1.61,2.47,1.67,2.47,1.6,2.29
7,Cordoba,Cordoba Open,2024-02-09,ATP250,Outdoor,Clay,Quarterfinals,3,Coria F.,Etcheverry T.,93,29.0,638,1430.0,6.0,3.0,6.0,4.0,,,,,,,2.0,0.0,Completed,3.0,1.4,3.28,1.39,3.28,1.44,2.93,1.39
7,Cordoba,Cordoba Open,2024-02-09,ATP250,Outdoor,Clay,Quarterfinals,3,Bagnis F.,Munar J.,207,74.0,295,746.0,7.0,5.0,6.0,4.0,,,,,,,2.0,0.0,Completed,2.5,1.53,2.42,1.63,2.5,1.63,2.4,1.55
7,Cordoba,Cordoba Open,2024-02-09,ATP250,Outdoor,Clay,Quarterfinals,3,Darderi L.,Hanfmann Y.,136,59.0,491,889.0,7.0,6.0,6.0,1.0,,,,,,,2.0,0.0,Completed,1.8,2.0,1.75,2.18,1.85,2.18,1.79,2.01
7,Cordoba,Cordoba Open,2024-02-09,ATP250,Outdoor,Clay,Quarterfinals,3,Baez S.,Diaz Acosta F.,26,95.0,1525,634.0,6.0,3.0,6.0,1.0,,,,,,,2.0,0.0,Completed,1.3,3.5,1.35,3.45,1.36,3.51,1.32,3.32
7,Cordoba,Cordoba Open,2024-02-10,ATP250,Outdoor,Clay,Semifinals,3,Bagnis F.,Coria F.,207,93.0,295,638.0,6.0,3.0,7.0,5.0,,,,,,,2.0,0.0,Completed,2.38,1.57,2.33,1.68,2.38,1.68,2.25,1.63
7,Cordoba,Cordoba Open,2024-02-10,ATP250,Outdoor,Clay,Semifinals,3,Darderi L.,Baez S.,136,26.0,491,1525.0,6.0,1.0,3.0,6.0,6.0,3.0,,,,,2.0,1.0,Completed,3.0,1.4,2.93,1.47,3.0,1.5,2.77,1.44
7,Cordoba,Cordoba Open,2024-02-11,ATP250,Outdoor,Clay,The Final,3,Darderi L.,Bagnis F.,136,207.0,491,295.0,6.0,1.0,6.0,4.0,,,,,,,2.0,0.0,Completed,1.53,2.5,1.6,2.52,1.61,2.52,1.56,2.39
8,Dallas,Dallas Open,2024-02-05,ATP250,Indoor,Hard,1st Round,3,Daniel T.,Lestienne C.,62,104.0,858,599.0,4.0,6.0,6.0,4.0,5.0,0.0,,,,,1.0,1.0,Retired,1.53,2.5,1.6,2.47,1.64,2.52,1.56,2.38
8,Dallas,Dallas Open,2024-02-06,ATP250,Indoor,Hard,1st Round,3,Purcell M.,Krueger M.,43,244.0,1036,243.0,6.0,2.0,4.0,6.0,7.0,6.0,,,,,2.0,1.0,Completed,1.36,3.2,1.41,3.1,1.44,3.2,1.39,2.93
8,Dallas,Dallas Open,2024-02-06,ATP250,Indoor,Hard,1st Round,3,Michelsen A.,Sandgren T.,75,281.0,741,200.0,6.0,3.0,3.0,6.0,6.0,1.0,,,,,2.0,1.0,Completed,1.4,3.0,1.46,2.92,1.46,3.0,1.41,2.83
8,Dallas,Dallas Open,2024-02-06,ATP250,Indoor,Hard,1st Round,3,Duckworth J.,Svajda Z.,106,145.0,591,442.0,7.0,6.0,6.0,1.0,,,,,,,2.0,0.0,Completed,1.73,2.1,1.86,2.03,1.86,2.15,1.78,2.01
8,Dallas,Dallas Open,2024-02-06,ATP250,Indoor,Hard,1st Round,3,Giron M.,Moreno De Alboran N.,67,154.0,825,412.0,6.0,1.0,6.0,4.0,,,,,,,2.0,0.0,Completed,1.33,3.4,1.32,3.7,1.33,3.7,1.3,3.42
8,Dallas,Dallas Open,2024-02-06,ATP250,Indoor,Hard,1st Round,3,Eubanks C.,Johnson S.,33,246.0,1220,240.0,6.0,1.0,6.0,4.0,,,,,,,2.0,0.0,Completed,1.5,2.63,1.51,2.71,1.52,2.71,1.49,2.57
8,Dallas,Dallas Open,2024-02-06,ATP250,Indoor,Hard,1st Round,3,Mmoh M.,Nava E.,115,149.0,547,430.0,7.0,5.0,6.0,2.0,,,,,,,2.0,0.0,Completed,1.67,2.2,1.71,2.25,1.71,2.25,1.66,2.18
8,Dallas,Dallas Open,2024-02-06,ATP250,Indoor,Hard,1st Round,3,Nishioka Y.,Atmane T.,83,144.0,695,453.0,7.0,6.0,4.0,6.0,6.0,3.0,,,,,2.0,1.0,Completed,1.67,2.2,1.71,2.25,1.8,1.95,1.8,1.95
8,Dallas,Dallas Open,2024-02-07,ATP250,Indoor,Hard,1st Round,3,Thompson J.,Neff A.,44,829.0,1022,23.0,6.0,3.0,6.0,1.0,,,,,,,2.0,0.0,Completed,1.03,15.0,1.03,24.17,1.03,24.17,1.02,14.34
8,Dallas,Dallas Open,2024-02-07,ATP250,Indoor,Hard,1st Round,3,Koepfer D.,Kovacevic A.,60,100.0,868,616.0,6.0,4.0,7.0,6.0,,,,,,,2.0,0.0,Completed,1.36,3.2,1.43,3.05,1.43,3.25,1.35,3.09
8,Dallas,Dallas Open,2024-02-07,ATP250,Indoor,Hard,1st Round,3,Kudla D.,Albot R.,174,137.0,355,489.0,6.0,3.0,7.0,6.0,,,,,,,2.0,0.0,Completed,1.73,2.1,1.79,2.12,1.79,2.17,1.72,2.09
8,Dallas,Dallas Open,2024-02-07,ATP250,Indoor,Hard,1st Round,3,Hijikata R.,Quinn E.,88,288.0,680,196.0,6.0,4.0,6.0,4.0,,,,,,,2.0,0.0,Completed,1.67,2.2,1.7,2.27,1.7,2.38,1.63,2.24
8,Dallas,Dallas Open,2024-02-07,ATP250,Indoor,Hard,2nd Round,3,Giron M.,Purcell M.,67,43.0,825,1036.0,6.0,4.0,6.0,3.0,,,,,,,2.0,0.0,Completed,1.53,2.5,1.54,2.66,1.57,2.66,1.52,2.49
8,Dallas,Dallas Open,2024-02-07,ATP250,Indoor,Hard,2nd Round,3,Duckworth J.,Eubanks C.,106,33.0,591,1220.0,7.0,6.0,6.0,4.0,,,,,,,2.0,0.0,Completed,2.38,1.57,2.41,1.64,2.41,1.64,2.32,1.59
8,Dallas,Dallas Open,2024-02-08,ATP250,Indoor,Hard,2nd Round,3,Shelton B.,Mmoh M.,16,115.0,1965,547.0,6.0,3.0,6.0,3.0,,,,,,,2.0,0.0,Completed,1.3,3.5,1.36,3.49,1.36,3.53,1.31,3.34
8,Dallas,Dallas Open,2024-02-08,ATP250,Indoor,Hard,2nd Round,3,Paul T.,Daniel T.,15,62.0,2050,858.0,6.0,3.0,6.0,2.0,,,,,,,2.0,0.0,Completed,1.25,4.0,1.27,4.18,1.3,4.18,1.26,3.77
8,Dallas,Dallas Open,2024-02-08,ATP250,Indoor,Hard,2nd Round,3,Koepfer D.,Hijikata R.,60,88.0,868,680.0,6.0,3.0,7.0,6.0,,,,,,,2.0,0.0,Completed,1.44,2.75,1.46,2.95,1.5,2.95,1.44,2.74
8,Dallas,Dallas Open,2024-02-08,ATP250,Indoor,Hard,2nd Round,3,Thompson J.,Kudla D.,44,174.0,1022,355.0,6.0,1.0,6.0,1.0,,,,,,,2.0,0.0,Completed,1.29,3.75,1.29,4.0,1.3,4.0,1.28,3.59
8,Dallas,Dallas Open,2024-02-09,ATP250,Indoor,Hard,2nd Round,3,Tiafoe F.,Michelsen A.,14,75.0,2060,741.0,6.0,4.0,6.0,3.0,,,,,,,2.0,0.0,Completed,1.53,2.5,1.62,2.46,1.62,2.63,1.54,2.43
8,Dallas,Dallas Open,2024-02-09,ATP250,Indoor,Hard,2nd Round,3,Mannarino A.,Nishioka Y.,17,83.0,1920,695.0,,,,,,,,,,,,,Walkover,1.44,2.75,1.61,2.49,1.61,2.75,1.49,2.56
8,Dallas,Dallas Open,2024-02-09,ATP250,Indoor,Hard,Quarterfinals,3,Paul T.,Koepfer D.,15,60.0,2050,868.0,7.0,5.0,6.0,3.0,,,,,,,2.0,0.0,Completed,1.36,3.2,1.41,3.18,1.45,3.2,1.37,3.03
8,Dallas,Dallas Open,2024-02-09,ATP250,Indoor,Hard,Quarterfinals,3,Shelton B.,Thompson J.,16,44.0,1965,1022.0,6.0,7.0,6.0,4.0,6.0,4.0,,,,,2.0,1.0,Completed,1.44,2.75,1.46,2.94,1.47,2.94,1.43,2.78
8,Dallas,Dallas Open,2024-02-10,ATP250,Indoor,Hard,Quarterfinals,3,Giron M.,Tiafoe F.,67,14.0,825,2060.0,6.0,1.0,6.0,4.0,,,,,,,2.0,0.0,Completed,2.3,1.62,2.22,1.74,2.3,1.74,2.21,1.65
8,Dallas,Dallas Open,2024-02-10,ATP250,Indoor,Hard,Quarterfinals,3,Mannarino A.,Duckworth J.,17,106.0,1920,591.0,6.0,2.0,3.0,1.0,,,,,,,1.0,0.0,Retired,1.44,2.75,1.51,2.77,1.51,2.8,1.45,2.69
8,Dallas,Dallas Open,2024-02-10,ATP250,Indoor,Hard,Semifinals,3,Paul T.,Shelton B.,15,16.0,2050,1965.0,6.0,2.0,6.0,4.0,,,,,,,2.0,0.0,Completed,2.0,1.8,2.0,1.91,2.03,1.91,1.97,1.82
8,Dallas,Dallas Open,2024-02-10,ATP250,Indoor,Hard,Semifinals,3,Giron M.,Mannarino A.,67,17.0,825,1920.0,6.0,1.0,6.0,3.0,,,,,,,2.0,0.0,Completed,1.91,1.91,1.91,2.0,1.91,2.0,1.88,1.9
8,Dallas,Dallas Open,2024-02-11,ATP250,Indoor,Hard,The Final,3,Paul T.,Giron M.,15,67.0,2050,825.0,7.0,6.0,5.0,7.0,6.0,3.0,,,,,2.0,1.0,Completed,1.53,2.5,1.57,2.58,1.57,2.65,1.52,2.48
9,Marseille,Open 13,2024-02-05,ATP250,Indoor,Hard,1st Round,3,Musetti L.,Marterer M.,27,99.0,1480,616.0,6.0,4.0,6.0,2.0,,,,,,,2.0,0.0,Completed,1.53,2.5,1.58,2.51,1.58,2.51,1.54,2.42
9,Marseille,Open 13,2024-02-05,ATP250,Indoor,Hard,1st Round,3,Bautista Agut R.,Gasquet R.,102,131.0,606,500.0,6.0,3.0,7.0,5.0,,,,,,,2.0,0.0,Completed,1.5,2.63,1.52,2.69,1.55,2.75,1.49,2.57
9,Marseille,Open 13,2024-02-05,ATP250,Indoor,Hard,1st Round,3,Shevchenko A.,Bonzi B.,56,126.0,915,508.0,7.0,6.0,6.0,4.0,,,,,,,2.0,0.0,Completed,1.73,2.1,1.83,2.07,1.83,2.12,1.77,2.02
9,Marseille,Open 13,2024-02-06,ATP250,Indoor,Hard,1st Round,3,Davidovich Fokina A.,Barrere G.,24,105.0,1535,596.0,4.0,6.0,6.0,4.0,6.0,4.0,,,,,2.0,1.0,Completed,1.53,2.5,1.58,2.53,1.58,2.53,1.54,2.42
9,Marseille,Open 13,2024-02-06,ATP250,Indoor,Hard,1st Round,3,Zhang Zh.,Zeppieri G.,50,111.0,951,560.0,6.0,7.0,6.0,1.0,6.0,4.0,,,,,2.0,1.0,Completed,,,,,,,,
9,Marseille,Open 13,2024-02-06,ATP250,Indoor,Hard,1st Round,3,Machac T.,Murray A.,66,49.0,838,970.0,7.0,5.0,6.0,4.0,,,,,,,2.0,0.0,Completed,1.44,2.75,1.5,2.77,1.53,2.82,1.46,2.67
9,Marseille,Open 13,2024-02-06,ATP250,Indoor,Hard,1st Round,3,Rinderknech A.,Cressy M.,94,128.0,635,505.0,6.0,7.0,7.0,5.0,6.0,2.0,,,,,2.0,1.0,Completed,2.0,1.8,1.89,2.0,2.0,2.0,1.9,1.88
9,Marseille,Open 13,2024-02-06,ATP250,Indoor,Hard,1st Round,3,Gaston H.,Shapovalov D.,86,127.0,684,505.0,7.0,5.0,1.0,6.0,6.0,3.0,,,,,2.0,1.0,Completed,2.75,1.44,2.87,1.47,2.87,1.47,2.71,1.45
9,Marseille,Open 13,2024-02-06,ATP250,Indoor,Hard,1st Round,3,Korda S.,Grenier H.,34,155.0,1220,411.0,6.0,3.0,2.0,6.0,7.0,6.0,,,,,2.0,1.0,Completed,1.2,4.5,1.21,4.99,1.23,4.99,1.2,4.47
9,Marseille,Open 13,2024-02-06,ATP250,Indoor,Hard,1st Round,3,Lehecka J.,Goffin D.,32,134.0,1245,496.0,3.0,6.0,7.0,5.0,6.0,2.0,,,,,2.0,1.0,Completed,1.53,2.5,1.53,2.68,1.54,2.68,1.51,2.52
9,Marseille,Open 13,2024-02-07,ATP250,Indoor,Hard,1st Round,3,Ruusuvuori E.,Van Assche L.,55,68.0,926,814.0,7.0,6.0,6.0,4.0,,,,,,,2.0,0.0,Completed,1.36,3.2,1.41,3.11,1.41,3.3,1.37,3.03
9,Marseille,Open 13,2024-02-07,ATP250,Indoor,Hard,1st Round,3,Auger-Aliassime F.,Halys Q.,28,101.0,1445,615.0,6.0,2.0,7.0,5.0,,,,,,,2.0,0.0,Completed,1.25,4.0,1.26,4.23,1.26,4.25,1.24,3.94
9,Marseille,Open 13,2024-02-07,ATP250,Indoor,Hard,2nd Round,3,Machac T.,Musetti L.,66,27.0,838,1480.0,6.0,3.0,6.0,2.0,,,,,,,2.0,0.0,Completed,1.62,2.3,1.64,2.41,1.64,2.5,1.6,2.29
9,Marseille,Open 13,2024-02-07,ATP250,Indoor,Hard,2nd Round,3,Khachanov K.,Bautista Agut R.,18,102.0,1910,606.0,6.0,2.0,6.0,2.0,,,,,,,2.0,0.0,Completed,1.44,2.75,1.48,2.86,1.5,2.86,1.46,2.68
9,Marseille,Open 13,2024-02-07,ATP250,Indoor,Hard,2nd Round,3,Humbert U.,Gaston H.,21,86.0,1775,684.0,2.0,6.0,6.0,1.0,6.0,3.0,,,,,2.0,1.0,Completed,1.22,4.33,1.23,4.67,1.25,4.67,1.22,4.14
9,Marseille,Open 13,2024-02-08,ATP250,Indoor,Hard,2nd Round,3,Davidovich Fokina A.,Ruusuvuori E.,24,55.0,1535,926.0,6.0,3.0,7.0,5.0,,,,,,,2.0,0.0,Completed,2.5,1.53,2.58,1.57,2.6,1.57,2.48,1.52
9,Marseille,Open 13,2024-02-08,ATP250,Indoor,Hard,2nd Round,3,Zhang Zh.,Auger-Aliassime F.,50,28.0,951,1445.0,6.0,4.0,6.0,4.0,,,,,,,2.0,0.0,Completed,4.0,1.25,4.37,1.27,4.37,1.28,3.89,1.25
9,Marseille,Open 13,2024-02-08,ATP250,Indoor,Hard,2nd Round,3,Dimitrov G.,Korda S.,13,34.0,2785,1220.0,6.0,1.0,7.0,6.0,,,,,,,2.0,0.0,Completed,1.44,2.75,1.49,2.84,1.49,2.84,1.45,2.71
9,Marseille,Open 13,2024-02-08,ATP250,Indoor,Hard,2nd Round,3,Hurkacz H.,Shevchenko A.,8,56.0,3540,915.0,6.0,1.0,6.0,4.0,,,,,,,2.0,0.0,Completed,1.25,4.0,1.3,3.95,1.3,4.25,1.27,3.7
9,Marseille,Open 13,2024-02-08,ATP250,Indoor,Hard,2nd Round,3,Rinderknech A.,Lehecka J.,94,32.0,635,1245.0,7.0,5.0,7.0,6.0,,,,,,,2.0,0.0,Completed,2.75,1.44,2.82,1.51,2.82,1.52,2.7,1.45
9,Marseille,Open 13,2024-02-09,ATP250,Indoor,Hard,Quarterfinals,3,Humbert U.,Davidovich Fokina A.,21,24.0,1775,1535.0,6.0,1.0,6.0,4.0,,,,,,,2.0,0.0,Completed,1.57,2.38,1.59,2.54,1.62,2.54,1.57,2.36
9,Marseille,Open 13,2024-02-09,ATP250,Indoor,Hard,Quarterfinals,3,Hurkacz H.,Machac T.,8,66.0,3540,838.0,6.0,3.0,6.0,4.0,,,,,,,2.0,0.0,Completed,1.36,3.2,1.38,3.34,1.4,3.4,1.36,3.07
9,Marseille,Open 13,2024-02-09,ATP250,Indoor,Hard,Quarterfinals,3,Khachanov K.,Zhang Zh.,18,50.0,1910,951.0,6.0,4.0,6.0,1.0,,,,,,,2.0,0.0,Completed,1.36,3.2,1.37,3.38,1.37,3.38,1.35,3.12
9,Marseille,Open 13,2024-02-09,ATP250,Indoor,Hard,Quarterfinals,3,Dimitrov G.,Rinderknech A.,13,94.0,2785,635.0,6.0,3.0,7.0,6.0,,,,,,,2.0,0.0,Completed,1.2,4.5,1.21,5.05,1.21,5.05,1.19,4.54
9,Marseille,Open 13,2024-02-10,ATP250,Indoor,Hard,Semifinals,3,Humbert U.,Hurkacz H.,21,8.0,1775,3540.0,6.0,4.0,6.0,4.0,,,,,,,2.0,0.0,Completed,2.63,1.5,2.64,1.55,2.75,1.55,2.61,1.48
9,Marseille,Open 13,2024-02-10,ATP250,Indoor,Hard,Semifinals,3,Dimitrov G.,Khachanov K.,13,18.0,2785,1910.0,6.0,7.0,6.0,4.0,7.0,6.0,,,,,2.0,1.0,Completed,1.5,2.63,1.52,2.74,1.52,2.75,1.49,2.6
9,Marseille,Open 13,2024-02-11,ATP250,Indoor,Hard,The Final,3,Humbert U.,Dimitrov G.,21,13.0,1775,2785.0,6.0,4.0,6.0,3.0,,,,,,,2.0,0.0,Completed,2.38,1.57,2.41,1.65,2.51,1.65,2.35,1.58
10,Buenos Aires,Argentina Open,2024-02-12,ATP250,Outdoor,Clay,1st Round,3,Diaz Acosta F.,Altmaier D.,87,53.0,677,936.0,6.0,3.0,7.0,6.0,,,,,,,2.0,0.0,Completed,2.2,1.67,2.18,1.75,2.31,1.75,2.17,1.68
10,Buenos Aires,Argentina Open,2024-02-12,ATP250,Outdoor,Clay,1st Round,3,Djere L.,Cilic M.,35,1044.0,1215,10.0,4.0,6.0,6.0,3.0,6.0,0.0,,,,,2.0,1.0,Completed,1.44,2.75,1.46,2.9,1.46,2.9,1.44,2.75
10,Buenos Aires,Argentina Open,2024-02-12,ATP250,Outdoor,Clay,1st Round,3,Wawrinka S.,Cachin P.,60,74.0,907,763.0,6.0,7.0,6.0,1.0,6.0,2.0,,,,,2.0,1.0,Completed,1.62,2.3,1.68,2.3,1.68,2.3,1.66,2.21
10,Buenos Aires,Argentina Open,2024-02-13,ATP250,Outdoor,Clay,1st Round,3,Etcheverry T.,Carballes Baena R.,27,64.0,1465,861.0,6.0,4.0,6.0,1.0,,,,,,,2.0,0.0,Completed,1.33,3.4,1.36,3.4,1.4,3.4,1.34,3.18
10,Buenos Aires,Argentina Open,2024-02-13,ATP250,Outdoor,Clay,1st Round,3,Tabilo A.,Hanfmann Y.,54,56.0,936,929.0,6.0,1.0,6.0,3.0,,,,,,,2.0,0.0,Completed,2.0,1.8,1.99,1.9,2.1,1.9,1.98,1.81
10,Buenos Aires,Argentina Open,2024-02-13,ATP250,Outdoor,Clay,1st Round,3,Coria F.,Ofner S.,106,38.0,588,1091.0,7.0,5.0,4.0,6.0,7.0,5.0,,,,,2.0,1.0,Completed,1.8,2.0,1.88,2.02,1.88,2.1,1.78,2.01
10,Buenos Aires,Argentina Open,2024-02-13,ATP250,Outdoor,Clay,1st Round,3,Vavassori A.,Seyboth Wild T.,152,83.0,414,708.0,6.0,3.0,6.0,1.0,,,,,,,2.0,0.0,Completed,1.91,1.91,1.88,2.02,1.92,2.02,1.86,1.92
10,Buenos Aires,Argentina Open,2024-02-13,ATP250,Outdoor,Clay,1st Round,3,Ugo Carabelli C.,Varillas J.P.,134,85.0,494,684.0,7.0,6.0,6.0,4.0,,,,,,,2.0,0.0,Completed,1.62,2.3,1.68,2.3,1.68,2.32,1.64,2.24
10,Buenos Aires,Argentina Open,2024-02-13,ATP250,Outdoor,Clay,1st Round,3,Galan D.E.,Schwartzman D.,80,116.0,716,538.0,2.0,6.0,6.0,1.0,6.0,4.0,,,,,2.0,1.0,Completed,2.0,1.8,1.91,1.98,2.0,1.98,1.91,1.87
10,Buenos Aires,Argentina Open,2024-02-13,ATP250,Outdoor,Clay,1st Round,3,Darderi L.,Navone M.,76,117.0,722,538.0,6.0,2.0,6.0,1.0,,,,,,,2.0,0.0,Completed,1.8,2.0,1.8,2.11,1.96,2.11,1.8,2.0
10,Buenos Aires,Argentina Open,2024-02-13,ATP250,Outdoor,Clay,1st Round,3,Lajovic D.,Fils A.,58,36.0,919,1118.0,6.0,3.0,6.0,4.0,,,,,,,2.0,0.0,Completed,2.75,1.44,2.82,1.37,2.82,1.5,2.69,1.45
10,Buenos Aires,Argentina Open,2024-02-14,ATP250,Outdoor,Clay,1st Round,3,Baez S.,Zapata Miralles B.,30,78.0,1375,720.0,6.0,3.0,6.0,3.0,,,,,,,2.0,0.0,Completed,1.2,4.5,1.27,4.11,1.3,4.57,1.23,4.03
10,Buenos Aires,Argentina Open,2024-02-14,ATP250,Outdoor,Clay,2nd Round,3,Etcheverry T.,Galan D.E.,27,80.0,1465,716.0,6.0,3.0,6.0,0.0,,,,,,,2.0,0.0,Completed,1.3,3.5,1.34,3.58,1.34,3.58,1.31,3.38
10,Buenos Aires,Argentina Open,2024-02-14,ATP250,Outdoor,Clay,2nd Round,3,Lajovic D.,Tabilo A.,58,54.0,919,936.0,6.0,4.0,1.0,6.0,6.0,1.0,,,,,2.0,1.0,Completed,2.1,1.73,2.25,1.72,2.25,1.74,2.16,1.68
10,Buenos Aires,Argentina Open,2024-02-14,ATP250,Outdoor,Clay,2nd Round,3,Diaz Acosta F.,Cerundolo F.,87,22.0,677,1720.0,7.0,6.0,6.0,0.0,,,,,,,2.0,0.0,Completed,2.3,1.62,2.34,1.68,2.34,1.68,2.27,1.62
10,Buenos Aires,Argentina Open,2024-02-14,ATP250,Outdoor,Clay,2nd Round,3,Jarry N.,Wawrinka S.,21,60.0,1810,907.0,6.0,7.0,6.0,2.0,7.0,6.0,,,,,2.0,1.0,Completed,1.57,2.38,1.6,2.5,1.6,2.5,1.55,2.41
10,Buenos Aires,Argentina Open,2024-02-15,ATP250,Outdoor,Clay,2nd Round,3,Vavassori A.,Djere L.,152,35.0,414,1215.0,6.0,4.0,7.0,5.0,,,,,,,2.0,0.0,Completed,2.3,1.62,2.26,1.72,2.41,1.72,2.23,1.64
10,Buenos Aires,Argentina Open,2024-02-15,ATP250,Outdoor,Clay,2nd Round,3,Coria F.,Norrie C.,106,20.0,588,1820.0,6.0,2.0,4.0,6.0,6.0,3.0,,,,,2.0,1.0,Completed,2.75,1.44,2.6,1.56,2.83,1.56,2.66,1.47
10,Buenos Aires,Argentina Open,2024-02-15,ATP250,Outdoor,Clay,2nd Round,3,Alcaraz C.,Ugo Carabelli C.,2,134.0,9255,494.0,6.0,2.0,7.0,5.0,,,,,,,2.0,0.0,Completed,1.07,9.0,1.08,10.39,1.09,10.39,1.07,8.21
10,Buenos Aires,Argentina Open,2024-02-15,ATP250,Outdoor,Clay,2nd Round,3,Baez S.,Darderi L.,30,76.0,1375,722.0,6.0,4.0,7.0,5.0,,,,,,,2.0,0.0,Completed,1.53,2.5,1.62,2.47,1.62,2.5,1.57,2.36
10,Buenos Aires,Argentina Open,2024-02-16,ATP250,Outdoor,Clay,Quarterfinals,3,Diaz Acosta F.,Lajovic D.,87,58.0,677,919.0,6.0,4.0,6.0,3.0,,,,,,,2.0,0.0,Completed,2.0,1.8,2.07,1.85,2.07,1.87,1.99,1.79
10,Buenos Aires,Argentina Open,2024-02-16,ATP250,Outdoor,Clay,Quarterfinals,3,Coria F.,Baez S.,106,30.0,588,1375.0,6.0,1.0,6.0,4.0,,,,,,,2.0,0.0,Completed,3.4,1.33,3.73,1.32,3.73,1.33,3.43,1.3
10,Buenos Aires,Argentina Open,2024-02-16,ATP250,Outdoor,Clay,Quarterfinals,3,Alcaraz C.,Vavassori A.,2,152.0,9255,414.0,7.0,6.0,6.0,1.0,,,,,,,2.0,0.0,Completed,1.05,11.0,1.07,12.31,1.07,12.31,1.04,10.31
10,Buenos Aires,Argentina Open,2024-02-16,ATP250,Outdoor,Clay,Quarterfinals,3,Jarry N.,Etcheverry T.,21,27.0,1810,1465.0,4.0,6.0,7.0,5.0,,,,,,,1.0,1.0,Retired,2.1,1.73,2.25,1.72,2.25,1.75,2.13,1.7
10,Buenos Aires,Argentina Open,2024-02-17,ATP250,Outdoor,Clay,Semifinals,3,Diaz Acosta F.,Coria F.,87,106.0,677,588.0,6.0,2.0,6.0,3.0,,,,,,,2.0,0.0,Completed,1.8,2.0,1.86,2.05,1.95,2.05,1.84,1.95
10,Buenos Aires,Argentina Open,2024-02-17,ATP250,Outdoor,Clay,Semifinals,3,Jarry N.,Alcaraz C.,21,2.0,1810,9255.0,7.0,6.0,6.0,3.0,,,,,,,2.0,0.0,Completed,5.0,1.17,6.39,1.15,6.39,1.18,5.31,1.15
10,Buenos Aires,Argentina Open,2024-02-18,ATP250,Outdoor,Clay,The Final,3,Diaz Acosta F.,Jarry N.,87,21.0,677,1810.0,6.0,3.0,6.0,4.0,,,,,,,2.0,0.0,Completed,2.75,1.44,2.94,1.46,2.94,1.47,2.75,1.44
11,Delray Beach,Delray Beach Open,2024-02-12,ATP250,Outdoor,Hard,1st Round,3,Lestienne C.,Vukic A.,104,69.0,599,810.0,6.0,4.0,6.0,4.0,,,,,,,2.0,0.0,Completed,2.1,1.73,2.25,1.71,2.25,1.75,2.11,1.71
11,Delray Beach,Delray Beach Open,2024-02-12,ATP250,Outdoor,Hard,1st Round,3,Arnaldi M.,Nishioka Y.,43,77.0,1046,720.0,4.0,6.0,6.0,4.0,6.0,3.0,,,,,2.0,1.0,Completed,1.67,2.2,1.72,2.22,1.73,2.22,1.67,2.15
11,Delray Beach,Delray Beach Open,2024-02-12,ATP250,Outdoor,Hard,1st Round,3,Borges N.,Diallo G.,46,136.0,1004,481.0,6.0,4.0,7.0,6.0,,,,,,,2.0,0.0,Completed,1.73,2.1,1.83,2.06,1.83,2.12,1.76,2.04
11,Delray Beach,Delray Beach Open,2024-02-13,ATP250,Outdoor,Hard,1st Round,3,Kypson P.,Kecmanovic M.,155,40.0,404,1080.0,6.0,4.0,7.0,6.0,,,,,,,2.0,0.0,Completed,3.5,1.3,3.61,1.33,3.61,1.37,3.33,1.32
11,Delray Beach,Delray Beach Open,2024-02-13,ATP250,Outdoor,Hard,1st Round,3,Hijikata R.,Broady L.,84,121.0,697,524.0,6.0,2.0,1.0,6.0,6.0,1.0,,,,,2.0,1.0,Completed,1.57,2.38,1.59,2.5,1.62,2.6,1.57,2.37
11,Delray Beach,Delray Beach Open,2024-02-13,ATP250,Outdoor,Hard,1st Round,3,Thompson J.,Evans D.,42,44.0,1047,1041.0,7.0,5.0,6.0,0.0,,,,,,,2.0,0.0,Completed,1.57,2.38,1.62,2.43,1.65,2.43,1.59,2.33
11,Delray Beach,Delray Beach Open,2024-02-13,ATP250,Outdoor,Hard,1st Round,3,Svajda Z.,Purcell M.,146,41.0,430,1051.0,7.0,5.0,6.0,3.0,,,,,,,2.0,0.0,Completed,1.91,1.91,1.9,1.99,1.95,1.99,1.87,1.91
11,Delray Beach,Delray Beach Open,2024-02-13,ATP250,Outdoor,Hard,1st Round,3,Moreno De Alboran N.,Kovacevic A.,149,102.0,418,616.0,6.0,2.0,7.0,6.0,,,,,,,2.0,0.0,Completed,2.1,1.73,2.13,1.79,2.2,1.79,2.09,1.72
11,Delray Beach,Delray Beach Open,2024-02-13,ATP250,Outdoor,Hard,1st Round,3,Cobolli F.,Daniel T.,72,63.0,779,870.0,1.0,6.0,6.0,2.0,7.0,6.0,,,,,2.0,1.0,Completed,1.8,2.0,1.93,1.93,1.95,2.1,1.84,1.93
11,Delray Beach,Delray Beach Open,2024-02-13,ATP250,Outdoor,Hard,1st Round,3,Albot R.,Shang J.,137,139.0,475,465.0,4.0,6.0,6.0,4.0,6.0,2.0,,,,,2.0,1.0,Completed,2.1,1.73,2.08,1.83,2.11,1.83,2.05,1.75
11,Delray Beach,Delray Beach Open,2024-02-13,ATP250,Outdoor,Hard,1st Round,3,Giron M.,Nava E.,52,144.0,945,443.0,6.0,4.0,7.0,6.0,,,,,,,2.0,0.0,Completed,1.33,3.4,1.33,3.58,1.35,3.58,1.32,3.31
11,Delray Beach,Delray Beach Open,2024-02-14,ATP250,Outdoor,Hard,1st Round,3,Michelsen A.,Kokkinakis T.,75,79.0,759,716.0,6.0,1.0,6.0,2.0,,,,,,,2.0,0.0,Completed,2.0,1.8,1.96,1.93,2.03,1.93,1.96,1.82
11,Delray Beach,Delray Beach Open,2024-02-14,ATP250,Outdoor,Hard,2nd Round,3,Kypson P.,Lestienne C.,155,104.0,404,599.0,6.0,4.0,6.0,4.0,,,,,,,2.0,0.0,Completed,1.67,2.2,1.68,2.32,1.73,2.32,1.67,2.18
11,Delray Beach,Delray Beach Open,2024-02-14,ATP250,Outdoor,Hard,2nd Round,3,Hijikata R.,Arnaldi M.,84,43.0,697,1046.0,6.0,2.0,3.0,6.0,6.0,4.0,,,,,2.0,1.0,Completed,2.75,1.44,2.72,1.52,2.75,1.57,2.55,1.5
11,Delray Beach,Delray Beach Open,2024-02-14,ATP250,Outdoor,Hard,2nd Round,3,Giron M.,Mannarino A.,52,19.0,945,1975.0,6.0,0.0,6.0,7.0,6.0,1.0,,,,,2.0,1.0,Completed,1.67,2.2,1.76,2.19,1.76,2.22,1.68,2.15
11,Delray Beach,Delray Beach Open,2024-02-15,ATP250,Outdoor,Hard,2nd Round,3,Fritz T.,Borges N.,9,46.0,3150,1004.0,7.0,6.0,6.0,4.0,,,,,,,2.0,0.0,Completed,1.17,5.0,1.23,4.7,1.23,5.0,1.2,4.38
11,Delray Beach,Delray Beach Open,2024-02-15,ATP250,Outdoor,Hard,2nd Round,3,Thompson J.,Moreno De Alboran N.,42,149.0,1047,418.0,6.0,2.0,6.0,2.0,,,,,,,2.0,0.0,Completed,1.2,4.5,1.25,4.44,1.25,4.55,1.21,4.28
11,Delray Beach,Delray Beach Open,2024-02-15,ATP250,Outdoor,Hard,2nd Round,3,Paul T.,Michelsen A.,14,75.0,2255,759.0,5.0,7.0,6.0,4.0,7.0,6.0,,,,,2.0,1.0,Completed,1.36,3.2,1.39,3.26,1.39,3.5,1.34,3.17
11,Delray Beach,Delray Beach Open,2024-02-15,ATP250,Outdoor,Hard,2nd Round,3,Cobolli F.,Svajda Z.,72,146.0,779,430.0,6.0,4.0,6.0,7.0,6.0,2.0,,,,,2.0,1.0,Completed,1.8,2.0,1.94,1.96,1.94,2.05,1.86,1.92
11,Delray Beach,Delray Beach Open,2024-02-16,ATP250,Outdoor,Hard,2nd Round,3,Tiafoe F.,Albot R.,15,137.0,2065,475.0,7.0,6.0,7.0,6.0,,,,,,,2.0,0.0,Completed,1.29,3.75,1.3,3.93,1.3,3.93,1.28,3.61
11,Delray Beach,Delray Beach Open,2024-02-16,ATP250,Outdoor,Hard,Quarterfinals,3,Paul T.,Thompson J.,14,42.0,2255,1047.0,6.0,4.0,6.0,3.0,,,,,,,2.0,0.0,Completed,1.57,2.38,1.65,2.39,1.65,2.45,1.59,2.33
11,Delray Beach,Delray Beach Open,2024-02-16,ATP250,Outdoor,Hard,Quarterfinals,3,Tiafoe F.,Cobolli F.,15,72.0,2065,779.0,6.0,4.0,6.0,2.0,,,,,,,2.0,0.0,Completed,1.36,3.2,1.4,3.21,1.4,3.21,1.36,3.06
11,Delray Beach,Delray Beach Open,2024-02-16,ATP250,Outdoor,Hard,Quarterfinals,3,Giron M.,Kypson P.,52,155.0,945,404.0,6.0,4.0,6.0,4.0,,,,,,,2.0,0.0,Completed,1.3,3.5,1.29,3.97,1.33,4.0,1.27,3.65
11,Delray Beach,Delray Beach Open,2024-02-17,ATP250,Outdoor,Hard,Quarterfinals,3,Fritz T.,Hijikata R.,9,84.0,3150,697.0,6.0,3.0,6.0,3.0,,,,,,,2.0,0.0,Completed,1.14,5.5,1.15,6.36,1.17,6.36,1.14,5.51
11,Delray Beach,Delray Beach Open,2024-02-17,ATP250,Outdoor,Hard,Semifinals,3,Paul T.,Tiafoe F.,14,15.0,2255,2065.0,6.0,2.0,6.0,2.0,,,,,,,2.0,0.0,Completed,1.62,2.3,1.57,2.57,1.62,2.57,1.57,2.37
11,Delray Beach,Delray Beach Open,2024-02-18,ATP250,Outdoor,Hard,Semifinals,3,Fritz T.,Giron M.,9,52.0,3150,945.0,7.0,6.0,6.0,2.0,,,,,,,2.0,0.0,Completed,1.36,3.2,1.43,3.08,1.43,3.2,1.38,3.01
11,Delray Beach,Delray Beach Open,2024-02-19,ATP250,Outdoor,Hard,The Final,3,Fritz T.,Paul T.,9,14.0,3150,2255.0,6.0,2.0,6.0,3.0,,,,,,,2.0,0.0,Completed,1.67,2.2,1.62,2.45,1.76,2.45,1.62,2.27
12,Rotterdam,ABN AMRO World Tennis Tournament,2024-02-12,ATP500,Indoor,Hard,1st Round,3,Goffin D.,Prizmic D.,133,171.0,498,361.0,6.0,4.0,6.0,7.0,6.0,1.0,,,,,2.0,1.0,Completed,1.67,2.2,1.74,2.21,1.74,2.31,1.67,2.17
12,Rotterdam,ABN AMRO World Tennis Tournament,2024-02-12,ATP500,Indoor,Hard,1st Round,3,Raonic M.,De Jong J.,309,141.0,175,463.0,7.0,6.0,6.0,4.0,,,,,,,2.0,0.0,Completed,1.67,2.2,1.68,2.31,1.75,2.31,1.65,2.21
12,Rotterdam,ABN AMRO World Tennis Tournament,2024-02-12,ATP500,Indoor,Hard,1st Round,3,Griekspoor T.,Musetti L.,29,26.0,1420,1480.0,3.0,6.0,7.0,6.0,7.0,6.0,,,,,2.0,1.0,Completed,1.44,2.75,1.44,2.81,1.5,2.81,1.44,2.72
12,Rotterdam,ABN AMRO World Tennis Tournament,2024-02-12,ATP500,Indoor,Hard,1st Round,3,Auger-Aliassime F.,Cressy M.,28,170.0,1460,368.0,7.0,6.0,7.0,6.0,,,,,,,2.0,0.0,Completed,1.29,3.75,1.29,3.9,1.33,3.9,1.3,3.46
12,Rotterdam,ABN AMRO World Tennis Tournament,2024-02-13,ATP500,Indoor,Hard,1st Round,3,Bublik A.,Coric B.,23,31.0,1699,1274.0,6.0,3.0,6.0,4.0,,,,,,,2.0,0.0,Completed,1.91,1.91,1.96,1.93,1.96,2.05,1.86,1.92
12,Rotterdam,ABN AMRO World Tennis Tournament,2024-02-13,ATP500,Indoor,Hard,1st Round,3,Shevchenko A.,Zhang Zh.,57,47.0,920,991.0,4.0,6.0,6.0,4.0,6.0,3.0,,,,,2.0,1.0,Completed,1.91,1.91,1.95,1.93,1.96,1.93,1.9,1.88
12,Rotterdam,ABN AMRO World Tennis Tournament,2024-02-13,ATP500,Indoor,Hard,1st Round,3,Fucsovics M.,Marozsan F.,86,61.0,682,896.0,7.0,6.0,6.0,1.0,,,,,,,2.0,0.0,Completed,1.67,2.2,1.68,2.31,1.68,2.31,1.64,2.22
12,Rotterdam,ABN AMRO World Tennis Tournament,2024-02-13,ATP500,Indoor,Hard,1st Round,3,De Minaur A.,Korda S.,11,33.0,2970,1245.0,6.0,4.0,6.0,3.0,,,,,,,2.0,0.0,Completed,1.53,2.5,1.51,2.72,1.53,2.75,1.5,2.54
12,Rotterdam,ABN AMRO World Tennis Tournament,2024-02-13,ATP500,Indoor,Hard,1st Round,3,Struff J.L.,Davidovich Fokina A.,25,24.0,1526,1575.0,4.0,6.0,7.0,6.0,7.0,6.0,,,,,2.0,1.0,Completed,2.3,1.62,2.33,1.67,2.33,1.72,2.24,1.63
12,Rotterdam,ABN AMRO World Tennis Tournament,2024-02-13,ATP500,Indoor,Hard,1st Round,3,Rublev A.,Bergs Z.,5,132.0,5050,499.0,7.0,5.0,6.0,3.0,,,,,,,2.0,0.0,Completed,1.17,5.0,1.18,5.48,1.18,5.48,1.17,4.96
12,Rotterdam,ABN AMRO World Tennis Tournament,2024-02-13,ATP500,Indoor,Hard,1st Round,3,Hurkacz H.,Lehecka J.,8,32.0,3595,1250.0,6.0,3.0,6.0,7.0,7.0,6.0,,,,,2.0,1.0,Completed,1.36,3.2,1.37,3.35,1.38,3.35,1.34,3.17
12,Rotterdam,ABN AMRO World Tennis Tournament,2024-02-14,ATP500,Indoor,Hard,1st Round,3,Ruusuvuori E.,Humbert U.,55,18.0,931,1990.0,7.0,6.0,4.0,6.0,6.0,3.0,,,,,2.0,1.0,Completed,2.2,1.67,2.37,1.65,2.37,1.79,2.17,1.67
12,Rotterdam,ABN AMRO World Tennis Tournament,2024-02-14,ATP500,Indoor,Hard,1st Round,3,Monfils G.,Shapovalov D.,70,127.0,787,505.0,7.0,6.0,7.0,6.0,,,,,,,2.0,0.0,Completed,2.3,1.62,2.44,1.62,2.44,1.62,2.35,1.58
12,Rotterdam,ABN AMRO World Tennis Tournament,2024-02-14,ATP500,Indoor,Hard,1st Round,3,Dimitrov G.,Sonego L.,13,48.0,2905,975.0,7.0,6.0,6.0,3.0,,,,,,,2.0,0.0,Completed,1.22,4.33,1.22,4.77,1.23,4.77,1.2,4.42
12,Rotterdam,ABN AMRO World Tennis Tournament,2024-02-14,ATP500,Indoor,Hard,1st Round,3,Rune H.,Safiullin R.,7,39.0,3695,1090.0,6.0,4.0,2.0,6.0,6.0,1.0,,,,,2.0,1.0,Completed,1.8,2.0,1.81,2.09,1.82,2.11,1.78,2.01
12,Rotterdam,ABN AMRO World Tennis Tournament,2024-02-14,ATP500,Indoor,Hard,1st Round,3,Sinner J.,Van De Zandschulp B.,4,66.0,8070,855.0,6.0,3.0,6.0,3.0,,,,,,,2.0,0.0,Completed,1.1,7.0,1.12,7.56,1.12,7.56,1.1,6.84
12,Rotterdam,ABN AMRO World Tennis Tournament,2024-02-14,ATP500,Indoor,Hard,2nd Round,3,Raonic M.,Bublik A.,309,23.0,175,1699.0,6.0,4.0,6.0,4.0,,,,,,,2.0,0.0,Completed,2.5,1.53,2.59,1.56,2.63,1.56,2.5,1.52
12,Rotterdam,ABN AMRO World Tennis Tournament,2024-02-14,ATP500,Indoor,Hard,2nd Round,3,De Minaur A.,Goffin D.,11,133.0,2970,498.0,6.0,3.0,6.0,1.0,,,,,,,2.0,0.0,Completed,1.2,4.5,1.2,5.21,1.2,5.25,1.18,4.64
12,Rotterdam,ABN AMRO World Tennis Tournament,2024-02-14,ATP500,Indoor,Hard,2nd Round,3,Rublev A.,Auger-Aliassime F.,5,28.0,5050,1460.0,3.0,6.0,7.0,6.0,7.0,5.0,,,,,2.0,1.0,Completed,1.44,2.75,1.48,2.86,1.49,3.08,1.44,2.73
12,Rotterdam,ABN AMRO World Tennis Tournament,2024-02-15,ATP500,Indoor,Hard,2nd Round,3,Dimitrov G.,Fucsovics M.,13,86.0,2905,682.0,6.0,3.0,7.0,5.0,,,,,,,2.0,0.0,Completed,1.3,3.5,1.28,4.11,1.31,4.11,1.28,3.63
12,Rotterdam,ABN AMRO World Tennis Tournament,2024-02-15,ATP500,Indoor,Hard,2nd Round,3,Shevchenko A.,Rune H.,57,7.0,920,3695.0,6.0,4.0,1.0,6.0,6.0,3.0,,,,,2.0,1.0,Completed,3.4,1.33,3.38,1.37,3.53,1.37,3.27,1.33
12,Rotterdam,ABN AMRO World Tennis Tournament,2024-02-15,ATP500,Indoor,Hard,2nd Round,3,Griekspoor T.,Hurkacz H.,29,8.0,1420,3595.0,6.0,7.0,7.0,6.0,7.0,6.0,,,,,2.0,1.0,Completed,2.75,1.44,3.09,1.43,3.09,1.48,2.83,1.42
12,Rotterdam,ABN AMRO World Tennis Tournament,2024-02-15,ATP500,Indoor,Hard,2nd Round,3,Sinner J.,Monfils G.,4,70.0,8070,787.0,6.0,3.0,3.0,6.0,6.0,3.0,,,,,2.0,1.0,Completed,1.07,9.0,1.1,9.2,1.1,9.2,1.07,7.88
12,Rotterdam,ABN AMRO World Tennis Tournament,2024-02-15,ATP500,Indoor,Hard,2nd Round,3,Ruusuvuori E.,Struff J.L.,55,25.0,931,1526.0,6.0,3.0,6.0,3.0,,,,,,,2.0,0.0,Completed,1.53,2.5,1.58,2.54,1.58,2.55,1.53,2.47
12,Rotterdam,ABN AMRO World Tennis Tournament,2024-02-16,ATP500,Indoor,Hard,Quarterfinals,3,Dimitrov G.,Shevchenko A.,13,57.0,2905,920.0,7.0,6.0,3.0,6.0,6.0,4.0,,,,,2.0,1.0,Completed,1.17,5.0,1.19,5.48,1.2,5.48,1.17,4.84
12,Rotterdam,ABN AMRO World Tennis Tournament,2024-02-16,ATP500,Indoor,Hard,Quarterfinals,3,De Minaur A.,Rublev A.,11,5.0,2970,5050.0,7.0,6.0,4.0,6.0,6.0,3.0,,,,,2.0,1.0,Completed,2.1,1.73,2.27,1.71,2.27,1.73,2.14,1.69
12,Rotterdam,ABN AMRO World Tennis Tournament,2024-02-16,ATP500,Indoor,Hard,Quarterfinals,3,Griekspoor T.,Ruusuvuori E.,29,55.0,1420,931.0,7.0,5.0,7.0,6.0,,,,,,,2.0,0.0,Completed,1.91,1.91,2.04,1.87,2.04,2.05,1.91,1.87
12,Rotterdam,ABN AMRO World Tennis Tournament,2024-02-16,ATP500,Indoor,Hard,Quarterfinals,3,Sinner J.,Raonic M.,4,309.0,8070,175.0,7.0,6.0,1.0,1.0,,,,,,,1.0,0.0,Retired,1.1,7.0,1.12,7.84,1.13,7.84,1.1,6.74
12,Rotterdam,ABN AMRO World Tennis Tournament,2024-02-17,ATP500,Indoor,Hard,Semifinals,3,De Minaur A.,Dimitrov G.,11,13.0,2970,2905.0,6.0,4.0,6.0,3.0,,,,,,,2.0,0.0,Completed,1.73,2.1,1.84,2.08,1.85,2.12,1.76,2.04
12,Rotterdam,ABN AMRO World Tennis Tournament,2024-02-17,ATP500,Indoor,Hard,Semifinals,3,Sinner J.,Griekspoor T.,4,29.0,8070,1420.0,6.0,2.0,6.0,4.0,,,,,,,2.0,0.0,Completed,1.13,6.0,1.14,6.88,1.14,7.0,1.12,5.98
12,Rotterdam,ABN AMRO World Tennis Tournament,2024-02-18,ATP500,Indoor,Hard,The Final,3,Sinner J.,De Minaur A.,4,11.0,8070,2970.0,7.0,5.0,6.0,4.0,,,,,,,2.0,0.0,Completed,1.22,4.33,1.28,4.15,1.29,4.33,1.24,4.01
13,Doha,Qatar Exxon Mobil Open,2024-02-19,ATP250,Outdoor,Hard,1st Round,3,Kotov P.,Sonego L.,64,49.0,859,975.0,6.0,2.0,7.0,5.0,,,,,,,2.0,0.0,Completed,2.2,1.67,2.22,1.73,2.31,1.73,2.18,1.66
13,Doha,Qatar Exxon Mobil Open,2024-02-19,ATP250,Outdoor,Hard,1st Round,3,Zhang Zh.,Musetti L.,48,26.0,991,1480.0,6.0,2.0,6.0,0.0,,,,,,,2.0,0.0,Completed,2.2,1.67,2.23,1.72,2.25,1.72,2.19,1.66
13,Doha,Qatar Exxon Mobil Open,2024-02-19,ATP250,Outdoor,Hard,1st Round,3,Fucsovics M.,Bautista Agut R.,80,97.0,732,621.0,6.0,1.0,6.0,3.0,,,,,,,2.0,0.0,Completed,1.73,2.1,1.81,2.1,1.81,2.12,1.73,2.07
13,Doha,Qatar Exxon Mobil Open,2024-02-19,ATP250,Outdoor,Hard,1st Round,3,Marozsan F.,Kopriva V.,60,118.0,896,535.0,7.0,5.0,7.0,6.0,,,,,,,2.0,0.0,Completed,1.44,2.75,1.55,2.61,1.55,2.75,1.48,2.6
13,Doha,Qatar Exxon Mobil Open,2024-02-19,ATP250,Outdoor,Hard,1st Round,3,Popyrin A.,Shelbayh A.,46,230.0,997,265.0,3.0,6.0,6.0,3.0,6.0,4.0,,,,,2.0,1.0,Completed,1.5,2.63,1.47,2.86,1.5,3.13,1.45,2.69
13,Doha,Qatar Exxon Mobil Open,2024-02-20,ATP250,Outdoor,Hard,1st Round,3,Ruusuvuori E.,Zeppieri G.,43,133.0,1011,498.0,7.0,6.0,7.0,5.0,,,,,,,2.0,0.0,Completed,1.33,3.4,1.41,3.12,1.41,3.51,1.36,3.09
13,Doha,Qatar Exxon Mobil Open,2024-02-20,ATP250,Outdoor,Hard,1st Round,3,Mensik J.,Davidovich Fokina A.,116,24.0,536,1575.0,7.0,6.0,6.0,4.0,,,,,,,2.0,0.0,Completed,2.5,1.53,2.68,1.52,2.75,1.53,2.6,1.48
13,Doha,Qatar Exxon Mobil Open,2024-02-20,ATP250,Outdoor,Hard,1st Round,3,O Connell C.,Struff J.L.,65,25.0,854,1531.0,6.0,4.0,6.0,4.0,,,,,,,2.0,0.0,Completed,2.38,1.57,2.43,1.62,2.43,1.62,2.36,1.57
13,Doha,Qatar Exxon Mobil Open,2024-02-20,ATP250,Outdoor,Hard,1st Round,3,Gasquet R.,Shevchenko A.,126,45.0,519,1000.0,6.0,4.0,6.0,4.0,,,,,,,2.0,0.0,Completed,3.2,1.36,2.81,1.49,3.2,1.5,2.79,1.43
13,Doha,Qatar Exxon Mobil Open,2024-02-20,ATP250,Outdoor,Hard,1st Round,3,Grenier H.,Marterer M.,151,99.0,417,616.0,7.0,6.0,7.0,5.0,,,,,,,2.0,0.0,Completed,2.0,1.8,1.94,1.91,2.01,1.92,1.96,1.82
13,Doha,Qatar Exxon Mobil Open,2024-02-20,ATP250,Outdoor,Hard,1st Round,3,Murray A.,Muller A.,50,75.0,970,773.0,6.0,1.0,7.0,6.0,,,,,,,2.0,0.0,Completed,1.91,1.91,1.89,2.0,1.92,2.0,1.86,1.92
13,Doha,Qatar Exxon Mobil Open,2024-02-20,ATP250,Outdoor,Hard,1st Round,3,Monfils G.,Van De Zandschulp B.,68,70.0,837,810.0,6.0,1.0,7.0,6.0,,,,,,,2.0,0.0,Completed,1.67,2.2,1.7,2.27,1.73,2.27,1.67,2.18
13,Doha,Qatar Exxon Mobil Open,2024-02-21,ATP250,Outdoor,Hard,2nd Round,3,Ruusuvuori E.,O Connell C.,43,65.0,1011,854.0,6.0,3.0,6.0,3.0,,,,,,,2.0,0.0,Completed,1.3,3.5,1.37,3.4,1.38,3.5,1.33,3.22
13,Doha,Qatar Exxon Mobil Open,2024-02-21,ATP250,Outdoor,Hard,2nd Round,3,Khachanov K.,Marozsan F.,17,60.0,2010,896.0,6.0,4.0,7.0,5.0,,,,,,,2.0,0.0,Completed,1.29,3.75,1.32,3.72,1.33,3.8,1.29,3.52
13,Doha,Qatar Exxon Mobil Open,2024-02-21,ATP250,Outdoor,Hard,2nd Round,3,Bublik A.,Fucsovics M.,21,80.0,1739,732.0,2.0,6.0,6.0,3.0,6.0,4.0,,,,,2.0,1.0,Completed,2.1,1.73,2.16,1.78,2.16,1.8,2.04,1.76
13,Doha,Qatar Exxon Mobil Open,2024-02-21,ATP250,Outdoor,Hard,2nd Round,3,Mensik J.,Murray A.,116,50.0,536,970.0,7.0,6.0,6.0,7.0,7.0,6.0,,,,,2.0,1.0,Completed,1.67,2.2,1.81,2.12,1.81,2.22,1.72,2.09
13,Doha,Qatar Exxon Mobil Open,2024-02-21,ATP250,Outdoor,Hard,2nd Round,3,Popyrin A.,Grenier H.,46,151.0,997,417.0,7.0,6.0,6.0,7.0,6.0,1.0,,,,,2.0,1.0,Completed,1.44,2.75,1.44,3.01,1.47,3.01,1.43,2.77
13,Doha,Qatar Exxon Mobil Open,2024-02-21,ATP250,Outdoor,Hard,2nd Round,3,Humbert U.,Kotov P.,18,64.0,1990,859.0,6.0,4.0,6.0,1.0,,,,,,,2.0,0.0,Completed,1.3,3.5,1.32,3.73,1.33,3.73,1.3,3.4
13,Doha,Qatar Exxon Mobil Open,2024-02-21,ATP250,Outdoor,Hard,2nd Round,3,Rublev A.,Gasquet R.,5,126.0,5105,519.0,6.0,3.0,6.0,4.0,,,,,,,2.0,0.0,Completed,1.1,7.0,1.11,8.54,1.11,8.54,1.09,6.86
13,Doha,Qatar Exxon Mobil Open,2024-02-21,ATP250,Outdoor,Hard,2nd Round,3,Monfils G.,Zhang Zh.,68,48.0,837,991.0,4.0,6.0,7.0,5.0,7.0,6.0,,,,,2.0,1.0,Completed,1.67,2.2,1.79,2.15,1.79,2.3,1.7,2.14
13,Doha,Qatar Exxon Mobil Open,2024-02-22,ATP250,Outdoor,Hard,Quarterfinals,3,Popyrin A.,Bublik A.,46,21.0,997,1739.0,6.0,4.0,6.0,4.0,,,,,,,2.0,0.0,Completed,2.2,1.67,2.23,1.74,2.31,1.74,2.19,1.66
13,Doha,Qatar Exxon Mobil Open,2024-02-22,ATP250,Outdoor,Hard,Quarterfinals,3,Khachanov K.,Ruusuvuori E.,17,43.0,2010,1011.0,3.0,0.0,,,,,,,,,0.0,0.0,Retired,1.62,2.3,1.68,2.32,1.68,2.32,1.64,2.22
13,Doha,Qatar Exxon Mobil Open,2024-02-22,ATP250,Outdoor,Hard,Quarterfinals,3,Mensik J.,Rublev A.,116,5.0,536,5105.0,6.0,4.0,7.0,6.0,,,,,,,2.0,0.0,Completed,6.0,1.13,6.68,1.14,6.68,1.14,5.84,1.13
13,Doha,Qatar Exxon Mobil Open,2024-02-22,ATP250,Outdoor,Hard,Quarterfinals,3,Monfils G.,Humbert U.,68,18.0,837,1990.0,6.0,2.0,6.0,4.0,,,,,,,2.0,0.0,Completed,3.2,1.36,3.61,1.34,3.61,1.4,3.12,1.35
13,Doha,Qatar Exxon Mobil Open,2024-02-23,ATP250,Outdoor,Hard,Semifinals,3,Khachanov K.,Popyrin A.,17,46.0,2010,997.0,7.0,6.0,6.0,2.0,,,,,,,2.0,0.0,Completed,1.36,3.2,1.45,2.97,1.45,3.2,1.39,2.95
13,Doha,Qatar Exxon Mobil Open,2024-02-23,ATP250,Outdoor,Hard,Semifinals,3,Mensik J.,Monfils G.,116,68.0,536,837.0,6.0,4.0,1.0,6.0,6.0,3.0,,,,,2.0,1.0,Completed,2.2,1.67,2.31,1.69,2.31,1.7,2.21,1.65
13,Doha,Qatar Exxon Mobil Open,2024-02-24,ATP250,Outdoor,Hard,The Final,3,Khachanov K.,Mensik J.,17,116.0,2010,536.0,7.0,6.0,6.0,4.0,,,,,,,2.0,0.0,Completed,1.36,3.2,1.44,3.04,1.44,3.2,1.38,3.0
14,Los Cabos,Los Cabos Open,2024-02-19,ATP250,Outdoor,Hard,1st Round,3,Evans D.,Safiullin R.,42,38.0,1041,1080.0,6.0,2.0,6.0,4.0,,,,,,,2.0,0.0,Completed,2.75,1.44,3.02,1.43,3.02,1.46,2.79,1.42
14,Los Cabos,Los Cabos Open,2024-02-19,ATP250,Outdoor,Hard,1st Round,3,Michelsen A.,Lestienne C.,74,104.0,776,604.0,6.0,3.0,7.0,6.0,,,,,,,2.0,0.0,Completed,1.33,3.4,1.36,3.41,1.42,3.41,1.36,3.1
14,Los Cabos,Los Cabos Open,2024-02-20,ATP250,Outdoor,Hard,1st Round,3,Purcell M.,Arnaldi M.,51,41.0,961,1061.0,6.0,4.0,4.0,6.0,6.0,4.0,,,,,2.0,1.0,Completed,2.38,1.57,2.58,1.56,2.58,1.6,2.4,1.56
14,Los Cabos,Los Cabos Open,2024-02-20,ATP250,Outdoor,Hard,1st Round,3,Kovacevic A.,Holt B.,100,295.0,616,190.0,6.0,1.0,6.0,4.0,,,,,,,2.0,0.0,Completed,1.67,2.2,1.67,2.32,1.73,2.32,1.66,2.19
14,Los Cabos,Los Cabos Open,2024-02-20,ATP250,Outdoor,Hard,1st Round,3,Kokkinakis T.,Draper J.,103,53.0,604,951.0,4.0,6.0,7.0,6.0,6.0,4.0,,,,,2.0,1.0,Completed,3.75,1.29,4.0,1.28,4.0,1.3,3.67,1.27
14,Los Cabos,Los Cabos Open,2024-02-20,ATP250,Outdoor,Hard,1st Round,3,Borges N.,Koepfer D.,47,57.0,997,918.0,7.0,6.0,6.0,2.0,,,,,,,2.0,0.0,Completed,2.0,1.8,2.09,1.81,2.09,1.88,1.99,1.8
14,Los Cabos,Los Cabos Open,2024-02-20,ATP250,Outdoor,Hard,1st Round,3,Hijikata R.,Kecmanovic M.,79,54.0,737,940.0,6.0,3.0,7.0,6.0,,,,,,,2.0,0.0,Completed,3.0,1.4,3.02,1.43,3.02,1.44,2.88,1.4
14,Los Cabos,Los Cabos Open,2024-02-20,ATP250,Outdoor,Hard,1st Round,3,Thompson J.,Escobedo E.,40,494.0,1071,82.0,6.0,4.0,6.0,3.0,,,,,,,2.0,0.0,Completed,1.14,5.5,1.15,6.26,1.17,6.26,1.14,5.63
14,Los Cabos,Los Cabos Open,2024-02-21,ATP250,Outdoor,Hard,1st Round,3,Nishioka Y.,Cobolli F.,84,69.0,700,825.0,6.0,1.0,6.0,0.0,,,,,,,2.0,0.0,Completed,1.8,2.0,1.93,1.96,1.93,2.01,1.85,1.93
14,Los Cabos,Los Cabos Open,2024-02-21,ATP250,Outdoor,Hard,1st Round,3,Nava E.,Schwartzman D.,146,115.0,443,538.0,6.0,4.0,6.0,3.0,,,,,,,2.0,0.0,Completed,1.8,2.0,1.85,2.05,1.87,2.05,1.81,1.97
14,Los Cabos,Los Cabos Open,2024-02-21,ATP250,Outdoor,Hard,1st Round,3,Giron M.,Daniel T.,44,62.0,1000,870.0,6.0,4.0,7.0,5.0,,,,,,,2.0,0.0,Completed,1.4,3.0,1.45,2.94,1.45,3.0,1.4,2.88
14,Los Cabos,Los Cabos Open,2024-02-21,ATP250,Outdoor,Hard,1st Round,3,Vukic A.,Pacheco Mendez R.,72,692.0,792,41.0,7.0,6.0,7.0,6.0,,,,,,,2.0,0.0,Completed,1.22,4.33,1.25,4.31,1.25,4.34,1.23,4.1
14,Los Cabos,Los Cabos Open,2024-02-21,ATP250,Outdoor,Hard,2nd Round,3,Kovacevic A.,Hijikata R.,100,79.0,616,737.0,6.0,3.0,4.0,6.0,6.0,4.0,,,,,2.0,1.0,Completed,1.91,1.91,1.97,1.93,2.0,1.93,1.93,1.86
14,Los Cabos,Los Cabos Open,2024-02-21,ATP250,Outdoor,Hard,2nd Round,3,Michelsen A.,De Minaur A.,74,9.0,776,3210.0,6.0,4.0,6.0,1.0,,,,,,,2.0,0.0,Completed,4.33,1.22,3.84,1.31,4.34,1.31,3.87,1.25
14,Los Cabos,Los Cabos Open,2024-02-22,ATP250,Outdoor,Hard,2nd Round,3,Thompson J.,Nava E.,40,146.0,1071,443.0,7.0,6.0,6.0,3.0,,,,,,,2.0,0.0,Completed,1.3,3.5,1.28,4.13,1.32,4.13,1.28,3.63
14,Los Cabos,Los Cabos Open,2024-02-22,ATP250,Outdoor,Hard,2nd Round,3,Borges N.,Purcell M.,47,51.0,997,961.0,6.0,3.0,6.0,3.0,,,,,,,2.0,0.0,Completed,1.57,2.38,1.63,2.44,1.65,2.44,1.59,2.32
14,Los Cabos,Los Cabos Open,2024-02-22,ATP250,Outdoor,Hard,2nd Round,3,Tsitsipas S.,Vukic A.,11,72.0,2990,792.0,6.0,3.0,6.0,0.0,,,,,,,2.0,0.0,Completed,1.13,6.0,1.13,7.13,1.14,7.13,1.12,6.1
14,Los Cabos,Los Cabos Open,2024-02-22,ATP250,Outdoor,Hard,2nd Round,3,Ruud C.,Giron M.,12,44.0,2965,1000.0,6.0,1.0,6.0,0.0,,,,,,,2.0,0.0,Completed,1.67,2.2,1.74,2.23,1.75,2.3,1.68,2.16
14,Los Cabos,Los Cabos Open,2024-02-22,ATP250,Outdoor,Hard,2nd Round,3,Kokkinakis T.,Evans D.,103,42.0,604,1041.0,6.0,4.0,6.0,2.0,,,,,,,2.0,0.0,Completed,2.0,1.8,2.09,1.83,2.09,1.83,2.0,1.8
14,Los Cabos,Los Cabos Open,2024-02-22,ATP250,Outdoor,Hard,2nd Round,3,Zverev A.,Nishioka Y.,6,84.0,5030,700.0,6.0,3.0,6.0,0.0,,,,,,,2.0,0.0,Completed,1.17,5.0,1.2,5.27,1.2,5.27,1.17,4.92
14,Los Cabos,Los Cabos Open,2024-02-22,ATP250,Outdoor,Hard,Quarterfinals,3,Ruud C.,Borges N.,12,47.0,2965,997.0,6.0,3.0,6.0,2.0,,,,,,,2.0,0.0,Completed,1.36,3.2,1.38,3.31,1.4,3.31,1.37,3.05
14,Los Cabos,Los Cabos Open,2024-02-22,ATP250,Outdoor,Hard,Quarterfinals,3,Thompson J.,Michelsen A.,40,74.0,1071,776.0,0.0,6.0,7.0,6.0,7.0,5.0,,,,,2.0,1.0,Completed,1.8,2.0,1.7,2.29,1.82,2.29,1.74,2.08
14,Los Cabos,Los Cabos Open,2024-02-23,ATP250,Outdoor,Hard,Quarterfinals,3,Tsitsipas S.,Kovacevic A.,11,100.0,2990,616.0,7.0,6.0,6.0,3.0,,,,,,,2.0,0.0,Completed,1.14,5.5,1.14,6.95,1.17,6.95,1.14,5.58
14,Los Cabos,Los Cabos Open,2024-02-23,ATP250,Outdoor,Hard,Quarterfinals,3,Zverev A.,Kokkinakis T.,6,103.0,5030,604.0,6.0,3.0,6.0,4.0,,,,,,,2.0,0.0,Completed,1.17,5.0,1.17,5.88,1.19,5.88,1.16,5.11
14,Los Cabos,Los Cabos Open,2024-02-24,ATP250,Outdoor,Hard,Semifinals,3,Ruud C.,Tsitsipas S.,12,11.0,2965,2990.0,6.0,4.0,7.0,6.0,,,,,,,2.0,0.0,Completed,1.91,1.91,1.93,1.97,1.96,1.97,1.91,1.88
14,Los Cabos,Los Cabos Open,2024-02-24,ATP250,Outdoor,Hard,Semifinals,3,Thompson J.,Zverev A.,40,6.0,1071,5030.0,7.0,5.0,4.0,6.0,7.0,6.0,,,,,2.0,1.0,Completed,4.5,1.2,4.67,1.23,4.67,1.25,4.31,1.21
14,Los Cabos,Los Cabos Open,2024-02-25,ATP250,Outdoor,Hard,The Final,3,Thompson J.,Ruud C.,40,12.0,1071,2965.0,6.0,3.0,7.0,6.0,,,,,,,2.0,0.0,Completed,3.5,1.3,3.29,1.37,3.53,1.44,3.26,1.33
15,Rio de Janeiro,Rio Open,2024-02-19,ATP500,Outdoor,Clay,1st Round,3,Ramos-Vinolas A.,Varillas J.P.,96,108.0,623,582.0,3.0,6.0,6.0,3.0,7.0,5.0,,,,,2.0,1.0,Completed,2.2,1.67,2.3,1.68,2.3,1.73,2.21,1.65
15,Rio de Janeiro,Rio Open,2024-02-19,ATP500,Outdoor,Clay,1st Round,3,Barrios M.,Heide G.,120,236.0,533,249.0,7.0,5.0,6.0,3.0,,,,,,,2.0,0.0,Completed,1.73,2.1,1.77,2.16,1.8,2.16,1.72,2.08
15,Rio de Janeiro,Rio Open,2024-02-19,ATP500,Outdoor,Clay,1st Round,3,Cerundolo F.,Comesana F.,22,119.0,1685,534.0,6.0,1.0,1.0,6.0,6.0,2.0,,,,,2.0,1.0,Completed,1.73,2.1,1.67,2.33,1.73,2.33,1.66,2.19
15,Rio de Janeiro,Rio Open,2024-02-19,ATP500,Outdoor,Clay,1st Round,3,Norrie C.,Dellien H.,23,135.0,1680,489.0,6.0,3.0,6.0,2.0,,,,,,,2.0,0.0,Completed,1.33,3.4,1.36,3.43,1.36,3.5,1.33,3.29
15,Rio de Janeiro,Rio Open,2024-02-20,ATP500,Outdoor,Clay,1st Round,3,Seyboth Wild T.,Tabilo A.,82,52.0,708,961.0,2.0,6.0,6.0,4.0,6.0,4.0,,,,,2.0,1.0,Completed,2.2,1.67,2.17,1.76,2.31,1.76,2.16,1.68
15,Rio de Janeiro,Rio Open,2024-02-20,ATP500,Outdoor,Clay,1st Round,3,Djere L.,Zapata Miralles B.,35,93.0,1220,637.0,6.0,3.0,6.0,1.0,,,,,,,2.0,0.0,Completed,1.44,2.75,1.48,2.83,1.48,2.83,1.45,2.7
15,Rio de Janeiro,Rio Open,2024-02-20,ATP500,Outdoor,Clay,1st Round,3,Munar J.,Ofner S.,73,37.0,776,1091.0,6.0,3.0,6.0,1.0,,,,,,,2.0,0.0,Completed,1.67,2.2,1.81,2.1,1.81,2.22,1.72,2.09
15,Rio de Janeiro,Rio Open,2024-02-20,ATP500,Outdoor,Clay,1st Round,3,Lajovic D.,Galan D.E.,58,78.0,912,744.0,4.0,6.0,7.0,6.0,6.0,1.0,,,,,2.0,1.0,Completed,1.57,2.38,1.6,2.48,1.6,2.5,1.56,2.38
15,Rio de Janeiro,Rio Open,2024-02-20,ATP500,Outdoor,Clay,1st Round,3,Baez S.,Moutet C.,30,147.0,1415,439.0,6.0,4.0,6.0,3.0,,,,,,,2.0,0.0,Completed,1.3,3.5,1.3,3.88,1.32,3.88,1.29,3.54
15,Rio de Janeiro,Rio Open,2024-02-20,ATP500,Outdoor,Clay,1st Round,3,Meligeni Alves F.,Cachin P.,153,76.0,416,754.0,6.0,2.0,3.0,6.0,6.0,3.0,,,,,2.0,1.0,Completed,1.67,2.2,1.62,2.44,1.73,2.44,1.63,2.25
15,Rio de Janeiro,Rio Open,2024-02-20,ATP500,Outdoor,Clay,1st Round,3,Diaz Acosta F.,Wawrinka S.,59,67.0,907,842.0,7.0,5.0,6.0,4.0,,,,,,,2.0,0.0,Completed,2.2,1.67,2.17,1.76,2.3,1.76,2.16,1.68
15,Rio de Janeiro,Rio Open,2024-02-21,ATP500,Outdoor,Clay,1st Round,3,Garin C.,Carballes Baena R.,88,66.0,660,851.0,2.0,6.0,7.0,6.0,6.0,3.0,,,,,2.0,1.0,Completed,2.2,1.67,2.25,1.71,2.25,1.75,2.16,1.68
15,Rio de Janeiro,Rio Open,2024-02-21,ATP500,Outdoor,Clay,1st Round,3,Hanfmann Y.,Jarry N.,56,19.0,927,1965.0,6.0,1.0,1.0,6.0,7.0,5.0,,,,,2.0,1.0,Completed,2.5,1.53,2.69,1.52,2.75,1.54,2.59,1.48
15,Rio de Janeiro,Rio Open,2024-02-21,ATP500,Outdoor,Clay,1st Round,3,Monteiro T.,Alcaraz C.,117,2.0,536,9105.0,1.0,1.0,,,,,,,,,0.0,0.0,Retired,10.0,1.06,10.81,1.07,10.81,1.07,9.01,1.06
15,Rio de Janeiro,Rio Open,2024-02-21,ATP500,Outdoor,Clay,1st Round,3,Navone M.,Coria F.,113,85.0,551,678.0,1.0,6.0,6.0,4.0,6.0,2.0,,,,,2.0,1.0,Completed,1.67,2.2,1.75,2.18,1.75,2.3,1.67,2.18
15,Rio de Janeiro,Rio Open,2024-02-21,ATP500,Outdoor,Clay,1st Round,3,Fonseca J.,Fils A.,655,36.0,49,1118.0,6.0,0.0,6.0,4.0,,,,,,,2.0,0.0,Completed,4.0,1.25,4.47,1.24,4.47,1.26,4.08,1.23
15,Rio de Janeiro,Rio Open,2024-02-21,ATP500,Outdoor,Clay,2nd Round,3,Cerundolo F.,Ramos-Vinolas A.,22,96.0,1685,623.0,6.0,2.0,6.0,1.0,,,,,,,2.0,0.0,Completed,1.4,3.0,1.4,3.2,1.4,3.2,1.38,2.95
15,Rio de Janeiro,Rio Open,2024-02-22,ATP500,Outdoor,Clay,2nd Round,3,Lajovic D.,Djere L.,58,35.0,912,1220.0,6.0,2.0,7.0,5.0,,,,,,,2.0,0.0,Completed,2.3,1.62,2.3,1.69,2.3,1.69,2.25,1.63
15,Rio de Janeiro,Rio Open,2024-02-22,ATP500,Outdoor,Clay,2nd Round,3,Seyboth Wild T.,Munar J.,82,73.0,708,776.0,6.0,2.0,4.0,6.0,6.0,3.0,,,,,2.0,1.0,Completed,2.1,1.73,2.25,1.72,2.25,1.75,2.12,1.7
15,Rio de Janeiro,Rio Open,2024-02-22,ATP500,Outdoor,Clay,2nd Round,3,Norrie C.,Barrios M.,23,120.0,1680,533.0,6.0,1.0,6.0,1.0,,,,,,,2.0,0.0,Completed,1.14,5.5,1.19,5.51,1.19,5.51,1.16,5.03
15,Rio de Janeiro,Rio Open,2024-02-22,ATP500,Outdoor,Clay,2nd Round,3,Baez S.,Diaz Acosta F.,30,59.0,1415,907.0,7.0,6.0,6.0,3.0,,,,,,,2.0,0.0,Completed,1.53,2.5,1.53,2.58,1.57,2.63,1.52,2.49
15,Rio de Janeiro,Rio Open,2024-02-22,ATP500,Outdoor,Clay,2nd Round,3,Monteiro T.,Meligeni Alves F.,117,153.0,536,416.0,7.0,5.0,6.0,3.0,,,,,,,2.0,0.0,Completed,1.73,2.1,1.76,2.19,1.76,2.2,1.71,2.11
15,Rio de Janeiro,Rio Open,2024-02-22,ATP500,Outdoor,Clay,2nd Round,3,Navone M.,Hanfmann Y.,113,56.0,551,927.0,6.0,1.0,6.0,2.0,,,,,,,2.0,0.0,Completed,2.2,1.67,2.2,1.75,2.22,1.75,2.15,1.69
15,Rio de Janeiro,Rio Open,2024-02-23,ATP500,Outdoor,Clay,2nd Round,3,Fonseca J.,Garin C.,655,88.0,49,660.0,6.0,4.0,6.0,4.0,,,,,,,2.0,0.0,Completed,2.0,1.8,2.07,1.85,2.14,1.86,2.0,1.79
15,Rio de Janeiro,Rio Open,2024-02-23,ATP500,Outdoor,Clay,Quarterfinals,3,Cerundolo F.,Lajovic D.,22,58.0,1685,912.0,3.0,6.0,6.0,4.0,6.0,4.0,,,,,2.0,1.0,Completed,1.62,2.3,1.67,2.35,1.73,2.4,1.64,2.23
15,Rio de Janeiro,Rio Open,2024-02-23,ATP500,Outdoor,Clay,Quarterfinals,3,Baez S.,Monteiro T.,30,117.0,1415,536.0,6.0,4.0,1.0,6.0,6.0,2.0,,,,,2.0,1.0,Completed,1.4,3.0,1.4,3.23,1.4,3.23,1.37,3.01
15,Rio de Janeiro,Rio Open,2024-02-23,ATP500,Outdoor,Clay,Quarterfinals,3,Norrie C.,Seyboth Wild T.,23,82.0,1680,708.0,6.0,1.0,3.0,6.0,6.0,2.0,,,,,2.0,1.0,Completed,1.36,3.2,1.38,3.31,1.38,3.31,1.36,3.05
15,Rio de Janeiro,Rio Open,2024-02-24,ATP500,Outdoor,Clay,Quarterfinals,3,Navone M.,Fonseca J.,113,655.0,551,49.0,2.0,6.0,6.0,3.0,6.0,3.0,,,,,2.0,1.0,Completed,2.0,1.8,2.02,1.89,2.02,2.1,1.91,1.88
15,Rio de Janeiro,Rio Open,2024-02-24,ATP500,Outdoor,Clay,Semifinals,3,Baez S.,Cerundolo F.,30,22.0,1415,1685.0,7.0,5.0,6.0,0.0,,,,,,,2.0,0.0,Completed,1.53,2.5,1.62,2.46,1.62,2.67,1.56,2.39
15,Rio de Janeiro,Rio Open,2024-02-24,ATP500,Outdoor,Clay,Semifinals,3,Navone M.,Norrie C.,113,23.0,551,1680.0,6.0,4.0,6.0,2.0,,,,,,,2.0,0.0,Completed,3.5,1.3,3.5,1.36,3.53,1.36,3.36,1.31
15,Rio de Janeiro,Rio Open,2024-02-25,ATP500,Outdoor,Clay,The Final,3,Baez S.,Navone M.,30,113.0,1415,551.0,6.0,2.0,6.0,1.0,,,,,,,2.0,0.0,Completed,1.36,3.2,1.42,3.14,1.45,3.2,1.38,3.0
16,Acapulco,Abierto Mexicano,2024-02-27,ATP500,Outdoor,Hard,1st Round,3,Shelton B.,Evans D.,17,41.0,2055,1066.0,2.0,6.0,7.0,5.0,7.0,6.0,,,,,2.0,1.0,Completed,1.36,3.2,1.39,3.22,1.4,3.4,1.36,3.07
16,Acapulco,Abierto Mexicano,2024-02-27,ATP500,Outdoor,Hard,1st Round,3,Kecmanovic M.,Schwartzman D.,53,117.0,940,538.0,4.0,6.0,6.0,3.0,6.0,1.0,,,,,2.0,1.0,Completed,1.4,3.0,1.44,2.98,1.45,3.0,1.42,2.78
16,Acapulco,Abierto Mexicano,2024-02-27,ATP500,Outdoor,Hard,1st Round,3,Draper J.,Paul T.,50,14.0,951,2375.0,6.0,0.0,6.0,4.0,,,,,,,2.0,0.0,Completed,2.1,1.73,2.15,1.78,2.15,1.8,2.05,1.74
16,Acapulco,Abierto Mexicano,2024-02-27,ATP500,Outdoor,Hard,1st Round,3,Ofner S.,Escobedo E.,37,493.0,1091,82.0,6.0,7.0,6.0,4.0,7.0,6.0,,,,,2.0,1.0,Completed,1.33,3.4,1.36,3.43,1.36,3.55,1.31,3.34
16,Acapulco,Abierto Mexicano,2024-02-27,ATP500,Outdoor,Hard,1st Round,3,Nishioka Y.,Borges N.,82,56.0,725,922.0,3.0,6.0,6.0,2.0,6.0,4.0,,,,,2.0,1.0,Completed,2.38,1.57,2.41,1.63,2.41,1.67,2.29,1.6
16,Acapulco,Abierto Mexicano,2024-02-27,ATP500,Outdoor,Hard,1st Round,3,De Minaur A.,Daniel T.,9,64.0,3210,870.0,6.0,2.0,6.0,1.0,,,,,,,2.0,0.0,Completed,1.13,6.0,1.12,7.6,1.13,7.6,1.11,6.26
16,Acapulco,Abierto Mexicano,2024-02-27,ATP500,Outdoor,Hard,1st Round,3,Arnaldi M.,Fritz T.,42,10.0,1061,3150.0,6.0,4.0,4.0,6.0,6.0,3.0,,,,,2.0,1.0,Completed,5.0,1.17,5.28,1.19,5.28,1.2,4.88,1.17
16,Acapulco,Abierto Mexicano,2024-02-27,ATP500,Outdoor,Hard,1st Round,3,Cobolli F.,Auger-Aliassime F.,69,30.0,825,1340.0,2.0,6.0,6.0,3.0,6.0,2.0,,,,,2.0,1.0,Completed,3.0,1.4,3.32,1.37,3.5,1.4,3.08,1.36
16,Acapulco,Abierto Mexicano,2024-02-28,ATP500,Outdoor,Hard,1st Round,3,Tiafoe F.,Purcell M.,16,62.0,2155,886.0,4.0,6.0,6.0,3.0,6.0,0.0,,,,,2.0,1.0,Completed,1.36,3.2,1.39,3.22,1.4,3.22,1.36,3.07
16,Acapulco,Abierto Mexicano,2024-02-28,ATP500,Outdoor,Hard,1st Round,3,Koepfer D.,Atmane T.,58,146.0,918,453.0,6.0,4.0,4.0,6.0,6.0,0.0,,,,,2.0,1.0,Completed,1.44,2.75,1.51,2.74,1.53,2.78,1.48,2.6
16,Acapulco,Abierto Mexicano,2024-02-28,ATP500,Outdoor,Hard,1st Round,3,Tsitsipas S.,Safiullin R.,12,39.0,3080,1080.0,6.0,3.0,6.0,4.0,,,,,,,2.0,0.0,Completed,1.4,3.0,1.4,3.18,1.45,3.18,1.4,2.9
16,Acapulco,Abierto Mexicano,2024-02-28,ATP500,Outdoor,Hard,1st Round,3,Rune H.,Mmoh M.,7,122.0,3700,527.0,6.0,2.0,6.0,3.0,,,,,,,2.0,0.0,Completed,1.33,3.4,1.35,3.5,1.35,3.6,1.31,3.38
16,Acapulco,Abierto Mexicano,2024-02-28,ATP500,Outdoor,Hard,1st Round,3,Ruud C.,Eubanks C.,11,34.0,3120,1234.0,6.0,4.0,6.0,7.0,6.0,3.0,,,,,2.0,1.0,Completed,1.17,5.0,1.2,5.1,1.22,5.1,1.18,4.65
16,Acapulco,Abierto Mexicano,2024-02-28,ATP500,Outdoor,Hard,1st Round,3,Kovacevic A.,Thompson J.,93,32.0,654,1246.0,6.0,3.0,5.0,7.0,6.0,4.0,,,,,2.0,1.0,Completed,2.5,1.53,2.55,1.57,2.55,1.57,2.43,1.54
16,Acapulco,Abierto Mexicano,2024-02-28,ATP500,Outdoor,Hard,1st Round,3,Altmaier D.,Zverev A.,57,6.0,921,5085.0,6.0,3.0,3.0,6.0,6.0,3.0,,,,,2.0,1.0,Completed,10.0,1.06,8.37,1.1,10.0,1.1,7.4,1.08
16,Acapulco,Abierto Mexicano,2024-02-28,ATP500,Outdoor,Hard,1st Round,3,Lajovic D.,Pacheco Mendez R.,55,700.0,922,40.0,6.0,2.0,6.0,2.0,,,,,,,2.0,0.0,Completed,1.2,4.5,1.25,4.39,1.25,4.54,1.21,4.24
16,Acapulco,Abierto Mexicano,2024-02-29,ATP500,Outdoor,Hard,2nd Round,3,De Minaur A.,Ofner S.,9,37.0,3210,1091.0,6.0,1.0,6.0,3.0,,,,,,,2.0,0.0,Completed,1.08,8.0,1.12,7.88,1.12,8.01,1.09,7.06
16,Acapulco,Abierto Mexicano,2024-02-29,ATP500,Outdoor,Hard,2nd Round,3,Draper J.,Nishioka Y.,50,82.0,951,725.0,6.0,3.0,6.0,0.0,,,,,,,2.0,0.0,Completed,1.2,4.5,1.25,4.45,1.25,4.5,1.22,4.12
16,Acapulco,Abierto Mexicano,2024-02-29,ATP500,Outdoor,Hard,2nd Round,3,Koepfer D.,Tiafoe F.,58,16.0,918,2155.0,6.0,4.0,5.0,7.0,6.0,1.0,,,,,2.0,1.0,Completed,2.63,1.5,2.58,1.57,2.79,1.62,2.45,1.53
16,Acapulco,Abierto Mexicano,2024-02-29,ATP500,Outdoor,Hard,2nd Round,3,Kecmanovic M.,Altmaier D.,53,57.0,940,921.0,6.0,4.0,6.0,4.0,,,,,,,2.0,0.0,Completed,1.57,2.38,1.64,2.41,1.64,2.5,1.57,2.34
16,Acapulco,Abierto Mexicano,2024-02-29,ATP500,Outdoor,Hard,2nd Round,3,Tsitsipas S.,Cobolli F.,12,69.0,3080,825.0,6.0,3.0,7.0,6.0,,,,,,,2.0,0.0,Completed,1.14,5.5,1.18,5.67,1.18,5.7,1.15,5.31
16,Acapulco,Abierto Mexicano,2024-02-29,ATP500,Outdoor,Hard,2nd Round,3,Shelton B.,Arnaldi M.,17,42.0,2055,1061.0,7.0,6.0,3.0,6.0,6.0,3.0,,,,,2.0,1.0,Completed,1.4,3.0,1.51,2.78,1.51,3.0,1.44,2.72
16,Acapulco,Abierto Mexicano,2024-02-29,ATP500,Outdoor,Hard,2nd Round,3,Rune H.,Kovacevic A.,7,93.0,3700,654.0,7.0,6.0,6.0,2.0,,,,,,,2.0,0.0,Completed,1.17,5.0,1.22,4.9,1.23,5.05,1.19,4.48
16,Acapulco,Abierto Mexicano,2024-02-29,ATP500,Outdoor,Hard,2nd Round,3,Ruud C.,Lajovic D.,11,55.0,3120,922.0,6.0,4.0,7.0,5.0,,,,,,,2.0,0.0,Completed,1.2,4.5,1.24,4.65,1.25,4.65,1.21,4.34
16,Acapulco,Abierto Mexicano,2024-03-01,ATP500,Outdoor,Hard,Quarterfinals,3,Draper J.,Kecmanovic M.,50,53.0,951,940.0,6.0,2.0,6.0,2.0,,,,,,,2.0,0.0,Completed,1.33,3.4,1.38,3.35,1.38,3.5,1.33,3.26
16,Acapulco,Abierto Mexicano,2024-03-01,ATP500,Outdoor,Hard,Quarterfinals,3,De Minaur A.,Tsitsipas S.,9,12.0,3210,3080.0,1.0,6.0,6.0,3.0,6.0,3.0,,,,,2.0,1.0,Completed,2.0,1.8,1.93,1.98,2.1,1.98,1.91,1.87
16,Acapulco,Abierto Mexicano,2024-03-01,ATP500,Outdoor,Hard,Quarterfinals,3,Rune H.,Koepfer D.,7,58.0,3700,918.0,7.0,6.0,7.0,6.0,,,,,,,2.0,0.0,Completed,1.33,3.4,1.39,3.3,1.39,3.5,1.33,3.26
16,Acapulco,Abierto Mexicano,2024-03-01,ATP500,Outdoor,Hard,Quarterfinals,3,Ruud C.,Shelton B.,11,17.0,3120,2055.0,6.0,7.0,6.0,4.0,6.0,4.0,,,,,2.0,1.0,Completed,1.73,2.1,1.71,2.28,1.8,2.28,1.68,2.15
16,Acapulco,Abierto Mexicano,2024-03-02,ATP500,Outdoor,Hard,Semifinals,3,De Minaur A.,Draper J.,9,50.0,3210,951.0,6.0,3.0,2.0,6.0,4.0,0.0,,,,,1.0,1.0,Retired,1.62,2.3,1.68,2.33,1.68,2.33,1.65,2.2
16,Acapulco,Abierto Mexicano,2024-03-02,ATP500,Outdoor,Hard,Semifinals,3,Ruud C.,Rune H.,11,7.0,3120,3700.0,3.0,6.0,6.0,3.0,6.0,4.0,,,,,2.0,1.0,Completed,1.73,2.1,1.66,2.37,1.73,2.37,1.64,2.23
16,Acapulco,Abierto Mexicano,2024-03-03,ATP500,Outdoor,Hard,The Final,3,De Minaur A.,Ruud C.,9,11.0,3210,3120.0,6.0,4.0,6.0,4.0,,,,,,,2.0,0.0,Completed,1.57,2.38,1.6,2.5,1.6,2.5,1.56,2.4
17,Dubai ,Dubai Tennis Championships,2024-02-26,ATP500,Outdoor,Hard,1st Round,3,Van De Zandschulp B.,Mannarino A.,75,19.0,790,1950.0,7.0,6.0,7.0,5.0,,,,,,,2.0,0.0,Completed,1.91,1.91,1.92,1.97,2.03,1.97,1.87,1.91
17,Dubai ,Dubai Tennis Championships,2024-02-26,ATP500,Outdoor,Hard,1st Round,3,Korda S.,Kotov P.,33,63.0,1245,878.0,6.0,0.0,6.0,2.0,,,,,,,2.0,0.0,Completed,1.36,3.2,1.43,3.01,1.44,3.2,1.38,2.98
17,Dubai ,Dubai Tennis Championships,2024-02-26,ATP500,Outdoor,Hard,1st Round,3,Murray A.,Shapovalov D.,67,120.0,845,530.0,4.0,6.0,7.0,6.0,6.0,3.0,,,,,2.0,1.0,Completed,2.1,1.73,2.11,1.81,2.11,1.81,2.07,1.74
17,Dubai ,Dubai Tennis Championships,2024-02-26,ATP500,Outdoor,Hard,1st Round,3,Bublik A.,Machac T.,23,65.0,1699,863.0,2.0,6.0,6.0,3.0,7.0,6.0,,,,,2.0,1.0,Completed,2.1,1.73,2.28,1.69,2.28,1.73,2.17,1.67
17,Dubai ,Dubai Tennis Championships,2024-02-26,ATP500,Outdoor,Hard,1st Round,3,Griekspoor T.,Shelbayh A.,28,228.0,1440,265.0,7.0,5.0,2.0,0.0,,,,,,,1.0,0.0,Retired,1.25,4.0,1.3,3.88,1.31,4.05,1.26,3.73
17,Dubai ,Dubai Tennis Championships,2024-02-26,ATP500,Outdoor,Hard,1st Round,3,Rublev A.,Zhang Zh.,5,46.0,5110,1006.0,6.0,7.0,6.0,2.0,6.0,4.0,,,,,2.0,1.0,Completed,1.17,5.0,1.19,5.33,1.2,5.33,1.18,4.76
17,Dubai ,Dubai Tennis Championships,2024-02-26,ATP500,Outdoor,Hard,1st Round,3,Hurkacz H.,Struff J.L.,8,25.0,3395,1531.0,7.0,6.0,6.0,7.0,7.0,6.0,,,,,2.0,1.0,Completed,1.17,5.0,1.23,4.64,1.23,5.0,1.19,4.5
17,Dubai ,Dubai Tennis Championships,2024-02-27,ATP500,Outdoor,Hard,1st Round,3,Lehecka J.,Fucsovics M.,36,77.0,1180,757.0,6.0,4.0,3.0,6.0,7.0,5.0,,,,,2.0,1.0,Completed,1.62,2.3,1.74,2.2,1.74,2.32,1.67,2.16
17,Dubai ,Dubai Tennis Championships,2024-02-27,ATP500,Outdoor,Hard,1st Round,3,Davidovich Fokina A.,Marozsan F.,24,59.0,1540,914.0,6.0,3.0,4.0,6.0,6.0,1.0,,,,,2.0,1.0,Completed,1.53,2.5,1.63,2.4,1.63,2.51,1.57,2.35
17,Dubai ,Dubai Tennis Championships,2024-02-27,ATP500,Outdoor,Hard,1st Round,3,Humbert U.,Monfils G.,18,54.0,1990,937.0,4.0,6.0,6.0,3.0,6.0,3.0,,,,,2.0,1.0,Completed,1.53,2.5,1.51,2.72,1.58,2.72,1.51,2.5
17,Dubai ,Dubai Tennis Championships,2024-02-27,ATP500,Outdoor,Hard,1st Round,3,Cazaux A.,Musetti L.,86,26.0,701,1480.0,6.0,4.0,7.0,6.0,,,,,,,2.0,0.0,Completed,1.44,2.75,1.5,2.78,1.5,2.9,1.43,2.75
17,Dubai ,Dubai Tennis Championships,2024-02-27,ATP500,Outdoor,Hard,1st Round,3,O Connell C.,Marterer M.,68,96.0,834,612.0,6.0,2.0,6.0,4.0,,,,,,,2.0,0.0,Completed,1.67,2.2,1.67,2.33,1.85,2.33,1.68,2.16
17,Dubai ,Dubai Tennis Championships,2024-02-27,ATP500,Outdoor,Hard,1st Round,3,Khachanov K.,Van Assche L.,15,72.0,2260,808.0,6.0,2.0,6.0,3.0,,,,,,,2.0,0.0,Completed,1.2,4.5,1.2,5.05,1.23,5.05,1.2,4.44
17,Dubai ,Dubai Tennis Championships,2024-02-27,ATP500,Outdoor,Hard,1st Round,3,Mensik J.,Coric B.,87,31.0,701,1274.0,4.0,6.0,6.0,3.0,7.0,6.0,,,,,2.0,1.0,Completed,2.1,1.73,1.99,1.9,2.12,1.9,2.05,1.75
17,Dubai ,Dubai Tennis Championships,2024-02-27,ATP500,Outdoor,Hard,1st Round,3,Medvedev D.,Shevchenko A.,4,47.0,8015,1000.0,6.0,3.0,7.0,5.0,,,,,,,2.0,0.0,Completed,1.1,7.0,1.14,6.71,1.14,7.03,1.11,6.33
17,Dubai ,Dubai Tennis Championships,2024-02-27,ATP500,Outdoor,Hard,1st Round,3,Sonego L.,Nagal S.,48,97.0,975,612.0,6.0,4.0,5.0,7.0,6.0,1.0,,,,,2.0,1.0,Completed,1.53,2.5,1.52,2.67,1.54,2.75,1.49,2.56
17,Dubai ,Dubai Tennis Championships,2024-02-28,ATP500,Outdoor,Hard,2nd Round,3,Bublik A.,Griekspoor T.,23,28.0,1699,1440.0,7.0,6.0,7.0,6.0,,,,,,,2.0,0.0,Completed,1.91,1.91,1.99,1.92,1.99,1.99,1.9,1.88
17,Dubai ,Dubai Tennis Championships,2024-02-28,ATP500,Outdoor,Hard,2nd Round,3,Rublev A.,Cazaux A.,5,86.0,5110,701.0,6.0,4.0,6.0,4.0,,,,,,,2.0,0.0,Completed,1.29,3.75,1.33,3.64,1.36,3.75,1.31,3.39
17,Dubai ,Dubai Tennis Championships,2024-02-28,ATP500,Outdoor,Hard,2nd Round,3,Humbert U.,Murray A.,18,67.0,1990,845.0,6.0,2.0,6.0,4.0,,,,,,,2.0,0.0,Completed,1.36,3.2,1.37,3.42,1.38,3.42,1.35,3.11
17,Dubai ,Dubai Tennis Championships,2024-02-28,ATP500,Outdoor,Hard,2nd Round,3,Lehecka J.,Khachanov K.,36,15.0,1180,2260.0,6.0,7.0,7.0,6.0,6.0,4.0,,,,,2.0,1.0,Completed,2.75,1.44,3.03,1.44,3.03,1.45,2.8,1.42
17,Dubai ,Dubai Tennis Championships,2024-02-28,ATP500,Outdoor,Hard,2nd Round,3,Medvedev D.,Sonego L.,4,48.0,8015,975.0,3.0,6.0,6.0,3.0,6.0,3.0,,,,,2.0,1.0,Completed,1.1,7.0,1.12,7.77,1.12,7.77,1.1,6.59
17,Dubai ,Dubai Tennis Championships,2024-02-28,ATP500,Outdoor,Hard,2nd Round,3,Korda S.,Van De Zandschulp B.,33,75.0,1245,790.0,6.0,1.0,6.0,0.0,,,,,,,2.0,0.0,Completed,1.53,2.5,1.55,2.64,1.55,2.75,1.5,2.53
17,Dubai ,Dubai Tennis Championships,2024-02-28,ATP500,Outdoor,Hard,2nd Round,3,Davidovich Fokina A.,Mensik J.,24,87.0,1540,701.0,7.0,6.0,1.0,0.0,,,,,,,1.0,0.0,Retired,1.67,2.2,1.75,2.21,1.75,2.23,1.7,2.14
17,Dubai ,Dubai Tennis Championships,2024-02-28,ATP500,Outdoor,Hard,2nd Round,3,Hurkacz H.,O Connell C.,8,68.0,3395,834.0,7.0,6.0,6.0,4.0,,,,,,,2.0,0.0,Completed,1.13,6.0,1.19,5.36,1.19,6.25,1.15,5.18
17,Dubai ,Dubai Tennis Championships,2024-02-29,ATP500,Outdoor,Hard,Quarterfinals,3,Bublik A.,Lehecka J.,23,36.0,1699,1180.0,6.0,4.0,4.0,1.0,,,,,,,1.0,0.0,Retired,2.0,1.8,2.17,1.78,2.17,1.85,2.02,1.77
17,Dubai ,Dubai Tennis Championships,2024-02-29,ATP500,Outdoor,Hard,Quarterfinals,3,Rublev A.,Korda S.,5,33.0,5110,1245.0,6.0,4.0,4.0,3.0,,,,,,,1.0,0.0,Retired,1.4,3.0,1.43,3.08,1.44,3.19,1.4,2.89
17,Dubai ,Dubai Tennis Championships,2024-02-29,ATP500,Outdoor,Hard,Quarterfinals,3,Medvedev D.,Davidovich Fokina A.,4,24.0,8015,1540.0,6.0,2.0,6.0,3.0,,,,,,,2.0,0.0,Completed,1.2,4.5,1.22,4.93,1.22,4.93,1.2,4.44
17,Dubai ,Dubai Tennis Championships,2024-02-29,ATP500,Outdoor,Hard,Quarterfinals,3,Humbert U.,Hurkacz H.,18,8.0,1990,3395.0,3.0,6.0,7.0,6.0,6.0,3.0,,,,,2.0,1.0,Completed,2.1,1.73,2.23,1.74,2.25,1.74,2.12,1.7
17,Dubai ,Dubai Tennis Championships,2024-03-01,ATP500,Outdoor,Hard,Semifinals,3,Bublik A.,Rublev A.,23,5.0,1699,5110.0,6.0,7.0,7.0,6.0,6.0,5.0,,,,,1.0,1.0,Awarded,3.75,1.29,4.09,1.3,4.09,1.31,3.62,1.28
17,Dubai ,Dubai Tennis Championships,2024-03-01,ATP500,Outdoor,Hard,Semifinals,3,Humbert U.,Medvedev D.,18,4.0,1990,8015.0,7.0,5.0,6.0,3.0,,,,,,,2.0,0.0,Completed,3.0,1.4,3.05,1.43,3.1,1.43,2.94,1.39
17,Dubai ,Dubai Tennis Championships,2024-03-02,ATP500,Outdoor,Hard,The Final,3,Humbert U.,Bublik A.,18,23.0,1990,1699.0,6.0,4.0,6.0,3.0,,,,,,,2.0,0.0,Completed,1.4,3.0,1.43,3.08,1.44,3.08,1.4,2.89
18,Santiago,Chile Open,2024-02-26,ATP250,Indoor,Clay,1st Round,3,Martinez P.,Passaro F.,101,224.0,596,271.0,6.0,4.0,6.0,1.0,,,,,,,2.0,0.0,Completed,1.5,2.63,1.45,2.95,1.5,3.03,1.44,2.74
18,Santiago,Chile Open,2024-02-26,ATP250,Indoor,Clay,1st Round,3,Coria F.,Molcan A.,88,135.0,678,473.0,6.0,1.0,7.0,6.0,,,,,,,2.0,0.0,Completed,2.2,1.67,2.13,1.79,2.24,1.8,2.14,1.69
18,Santiago,Chile Open,2024-02-26,ATP250,Indoor,Clay,1st Round,3,Diaz Acosta F.,Cachin P.,52,78.0,948,754.0,5.0,7.0,6.0,3.0,7.0,6.0,,,,,2.0,1.0,Completed,1.44,2.75,1.46,2.9,1.47,2.9,1.45,2.7
18,Santiago,Chile Open,2024-02-27,ATP250,Indoor,Clay,1st Round,3,Moutet C.,Carballes Baena R.,140,66.0,464,851.0,6.0,3.0,5.0,7.0,6.0,2.0,,,,,2.0,1.0,Completed,2.0,1.8,2.06,1.84,2.06,1.84,1.99,1.79
18,Santiago,Chile Open,2024-02-27,ATP250,Indoor,Clay,1st Round,3,Seyboth Wild T.,Burruchaga R.,73,159.0,802,397.0,6.0,4.0,6.0,4.0,,,,,,,2.0,0.0,Completed,1.53,2.5,1.61,2.44,1.61,2.5,1.56,2.38
18,Santiago,Chile Open,2024-02-27,ATP250,Indoor,Clay,1st Round,3,Cerundolo J.M.,Hanfmann Y.,161,49.0,393,967.0,3.0,6.0,6.0,3.0,7.0,5.0,,,,,2.0,1.0,Completed,2.38,1.57,2.44,1.62,2.44,1.62,2.35,1.57
18,Santiago,Chile Open,2024-02-27,ATP250,Indoor,Clay,1st Round,3,Munar J.,Zapata Miralles B.,70,143.0,816,457.0,6.0,4.0,6.0,1.0,,,,,,,2.0,0.0,Completed,1.44,2.75,1.49,2.78,1.53,2.82,1.46,2.66
18,Santiago,Chile Open,2024-02-27,ATP250,Indoor,Clay,1st Round,3,Ramos-Vinolas A.,Dellien H.,104,157.0,583,399.0,6.0,3.0,6.0,2.0,,,,,,,2.0,0.0,Completed,2.1,1.73,2.14,1.78,2.14,1.78,2.08,1.72
18,Santiago,Chile Open,2024-02-27,ATP250,Indoor,Clay,1st Round,3,Tirante T.A.,Fonseca J.,100,343.0,598,149.0,7.0,5.0,7.0,6.0,,,,,,,2.0,0.0,Completed,2.2,1.67,2.25,1.71,2.25,1.73,2.15,1.68
18,Santiago,Chile Open,2024-02-27,ATP250,Indoor,Clay,1st Round,3,Varillas J.P.,Comesana F.,119,114.0,537,552.0,6.0,2.0,3.0,6.0,6.0,1.0,,,,,2.0,1.0,Completed,1.73,2.1,1.8,2.11,1.86,2.12,1.78,2.0
18,Santiago,Chile Open,2024-02-27,ATP250,Indoor,Clay,1st Round,3,Barrios M.,Garin C.,111,83.0,563,710.0,7.0,6.0,7.0,5.0,,,,,,,2.0,0.0,Completed,3.0,1.4,3.04,1.43,3.04,1.45,2.86,1.41
18,Santiago,Chile Open,2024-02-28,ATP250,Indoor,Clay,1st Round,3,Darderi L.,Bagnis F.,80,148.0,747,447.0,7.0,6.0,6.0,7.0,7.0,6.0,,,,,2.0,1.0,Completed,1.53,2.5,1.54,2.62,1.54,2.65,1.5,2.54
18,Santiago,Chile Open,2024-02-28,ATP250,Indoor,Clay,2nd Round,3,Martinez P.,Diaz Acosta F.,101,52.0,596,948.0,7.0,6.0,6.0,7.0,6.0,1.0,,,,,2.0,1.0,Completed,2.38,1.57,2.44,1.63,2.44,1.63,2.35,1.57
18,Santiago,Chile Open,2024-02-28,ATP250,Indoor,Clay,2nd Round,3,Moutet C.,Tirante T.A.,140,100.0,464,598.0,6.0,3.0,6.0,7.0,6.0,2.0,,,,,2.0,1.0,Completed,1.73,2.1,1.61,2.49,1.74,2.49,1.65,2.2
18,Santiago,Chile Open,2024-02-28,ATP250,Indoor,Clay,2nd Round,3,Fils A.,Seyboth Wild T.,44,73.0,1028,802.0,6.0,3.0,6.0,3.0,,,,,,,2.0,0.0,Completed,1.73,2.1,1.78,2.16,1.85,2.16,1.77,2.01
18,Santiago,Chile Open,2024-02-28,ATP250,Indoor,Clay,2nd Round,3,Jarry N.,Coria F.,22,88.0,1775,678.0,7.0,6.0,6.0,2.0,,,,,,,2.0,0.0,Completed,1.3,3.5,1.34,3.58,1.34,3.6,1.3,3.42
18,Santiago,Chile Open,2024-02-29,ATP250,Indoor,Clay,2nd Round,3,Darderi L.,Cerundolo J.M.,80,161.0,747,393.0,6.0,3.0,3.0,6.0,6.0,3.0,,,,,2.0,1.0,Completed,1.44,2.75,1.46,2.94,1.5,2.94,1.44,2.74
18,Santiago,Chile Open,2024-02-29,ATP250,Indoor,Clay,2nd Round,3,Munar J.,Ramos-Vinolas A.,70,104.0,816,583.0,6.0,3.0,6.0,1.0,,,,,,,2.0,0.0,Completed,1.36,3.2,1.4,3.22,1.4,3.22,1.36,3.06
18,Santiago,Chile Open,2024-02-29,ATP250,Indoor,Clay,2nd Round,3,Baez S.,Varillas J.P.,21,119.0,1825,537.0,4.0,6.0,6.0,4.0,6.0,2.0,,,,,2.0,1.0,Completed,1.29,3.75,1.28,4.07,1.3,4.1,1.25,3.8
18,Santiago,Chile Open,2024-02-29,ATP250,Indoor,Clay,2nd Round,3,Tabilo A.,Barrios M.,51,111.0,951,563.0,6.0,2.0,7.0,5.0,,,,,,,2.0,0.0,Completed,1.44,2.75,1.47,2.91,1.47,2.91,1.44,2.72
18,Santiago,Chile Open,2024-03-01,ATP250,Indoor,Clay,Quarterfinals,3,Baez S.,Munar J.,21,70.0,1825,816.0,6.0,4.0,6.0,4.0,,,,,,,2.0,0.0,Completed,1.5,2.63,1.54,2.67,1.54,2.67,1.5,2.55
18,Santiago,Chile Open,2024-03-01,ATP250,Indoor,Clay,Quarterfinals,3,Martinez P.,Fils A.,101,44.0,596,1028.0,6.0,3.0,6.0,7.0,6.0,2.0,,,,,2.0,1.0,Completed,2.75,1.44,2.68,1.54,2.75,1.54,2.58,1.49
18,Santiago,Chile Open,2024-03-01,ATP250,Indoor,Clay,Quarterfinals,3,Tabilo A.,Darderi L.,51,80.0,951,747.0,6.0,0.0,7.0,5.0,,,,,,,2.0,0.0,Completed,1.62,2.3,1.75,2.22,1.75,2.35,1.66,2.18
18,Santiago,Chile Open,2024-03-01,ATP250,Indoor,Clay,Quarterfinals,3,Moutet C.,Jarry N.,140,22.0,464,1775.0,7.0,6.0,7.0,6.0,,,,,,,2.0,0.0,Completed,4.33,1.22,4.78,1.23,4.78,1.23,4.27,1.21
18,Santiago,Chile Open,2024-03-02,ATP250,Indoor,Clay,Semifinals,3,Tabilo A.,Moutet C.,51,140.0,951,464.0,4.0,6.0,6.0,4.0,7.0,5.0,,,,,2.0,1.0,Completed,1.5,2.63,1.57,2.58,1.58,2.63,1.52,2.5
18,Santiago,Chile Open,2024-03-03,ATP250,Indoor,Clay,Semifinals,3,Baez S.,Martinez P.,21,101.0,1825,596.0,6.0,4.0,6.0,2.0,,,,,,,2.0,0.0,Completed,1.33,3.4,1.43,3.07,1.44,3.4,1.36,3.04
18,Santiago,Chile Open,2024-03-03,ATP250,Indoor,Clay,The Final,3,Baez S.,Tabilo A.,21,51.0,1825,951.0,3.0,6.0,6.0,0.0,6.0,4.0,,,,,2.0,1.0,Completed,1.5,2.63,1.57,2.59,1.57,2.63,1.52,2.49
19,Indian Wells,BNP Paribas Open,2024-03-06,Masters 1000,Outdoor,Hard,1st Round,3,O Connell C.,Draper J.,66,37.0,819,1151.0,1.0,6.0,6.0,3.0,6.0,2.0,,,,,2.0,1.0,Completed,4.33,1.22,4.78,1.22,4.78,1.25,4.43,1.21
19,Indian Wells,BNP Paribas Open,2024-03-06,Masters 1000,Outdoor,Hard,1st Round,3,Kokkinakis T.,Giron M.,99,48.0,609,1015.0,6.0,3.0,7.0,5.0,,,,,,,2.0,0.0,Completed,2.63,1.5,2.84,1.48,2.84,1.53,2.65,1.48
19,Indian Wells,BNP Paribas Open,2024-03-06,Masters 1000,Outdoor,Hard,1st Round,3,Hanfmann Y.,Cachin P.,57,79.0,920,754.0,6.0,7.0,6.0,4.0,6.0,1.0,,,,,2.0,1.0,Completed,1.4,3.0,1.43,3.01,1.45,3.15,1.41,2.89
19,Indian Wells,BNP Paribas Open,2024-03-06,Masters 1000,Outdoor,Hard,1st Round,3,Shevchenko A.,Koepfer D.,51,49.0,1000,1008.0,6.0,3.0,1.0,6.0,7.0,6.0,,,,,2.0,1.0,Completed,2.2,1.67,2.31,1.68,2.31,1.76,2.21,1.67
19,Indian Wells,BNP Paribas Open,2024-03-06,Masters 1000,Outdoor,Hard,1st Round,3,Nakashima B.,Eubanks C.,93,34.0,645,1234.0,6.0,3.0,7.0,6.0,,,,,,,2.0,0.0,Completed,1.5,2.63,1.48,2.82,1.53,2.82,1.48,2.67
19,Indian Wells,BNP Paribas Open,2024-03-06,Masters 1000,Outdoor,Hard,1st Round,3,Arnaldi M.,Van Assche L.,40,86.0,1091,696.0,7.0,6.0,7.0,6.0,,,,,,,2.0,0.0,Completed,1.5,2.63,1.56,2.56,1.57,2.63,1.53,2.52
19,Indian Wells,BNP Paribas Open,2024-03-06,Masters 1000,Outdoor,Hard,1st Round,3,Marozsan F.,Rodionov J.,58,96.0,914,631.0,6.0,3.0,6.0,2.0,,,,,,,2.0,0.0,Completed,1.57,2.38,1.47,2.81,1.74,2.81,1.55,2.5
19,Indian Wells,BNP Paribas Open,2024-03-06,Masters 1000,Outdoor,Hard,1st Round,3,Murray A.,Goffin D.,61,112.0,885,553.0,6.0,3.0,6.0,2.0,,,,,,,2.0,0.0,Completed,1.67,2.2,1.71,2.25,1.74,2.25,1.67,2.19
19,Indian Wells,BNP Paribas Open,2024-03-06,Masters 1000,Outdoor,Hard,1st Round,3,Daniel T.,Galan D.E.,76,84.0,773,709.0,6.0,4.0,6.0,1.0,,,,,,,2.0,0.0,Completed,1.44,2.75,1.46,2.9,1.53,2.9,1.46,2.72
19,Indian Wells,BNP Paribas Open,2024-03-07,Masters 1000,Outdoor,Hard,1st Round,3,Vukic A.,Mochizuki S.,69,149.0,801,448.0,7.0,6.0,7.0,6.0,,,,,,,2.0,0.0,Completed,1.91,1.91,2.0,1.89,2.0,1.95,1.9,1.91
19,Indian Wells,BNP Paribas Open,2024-03-07,Masters 1000,Outdoor,Hard,1st Round,3,Machac T.,Wawrinka S.,63,70.0,868,797.0,7.0,6.0,4.0,6.0,6.0,2.0,,,,,2.0,1.0,Completed,1.5,2.63,1.55,2.6,1.55,2.63,1.52,2.54
19,Indian Wells,BNP Paribas Open,2024-03-07,Masters 1000,Outdoor,Hard,1st Round,3,Sonego L.,Kecmanovic M.,55,47.0,935,1030.0,7.0,6.0,6.0,4.0,,,,,,,2.0,0.0,Completed,2.1,1.73,2.31,1.68,2.31,1.8,2.13,1.72
19,Indian Wells,BNP Paribas Open,2024-03-07,Masters 1000,Outdoor,Hard,1st Round,3,Lestienne C.,Kudla D.,100,179.0,606,342.0,3.0,6.0,6.0,2.0,6.0,4.0,,,,,2.0,1.0,Completed,1.73,2.1,1.87,2.02,1.87,2.1,1.79,2.02
19,Indian Wells,BNP Paribas Open,2024-03-07,Masters 1000,Outdoor,Hard,1st Round,3,Pouille L.,Altmaier D.,273,53.0,202,961.0,6.0,4.0,6.0,3.0,,,,,,,2.0,0.0,Completed,2.0,1.8,2.17,1.76,2.17,1.84,2.07,1.76
19,Indian Wells,BNP Paribas Open,2024-03-07,Masters 1000,Outdoor,Hard,1st Round,3,Lajovic D.,Ruusuvuori E.,56,46.0,927,1041.0,7.0,5.0,6.0,2.0,,,,,,,2.0,0.0,Completed,2.75,1.44,2.76,1.5,2.9,1.45,2.74,1.45
19,Indian Wells,BNP Paribas Open,2024-03-07,Masters 1000,Outdoor,Hard,1st Round,3,Safiullin R.,Evans D.,42,45.0,1080,1066.0,6.0,1.0,5.0,7.0,6.0,2.0,,,,,2.0,1.0,Completed,1.67,2.2,1.74,2.2,1.74,2.3,1.68,2.18
19,Indian Wells,BNP Paribas Open,2024-03-07,Masters 1000,Outdoor,Hard,1st Round,3,Monfils G.,Purcell M.,54,71.0,937,796.0,6.0,1.0,6.0,2.0,,,,,,,2.0,0.0,Completed,1.29,3.75,1.34,3.51,1.34,3.75,1.31,3.46
19,Indian Wells,BNP Paribas Open,2024-03-07,Masters 1000,Outdoor,Hard,1st Round,3,Mensik J.,Hong S.,81,227.0,751,268.0,6.0,3.0,6.0,4.0,,,,,,,2.0,0.0,Completed,1.2,4.5,1.25,4.38,1.25,4.5,1.22,4.23
19,Indian Wells,BNP Paribas Open,2024-03-07,Masters 1000,Outdoor,Hard,1st Round,3,Coric B.,Ofner S.,35,38.0,1194,1116.0,6.0,2.0,3.0,6.0,6.0,0.0,,,,,2.0,1.0,Completed,1.3,3.5,1.36,3.42,1.37,3.5,1.33,3.36
19,Indian Wells,BNP Paribas Open,2024-03-07,Masters 1000,Outdoor,Hard,1st Round,3,Michelsen A.,Munar J.,80,75.0,754,776.0,6.0,2.0,6.0,3.0,,,,,,,2.0,0.0,Completed,1.36,3.2,1.41,3.1,1.44,3.2,1.39,2.98
19,Indian Wells,BNP Paribas Open,2024-03-07,Masters 1000,Outdoor,Hard,1st Round,3,Seyboth Wild T.,Wolf J.J.,65,94.0,820,640.0,6.0,2.0,6.0,1.0,,,,,,,2.0,0.0,Completed,1.57,2.38,1.64,2.39,1.65,2.43,1.6,2.35
19,Indian Wells,BNP Paribas Open,2024-03-08,Masters 1000,Outdoor,Hard,1st Round,3,Shang J.,Thompson J.,139,33.0,465,1246.0,6.0,2.0,6.0,3.0,,,,,,,2.0,0.0,Completed,2.75,1.44,2.8,1.49,2.8,1.5,2.72,1.46
19,Indian Wells,BNP Paribas Open,2024-03-08,Masters 1000,Outdoor,Hard,1st Round,3,Fils A.,Borges N.,43,60.0,1078,887.0,7.0,6.0,6.0,2.0,,,,,,,2.0,0.0,Completed,1.73,2.1,1.77,2.16,1.77,2.16,1.75,2.1
19,Indian Wells,BNP Paribas Open,2024-03-08,Masters 1000,Outdoor,Hard,1st Round,3,Fognini F.,Zapata Miralles B.,108,144.0,568,457.0,4.0,6.0,6.0,2.0,6.0,3.0,,,,,2.0,1.0,Completed,1.53,2.5,1.56,2.59,1.56,2.63,1.52,2.53
19,Indian Wells,BNP Paribas Open,2024-03-08,Masters 1000,Outdoor,Hard,1st Round,3,Kypson P.,Quinn E.,151,284.0,443,196.0,6.0,1.0,7.0,6.0,,,,,,,2.0,0.0,Completed,1.67,2.2,1.68,2.31,1.68,2.31,1.65,2.24
19,Indian Wells,BNP Paribas Open,2024-03-08,Masters 1000,Outdoor,Hard,1st Round,3,Raonic M.,Nagal S.,224,101.0,275,603.0,6.0,3.0,6.0,3.0,,,,,,,2.0,0.0,Completed,1.4,3.0,1.39,3.25,1.43,3.25,1.38,3.06
19,Indian Wells,BNP Paribas Open,2024-03-08,Masters 1000,Outdoor,Hard,1st Round,3,Zhang Zh.,Kovacevic A.,50,92.0,1006,654.0,6.0,7.0,6.0,3.0,7.0,5.0,,,,,2.0,1.0,Completed,1.62,2.3,1.61,2.46,1.65,2.46,1.62,2.31
19,Indian Wells,BNP Paribas Open,2024-03-08,Masters 1000,Outdoor,Hard,1st Round,3,Muller A.,Grenier H.,88,146.0,689,455.0,7.0,6.0,7.0,5.0,,,,,,,2.0,0.0,Completed,1.8,2.0,1.89,2.0,1.89,2.02,1.82,1.98
19,Indian Wells,BNP Paribas Open,2024-03-08,Masters 1000,Outdoor,Hard,1st Round,3,Tabilo A.,Kotov P.,39,67.0,1116,819.0,4.0,6.0,6.0,3.0,7.0,5.0,,,,,2.0,1.0,Completed,1.62,2.3,1.66,2.34,1.7,2.34,1.64,2.26
19,Indian Wells,BNP Paribas Open,2024-03-08,Masters 1000,Outdoor,Hard,1st Round,3,Shapovalov D.,Van De Zandschulp B.,131,82.0,485,750.0,6.0,1.0,6.0,4.0,,,,,,,2.0,0.0,Completed,1.62,2.3,1.68,2.3,1.7,2.3,1.64,2.24
19,Indian Wells,BNP Paribas Open,2024-03-08,Masters 1000,Outdoor,Hard,1st Round,3,Carballes Baena R.,Cobolli F.,64,62.0,831,880.0,6.0,4.0,6.0,4.0,,,,,,,2.0,0.0,Completed,3.2,1.36,3.1,1.41,3.2,1.41,3.0,1.39
19,Indian Wells,BNP Paribas Open,2024-03-08,Masters 1000,Outdoor,Hard,1st Round,3,Klein L.,Moreno De Alboran N.,141,166.0,459,387.0,7.0,6.0,6.0,4.0,,,,,,,2.0,0.0,Completed,1.57,2.38,1.57,2.54,1.59,2.54,1.56,2.41
19,Indian Wells,BNP Paribas Open,2024-03-08,Masters 1000,Outdoor,Hard,2nd Round,3,De Minaur A.,Daniel T.,10,76.0,3210,773.0,6.0,1.0,6.0,2.0,,,,,,,2.0,0.0,Completed,1.07,9.0,1.09,9.35,1.11,9.35,1.07,8.44
19,Indian Wells,BNP Paribas Open,2024-03-08,Masters 1000,Outdoor,Hard,2nd Round,3,Sinner J.,Kokkinakis T.,3,99.0,8270,609.0,6.0,3.0,6.0,0.0,,,,,,,2.0,0.0,Completed,1.08,8.0,1.07,11.05,1.1,11.05,1.07,9.1
19,Indian Wells,BNP Paribas Open,2024-03-08,Masters 1000,Outdoor,Hard,2nd Round,3,Cerundolo F.,Shevchenko A.,22,51.0,1840,1000.0,6.0,2.0,3.0,1.0,,,,,,,1.0,0.0,Retired,2.1,1.73,2.35,1.66,2.35,1.74,2.2,1.67
19,Indian Wells,BNP Paribas Open,2024-03-08,Masters 1000,Outdoor,Hard,2nd Round,3,Auger-Aliassime F.,Lestienne C.,31,100.0,1295,606.0,6.0,4.0,6.0,1.0,,,,,,,2.0,0.0,Completed,1.25,4.0,1.24,4.45,1.26,4.45,1.24,4.08
19,Indian Wells,BNP Paribas Open,2024-03-08,Masters 1000,Outdoor,Hard,2nd Round,3,Zverev A.,O Connell C.,6,66.0,4950,819.0,6.0,4.0,6.0,4.0,,,,,,,2.0,0.0,Completed,1.14,5.5,1.19,5.44,1.19,5.55,1.17,5.13
19,Indian Wells,BNP Paribas Open,2024-03-08,Masters 1000,Outdoor,Hard,2nd Round,3,Rublev A.,Murray A.,5,61.0,5010,885.0,7.0,6.0,6.0,1.0,,,,,,,2.0,0.0,Completed,1.2,4.5,1.18,5.66,1.2,5.66,1.17,5.02
19,Indian Wells,BNP Paribas Open,2024-03-08,Masters 1000,Outdoor,Hard,2nd Round,3,Tsitsipas S.,Pouille L.,11,273.0,3170,202.0,6.0,3.0,6.0,2.0,,,,,,,2.0,0.0,Completed,1.14,5.5,1.16,5.92,1.17,5.92,1.15,5.44
19,Indian Wells,BNP Paribas Open,2024-03-08,Masters 1000,Outdoor,Hard,2nd Round,3,Marozsan F.,Jarry N.,58,24.0,914,1575.0,3.0,6.0,7.0,5.0,6.0,4.0,,,,,2.0,1.0,Completed,2.2,1.67,2.23,1.72,2.23,1.72,2.19,1.68
19,Indian Wells,BNP Paribas Open,2024-03-09,Masters 1000,Outdoor,Hard,2nd Round,3,Shelton B.,Mensik J.,16,81.0,2145,751.0,4.0,6.0,6.0,3.0,6.0,4.0,,,,,2.0,1.0,Completed,1.5,2.63,1.5,2.77,1.5,2.77,1.48,2.66
19,Indian Wells,BNP Paribas Open,2024-03-09,Masters 1000,Outdoor,Hard,2nd Round,3,Griekspoor T.,Hanfmann Y.,27,57.0,1445,920.0,6.0,3.0,6.0,3.0,,,,,,,2.0,0.0,Completed,1.4,3.0,1.45,2.96,1.45,3.15,1.4,2.94
19,Indian Wells,BNP Paribas Open,2024-03-09,Masters 1000,Outdoor,Hard,2nd Round,3,Lehecka J.,Nakashima B.,32,93.0,1260,645.0,3.0,6.0,6.0,3.0,6.0,4.0,,,,,2.0,1.0,Completed,1.8,2.0,1.87,2.03,1.9,2.03,1.83,1.98
19,Indian Wells,BNP Paribas Open,2024-03-09,Masters 1000,Outdoor,Hard,2nd Round,3,Alcaraz C.,Arnaldi M.,2,40.0,8805,1091.0,6.0,7.0,6.0,0.0,6.0,1.0,,,,,2.0,1.0,Completed,1.1,7.0,1.14,6.75,1.14,7.03,1.11,6.53
19,Indian Wells,BNP Paribas Open,2024-03-09,Masters 1000,Outdoor,Hard,2nd Round,3,Bublik A.,Shang J.,20,139.0,1984,465.0,6.0,4.0,6.0,1.0,,,,,,,2.0,0.0,Completed,1.62,2.3,1.68,2.31,1.68,2.31,1.65,2.24
19,Indian Wells,BNP Paribas Open,2024-03-09,Masters 1000,Outdoor,Hard,2nd Round,3,Struff J.L.,Coric B.,25,35.0,1531,1194.0,6.0,7.0,6.0,2.0,7.0,6.0,,,,,2.0,1.0,Completed,2.3,1.62,2.28,1.69,2.33,1.69,2.27,1.64
19,Indian Wells,BNP Paribas Open,2024-03-09,Masters 1000,Outdoor,Hard,2nd Round,3,Seyboth Wild T.,Khachanov K.,65,15.0,820,2300.0,6.0,1.0,7.0,5.0,,,,,,,2.0,0.0,Completed,3.75,1.29,3.97,1.29,3.98,1.32,3.67,1.29
19,Indian Wells,BNP Paribas Open,2024-03-09,Masters 1000,Outdoor,Hard,2nd Round,3,Tiafoe F.,Lajovic D.,18,56.0,2115,927.0,6.0,3.0,6.0,3.0,,,,,,,2.0,0.0,Completed,1.5,2.63,1.54,2.64,1.54,2.75,1.5,2.6
19,Indian Wells,BNP Paribas Open,2024-03-09,Masters 1000,Outdoor,Hard,2nd Round,3,Rune H.,Raonic M.,7,224.0,3720,275.0,,,,,,,,,,,,,Walkover,1.44,2.75,1.42,3.06,1.5,3.06,1.43,2.84
19,Indian Wells,BNP Paribas Open,2024-03-09,Masters 1000,Outdoor,Hard,2nd Round,3,Norrie C.,Sonego L.,28,55.0,1380,935.0,6.0,4.0,6.0,4.0,,,,,,,2.0,0.0,Completed,1.67,2.2,1.66,2.35,1.7,2.35,1.63,2.26
19,Indian Wells,BNP Paribas Open,2024-03-09,Masters 1000,Outdoor,Hard,2nd Round,3,Mannarino A.,Machac T.,21,63.0,1950,868.0,6.0,1.0,6.0,2.0,,,,,,,2.0,0.0,Completed,2.63,1.5,2.66,1.53,2.75,1.54,2.61,1.49
19,Indian Wells,BNP Paribas Open,2024-03-09,Masters 1000,Outdoor,Hard,2nd Round,3,Humbert U.,Kypson P.,14,151.0,2415,443.0,6.0,4.0,6.0,4.0,,,,,,,2.0,0.0,Completed,1.2,4.5,1.19,5.41,1.21,5.43,1.18,4.86
19,Indian Wells,BNP Paribas Open,2024-03-09,Masters 1000,Outdoor,Hard,2nd Round,3,Nardi L.,Zhang Zh.,123,50.0,513,1006.0,6.0,3.0,3.0,6.0,6.0,3.0,,,,,2.0,1.0,Completed,3.0,1.4,3.14,1.4,3.15,1.45,3.02,1.38
19,Indian Wells,BNP Paribas Open,2024-03-09,Masters 1000,Outdoor,Hard,2nd Round,3,Fils A.,Davidovich Fokina A.,43,23.0,1078,1595.0,6.0,3.0,6.0,4.0,,,,,,,2.0,0.0,Completed,2.1,1.73,2.22,1.73,2.24,1.75,2.14,1.7
19,Indian Wells,BNP Paribas Open,2024-03-09,Masters 1000,Outdoor,Hard,2nd Round,3,Dimitrov G.,Muller A.,13,88.0,2880,689.0,7.0,5.0,6.0,2.0,,,,,,,2.0,0.0,Completed,1.14,5.5,1.16,5.75,1.18,5.75,1.16,5.21
19,Indian Wells,BNP Paribas Open,2024-03-09,Masters 1000,Outdoor,Hard,2nd Round,3,Fritz T.,Tabilo A.,12,39.0,3015,1116.0,7.0,6.0,6.0,2.0,,,,,,,2.0,0.0,Completed,1.17,5.0,1.2,5.04,1.2,5.3,1.18,4.94
19,Indian Wells,BNP Paribas Open,2024-03-09,Masters 1000,Outdoor,Hard,2nd Round,3,Baez S.,Fognini F.,19,108.0,1985,568.0,7.0,5.0,6.0,3.0,,,,,,,2.0,0.0,Completed,1.33,3.4,1.38,3.26,1.4,3.5,1.34,3.26
19,Indian Wells,BNP Paribas Open,2024-03-09,Masters 1000,Outdoor,Hard,2nd Round,3,Musetti L.,Shapovalov D.,26,131.0,1480,485.0,6.0,4.0,2.0,6.0,7.0,5.0,,,,,2.0,1.0,Completed,2.5,1.53,2.64,1.53,2.64,1.56,2.55,1.51
19,Indian Wells,BNP Paribas Open,2024-03-09,Masters 1000,Outdoor,Hard,2nd Round,3,Djokovic N.,Vukic A.,1,69.0,9675,801.0,6.0,2.0,5.0,7.0,6.0,3.0,,,,,2.0,1.0,Completed,1.02,21.0,1.02,26.38,1.02,26.38,1.01,16.81
19,Indian Wells,BNP Paribas Open,2024-03-10,Masters 1000,Outdoor,Hard,2nd Round,3,Korda S.,Safiullin R.,29,42.0,1345,1080.0,6.0,4.0,6.0,2.0,,,,,,,2.0,0.0,Completed,1.57,2.38,1.67,2.33,1.78,2.45,1.62,2.3
19,Indian Wells,BNP Paribas Open,2024-03-10,Masters 1000,Outdoor,Hard,2nd Round,3,Ruud C.,Klein L.,9,141.0,3405,459.0,6.0,4.0,7.0,6.0,,,,,,,2.0,0.0,Completed,1.2,4.5,1.23,4.54,1.25,4.54,1.22,4.28
19,Indian Wells,BNP Paribas Open,2024-03-10,Masters 1000,Outdoor,Hard,2nd Round,3,Paul T.,Michelsen A.,17,80.0,2120,754.0,6.0,2.0,6.0,2.0,,,,,,,2.0,0.0,Completed,1.44,2.75,1.49,2.81,1.5,2.81,1.46,2.73
19,Indian Wells,BNP Paribas Open,2024-03-10,Masters 1000,Outdoor,Hard,2nd Round,3,Monfils G.,Hurkacz H.,54,8.0,937,3405.0,6.0,0.0,6.0,7.0,6.0,2.0,,,,,2.0,1.0,Completed,2.63,1.5,2.68,1.52,2.68,1.57,2.55,1.51
19,Indian Wells,BNP Paribas Open,2024-03-10,Masters 1000,Outdoor,Hard,2nd Round,3,Medvedev D.,Carballes Baena R.,4,64.0,7715,831.0,6.0,2.0,6.0,3.0,,,,,,,2.0,0.0,Completed,1.03,15.0,1.03,15.84,1.04,18.0,1.03,12.54
19,Indian Wells,BNP Paribas Open,2024-03-10,Masters 1000,Outdoor,Hard,3rd Round,3,Marozsan F.,Seyboth Wild T.,58,65.0,914,820.0,6.0,2.0,6.0,2.0,,,,,,,2.0,0.0,Completed,2.2,1.67,2.25,1.72,2.25,1.77,2.16,1.69
19,Indian Wells,BNP Paribas Open,2024-03-10,Masters 1000,Outdoor,Hard,3rd Round,3,Tsitsipas S.,Tiafoe F.,11,18.0,3170,2115.0,6.0,3.0,6.0,3.0,,,,,,,2.0,0.0,Completed,1.4,3.0,1.43,3.1,1.44,3.3,1.4,2.97
19,Indian Wells,BNP Paribas Open,2024-03-10,Masters 1000,Outdoor,Hard,3rd Round,3,De Minaur A.,Bublik A.,10,20.0,3210,1984.0,7.0,5.0,6.0,0.0,,,,,,,2.0,0.0,Completed,1.25,4.0,1.25,4.46,1.29,4.46,1.25,3.94
19,Indian Wells,BNP Paribas Open,2024-03-10,Masters 1000,Outdoor,Hard,3rd Round,3,Alcaraz C.,Auger-Aliassime F.,2,31.0,8805,1295.0,6.0,2.0,6.0,3.0,,,,,,,2.0,0.0,Completed,1.2,4.5,1.22,4.96,1.22,5.0,1.2,4.6
19,Indian Wells,BNP Paribas Open,2024-03-10,Masters 1000,Outdoor,Hard,3rd Round,3,Sinner J.,Struff J.L.,3,25.0,8270,1531.0,6.0,3.0,6.0,4.0,,,,,,,2.0,0.0,Completed,1.06,10.0,1.07,12.24,1.07,12.29,1.05,10.07
19,Indian Wells,BNP Paribas Open,2024-03-10,Masters 1000,Outdoor,Hard,3rd Round,3,Lehecka J.,Rublev A.,32,5.0,1260,5010.0,6.0,4.0,6.0,4.0,,,,,,,2.0,0.0,Completed,4.0,1.25,4.21,1.27,4.21,1.29,3.82,1.27
19,Indian Wells,BNP Paribas Open,2024-03-11,Masters 1000,Outdoor,Hard,3rd Round,3,Zverev A.,Griekspoor T.,6,27.0,4950,1445.0,7.0,6.0,6.0,3.0,,,,,,,2.0,0.0,Completed,1.29,3.75,1.32,3.77,1.32,3.77,1.3,3.54
19,Indian Wells,BNP Paribas Open,2024-03-11,Masters 1000,Outdoor,Hard,3rd Round,3,Shelton B.,Cerundolo F.,16,22.0,2145,1840.0,7.0,6.0,3.0,6.0,7.0,6.0,,,,,2.0,1.0,Completed,1.25,4.0,1.31,3.8,1.31,4.08,1.28,3.72
19,Indian Wells,BNP Paribas Open,2024-03-11,Masters 1000,Outdoor,Hard,3rd Round,3,Rune H.,Musetti L.,7,26.0,3720,1480.0,6.0,2.0,7.0,6.0,,,,,,,2.0,0.0,Completed,1.33,3.4,1.36,3.46,1.36,3.5,1.34,3.27
19,Indian Wells,BNP Paribas Open,2024-03-11,Masters 1000,Outdoor,Hard,3rd Round,3,Monfils G.,Norrie C.,54,28.0,937,1380.0,6.0,7.0,7.0,6.0,6.0,3.0,,,,,2.0,1.0,Completed,1.8,2.0,1.85,2.05,1.85,2.1,1.78,2.04
19,Indian Wells,BNP Paribas Open,2024-03-11,Masters 1000,Outdoor,Hard,3rd Round,3,Paul T.,Humbert U.,17,14.0,2120,2415.0,6.0,4.0,6.0,4.0,,,,,,,2.0,0.0,Completed,1.91,1.91,1.95,1.95,2.02,1.95,1.91,1.9
19,Indian Wells,BNP Paribas Open,2024-03-11,Masters 1000,Outdoor,Hard,3rd Round,3,Ruud C.,Fils A.,9,43.0,3405,1078.0,6.0,2.0,6.0,4.0,,,,,,,2.0,0.0,Completed,1.4,3.0,1.44,3.01,1.45,3.05,1.42,2.88
19,Indian Wells,BNP Paribas Open,2024-03-11,Masters 1000,Outdoor,Hard,3rd Round,3,Fritz T.,Baez S.,12,19.0,3015,1985.0,6.0,2.0,6.0,2.0,,,,,,,2.0,0.0,Completed,1.17,5.0,1.17,5.87,1.18,5.87,1.17,5.13
19,Indian Wells,BNP Paribas Open,2024-03-11,Masters 1000,Outdoor,Hard,3rd Round,3,Dimitrov G.,Mannarino A.,13,21.0,2880,1950.0,6.0,3.0,6.0,3.0,,,,,,,2.0,0.0,Completed,1.22,4.33,1.26,4.38,1.27,4.38,1.24,4.09
19,Indian Wells,BNP Paribas Open,2024-03-12,Masters 1000,Outdoor,Hard,3rd Round,3,Nardi L.,Djokovic N.,123,1.0,513,9675.0,6.0,4.0,3.0,6.0,6.0,3.0,,,,,2.0,1.0,Completed,17.0,1.03,25.37,1.02,25.37,1.04,14.6,1.02
19,Indian Wells,BNP Paribas Open,2024-03-12,Masters 1000,Outdoor,Hard,3rd Round,3,Medvedev D.,Korda S.,4,29.0,7715,1345.0,6.0,4.0,5.0,7.0,6.0,3.0,,,,,2.0,1.0,Completed,1.33,3.4,1.42,3.07,1.42,3.4,1.38,3.06
19,Indian Wells,BNP Paribas Open,2024-03-12,Masters 1000,Outdoor,Hard,4th Round,3,Lehecka J.,Tsitsipas S.,32,11.0,1260,3170.0,6.0,2.0,6.0,4.0,,,,,,,2.0,0.0,Completed,2.75,1.44,2.67,1.54,2.88,1.55,2.68,1.47
19,Indian Wells,BNP Paribas Open,2024-03-12,Masters 1000,Outdoor,Hard,4th Round,3,Alcaraz C.,Marozsan F.,2,58.0,8805,914.0,6.0,3.0,6.0,3.0,,,,,,,2.0,0.0,Completed,1.08,8.0,1.11,8.25,1.11,8.26,1.09,7.31
19,Indian Wells,BNP Paribas Open,2024-03-12,Masters 1000,Outdoor,Hard,4th Round,3,Zverev A.,De Minaur A.,6,10.0,4950,3210.0,5.0,7.0,6.0,2.0,6.0,3.0,,,,,2.0,1.0,Completed,2.0,1.8,2.02,1.89,2.14,1.89,1.97,1.83
19,Indian Wells,BNP Paribas Open,2024-03-13,Masters 1000,Outdoor,Hard,4th Round,3,Sinner J.,Shelton B.,3,16.0,8270,2145.0,7.0,6.0,6.0,1.0,,,,,,,2.0,0.0,Completed,1.14,5.5,1.16,6.18,1.17,6.26,1.14,5.6
19,Indian Wells,BNP Paribas Open,2024-03-13,Masters 1000,Outdoor,Hard,4th Round,3,Ruud C.,Monfils G.,9,54.0,3405,937.0,3.0,6.0,7.0,6.0,6.0,4.0,,,,,2.0,1.0,Completed,1.4,3.0,1.4,3.22,1.44,3.22,1.39,2.99
19,Indian Wells,BNP Paribas Open,2024-03-13,Masters 1000,Outdoor,Hard,4th Round,3,Paul T.,Nardi L.,17,123.0,2120,513.0,6.0,4.0,6.0,3.0,,,,,,,2.0,0.0,Completed,1.13,6.0,1.2,5.24,1.21,6.06,1.17,5.19
19,Indian Wells,BNP Paribas Open,2024-03-13,Masters 1000,Outdoor,Hard,4th Round,3,Medvedev D.,Dimitrov G.,4,13.0,7715,2880.0,6.0,4.0,6.0,4.0,,,,,,,2.0,0.0,Completed,1.57,2.38,1.61,2.48,1.61,2.56,1.57,2.41
19,Indian Wells,BNP Paribas Open,2024-03-14,Masters 1000,Outdoor,Hard,4th Round,3,Rune H.,Fritz T.,7,12.0,3720,3015.0,2.0,6.0,7.0,6.0,6.0,3.0,,,,,2.0,1.0,Completed,2.5,1.53,2.51,1.6,2.62,1.6,2.48,1.54
19,Indian Wells,BNP Paribas Open,2024-03-14,Masters 1000,Outdoor,Hard,Quarterfinals,3,Sinner J.,Lehecka J.,3,32.0,8270,1260.0,6.0,3.0,6.0,3.0,,,,,,,2.0,0.0,Completed,1.13,6.0,1.16,5.8,1.16,6.5,1.13,5.89
19,Indian Wells,BNP Paribas Open,2024-03-14,Masters 1000,Outdoor,Hard,Quarterfinals,3,Paul T.,Ruud C.,17,9.0,2120,3405.0,6.0,2.0,1.0,6.0,6.0,3.0,,,,,2.0,1.0,Completed,2.0,1.8,1.95,1.95,2.14,1.95,1.97,1.84
19,Indian Wells,BNP Paribas Open,2024-03-14,Masters 1000,Outdoor,Hard,Quarterfinals,3,Alcaraz C.,Zverev A.,2,6.0,8805,4950.0,6.0,3.0,6.0,1.0,,,,,,,2.0,0.0,Completed,1.36,3.2,1.4,3.18,1.4,3.2,1.37,3.1
19,Indian Wells,BNP Paribas Open,2024-03-15,Masters 1000,Outdoor,Hard,Quarterfinals,3,Medvedev D.,Rune H.,4,7.0,7715,3720.0,7.0,5.0,6.0,4.0,,,,,,,2.0,0.0,Completed,1.44,2.75,1.45,3.0,1.48,3.12,1.42,2.86
19,Indian Wells,BNP Paribas Open,2024-03-16,Masters 1000,Outdoor,Hard,Semifinals,3,Alcaraz C.,Sinner J.,2,3.0,8805,8270.0,1.0,6.0,6.0,3.0,6.0,2.0,,,,,2.0,1.0,Completed,2.1,1.73,2.13,1.8,2.13,1.8,2.06,1.76
19,Indian Wells,BNP Paribas Open,2024-03-17,Masters 1000,Outdoor,Hard,Semifinals,3,Medvedev D.,Paul T.,4,17.0,7715,2120.0,1.0,6.0,7.0,6.0,6.0,2.0,,,,,2.0,1.0,Completed,1.33,3.4,1.38,3.33,1.4,3.61,1.35,3.23
19,Indian Wells,BNP Paribas Open,2024-03-17,Masters 1000,Outdoor,Hard,The Final,3,Alcaraz C.,Medvedev D.,2,4.0,8805,7715.0,7.0,6.0,6.0,1.0,,,,,,,2.0,0.0,Completed,1.36,3.2,1.38,3.31,1.4,3.31,1.36,3.14
20,Miami,Miami Open,2024-03-20,Masters 1000,Outdoor,Hard,1st Round,3,Van Assche L.,Kotov P.,80,67.0,736,823.0,6.0,3.0,7.0,5.0,,,,,,,2.0,0.0,Completed,1.73,2.1,1.67,2.31,1.75,2.36,1.66,2.21
20,Miami,Miami Open,2024-03-20,Masters 1000,Outdoor,Hard,1st Round,3,Van De Zandschulp B.,Hijikata R.,77,81.0,750,724.0,7.0,5.0,7.0,6.0,,,,,,,2.0,0.0,Completed,1.67,2.2,1.65,2.37,1.68,2.41,1.62,2.27
20,Miami,Miami Open,2024-03-20,Masters 1000,Outdoor,Hard,1st Round,3,Shapovalov D.,Darderi L.,126,75.0,505,771.0,6.0,3.0,6.0,7.0,6.0,4.0,,,,,2.0,1.0,Completed,1.25,4.0,1.25,4.37,1.3,4.37,1.24,3.95
20,Miami,Miami Open,2024-03-20,Masters 1000,Outdoor,Hard,1st Round,3,Draper J.,Daniel T.,42,78.0,1071,742.0,6.0,3.0,6.0,2.0,,,,,,,2.0,0.0,Completed,1.17,5.0,1.19,5.36,1.2,5.5,1.18,4.85
20,Miami,Miami Open,2024-03-20,Masters 1000,Outdoor,Hard,1st Round,3,O Connell C.,Kopriva V.,66,116.0,833,531.0,6.0,2.0,6.0,4.0,,,,,,,2.0,0.0,Completed,1.29,3.75,1.34,3.54,1.35,3.75,1.3,3.45
20,Miami,Miami Open,2024-03-20,Masters 1000,Outdoor,Hard,1st Round,3,Cobolli F.,Nishioka Y.,63,71.0,865,778.0,1.0,6.0,6.0,1.0,6.0,4.0,,,,,2.0,1.0,Completed,2.1,1.73,2.36,1.65,2.36,1.73,2.21,1.65
20,Miami,Miami Open,2024-03-20,Masters 1000,Outdoor,Hard,1st Round,3,Machac T.,Blanch D.,60,652.0,891,50.0,6.0,4.0,6.0,2.0,,,,,,,2.0,0.0,Completed,1.01,23.0,1.02,25.36,1.02,26.09,1.01,16.38
20,Miami,Miami Open,2024-03-20,Masters 1000,Outdoor,Hard,1st Round,3,Fucsovics M.,Purcell M.,86,68.0,692,796.0,6.0,2.0,6.0,1.0,,,,,,,2.0,0.0,Completed,1.44,2.75,1.45,2.94,1.46,2.94,1.43,2.79
20,Miami,Miami Open,2024-03-20,Masters 1000,Outdoor,Hard,1st Round,3,Vavassori A.,Cachin P.,148,79.0,450,739.0,6.0,2.0,6.0,2.0,,,,,,,2.0,0.0,Completed,1.5,2.63,1.5,2.75,1.55,2.75,1.5,2.55
20,Miami,Miami Open,2024-03-20,Masters 1000,Outdoor,Hard,1st Round,3,Murray A.,Berrettini M.,62,142.0,870,470.0,4.0,6.0,6.0,3.0,6.0,4.0,,,,,2.0,1.0,Completed,2.1,1.73,2.1,1.81,2.13,1.82,2.04,1.77
20,Miami,Miami Open,2024-03-20,Masters 1000,Outdoor,Hard,1st Round,3,Seyboth Wild T.,Borges N.,76,61.0,768,887.0,6.0,4.0,7.0,5.0,,,,,,,2.0,0.0,Completed,1.91,1.91,2.0,1.89,2.0,1.91,1.93,1.86
20,Miami,Miami Open,2024-03-20,Masters 1000,Outdoor,Hard,1st Round,3,Shang J.,Kecmanovic M.,124,46.0,507,1030.0,7.0,6.0,4.0,6.0,7.0,6.0,,,,,2.0,1.0,Completed,2.2,1.67,2.27,1.7,2.3,1.71,2.2,1.66
20,Miami,Miami Open,2024-03-20,Masters 1000,Outdoor,Hard,1st Round,3,Damm M.,Zhang Zh.,204,49.0,296,1005.0,7.0,6.0,7.0,6.0,,,,,,,2.0,0.0,Completed,3.75,1.29,3.7,1.32,3.75,1.34,3.46,1.3
20,Miami,Miami Open,2024-03-20,Masters 1000,Outdoor,Hard,1st Round,3,Arnaldi M.,Fils A.,38,37.0,1096,1128.0,6.0,3.0,6.0,4.0,,,,,,,2.0,0.0,Completed,2.1,1.73,2.11,1.8,2.15,1.8,2.07,1.75
20,Miami,Miami Open,2024-03-21,Masters 1000,Outdoor,Hard,1st Round,3,Michelsen A.,Klein L.,73,128.0,776,502.0,7.0,6.0,6.0,2.0,,,,,,,2.0,0.0,Completed,1.73,2.1,1.76,2.17,1.77,2.21,1.72,2.1
20,Miami,Miami Open,2024-03-21,Masters 1000,Outdoor,Hard,1st Round,3,Koepfer D.,Giron M.,50,51.0,1002,1000.0,4.0,6.0,6.0,1.0,6.0,4.0,,,,,2.0,1.0,Completed,2.3,1.62,2.43,1.62,2.43,1.65,2.31,1.6
20,Miami,Miami Open,2024-03-21,Masters 1000,Outdoor,Hard,1st Round,3,Altmaier D.,Mayot H.,54,141.0,951,472.0,6.0,2.0,7.0,5.0,,,,,,,2.0,0.0,Completed,1.73,2.1,1.81,2.1,1.82,2.12,1.76,2.04
20,Miami,Miami Open,2024-03-21,Masters 1000,Outdoor,Hard,1st Round,3,Djere L.,Wong C.,35,212.0,1180,285.0,7.0,5.0,7.0,6.0,,,,,,,2.0,0.0,Completed,1.5,2.63,1.62,2.43,1.62,2.74,1.54,2.46
20,Miami,Miami Open,2024-03-21,Masters 1000,Outdoor,Hard,1st Round,3,Auger-Aliassime F.,Walton A.,36,150.0,1165,445.0,7.0,5.0,6.0,4.0,,,,,,,2.0,0.0,Completed,1.22,4.33,1.25,4.32,1.25,4.34,1.23,4.05
20,Miami,Miami Open,2024-03-21,Masters 1000,Outdoor,Hard,1st Round,3,Ofner S.,Nishikori K.,40,351.0,1076,143.0,6.0,3.0,6.0,4.0,,,,,,,2.0,0.0,Completed,1.8,2.0,1.87,2.03,1.87,2.1,1.8,2.0
20,Miami,Miami Open,2024-03-21,Masters 1000,Outdoor,Hard,1st Round,3,Tabilo A.,Nakashima B.,44,92.0,1040,650.0,6.0,4.0,3.0,6.0,6.0,3.0,,,,,2.0,1.0,Completed,2.38,1.57,2.48,1.6,2.5,1.6,2.4,1.56
20,Miami,Miami Open,2024-03-21,Masters 1000,Outdoor,Hard,1st Round,3,Evans D.,Sonego L.,43,53.0,1066,955.0,1.0,6.0,6.0,3.0,6.0,4.0,,,,,2.0,1.0,Completed,2.2,1.67,2.34,1.66,2.34,1.73,2.24,1.64
20,Miami,Miami Open,2024-03-21,Masters 1000,Outdoor,Hard,1st Round,3,Kwon S.W.,Muller A.,863,85.0,20,709.0,7.0,6.0,6.0,3.0,,,,,,,2.0,0.0,Completed,2.75,1.44,2.7,1.52,2.8,1.53,2.66,1.47
20,Miami,Miami Open,2024-03-21,Masters 1000,Outdoor,Hard,1st Round,3,Marozsan F.,Kovacevic A.,57,98.0,929,616.0,6.0,3.0,6.0,2.0,,,,,,,2.0,0.0,Completed,1.67,2.2,1.67,2.33,1.68,2.33,1.64,2.23
20,Miami,Miami Open,2024-03-21,Masters 1000,Outdoor,Hard,1st Round,3,Hanfmann Y.,Ruusuvuori E.,56,48.0,940,1006.0,6.0,4.0,4.0,6.0,6.0,4.0,,,,,2.0,1.0,Completed,4.0,1.25,3.99,1.28,4.0,1.3,3.71,1.27
20,Miami,Miami Open,2024-03-21,Masters 1000,Outdoor,Hard,1st Round,3,Landaluce M.,Munar J.,360,72.0,137,776.0,6.0,3.0,1.0,6.0,7.0,5.0,,,,,2.0,1.0,Completed,2.63,1.5,2.84,1.48,2.84,1.53,2.64,1.47
20,Miami,Miami Open,2024-03-21,Masters 1000,Outdoor,Hard,1st Round,3,Carballes Baena R.,Vukic A.,64,65.0,851,834.0,7.0,6.0,6.0,3.0,,,,,,,2.0,0.0,Completed,3.5,1.3,3.5,1.35,3.5,1.36,3.28,1.33
20,Miami,Miami Open,2024-03-21,Masters 1000,Outdoor,Hard,1st Round,3,Bautista Agut R.,Nava E.,100,132.0,614,488.0,6.0,3.0,7.0,6.0,,,,,,,2.0,0.0,Completed,1.73,2.1,1.75,2.18,1.75,2.23,1.7,2.14
20,Miami,Miami Open,2024-03-21,Masters 1000,Outdoor,Hard,1st Round,3,Popyrin A.,Diaz Acosta F.,45,55.0,1032,943.0,6.0,2.0,6.0,2.0,,,,,,,2.0,0.0,Completed,1.5,2.63,1.57,2.5,1.58,2.63,1.54,2.49
20,Miami,Miami Open,2024-03-21,Masters 1000,Outdoor,Hard,1st Round,3,Shevchenko A.,Galan D.E.,58,84.0,924,712.0,6.0,7.0,7.0,6.0,7.0,5.0,,,,,2.0,1.0,Completed,1.53,2.5,1.5,2.72,1.53,2.75,1.48,2.61
20,Miami,Miami Open,2024-03-21,Masters 1000,Outdoor,Hard,1st Round,3,Monfils G.,Lajovic D.,47,52.0,1027,957.0,7.0,6.0,6.0,4.0,,,,,,,2.0,0.0,Completed,1.33,3.4,1.34,3.51,1.36,3.51,1.32,3.33
20,Miami,Miami Open,2024-03-22,Masters 1000,Outdoor,Hard,1st Round,3,Safiullin R.,Schwartzman D.,39,122.0,1085,513.0,6.0,2.0,6.0,4.0,,,,,,,2.0,0.0,Completed,1.33,3.4,1.4,3.19,1.4,3.4,1.35,3.13
20,Miami,Miami Open,2024-03-22,Masters 1000,Outdoor,Hard,2nd Round,3,Humbert U.,Van De Zandschulp B.,15,77.0,2420,750.0,6.0,4.0,6.0,3.0,,,,,,,2.0,0.0,Completed,1.25,4.0,1.24,4.5,1.29,4.5,1.23,4.11
20,Miami,Miami Open,2024-03-22,Masters 1000,Outdoor,Hard,2nd Round,3,Machac T.,Rublev A.,60,6.0,891,4970.0,6.0,4.0,6.0,4.0,,,,,,,2.0,0.0,Completed,4.0,1.25,4.12,1.27,4.38,1.29,3.81,1.26
20,Miami,Miami Open,2024-03-23,Masters 1000,Outdoor,Hard,2nd Round,3,Damm M.,Paul T.,204,14.0,296,2430.0,4.0,6.0,2.0,1.0,,,,,,,0.0,1.0,Retired,7.0,1.1,8.79,1.1,8.79,1.11,7.29,1.09
20,Miami,Miami Open,2024-03-23,Masters 1000,Outdoor,Hard,2nd Round,3,O Connell C.,Tiafoe F.,66,22.0,833,1805.0,7.0,5.0,7.0,6.0,,,,,,,2.0,0.0,Completed,2.63,1.5,2.7,1.52,2.75,1.53,2.62,1.49
20,Miami,Miami Open,2024-03-23,Masters 1000,Outdoor,Hard,2nd Round,3,Jarry N.,Draper J.,23,42.0,1575,1071.0,7.0,6.0,4.0,6.0,7.0,6.0,,,,,2.0,1.0,Completed,3.0,1.4,3.18,1.4,3.3,1.4,3.1,1.37
20,Miami,Miami Open,2024-03-23,Masters 1000,Outdoor,Hard,2nd Round,3,Griekspoor T.,Michelsen A.,26,73.0,1450,776.0,7.0,6.0,6.0,7.0,6.0,4.0,,,,,2.0,1.0,Completed,1.8,2.0,1.88,2.01,1.88,2.1,1.79,2.03
20,Miami,Miami Open,2024-03-23,Masters 1000,Outdoor,Hard,2nd Round,3,Koepfer D.,Baez S.,50,19.0,1002,1990.0,6.0,3.0,6.0,2.0,,,,,,,2.0,0.0,Completed,1.62,2.3,1.65,2.35,1.65,2.38,1.62,2.29
20,Miami,Miami Open,2024-03-23,Masters 1000,Outdoor,Hard,2nd Round,3,Seyboth Wild T.,Fritz T.,76,13.0,768,2935.0,6.0,3.0,6.0,4.0,,,,,,,2.0,0.0,Completed,5.0,1.17,5.61,1.18,5.61,1.18,5.11,1.17
20,Miami,Miami Open,2024-03-23,Masters 1000,Outdoor,Hard,2nd Round,3,Shapovalov D.,Tsitsipas S.,126,11.0,505,3255.0,6.0,2.0,6.0,4.0,,,,,,,2.0,0.0,Completed,3.0,1.4,2.93,1.45,3.0,1.5,2.79,1.43
20,Miami,Miami Open,2024-03-23,Masters 1000,Outdoor,Hard,2nd Round,3,Davidovich Fokina A.,Shang J.,28,124.0,1425,507.0,6.0,3.0,7.0,5.0,,,,,,,2.0,0.0,Completed,1.53,2.5,1.61,2.45,1.61,2.5,1.56,2.41
20,Miami,Miami Open,2024-03-23,Masters 1000,Outdoor,Hard,2nd Round,3,Murray A.,Etcheverry T.,62,30.0,870,1325.0,7.0,6.0,6.0,3.0,,,,,,,2.0,0.0,Completed,1.57,2.38,1.59,2.49,1.59,2.57,1.55,2.42
20,Miami,Miami Open,2024-03-23,Masters 1000,Outdoor,Hard,2nd Round,3,Sinner J.,Vavassori A.,3,148.0,8310,450.0,6.0,3.0,6.0,4.0,,,,,,,2.0,0.0,Completed,1.04,13.0,1.03,21.25,1.04,22.06,1.03,13.78
20,Miami,Miami Open,2024-03-23,Masters 1000,Outdoor,Hard,2nd Round,3,Ruud C.,Van Assche L.,8,80.0,3560,736.0,7.0,6.0,1.0,6.0,6.0,1.0,,,,,2.0,1.0,Completed,1.22,4.33,1.22,4.85,1.23,4.85,1.21,4.36
20,Miami,Miami Open,2024-03-23,Masters 1000,Outdoor,Hard,2nd Round,3,Arnaldi M.,Bublik A.,38,18.0,1096,2002.0,6.0,4.0,6.0,1.0,,,,,,,2.0,0.0,Completed,2.1,1.73,2.06,1.83,2.13,1.83,2.06,1.76
20,Miami,Miami Open,2024-03-23,Masters 1000,Outdoor,Hard,2nd Round,3,Medvedev D.,Fucsovics M.,4,86.0,7765,692.0,6.0,4.0,6.0,2.0,,,,,,,2.0,0.0,Completed,1.14,5.5,1.16,6.03,1.18,6.19,1.14,5.59
20,Miami,Miami Open,2024-03-23,Masters 1000,Outdoor,Hard,2nd Round,3,Norrie C.,Cobolli F.,31,63.0,1250,865.0,7.0,5.0,6.0,7.0,6.0,2.0,,,,,2.0,1.0,Completed,1.29,3.75,1.32,3.82,1.32,4.0,1.29,3.57
20,Miami,Miami Open,2024-03-23,Masters 1000,Outdoor,Hard,2nd Round,3,Hurkacz H.,Shevchenko A.,9,58.0,3370,924.0,6.0,4.0,6.0,7.0,6.0,3.0,,,,,2.0,1.0,Completed,1.17,5.0,1.17,5.43,1.22,5.73,1.17,4.96
20,Miami,Miami Open,2024-03-23,Masters 1000,Outdoor,Hard,2nd Round,3,Korda S.,Bautista Agut R.,29,100.0,1395,614.0,6.0,7.0,6.0,3.0,6.0,4.0,,,,,2.0,1.0,Completed,1.3,3.5,1.3,3.87,1.33,4.0,1.29,3.53
20,Miami,Miami Open,2024-03-23,Masters 1000,Outdoor,Hard,2nd Round,3,Zverev A.,Auger-Aliassime F.,5,36.0,5060,1165.0,6.0,2.0,6.0,4.0,,,,,,,2.0,0.0,Completed,1.4,3.0,1.42,3.07,1.44,3.1,1.4,2.92
20,Miami,Miami Open,2024-03-23,Masters 1000,Outdoor,Hard,2nd Round,3,Eubanks C.,Evans D.,32,43.0,1233,1066.0,7.0,6.0,3.0,6.0,7.0,6.0,,,,,2.0,1.0,Completed,2.2,1.67,2.31,1.68,2.31,1.71,2.22,1.65
20,Miami,Miami Open,2024-03-23,Masters 1000,Outdoor,Hard,2nd Round,3,Alcaraz C.,Carballes Baena R.,2,64.0,8805,851.0,6.0,2.0,6.0,1.0,,,,,,,2.0,0.0,Completed,1.02,21.0,1.01,21.29,1.02,26.0,1.01,18.91
20,Miami,Miami Open,2024-03-24,Masters 1000,Outdoor,Hard,2nd Round,3,Cerundolo F.,Ofner S.,21,40.0,1845,1076.0,7.0,6.0,6.0,7.0,6.0,1.0,,,,,2.0,1.0,Completed,1.62,2.3,1.74,2.2,1.74,2.3,1.66,2.19
20,Miami,Miami Open,2024-03-24,Masters 1000,Outdoor,Hard,2nd Round,3,Khachanov K.,Djere L.,16,35.0,2265,1180.0,6.0,2.0,6.0,4.0,,,,,,,2.0,0.0,Completed,1.2,4.5,1.21,4.94,1.22,4.94,1.2,4.41
20,Miami,Miami Open,2024-03-24,Masters 1000,Outdoor,Hard,2nd Round,3,Monfils G.,Thompson J.,47,34.0,1027,1211.0,6.0,7.0,6.0,1.0,6.0,2.0,,,,,2.0,1.0,Completed,1.5,2.63,1.58,2.52,1.58,2.69,1.53,2.47
20,Miami,Miami Open,2024-03-24,Masters 1000,Outdoor,Hard,2nd Round,3,Hanfmann Y.,Mannarino A.,56,20.0,940,1955.0,3.0,6.0,7.0,6.0,6.0,4.0,,,,,2.0,1.0,Completed,2.63,1.5,2.68,1.53,2.75,1.53,2.59,1.49
20,Miami,Miami Open,2024-03-24,Masters 1000,Outdoor,Hard,2nd Round,3,Struff J.L.,Altmaier D.,25,54.0,1484,951.0,6.0,3.0,6.0,3.0,,,,,,,2.0,0.0,Completed,1.57,2.38,1.65,2.37,1.65,2.38,1.61,2.28
20,Miami,Miami Open,2024-03-24,Masters 1000,Outdoor,Hard,2nd Round,3,Shelton B.,Landaluce M.,17,360.0,2220,137.0,6.0,3.0,6.0,4.0,,,,,,,2.0,0.0,Completed,1.11,6.5,1.14,6.79,1.14,6.79,1.12,6.13
20,Miami,Miami Open,2024-03-24,Masters 1000,Outdoor,Hard,2nd Round,3,Musetti L.,Safiullin R.,24,39.0,1520,1085.0,7.0,5.0,6.0,1.0,,,,,,,2.0,0.0,Completed,2.63,1.5,2.63,1.54,2.63,1.58,2.55,1.51
20,Miami,Miami Open,2024-03-24,Masters 1000,Outdoor,Hard,2nd Round,3,Popyrin A.,Lehecka J.,45,27.0,1032,1435.0,6.0,4.0,6.0,4.0,,,,,,,2.0,0.0,Completed,2.63,1.5,2.74,1.51,2.81,1.51,2.66,1.47
20,Miami,Miami Open,2024-03-24,Masters 1000,Outdoor,Hard,2nd Round,3,Dimitrov G.,Tabilo A.,12,44.0,2935,1040.0,6.0,7.0,7.0,6.0,6.0,2.0,,,,,2.0,1.0,Completed,1.2,4.5,1.2,5.09,1.23,5.1,1.19,4.64
20,Miami,Miami Open,2024-03-24,Masters 1000,Outdoor,Hard,2nd Round,3,De Minaur A.,Kwon S.W.,10,863.0,3300,20.0,6.0,3.0,6.0,2.0,,,,,,,2.0,0.0,Completed,1.07,9.0,1.06,11.94,1.08,11.94,1.06,9.36
20,Miami,Miami Open,2024-03-24,Masters 1000,Outdoor,Hard,2nd Round,3,Marozsan F.,Rune H.,57,7.0,929,3875.0,6.0,1.0,6.0,1.0,,,,,,,2.0,0.0,Completed,3.2,1.36,3.3,1.38,3.4,1.38,3.18,1.35
20,Miami,Miami Open,2024-03-24,Masters 1000,Outdoor,Hard,3rd Round,3,Sinner J.,Griekspoor T.,3,26.0,8310,1450.0,5.0,7.0,7.0,5.0,6.0,1.0,,,,,2.0,1.0,Completed,1.07,9.0,1.08,11.06,1.09,11.06,1.06,8.97
20,Miami,Miami Open,2024-03-24,Masters 1000,Outdoor,Hard,3rd Round,3,Machac T.,Murray A.,60,62.0,891,870.0,5.0,7.0,7.0,5.0,7.0,6.0,,,,,2.0,1.0,Completed,1.53,2.5,1.6,2.51,1.62,2.51,1.56,2.39
20,Miami,Miami Open,2024-03-24,Masters 1000,Outdoor,Hard,3rd Round,3,Arnaldi M.,Shapovalov D.,38,126.0,1096,505.0,6.0,3.0,7.0,6.0,,,,,,,2.0,0.0,Completed,2.0,1.8,2.09,1.83,2.1,1.83,2.02,1.78
20,Miami,Miami Open,2024-03-24,Masters 1000,Outdoor,Hard,3rd Round,3,O Connell C.,Damm M.,66,204.0,833,296.0,7.0,6.0,7.0,6.0,,,,,,,2.0,0.0,Completed,1.4,3.0,1.43,3.08,1.44,3.1,1.4,2.93
20,Miami,Miami Open,2024-03-24,Masters 1000,Outdoor,Hard,3rd Round,3,Jarry N.,Seyboth Wild T.,23,76.0,1575,768.0,6.0,7.0,7.0,5.0,6.0,3.0,,,,,2.0,1.0,Completed,1.91,1.91,1.89,2.02,1.91,2.02,1.87,1.92
20,Miami,Miami Open,2024-03-24,Masters 1000,Outdoor,Hard,3rd Round,3,Ruud C.,Davidovich Fokina A.,8,28.0,3560,1425.0,6.0,3.0,6.0,4.0,,,,,,,2.0,0.0,Completed,1.5,2.63,1.56,2.61,1.56,2.8,1.5,2.56
20,Miami,Miami Open,2024-03-25,Masters 1000,Outdoor,Hard,3rd Round,3,Koepfer D.,Humbert U.,50,15.0,1002,2420.0,3.0,6.0,6.0,4.0,6.0,3.0,,,,,2.0,1.0,Completed,3.4,1.33,3.51,1.35,3.53,1.35,3.38,1.32
20,Miami,Miami Open,2024-03-25,Masters 1000,Outdoor,Hard,3rd Round,3,Medvedev D.,Norrie C.,4,31.0,7765,1250.0,7.0,5.0,6.0,1.0,,,,,,,2.0,0.0,Completed,1.17,5.0,1.19,5.35,1.19,6.0,1.16,5.02
20,Miami,Miami Open,2024-03-25,Masters 1000,Outdoor,Hard,3rd Round,3,Marozsan F.,Popyrin A.,57,45.0,929,1032.0,7.0,5.0,6.0,3.0,,,,,,,2.0,0.0,Completed,1.67,2.2,1.75,2.22,1.75,2.22,1.7,2.15
20,Miami,Miami Open,2024-03-25,Masters 1000,Outdoor,Hard,3rd Round,3,Khachanov K.,Cerundolo F.,16,21.0,2265,1845.0,6.0,1.0,5.0,7.0,7.0,6.0,,,,,2.0,1.0,Completed,1.29,3.75,1.3,3.96,1.31,4.0,1.27,3.66
20,Miami,Miami Open,2024-03-25,Masters 1000,Outdoor,Hard,3rd Round,3,Zverev A.,Eubanks C.,5,32.0,5060,1233.0,7.0,6.0,6.0,3.0,,,,,,,2.0,0.0,Completed,1.07,9.0,1.11,8.13,1.11,9.0,1.09,7.09
20,Miami,Miami Open,2024-03-25,Masters 1000,Outdoor,Hard,3rd Round,3,De Minaur A.,Struff J.L.,10,25.0,3300,1484.0,7.0,6.0,6.0,4.0,,,,,,,2.0,0.0,Completed,1.2,4.5,1.23,4.91,1.23,4.91,1.2,4.45
20,Miami,Miami Open,2024-03-25,Masters 1000,Outdoor,Hard,3rd Round,3,Hurkacz H.,Korda S.,9,29.0,3370,1395.0,7.0,6.0,6.0,7.0,6.0,3.0,,,,,2.0,1.0,Completed,1.53,2.5,1.6,2.51,1.6,2.51,1.55,2.43
20,Miami,Miami Open,2024-03-25,Masters 1000,Outdoor,Hard,3rd Round,3,Alcaraz C.,Monfils G.,2,47.0,8805,1027.0,6.0,2.0,6.0,4.0,,,,,,,2.0,0.0,Completed,1.08,8.0,1.09,9.62,1.1,9.63,1.08,7.63
20,Miami,Miami Open,2024-03-25,Masters 1000,Outdoor,Hard,3rd Round,3,Dimitrov G.,Hanfmann Y.,12,56.0,2935,940.0,6.0,1.0,6.0,0.0,,,,,,,2.0,0.0,Completed,1.1,7.0,1.15,6.51,1.15,7.0,1.12,6.21
20,Miami,Miami Open,2024-03-25,Masters 1000,Outdoor,Hard,3rd Round,3,Musetti L.,Shelton B.,24,17.0,1520,2220.0,6.0,4.0,7.0,6.0,,,,,,,2.0,0.0,Completed,3.5,1.3,3.39,1.37,3.5,1.41,3.16,1.35
20,Miami,Miami Open,2024-03-26,Masters 1000,Outdoor,Hard,4th Round,3,Machac T.,Arnaldi M.,60,38.0,891,1096.0,6.0,3.0,6.0,3.0,,,,,,,2.0,0.0,Completed,1.8,2.0,1.75,2.21,1.92,2.21,1.76,2.05
20,Miami,Miami Open,2024-03-26,Masters 1000,Outdoor,Hard,4th Round,3,Medvedev D.,Koepfer D.,4,50.0,7765,1002.0,7.0,6.0,6.0,0.0,,,,,,,2.0,0.0,Completed,1.1,7.0,1.13,7.57,1.14,7.57,1.11,6.31
20,Miami,Miami Open,2024-03-26,Masters 1000,Outdoor,Hard,4th Round,3,Jarry N.,Ruud C.,23,8.0,1575,3560.0,7.0,6.0,6.0,3.0,,,,,,,2.0,0.0,Completed,2.75,1.44,2.77,1.51,2.78,1.52,2.65,1.47
20,Miami,Miami Open,2024-03-26,Masters 1000,Outdoor,Hard,4th Round,3,Sinner J.,O Connell C.,3,66.0,8310,833.0,6.0,4.0,6.0,3.0,,,,,,,2.0,0.0,Completed,1.05,11.0,1.06,13.39,1.06,13.39,1.05,10.42
20,Miami,Miami Open,2024-03-26,Masters 1000,Outdoor,Hard,4th Round,3,Dimitrov G.,Hurkacz H.,12,9.0,2935,3370.0,3.0,6.0,6.0,3.0,7.0,6.0,,,,,2.0,1.0,Completed,1.62,2.3,1.69,2.3,1.72,2.3,1.66,2.24
20,Miami,Miami Open,2024-03-26,Masters 1000,Outdoor,Hard,4th Round,3,Alcaraz C.,Musetti L.,2,24.0,8805,1520.0,6.0,3.0,6.0,3.0,,,,,,,2.0,0.0,Completed,1.07,9.0,1.07,11.88,1.07,11.88,1.06,9.27
20,Miami,Miami Open,2024-03-27,Masters 1000,Outdoor,Hard,4th Round,3,Marozsan F.,De Minaur A.,57,10.0,929,3300.0,6.0,4.0,0.0,6.0,6.0,1.0,,,,,2.0,1.0,Completed,3.4,1.33,3.63,1.34,3.63,1.36,3.4,1.31
20,Miami,Miami Open,2024-03-27,Masters 1000,Outdoor,Hard,4th Round,3,Zverev A.,Khachanov K.,5,16.0,5060,2265.0,6.0,1.0,6.0,4.0,,,,,,,2.0,0.0,Completed,1.4,3.0,1.46,2.96,1.46,3.0,1.43,2.79
20,Miami,Miami Open,2024-03-27,Masters 1000,Outdoor,Hard,Quarterfinals,3,Sinner J.,Machac T.,3,60.0,8310,891.0,6.0,4.0,6.0,2.0,,,,,,,2.0,0.0,Completed,1.08,8.0,1.09,9.34,1.1,9.34,1.08,7.51
20,Miami,Miami Open,2024-03-28,Masters 1000,Outdoor,Hard,Quarterfinals,3,Medvedev D.,Jarry N.,4,23.0,7765,1575.0,6.0,2.0,7.0,6.0,,,,,,,2.0,0.0,Completed,1.14,5.5,1.18,5.69,1.18,5.69,1.16,5.14
20,Miami,Miami Open,2024-03-28,Masters 1000,Outdoor,Hard,Quarterfinals,3,Zverev A.,Marozsan F.,5,57.0,5060,929.0,6.0,3.0,7.0,5.0,,,,,,,2.0,0.0,Completed,1.29,3.75,1.28,4.1,1.29,4.25,1.26,3.8
20,Miami,Miami Open,2024-03-28,Masters 1000,Outdoor,Hard,Quarterfinals,3,Dimitrov G.,Alcaraz C.,12,2.0,2935,8805.0,6.0,2.0,6.0,4.0,,,,,,,2.0,0.0,Completed,5.5,1.14,5.3,1.2,5.5,1.2,4.92,1.17
20,Miami,Miami Open,2024-03-29,Masters 1000,Outdoor,Hard,Semifinals,3,Sinner J.,Medvedev D.,3,4.0,8310,7765.0,6.0,1.0,6.0,2.0,,,,,,,2.0,0.0,Completed,1.5,2.63,1.56,2.6,1.56,2.65,1.5,2.55
20,Miami,Miami Open,2024-03-29,Masters 1000,Outdoor,Hard,Semifinals,3,Dimitrov G.,Zverev A.,12,5.0,2935,5060.0,6.0,4.0,6.0,7.0,6.0,4.0,,,,,2.0,1.0,Completed,2.3,1.62,2.36,1.65,2.36,1.7,2.26,1.63
20,Miami,Miami Open,2024-03-31,Masters 1000,Outdoor,Hard,The Final,3,Sinner J.,Dimitrov G.,3,12.0,8310,2935.0,6.0,3.0,6.0,1.0,,,,,,,2.0,0.0,Completed,1.22,4.33,1.25,4.5,1.25,4.5,1.23,4.11
21,Estoril,Estoril Open,2024-04-01,ATP250,Outdoor,Clay,1st Round,3,Bautista Agut R.,Kecmanovic M.,93,50.0,654,995.0,6.0,1.0,7.0,5.0,,,,,,,2.0,0.0,Completed,2.3,1.62,2.44,1.61,2.44,1.65,2.32,1.59
21,Estoril,Estoril Open,2024-04-01,ATP250,Outdoor,Clay,1st Round,3,Thiem D.,Marterer M.,91,97.0,655,616.0,6.0,1.0,6.0,7.0,6.0,4.0,,,,,2.0,1.0,Completed,1.62,2.3,1.69,2.26,1.69,2.32,1.63,2.23
21,Estoril,Estoril Open,2024-04-01,ATP250,Outdoor,Clay,1st Round,3,Borges N.,Pouille L.,62,241.0,871,252.0,0.0,6.0,7.0,6.0,6.0,3.0,,,,,2.0,1.0,Completed,1.5,2.63,1.45,2.93,1.53,2.93,1.46,2.69
21,Estoril,Estoril Open,2024-04-03,ATP250,Outdoor,Clay,1st Round,3,Fucsovics M.,Cachin P.,85,78.0,697,733.0,7.0,5.0,6.0,2.0,,,,,,,2.0,0.0,Completed,1.44,2.75,1.46,2.92,1.49,2.92,1.44,2.74
21,Estoril,Estoril Open,2024-04-03,ATP250,Outdoor,Clay,1st Round,3,Martinez P.,Altmaier D.,77,54.0,741,955.0,6.0,4.0,6.0,2.0,,,,,,,2.0,0.0,Completed,1.73,2.1,1.72,2.23,1.75,2.23,1.7,2.14
21,Estoril,Estoril Open,2024-04-03,ATP250,Outdoor,Clay,1st Round,3,Choinski J.,Fonseca J.,188,288.0,325,193.0,6.0,2.0,6.0,7.0,6.0,4.0,,,,,2.0,1.0,Completed,2.1,1.73,2.2,1.74,2.2,1.75,2.11,1.71
21,Estoril,Estoril Open,2024-04-03,ATP250,Outdoor,Clay,1st Round,3,Llamas Ruiz P.,Koepfer D.,152,52.0,421,972.0,6.0,4.0,6.0,3.0,,,,,,,2.0,0.0,Completed,2.75,1.44,2.61,1.55,2.9,1.55,2.64,1.47
21,Estoril,Estoril Open,2024-04-03,ATP250,Outdoor,Clay,1st Round,3,Jorda Sanchis D.,Faria J.,329,262.0,159,217.0,7.0,6.0,6.0,1.0,,,,,,,2.0,0.0,Completed,3.0,1.4,3.01,1.43,3.01,1.44,2.86,1.41
21,Estoril,Estoril Open,2024-04-03,ATP250,Outdoor,Clay,1st Round,3,Garin C.,Rodionov J.,112,119.0,543,515.0,7.0,6.0,7.0,5.0,,,,,,,2.0,0.0,Completed,1.4,3.0,1.43,3.05,1.44,3.07,1.4,2.89
21,Estoril,Estoril Open,2024-04-03,ATP250,Outdoor,Clay,1st Round,3,Fils A.,Sousa J.,37,272.0,1130,209.0,7.0,5.0,6.0,4.0,,,,,,,2.0,0.0,Completed,1.25,4.0,1.26,4.28,1.29,4.28,1.25,3.85
21,Estoril,Estoril Open,2024-04-03,ATP250,Outdoor,Clay,1st Round,3,Monfils G.,Rocha H.,45,197.0,1067,306.0,7.0,5.0,7.0,5.0,,,,,,,2.0,0.0,Completed,1.36,3.2,1.4,3.2,1.4,3.3,1.36,3.09
21,Estoril,Estoril Open,2024-04-03,ATP250,Outdoor,Clay,1st Round,3,Van De Zandschulp B.,Coria F.,87,88.0,690,687.0,6.0,4.0,4.0,6.0,6.0,1.0,,,,,2.0,1.0,Completed,2.0,1.8,2.06,1.83,2.1,1.84,2.0,1.79
21,Estoril,Estoril Open,2024-04-04,ATP250,Outdoor,Clay,2nd Round,3,Gasquet R.,Thiem D.,122,91.0,508,655.0,6.0,4.0,7.0,6.0,,,,,,,2.0,0.0,Completed,2.3,1.62,2.46,1.62,2.46,1.67,2.3,1.61
21,Estoril,Estoril Open,2024-04-04,ATP250,Outdoor,Clay,2nd Round,3,Hurkacz H.,Choinski J.,10,188.0,3425,325.0,7.0,6.0,6.0,4.0,,,,,,,2.0,0.0,Completed,1.14,5.5,1.15,6.51,1.15,6.51,1.13,5.74
21,Estoril,Estoril Open,2024-04-04,ATP250,Outdoor,Clay,2nd Round,3,Llamas Ruiz P.,Jorda Sanchis D.,152,329.0,421,159.0,7.0,6.0,6.0,4.0,,,,,,,2.0,0.0,Completed,1.17,5.0,1.19,5.5,1.21,5.5,1.17,4.92
21,Estoril,Estoril Open,2024-04-04,ATP250,Outdoor,Clay,2nd Round,3,Borges N.,Musetti L.,62,24.0,871,1610.0,7.0,6.0,6.0,3.0,,,,,,,2.0,0.0,Completed,2.75,1.44,2.58,1.57,2.78,1.57,2.62,1.48
21,Estoril,Estoril Open,2024-04-04,ATP250,Outdoor,Clay,2nd Round,3,Garin C.,Fils A.,112,37.0,543,1130.0,2.0,6.0,6.0,4.0,6.0,4.0,,,,,2.0,1.0,Completed,2.3,1.62,2.4,1.65,2.6,1.67,2.29,1.61
21,Estoril,Estoril Open,2024-04-04,ATP250,Outdoor,Clay,2nd Round,3,Martinez P.,Bautista Agut R.,77,93.0,741,654.0,7.0,5.0,6.0,4.0,,,,,,,2.0,0.0,Completed,1.73,2.1,1.71,2.23,1.75,2.25,1.7,2.14
21,Estoril,Estoril Open,2024-04-04,ATP250,Outdoor,Clay,2nd Round,3,Ruud C.,Van De Zandschulp B.,8,87.0,3615,690.0,6.0,1.0,6.0,2.0,,,,,,,2.0,0.0,Completed,1.2,4.5,1.23,4.72,1.23,4.72,1.21,4.36
21,Estoril,Estoril Open,2024-04-04,ATP250,Outdoor,Clay,2nd Round,3,Fucsovics M.,Monfils G.,85,45.0,697,1067.0,1.0,6.0,6.0,1.0,7.0,5.0,,,,,2.0,1.0,Completed,2.1,1.73,2.09,1.83,2.14,1.83,2.04,1.76
21,Estoril,Estoril Open,2024-04-05,ATP250,Outdoor,Clay,Quarterfinals,3,Hurkacz H.,Llamas Ruiz P.,10,152.0,3425,421.0,7.0,6.0,6.0,4.0,,,,,,,2.0,0.0,Completed,1.3,3.5,1.33,3.69,1.33,3.71,1.3,3.46
21,Estoril,Estoril Open,2024-04-05,ATP250,Outdoor,Clay,Quarterfinals,3,Garin C.,Borges N.,112,62.0,543,871.0,6.0,2.0,7.0,6.0,,,,,,,2.0,0.0,Completed,2.63,1.5,2.77,1.51,2.77,1.53,2.6,1.49
21,Estoril,Estoril Open,2024-04-05,ATP250,Outdoor,Clay,Quarterfinals,3,Martinez P.,Gasquet R.,77,122.0,741,508.0,6.0,4.0,6.0,4.0,,,,,,,2.0,0.0,Completed,1.4,3.0,1.42,3.14,1.5,3.14,1.41,2.87
21,Estoril,Estoril Open,2024-04-05,ATP250,Outdoor,Clay,Quarterfinals,3,Ruud C.,Fucsovics M.,8,85.0,3615,697.0,6.0,3.0,6.0,2.0,,,,,,,2.0,0.0,Completed,1.2,4.5,1.24,4.66,1.24,4.75,1.21,4.36
21,Estoril,Estoril Open,2024-04-06,ATP250,Outdoor,Clay,Semifinals,3,Hurkacz H.,Garin C.,10,112.0,3425,543.0,6.0,3.0,3.0,6.0,6.0,3.0,,,,,2.0,1.0,Completed,1.5,2.63,1.44,3.03,1.5,3.03,1.47,2.68
21,Estoril,Estoril Open,2024-04-06,ATP250,Outdoor,Clay,Semifinals,3,Martinez P.,Ruud C.,77,8.0,741,3615.0,6.0,4.0,4.0,6.0,6.0,4.0,,,,,2.0,1.0,Completed,5.0,1.17,5.99,1.18,5.99,1.18,5.14,1.16
21,Estoril,Estoril Open,2024-04-07,ATP250,Outdoor,Clay,The Final,3,Hurkacz H.,Martinez P.,10,77.0,3425,741.0,6.0,3.0,6.0,4.0,,,,,,,2.0,0.0,Completed,1.53,2.5,1.54,2.66,1.59,2.66,1.52,2.49
22,Houston,U.S. Men's Clay Court Championships,2024-04-01,ATP250,Outdoor,Clay,1st Round,3,Nakashima B.,Ajdukovic D.,92,115.0,655,528.0,6.0,1.0,6.0,4.0,,,,,,,2.0,0.0,Completed,1.4,3.0,1.47,2.89,1.47,3.0,1.41,2.86
22,Houston,U.S. Men's Clay Court Championships,2024-04-01,ATP250,Outdoor,Clay,1st Round,3,Bergs Z.,Kypson P.,111,133.0,545,472.0,7.0,6.0,6.0,3.0,,,,,,,2.0,0.0,Completed,1.91,1.91,1.96,1.93,1.96,2.05,1.89,1.88
22,Houston,U.S. Men's Clay Court Championships,2024-04-02,ATP250,Outdoor,Clay,1st Round,3,Hijikata R.,Eubanks C.,80,41.0,723,1087.0,7.0,6.0,7.0,6.0,,,,,,,2.0,0.0,Completed,2.2,1.67,2.32,1.68,2.33,1.71,2.23,1.64
22,Houston,U.S. Men's Clay Court Championships,2024-04-02,ATP250,Outdoor,Clay,1st Round,3,Wolf J.J.,Ritschard A.,96,194.0,625,309.0,6.0,3.0,2.0,6.0,6.0,4.0,,,,,2.0,1.0,Completed,1.73,2.1,1.79,2.13,1.85,2.13,1.77,2.02
22,Houston,U.S. Men's Clay Court Championships,2024-04-02,ATP250,Outdoor,Clay,1st Round,3,Darderi L.,Kudla D.,72,160.0,781,409.0,3.0,6.0,7.0,6.0,6.0,2.0,,,,,2.0,1.0,Completed,1.33,3.4,1.33,3.57,1.4,3.57,1.32,3.28
22,Houston,U.S. Men's Clay Court Championships,2024-04-02,ATP250,Outdoor,Clay,1st Round,3,Galan D.E.,Paire B.,83,142.0,711,460.0,7.0,6.0,6.0,4.0,,,,,,,2.0,0.0,Completed,1.5,2.63,1.49,2.8,1.5,2.85,1.47,2.66
22,Houston,U.S. Men's Clay Court Championships,2024-04-02,ATP250,Outdoor,Clay,1st Round,3,Duckworth J.,Brouwer G.,105,199.0,565,300.0,6.0,3.0,6.0,3.0,,,,,,,2.0,0.0,Completed,2.5,1.53,2.7,1.52,2.7,1.55,2.51,1.51
22,Houston,U.S. Men's Clay Court Championships,2024-04-02,ATP250,Outdoor,Clay,1st Round,3,Purcell M.,Michelsen A.,79,70.0,726,790.0,7.0,5.0,6.0,7.0,6.0,4.0,,,,,2.0,1.0,Completed,3.0,1.4,3.35,1.37,3.5,1.4,3.0,1.37
22,Houston,U.S. Men's Clay Court Championships,2024-04-02,ATP250,Outdoor,Clay,1st Round,3,Mmoh M.,Varillas J.P.,123,101.0,507,596.0,6.0,2.0,7.0,6.0,,,,,,,2.0,0.0,Completed,2.5,1.53,2.63,1.54,2.63,1.54,2.51,1.51
22,Houston,U.S. Men's Clay Court Championships,2024-04-02,ATP250,Outdoor,Clay,1st Round,3,Kovacevic A.,Kokkinakis T.,98,104.0,613,584.0,7.0,6.0,6.0,7.0,6.0,4.0,,,,,2.0,1.0,Completed,2.63,1.5,2.76,1.5,2.76,1.5,2.66,1.48
22,Houston,U.S. Men's Clay Court Championships,2024-04-03,ATP250,Outdoor,Clay,1st Round,3,Giron M.,Shapovalov D.,51,121.0,990,510.0,6.0,2.0,7.0,5.0,,,,,,,2.0,0.0,Completed,2.2,1.67,2.28,1.69,2.28,1.73,2.17,1.66
22,Houston,U.S. Men's Clay Court Championships,2024-04-03,ATP250,Outdoor,Clay,1st Round,3,Thompson J.,Wu Y.,33,298.0,1195,185.0,6.0,4.0,6.0,4.0,,,,,,,2.0,0.0,Completed,1.73,2.1,1.88,1.97,1.88,2.17,1.78,2.0
22,Houston,U.S. Men's Clay Court Championships,2024-04-03,ATP250,Outdoor,Clay,2nd Round,3,Darderi L.,Cerundolo F.,72,23.0,781,1715.0,6.0,4.0,2.0,6.0,7.0,6.0,,,,,2.0,1.0,Completed,2.5,1.53,2.49,1.61,2.51,1.61,2.44,1.54
22,Houston,U.S. Men's Clay Court Championships,2024-04-03,ATP250,Outdoor,Clay,2nd Round,3,Nakashima B.,Hijikata R.,92,80.0,655,723.0,6.0,1.0,6.0,4.0,,,,,,,2.0,0.0,Completed,1.33,3.4,1.33,3.64,1.35,3.64,1.32,3.35
22,Houston,U.S. Men's Clay Court Championships,2024-04-04,ATP250,Outdoor,Clay,2nd Round,3,Shelton B.,Bergs Z.,16,111.0,2260,545.0,3.0,6.0,6.0,4.0,6.0,3.0,,,,,2.0,1.0,Completed,1.4,3.0,1.46,2.96,1.48,3.0,1.44,2.77
22,Houston,U.S. Men's Clay Court Championships,2024-04-04,ATP250,Outdoor,Clay,2nd Round,3,Giron M.,Wolf J.J.,51,96.0,990,625.0,6.0,4.0,6.0,3.0,,,,,,,2.0,0.0,Completed,1.36,3.2,1.35,3.49,1.4,3.49,1.37,3.03
22,Houston,U.S. Men's Clay Court Championships,2024-04-04,ATP250,Outdoor,Clay,2nd Round,3,Mmoh M.,Purcell M.,123,79.0,507,726.0,6.0,2.0,7.0,5.0,,,,,,,2.0,0.0,Completed,1.67,2.2,1.7,2.29,1.73,2.29,1.66,2.19
22,Houston,U.S. Men's Clay Court Championships,2024-04-04,ATP250,Outdoor,Clay,2nd Round,3,Etcheverry T.,Galan D.E.,30,83.0,1310,711.0,6.0,4.0,6.0,4.0,,,,,,,2.0,0.0,Completed,1.3,3.5,1.32,3.71,1.33,3.71,1.3,3.43
22,Houston,U.S. Men's Clay Court Championships,2024-04-05,ATP250,Outdoor,Clay,2nd Round,3,Tiafoe F.,Duckworth J.,21,105.0,1770,565.0,6.0,2.0,6.0,7.0,7.0,5.0,,,,,2.0,1.0,Completed,1.25,4.0,1.27,4.22,1.27,4.25,1.24,3.96
22,Houston,U.S. Men's Clay Court Championships,2024-04-05,ATP250,Outdoor,Clay,2nd Round,3,Thompson J.,Kovacevic A.,33,98.0,1195,613.0,4.0,6.0,7.0,6.0,7.0,6.0,,,,,2.0,1.0,Completed,1.57,2.38,1.63,2.45,1.65,2.45,1.6,2.31
22,Houston,U.S. Men's Clay Court Championships,2024-04-05,ATP250,Outdoor,Clay,Quarterfinals,3,Etcheverry T.,Mmoh M.,30,123.0,1310,507.0,6.0,3.0,0.0,1.0,,,,,,,1.0,0.0,Retired,1.36,3.2,1.35,3.5,1.4,3.5,1.34,3.19
22,Houston,U.S. Men's Clay Court Championships,2024-04-05,ATP250,Outdoor,Clay,Quarterfinals,3,Shelton B.,Nakashima B.,16,92.0,2260,655.0,7.0,5.0,7.0,6.0,,,,,,,2.0,0.0,Completed,1.8,2.0,1.83,2.1,1.83,2.15,1.76,2.04
22,Houston,U.S. Men's Clay Court Championships,2024-04-05,ATP250,Outdoor,Clay,Quarterfinals,3,Darderi L.,Giron M.,72,51.0,781,990.0,6.0,0.0,6.0,4.0,,,,,,,2.0,0.0,Completed,2.0,1.8,2.15,1.79,2.15,1.8,2.03,1.76
22,Houston,U.S. Men's Clay Court Championships,2024-04-06,ATP250,Outdoor,Clay,Quarterfinals,3,Tiafoe F.,Thompson J.,21,33.0,1770,1195.0,7.0,6.0,6.0,4.0,,,,,,,2.0,0.0,Completed,1.44,2.75,1.46,2.95,1.47,2.95,1.44,2.76
22,Houston,U.S. Men's Clay Court Championships,2024-04-06,ATP250,Outdoor,Clay,Semifinals,3,Shelton B.,Etcheverry T.,16,30.0,2260,1310.0,6.0,7.0,6.0,4.0,6.0,4.0,,,,,2.0,1.0,Completed,2.1,1.73,2.34,1.68,2.34,1.75,2.16,1.68
22,Houston,U.S. Men's Clay Court Championships,2024-04-06,ATP250,Outdoor,Clay,Semifinals,3,Tiafoe F.,Darderi L.,21,72.0,1770,781.0,6.0,2.0,7.0,6.0,,,,,,,2.0,0.0,Completed,1.91,1.91,2.0,1.91,2.0,1.99,1.91,1.87
22,Houston,U.S. Men's Clay Court Championships,2024-04-07,ATP250,Outdoor,Clay,The Final,3,Shelton B.,Tiafoe F.,16,21.0,2260,1770.0,7.0,5.0,4.0,6.0,6.0,3.0,,,,,2.0,1.0,Completed,1.8,2.0,1.85,2.07,1.91,2.1,1.8,2.0
23,Marrakech,Grand Prix Hassan II,2024-04-01,ATP250,Outdoor,Clay,1st Round,3,Munar J.,Van Assche L.,73,94.0,770,641.0,7.0,6.0,6.0,2.0,,,,,,,2.0,0.0,Completed,2.0,1.8,2.04,1.83,2.04,1.83,1.99,1.8
23,Marrakech,Grand Prix Hassan II,2024-04-01,ATP250,Outdoor,Clay,1st Round,3,Kotov P.,Benchetrit E.,68,661.0,807,48.0,7.0,5.0,6.0,3.0,,,,,,,2.0,0.0,Completed,1.25,4.0,1.26,4.24,1.29,4.24,1.24,3.89
23,Marrakech,Grand Prix Hassan II,2024-04-01,ATP250,Outdoor,Clay,1st Round,3,Navone M.,Dougaz A.,60,235.0,883,261.0,6.0,3.0,6.0,2.0,,,,,,,2.0,0.0,Completed,1.29,3.75,1.26,4.25,1.29,4.25,1.26,3.77
23,Marrakech,Grand Prix Hassan II,2024-04-02,ATP250,Outdoor,Clay,1st Round,3,Vukic A.,Muller A.,67,86.0,818,694.0,6.0,3.0,7.0,6.0,,,,,,,2.0,0.0,Completed,2.38,1.57,2.36,1.65,2.4,1.65,2.28,1.61
23,Marrakech,Grand Prix Hassan II,2024-04-02,ATP250,Outdoor,Clay,1st Round,3,Nagal S.,Moutet C.,95,99.0,633,612.0,4.0,6.0,6.0,3.0,6.0,2.0,,,,,2.0,1.0,Completed,2.38,1.57,2.33,1.67,2.5,1.68,2.3,1.6
23,Marrakech,Grand Prix Hassan II,2024-04-02,ATP250,Outdoor,Clay,1st Round,3,Cobolli F.,Shelbayh A.,63,230.0,865,265.0,6.0,1.0,6.0,4.0,,,,,,,2.0,0.0,Completed,1.33,3.4,1.33,3.63,1.35,3.63,1.31,3.38
23,Marrakech,Grand Prix Hassan II,2024-04-02,ATP250,Outdoor,Clay,1st Round,3,Berrettini M.,Shevchenko A.,135,56.0,470,934.0,6.0,2.0,6.0,1.0,,,,,,,2.0,0.0,Completed,1.62,2.3,1.61,2.46,1.62,2.6,1.56,2.41
23,Marrakech,Grand Prix Hassan II,2024-04-02,ATP250,Outdoor,Clay,1st Round,3,Fognini F.,Gaston H.,100,89.0,599,662.0,6.0,7.0,6.0,1.0,6.0,4.0,,,,,2.0,1.0,Completed,1.73,2.1,1.8,2.11,1.82,2.12,1.76,2.04
23,Marrakech,Grand Prix Hassan II,2024-04-02,ATP250,Outdoor,Clay,1st Round,3,Moreno De Alboran N.,Diaz Acosta F.,157,55.0,413,943.0,6.0,4.0,3.0,6.0,6.0,3.0,,,,,2.0,1.0,Completed,3.0,1.4,2.86,1.47,3.0,1.48,2.82,1.42
23,Marrakech,Grand Prix Hassan II,2024-04-02,ATP250,Outdoor,Clay,1st Round,3,Wawrinka S.,Ramos-Vinolas A.,82,103.0,717,590.0,6.0,1.0,6.0,4.0,,,,,,,2.0,0.0,Completed,1.44,2.75,1.43,3.05,1.47,3.05,1.42,2.83
23,Marrakech,Grand Prix Hassan II,2024-04-02,ATP250,Outdoor,Clay,1st Round,3,Carballes Baena R.,Gigante M.,64,145.0,856,450.0,6.0,2.0,2.0,0.0,,,,,,,1.0,0.0,Retired,1.44,2.75,1.44,2.97,1.46,2.97,1.43,2.77
23,Marrakech,Grand Prix Hassan II,2024-04-02,ATP250,Outdoor,Clay,1st Round,3,Goffin D.,Rinderknech A.,102,81.0,594,723.0,6.0,4.0,6.0,4.0,,,,,,,2.0,0.0,Completed,1.73,2.1,1.76,2.18,1.76,2.25,1.71,2.11
23,Marrakech,Grand Prix Hassan II,2024-04-03,ATP250,Outdoor,Clay,2nd Round,3,Sonego L.,Nagal S.,61,95.0,875,633.0,1.0,6.0,6.0,3.0,6.0,4.0,,,,,2.0,1.0,Completed,1.53,2.5,1.58,2.5,1.58,2.6,1.54,2.44
23,Marrakech,Grand Prix Hassan II,2024-04-03,ATP250,Outdoor,Clay,2nd Round,3,Kotov P.,Cobolli F.,68,63.0,807,865.0,6.0,1.0,7.0,6.0,,,,,,,2.0,0.0,Completed,2.63,1.5,2.66,1.52,2.75,1.53,2.55,1.5
23,Marrakech,Grand Prix Hassan II,2024-04-03,ATP250,Outdoor,Clay,2nd Round,3,Berrettini M.,Munar J.,135,73.0,470,770.0,6.0,4.0,4.0,6.0,6.0,3.0,,,,,2.0,1.0,Completed,1.4,3.0,1.46,2.86,1.46,3.0,1.41,2.84
23,Marrakech,Grand Prix Hassan II,2024-04-03,ATP250,Outdoor,Clay,2nd Round,3,Fognini F.,Djere L.,100,34.0,599,1185.0,7.0,6.0,2.0,6.0,6.0,4.0,,,,,2.0,1.0,Completed,2.5,1.53,2.66,1.52,2.66,1.54,2.54,1.51
23,Marrakech,Grand Prix Hassan II,2024-04-04,ATP250,Outdoor,Clay,2nd Round,3,Carballes Baena R.,Evans D.,64,42.0,856,1086.0,6.0,4.0,7.0,6.0,,,,,,,2.0,0.0,Completed,1.53,2.5,1.49,2.79,1.57,2.82,1.5,2.56
23,Marrakech,Grand Prix Hassan II,2024-04-04,ATP250,Outdoor,Clay,2nd Round,3,Moreno De Alboran N.,Goffin D.,157,102.0,413,594.0,6.0,3.0,6.0,4.0,,,,,,,2.0,0.0,Completed,2.38,1.57,2.62,1.54,2.75,1.6,2.47,1.53
23,Marrakech,Grand Prix Hassan II,2024-04-04,ATP250,Outdoor,Clay,2nd Round,3,Navone M.,Wawrinka S.,60,82.0,883,717.0,3.0,6.0,7.0,5.0,6.0,2.0,,,,,2.0,1.0,Completed,2.1,1.73,1.99,1.89,2.12,1.89,2.01,1.79
23,Marrakech,Grand Prix Hassan II,2024-04-04,ATP250,Outdoor,Clay,2nd Round,3,Vukic A.,Ofner S.,67,47.0,818,1056.0,7.0,6.0,2.0,6.0,7.0,6.0,,,,,2.0,1.0,Completed,2.2,1.67,2.27,1.7,2.27,1.7,2.19,1.66
23,Marrakech,Grand Prix Hassan II,2024-04-05,ATP250,Outdoor,Clay,Quarterfinals,3,Carballes Baena R.,Moreno De Alboran N.,64,157.0,856,413.0,6.0,4.0,4.0,6.0,6.0,4.0,,,,,2.0,1.0,Completed,1.5,2.63,1.58,2.56,1.58,2.63,1.52,2.51
23,Marrakech,Grand Prix Hassan II,2024-04-05,ATP250,Outdoor,Clay,Quarterfinals,3,Kotov P.,Fognini F.,68,100.0,807,599.0,6.0,1.0,6.0,2.0,,,,,,,2.0,0.0,Completed,1.73,2.1,1.77,2.18,1.78,2.18,1.73,2.09
23,Marrakech,Grand Prix Hassan II,2024-04-05,ATP250,Outdoor,Clay,Quarterfinals,3,Berrettini M.,Sonego L.,135,61.0,470,875.0,6.0,3.0,7.0,6.0,,,,,,,2.0,0.0,Completed,1.5,2.63,1.51,2.75,1.54,2.75,1.48,2.61
23,Marrakech,Grand Prix Hassan II,2024-04-05,ATP250,Outdoor,Clay,Quarterfinals,3,Navone M.,Vukic A.,60,67.0,883,818.0,6.0,2.0,6.0,4.0,,,,,,,2.0,0.0,Completed,1.44,2.75,1.48,2.88,1.5,2.88,1.45,2.71
23,Marrakech,Grand Prix Hassan II,2024-04-06,ATP250,Outdoor,Clay,Semifinals,3,Carballes Baena R.,Kotov P.,64,68.0,856,807.0,6.0,4.0,6.0,2.0,,,,,,,2.0,0.0,Completed,1.8,2.0,1.83,2.09,1.83,2.09,1.79,2.0
23,Marrakech,Grand Prix Hassan II,2024-04-06,ATP250,Outdoor,Clay,Semifinals,3,Berrettini M.,Navone M.,135,60.0,470,883.0,6.0,7.0,6.0,3.0,6.0,2.0,,,,,2.0,1.0,Completed,1.4,3.0,1.42,3.11,1.45,3.11,1.4,2.9
23,Marrakech,Grand Prix Hassan II,2024-04-07,ATP250,Outdoor,Clay,The Final,3,Berrettini M.,Carballes Baena R.,135,64.0,470,856.0,7.0,5.0,6.0,2.0,,,,,,,2.0,0.0,Completed,1.4,3.0,1.38,3.35,1.4,3.35,1.36,3.11
24,Monte Carlo,Monte Carlo Masters,2024-04-07,Masters 1000,Outdoor,Clay,1st Round,3,Struff J.L.,Baez S.,25,19.0,1493,1955.0,1.0,6.0,7.0,6.0,6.0,2.0,,,,,2.0,1.0,Completed,2.75,1.44,2.9,1.46,2.9,1.5,2.73,1.45
24,Monte Carlo,Monte Carlo Masters,2024-04-07,Masters 1000,Outdoor,Clay,1st Round,3,Griekspoor T.,Koepfer D.,26,54.0,1475,938.0,7.0,6.0,4.0,6.0,6.0,2.0,,,,,2.0,1.0,Completed,1.67,2.2,1.77,2.15,1.78,2.25,1.71,2.13
24,Monte Carlo,Monte Carlo Masters,2024-04-07,Masters 1000,Outdoor,Clay,1st Round,3,Coric B.,Bublik A.,33,18.0,1204,1992.0,6.0,1.0,6.0,1.0,,,,,,,2.0,0.0,Completed,1.53,2.5,1.59,2.5,1.59,3.1,1.54,2.46
24,Monte Carlo,Monte Carlo Masters,2024-04-07,Masters 1000,Outdoor,Clay,1st Round,3,Musetti L.,Fritz T.,24,13.0,1590,2765.0,6.0,4.0,6.0,4.0,,,,,,,2.0,0.0,Completed,1.91,1.91,1.9,1.99,1.94,1.99,1.88,1.91
24,Monte Carlo,Monte Carlo Masters,2024-04-08,Masters 1000,Outdoor,Clay,1st Round,3,Ofner S.,Evans D.,44,50.0,1056,996.0,6.0,1.0,6.0,4.0,,,,,,,2.0,0.0,Completed,1.8,2.0,1.81,2.1,1.83,2.1,1.78,2.03
24,Monte Carlo,Monte Carlo Masters,2024-04-08,Masters 1000,Outdoor,Clay,1st Round,3,Auger-Aliassime F.,Nardi L.,35,76.0,1150,748.0,6.0,2.0,6.0,3.0,,,,,,,2.0,0.0,Completed,1.67,2.2,1.68,2.31,1.68,2.33,1.63,2.26
24,Monte Carlo,Monte Carlo Masters,2024-04-08,Masters 1000,Outdoor,Clay,1st Round,3,Popyrin A.,Moutet C.,46,101.0,1047,612.0,3.0,6.0,7.0,5.0,6.0,2.0,,,,,2.0,1.0,Completed,2.1,1.73,2.09,1.81,2.15,1.81,2.06,1.75
24,Monte Carlo,Monte Carlo Masters,2024-04-08,Masters 1000,Outdoor,Clay,1st Round,3,Nagal S.,Arnaldi M.,93,38.0,656,1121.0,5.0,7.0,6.0,2.0,6.0,4.0,,,,,2.0,1.0,Completed,2.75,1.44,2.97,1.44,2.97,1.46,2.84,1.42
24,Monte Carlo,Monte Carlo Masters,2024-04-08,Masters 1000,Outdoor,Clay,1st Round,3,Cerundolo F.,Altmaier D.,22,52.0,1715,955.0,6.0,2.0,7.0,6.0,,,,,,,2.0,0.0,Completed,1.57,2.38,1.68,2.3,1.73,2.4,1.64,2.24
24,Monte Carlo,Monte Carlo Masters,2024-04-08,Masters 1000,Outdoor,Clay,1st Round,3,Dimitrov G.,Vacherot V.,9,138.0,3540,464.0,7.0,5.0,6.0,2.0,,,,,,,2.0,0.0,Completed,1.08,8.0,1.08,10.26,1.09,10.26,1.07,8.34
24,Monte Carlo,Monte Carlo Masters,2024-04-08,Masters 1000,Outdoor,Clay,1st Round,3,Tsitsipas S.,Djere L.,12,34.0,3175,1185.0,6.0,3.0,3.0,2.0,,,,,,,1.0,0.0,Retired,1.29,3.75,1.34,3.5,1.34,3.75,1.31,3.44
24,Monte Carlo,Monte Carlo Masters,2024-04-08,Masters 1000,Outdoor,Clay,1st Round,3,Tabilo A.,O Connell C.,45,62.0,1051,886.0,6.0,3.0,6.0,4.0,,,,,,,2.0,0.0,Completed,1.57,2.38,1.58,2.52,1.6,2.75,1.55,2.44
24,Monte Carlo,Monte Carlo Masters,2024-04-08,Masters 1000,Outdoor,Clay,1st Round,3,Fils A.,Hanfmann Y.,36,61.0,1145,888.0,6.0,0.0,6.0,2.0,,,,,,,2.0,0.0,Completed,1.4,3.0,1.44,2.93,1.44,11.13,1.39,3.28
24,Monte Carlo,Monte Carlo Masters,2024-04-08,Masters 1000,Outdoor,Clay,1st Round,3,Khachanov K.,Norrie C.,17,30.0,2005,1290.0,7.0,5.0,7.0,6.0,,,,,,,2.0,0.0,Completed,1.67,2.2,1.7,2.26,1.74,2.26,1.69,2.15
24,Monte Carlo,Monte Carlo Masters,2024-04-08,Masters 1000,Outdoor,Clay,1st Round,3,Safiullin R.,Munar J.,41,72.0,1089,775.0,7.0,5.0,6.0,1.0,,,,,,,2.0,0.0,Completed,2.3,1.62,2.43,1.62,2.43,1.67,2.3,1.61
24,Monte Carlo,Monte Carlo Masters,2024-04-08,Masters 1000,Outdoor,Clay,1st Round,3,Humbert U.,Coria F.,15,89.0,2425,687.0,4.0,6.0,6.0,1.0,6.0,2.0,,,,,2.0,1.0,Completed,1.36,3.2,1.45,2.95,1.45,3.2,1.39,2.94
24,Monte Carlo,Monte Carlo Masters,2024-04-09,Masters 1000,Outdoor,Clay,1st Round,3,Zhang Zh.,Giron M.,49,48.0,1005,1030.0,6.0,4.0,3.0,6.0,6.0,3.0,,,,,2.0,1.0,Completed,1.73,2.1,1.72,2.23,1.75,2.23,1.7,2.13
24,Monte Carlo,Monte Carlo Masters,2024-04-09,Masters 1000,Outdoor,Clay,1st Round,3,De Minaur A.,Wawrinka S.,11,79.0,3355,742.0,6.0,3.0,6.0,0.0,,,,,,,2.0,0.0,Completed,1.4,3.0,1.44,2.99,1.44,3.1,1.41,2.88
24,Monte Carlo,Monte Carlo Masters,2024-04-09,Masters 1000,Outdoor,Clay,1st Round,3,Bautista Agut R.,Diaz Acosta F.,90,53.0,668,943.0,6.0,2.0,6.0,4.0,,,,,,,2.0,0.0,Completed,1.8,2.0,1.91,1.98,1.91,2.1,1.82,1.97
24,Monte Carlo,Monte Carlo Masters,2024-04-09,Masters 1000,Outdoor,Clay,1st Round,3,Korda S.,Davidovich Fokina A.,27,29.0,1445,1395.0,6.0,1.0,6.0,2.0,,,,,,,2.0,0.0,Completed,2.0,1.8,2.09,1.82,2.3,1.84,2.03,1.77
24,Monte Carlo,Monte Carlo Masters,2024-04-09,Masters 1000,Outdoor,Clay,1st Round,3,Hurkacz H.,Draper J.,8,39.0,3665,1101.0,6.0,4.0,3.0,6.0,7.0,6.0,,,,,2.0,1.0,Completed,1.67,2.2,1.66,2.34,1.67,2.46,1.64,2.25
24,Monte Carlo,Monte Carlo Masters,2024-04-09,Masters 1000,Outdoor,Clay,1st Round,3,Kecmanovic M.,Berrettini M.,66,84.0,855,720.0,6.0,3.0,6.0,1.0,,,,,,,2.0,0.0,Completed,3.0,1.4,3.25,1.39,3.25,1.4,3.05,1.37
24,Monte Carlo,Monte Carlo Masters,2024-04-09,Masters 1000,Outdoor,Clay,1st Round,3,Etcheverry T.,Jarry N.,31,21.0,1260,1755.0,6.0,4.0,7.0,5.0,,,,,,,2.0,0.0,Completed,2.38,1.57,2.33,1.67,2.45,1.67,2.3,1.61
24,Monte Carlo,Monte Carlo Masters,2024-04-09,Masters 1000,Outdoor,Clay,1st Round,3,Monfils G.,Vukic A.,40,65.0,1092,856.0,6.0,7.0,6.0,3.0,7.0,5.0,,,,,2.0,1.0,Completed,1.1,7.0,1.11,8.31,1.33,3.9,1.29,3.72
24,Monte Carlo,Monte Carlo Masters,2024-04-09,Masters 1000,Outdoor,Clay,2nd Round,3,Djokovic N.,Safiullin R.,1,41.0,9725,1089.0,6.0,1.0,6.0,2.0,,,,,,,2.0,0.0,Completed,1.14,5.5,1.17,5.81,1.17,5.81,1.15,5.31
24,Monte Carlo,Monte Carlo Masters,2024-04-09,Masters 1000,Outdoor,Clay,2nd Round,3,Zverev A.,Ofner S.,5,44.0,5415,1056.0,6.0,3.0,6.0,4.0,,,,,,,2.0,0.0,Completed,1.1,7.0,1.11,8.31,1.12,8.31,1.1,7.03
24,Monte Carlo,Monte Carlo Masters,2024-04-09,Masters 1000,Outdoor,Clay,2nd Round,3,Struff J.L.,Coric B.,25,33.0,1493,1204.0,7.0,6.0,6.0,1.0,,,,,,,2.0,0.0,Completed,1.91,1.91,1.95,1.95,1.95,1.96,1.89,1.89
24,Monte Carlo,Monte Carlo Masters,2024-04-09,Masters 1000,Outdoor,Clay,2nd Round,3,Musetti L.,Fils A.,24,36.0,1590,1145.0,6.0,3.0,7.0,5.0,,,,,,,2.0,0.0,Completed,1.5,2.63,1.45,2.97,1.5,2.97,1.45,2.74
24,Monte Carlo,Monte Carlo Masters,2024-04-10,Masters 1000,Outdoor,Clay,2nd Round,3,Popyrin A.,Rublev A.,46,6.0,1047,4890.0,6.0,4.0,6.0,4.0,,,,,,,2.0,0.0,Completed,4.0,1.25,4.18,1.27,4.2,1.3,3.89,1.25
24,Monte Carlo,Monte Carlo Masters,2024-04-10,Masters 1000,Outdoor,Clay,2nd Round,3,Sonego L.,Auger-Aliassime F.,57,35.0,915,1150.0,6.0,4.0,7.0,5.0,,,,,,,2.0,0.0,Completed,2.63,1.5,2.7,1.53,2.7,1.53,2.59,1.49
24,Monte Carlo,Monte Carlo Masters,2024-04-10,Masters 1000,Outdoor,Clay,2nd Round,3,De Minaur A.,Griekspoor T.,11,26.0,3355,1475.0,2.0,6.0,6.0,2.0,6.0,3.0,,,,,2.0,1.0,Completed,1.44,2.75,1.51,2.75,1.53,2.89,1.45,2.72
24,Monte Carlo,Monte Carlo Masters,2024-04-10,Masters 1000,Outdoor,Clay,2nd Round,3,Khachanov K.,Cerundolo F.,17,22.0,2005,1715.0,4.0,6.0,6.0,4.0,6.0,3.0,,,,,2.0,1.0,Completed,1.67,2.2,1.69,2.31,1.73,2.35,1.66,2.2
24,Monte Carlo,Monte Carlo Masters,2024-04-10,Masters 1000,Outdoor,Clay,2nd Round,3,Sinner J.,Korda S.,2,27.0,8710,1445.0,6.0,1.0,6.0,2.0,,,,,,,2.0,0.0,Completed,1.13,6.0,1.14,6.71,1.15,6.71,1.13,5.87
24,Monte Carlo,Monte Carlo Masters,2024-04-10,Masters 1000,Outdoor,Clay,2nd Round,3,Humbert U.,Zhang Zh.,15,49.0,2425,1005.0,6.0,1.0,6.0,4.0,,,,,,,2.0,0.0,Completed,1.4,3.0,1.5,2.79,1.5,3.0,1.44,2.78
24,Monte Carlo,Monte Carlo Masters,2024-04-10,Masters 1000,Outdoor,Clay,2nd Round,3,Tsitsipas S.,Etcheverry T.,12,31.0,3175,1260.0,6.0,1.0,6.0,0.0,,,,,,,2.0,0.0,Completed,1.36,3.2,1.4,3.2,1.4,3.2,1.37,3.06
24,Monte Carlo,Monte Carlo Masters,2024-04-10,Masters 1000,Outdoor,Clay,2nd Round,3,Hurkacz H.,Bautista Agut R.,8,90.0,3665,668.0,7.0,5.0,7.0,6.0,,,,,,,2.0,0.0,Completed,1.44,2.75,1.49,2.84,1.49,2.84,1.45,2.71
24,Monte Carlo,Monte Carlo Masters,2024-04-10,Masters 1000,Outdoor,Clay,2nd Round,3,Medvedev D.,Monfils G.,4,40.0,7165,1092.0,6.0,2.0,6.0,4.0,,,,,,,2.0,0.0,Completed,1.33,3.4,1.36,3.48,1.38,3.48,1.34,3.21
24,Monte Carlo,Monte Carlo Masters,2024-04-10,Masters 1000,Outdoor,Clay,2nd Round,3,Ruud C.,Tabilo A.,10,45.0,3465,1051.0,6.0,2.0,6.0,4.0,,,,,,,2.0,0.0,Completed,1.25,4.0,1.27,4.22,1.29,4.23,1.25,3.9
24,Monte Carlo,Monte Carlo Masters,2024-04-11,Masters 1000,Outdoor,Clay,2nd Round,3,Dimitrov G.,Kecmanovic M.,9,66.0,3540,855.0,6.0,4.0,6.0,3.0,,,,,,,2.0,0.0,Completed,1.33,3.4,1.3,3.95,1.34,3.95,1.3,3.49
24,Monte Carlo,Monte Carlo Masters,2024-04-11,Masters 1000,Outdoor,Clay,2nd Round,3,Rune H.,Nagal S.,7,93.0,3795,656.0,6.0,3.0,3.0,6.0,6.0,2.0,,,,,2.0,1.0,Completed,1.25,4.0,1.26,4.3,1.27,4.6,1.24,4.04
24,Monte Carlo,Monte Carlo Masters,2024-04-11,Masters 1000,Outdoor,Clay,3rd Round,3,De Minaur A.,Popyrin A.,11,46.0,3355,1047.0,6.0,3.0,6.0,4.0,,,,,,,2.0,0.0,Completed,1.44,2.75,1.55,2.65,1.55,2.78,1.48,2.61
24,Monte Carlo,Monte Carlo Masters,2024-04-11,Masters 1000,Outdoor,Clay,3rd Round,3,Khachanov K.,Medvedev D.,17,4.0,2005,7165.0,6.0,3.0,7.0,5.0,,,,,,,2.0,0.0,Completed,3.0,1.4,3.08,1.43,3.08,1.43,2.93,1.4
24,Monte Carlo,Monte Carlo Masters,2024-04-11,Masters 1000,Outdoor,Clay,3rd Round,3,Tsitsipas S.,Zverev A.,12,5.0,3175,5415.0,7.0,5.0,7.0,6.0,,,,,,,2.0,0.0,Completed,2.0,1.8,2.2,1.76,2.2,1.85,2.01,1.79
24,Monte Carlo,Monte Carlo Masters,2024-04-11,Masters 1000,Outdoor,Clay,3rd Round,3,Djokovic N.,Musetti L.,1,24.0,9725,1590.0,7.0,5.0,6.0,3.0,,,,,,,2.0,0.0,Completed,1.2,4.5,1.22,4.88,1.22,4.88,1.2,4.51
24,Monte Carlo,Monte Carlo Masters,2024-04-11,Masters 1000,Outdoor,Clay,3rd Round,3,Rune H.,Dimitrov G.,7,9.0,3795,3540.0,7.0,6.0,3.0,6.0,7.0,6.0,,,,,2.0,1.0,Completed,2.2,1.67,2.36,1.65,2.36,1.71,2.17,1.67
24,Monte Carlo,Monte Carlo Masters,2024-04-11,Masters 1000,Outdoor,Clay,3rd Round,3,Sinner J.,Struff J.L.,2,25.0,8710,1493.0,6.0,4.0,6.0,2.0,,,,,,,2.0,0.0,Completed,1.07,9.0,1.07,11.34,1.09,11.34,1.06,8.74
24,Monte Carlo,Monte Carlo Masters,2024-04-11,Masters 1000,Outdoor,Clay,3rd Round,3,Ruud C.,Hurkacz H.,10,8.0,3465,3665.0,6.0,4.0,6.0,2.0,,,,,,,2.0,0.0,Completed,1.44,2.75,1.48,2.88,1.48,2.88,1.44,2.75
24,Monte Carlo,Monte Carlo Masters,2024-04-11,Masters 1000,Outdoor,Clay,3rd Round,3,Humbert U.,Sonego L.,15,57.0,2425,915.0,5.0,7.0,6.0,3.0,6.0,1.0,,,,,2.0,1.0,Completed,1.5,2.63,1.52,2.53,1.58,2.73,1.52,2.51
24,Monte Carlo,Monte Carlo Masters,2024-04-12,Masters 1000,Outdoor,Clay,Quarterfinals,3,Tsitsipas S.,Khachanov K.,12,17.0,3175,2005.0,6.0,4.0,6.0,2.0,,,,,,,2.0,0.0,Completed,1.4,3.0,1.45,2.97,1.45,3.0,1.41,2.86
24,Monte Carlo,Monte Carlo Masters,2024-04-12,Masters 1000,Outdoor,Clay,Quarterfinals,3,Sinner J.,Rune H.,2,7.0,8710,3795.0,6.0,4.0,6.0,7.0,6.0,3.0,,,,,2.0,1.0,Completed,1.11,6.5,1.15,6.48,1.16,6.75,1.13,5.77
24,Monte Carlo,Monte Carlo Masters,2024-04-12,Masters 1000,Outdoor,Clay,Quarterfinals,3,Djokovic N.,De Minaur A.,1,11.0,9725,3355.0,7.0,5.0,6.0,4.0,,,,,,,2.0,0.0,Completed,1.22,4.33,1.27,4.2,1.29,4.34,1.24,4.04
24,Monte Carlo,Monte Carlo Masters,2024-04-12,Masters 1000,Outdoor,Clay,Quarterfinals,3,Ruud C.,Humbert U.,10,15.0,3465,2425.0,6.0,3.0,4.0,6.0,6.0,1.0,,,,,2.0,1.0,Completed,1.3,3.5,1.33,3.64,1.33,3.64,1.31,3.43
24,Monte Carlo,Monte Carlo Masters,2024-04-13,Masters 1000,Outdoor,Clay,Semifinals,3,Tsitsipas S.,Sinner J.,12,2.0,3175,8710.0,6.0,4.0,3.0,6.0,6.0,4.0,,,,,2.0,1.0,Completed,3.75,1.29,3.99,1.29,3.99,1.31,3.62,1.28
24,Monte Carlo,Monte Carlo Masters,2024-04-13,Masters 1000,Outdoor,Clay,Semifinals,3,Ruud C.,Djokovic N.,10,1.0,3465,9725.0,6.0,4.0,1.0,6.0,6.0,4.0,,,,,2.0,1.0,Completed,3.0,1.4,3.1,1.43,3.19,1.44,2.9,1.41
24,Monte Carlo,Monte Carlo Masters,2024-04-14,Masters 1000,Outdoor,Clay,The Final,3,Tsitsipas S.,Ruud C.,12,10.0,3175,3465.0,6.0,1.0,6.0,4.0,,,,,,,2.0,0.0,Completed,1.67,2.2,1.76,2.2,1.78,2.25,1.69,2.16
25,Barcelona,Barcelona Open,2024-04-15,ATP500,Outdoor,Clay,1st Round,3,Nakashima B.,Evans D.,87,49.0,695,996.0,7.0,6.0,6.0,2.0,,,,,,,2.0,0.0,Completed,1.5,2.63,1.51,2.75,1.53,2.8,1.48,2.65
25,Barcelona,Barcelona Open,2024-04-15,ATP500,Outdoor,Clay,1st Round,3,Diaz Acosta F.,Rincon D.,53,216.0,958,283.0,6.0,1.0,6.0,4.0,,,,,,,2.0,0.0,Completed,1.29,3.75,1.35,3.49,1.35,3.9,1.31,3.41
25,Barcelona,Barcelona Open,2024-04-15,ATP500,Outdoor,Clay,1st Round,3,Bautista Agut R.,Safiullin R.,84,38.0,703,1139.0,6.0,3.0,7.0,6.0,,,,,,,2.0,0.0,Completed,1.67,2.2,1.76,2.17,1.76,2.3,1.67,2.21
25,Barcelona,Barcelona Open,2024-04-15,ATP500,Outdoor,Clay,1st Round,3,Arnaldi M.,Cazaux A.,40,75.0,1121,748.0,5.0,5.0,,,,,,,,,0.0,0.0,Retired,1.33,3.4,1.34,3.54,1.36,3.68,1.33,3.3
25,Barcelona,Barcelona Open,2024-04-15,ATP500,Outdoor,Clay,1st Round,3,Trungelliti M.,Ajdukovic D.,197,123.0,310,507.0,6.0,2.0,7.0,6.0,,,,,,,2.0,0.0,Completed,1.73,2.1,1.87,2.02,1.91,2.1,1.83,1.97
25,Barcelona,Barcelona Open,2024-04-15,ATP500,Outdoor,Clay,1st Round,3,Mayot H.,Cachin P.,116,88.0,525,673.0,7.0,6.0,2.0,6.0,6.0,3.0,,,,,2.0,1.0,Completed,1.67,2.2,1.66,2.34,1.68,2.38,1.64,2.26
25,Barcelona,Barcelona Open,2024-04-15,ATP500,Outdoor,Clay,1st Round,3,Hardt N.,Landaluce M.,229,328.0,260,160.0,2.0,6.0,6.0,4.0,6.0,3.0,,,,,2.0,1.0,Completed,1.8,2.0,1.87,2.02,1.9,2.07,1.84,1.97
25,Barcelona,Barcelona Open,2024-04-15,ATP500,Outdoor,Clay,1st Round,3,Ofner S.,Kotov P.,43,69.0,1081,817.0,5.0,7.0,6.0,3.0,6.0,2.0,,,,,2.0,1.0,Completed,2.0,1.8,2.02,1.87,2.05,1.89,1.97,1.83
25,Barcelona,Barcelona Open,2024-04-15,ATP500,Outdoor,Clay,1st Round,3,Muller A.,Ramos-Vinolas A.,110,108.0,560,590.0,7.0,6.0,6.0,0.0,,,,,,,2.0,0.0,Completed,1.73,2.1,1.65,2.37,1.75,2.37,1.66,2.22
25,Barcelona,Barcelona Open,2024-04-16,ATP500,Outdoor,Clay,1st Round,3,Van Assche L.,Zhang Zh.,99,47.0,625,1044.0,7.0,5.0,6.0,2.0,,,,,,,2.0,0.0,Completed,1.91,1.91,1.93,1.96,2.03,1.96,1.89,1.91
25,Barcelona,Barcelona Open,2024-04-16,ATP500,Outdoor,Clay,1st Round,3,Lajovic D.,Schwartzman D.,59,142.0,896,453.0,6.0,1.0,6.0,2.0,,,,,,,2.0,0.0,Completed,1.8,2.0,1.78,2.14,1.82,2.14,1.77,2.05
25,Barcelona,Barcelona Open,2024-04-16,ATP500,Outdoor,Clay,1st Round,3,Carballes Baena R.,Grenier H.,72,159.0,771,407.0,6.0,2.0,6.0,4.0,,,,,,,2.0,0.0,Completed,1.17,5.5,1.18,5.43,1.2,5.6,1.17,5.11
25,Barcelona,Barcelona Open,2024-04-16,ATP500,Outdoor,Clay,1st Round,3,Munar J.,Nishioka Y.,73,71.0,770,788.0,6.0,3.0,6.0,1.0,,,,,,,2.0,0.0,Completed,1.25,4.0,1.3,3.85,1.3,4.05,1.27,3.74
25,Barcelona,Barcelona Open,2024-04-16,ATP500,Outdoor,Clay,1st Round,3,Machac T.,Shang J.,50,114.0,988,544.0,6.0,4.0,6.0,4.0,,,,,,,2.0,0.0,Completed,1.57,2.38,1.65,2.36,1.65,2.4,1.6,2.32
25,Barcelona,Barcelona Open,2024-04-16,ATP500,Outdoor,Clay,1st Round,3,Altmaier D.,Popyrin A.,66,44.0,856,1077.0,6.0,3.0,7.0,6.0,,,,,,,2.0,0.0,Completed,2.5,1.53,2.48,1.6,2.5,1.62,2.41,1.56
25,Barcelona,Barcelona Open,2024-04-16,ATP500,Outdoor,Clay,1st Round,3,Nadal R.,Cobolli F.,644,62.0,50,880.0,6.0,2.0,6.0,3.0,,,,,,,2.0,0.0,Completed,1.22,4.33,1.26,4.24,1.26,4.53,1.22,4.19
25,Barcelona,Barcelona Open,2024-04-16,ATP500,Outdoor,Clay,2nd Round,3,Diaz Acosta F.,Coric B.,53,32.0,958,1244.0,6.0,2.0,7.0,5.0,,,,,,,2.0,0.0,Completed,2.1,1.73,2.18,1.76,2.3,1.83,2.17,1.69
25,Barcelona,Barcelona Open,2024-04-16,ATP500,Outdoor,Clay,2nd Round,3,Nakashima B.,Rublev A.,87,8.0,695,3935.0,6.0,4.0,7.0,6.0,,,,,,,2.0,0.0,Completed,3.75,1.29,3.94,1.29,3.94,1.3,3.7,1.28
25,Barcelona,Barcelona Open,2024-04-16,ATP500,Outdoor,Clay,2nd Round,3,Arnaldi M.,Baez S.,40,19.0,1121,1955.0,5.0,7.0,7.0,6.0,6.0,2.0,,,,,2.0,1.0,Completed,2.3,1.62,2.29,1.69,2.5,1.69,2.29,1.62
25,Barcelona,Barcelona Open,2024-04-16,ATP500,Outdoor,Clay,2nd Round,3,Etcheverry T.,Hardt N.,30,229.0,1295,260.0,7.0,5.0,6.0,2.0,,,,,,,2.0,0.0,Completed,1.17,5.0,1.19,5.39,1.22,5.39,1.17,4.98
25,Barcelona,Barcelona Open,2024-04-16,ATP500,Outdoor,Clay,2nd Round,3,Norrie C.,Mayot H.,31,116.0,1290,525.0,7.0,6.0,6.0,7.0,,,,,,,1.0,1.0,Retired,1.22,4.33,1.24,4.47,1.25,4.5,1.22,4.24
25,Barcelona,Barcelona Open,2024-04-17,ATP500,Outdoor,Clay,2nd Round,3,Davidovich Fokina A.,Machac T.,27,50.0,1395,988.0,,,,,,,,,,,,,Walkover,1.67,2.2,1.72,2.23,1.75,2.23,1.7,2.15
25,Barcelona,Barcelona Open,2024-04-17,ATP500,Outdoor,Clay,2nd Round,3,Bautista Agut R.,Vavassori A.,84,156.0,703,413.0,4.0,6.0,6.0,3.0,6.0,1.0,,,,,2.0,1.0,Completed,1.36,3.2,1.41,3.13,1.45,3.2,1.38,3.03
25,Barcelona,Barcelona Open,2024-04-17,ATP500,Outdoor,Clay,2nd Round,3,Trungelliti M.,Jarry N.,197,22.0,310,1685.0,7.0,6.0,6.0,3.0,,,,,,,2.0,0.0,Completed,4.33,1.22,4.39,1.25,4.39,1.25,4.17,1.23
25,Barcelona,Barcelona Open,2024-04-17,ATP500,Outdoor,Clay,2nd Round,3,Thompson J.,Munar J.,33,73.0,1235,770.0,6.0,4.0,2.0,6.0,6.0,4.0,,,,,2.0,1.0,Completed,3.5,1.3,3.66,1.32,3.75,1.33,3.49,1.3
25,Barcelona,Barcelona Open,2024-04-17,ATP500,Outdoor,Clay,2nd Round,3,Ruud C.,Muller A.,6,110.0,4025,560.0,6.0,3.0,6.0,4.0,,,,,,,2.0,0.0,Completed,1.1,7.0,1.12,7.37,1.12,7.69,1.11,6.67
25,Barcelona,Barcelona Open,2024-04-17,ATP500,Outdoor,Clay,2nd Round,3,Lajovic D.,Humbert U.,59,13.0,896,2535.0,6.0,4.0,6.0,4.0,,,,,,,2.0,0.0,Completed,2.75,1.44,2.68,1.53,2.78,1.53,2.61,1.49
25,Barcelona,Barcelona Open,2024-04-17,ATP500,Outdoor,Clay,2nd Round,3,De Minaur A.,Nadal R.,11,644.0,3510,50.0,7.0,5.0,6.0,1.0,,,,,,,2.0,0.0,Completed,2.0,1.8,2.04,1.86,2.1,1.86,2.01,1.8
25,Barcelona,Barcelona Open,2024-04-17,ATP500,Outdoor,Clay,2nd Round,3,Marozsan F.,Van Assche L.,39,99.0,1122,625.0,6.0,0.0,3.0,2.0,,,,,,,1.0,0.0,Retired,1.62,2.3,1.68,2.3,1.68,2.32,1.66,2.23
25,Barcelona,Barcelona Open,2024-04-17,ATP500,Outdoor,Clay,2nd Round,3,Carballes Baena R.,Musetti L.,72,24.0,771,1510.0,7.0,6.0,6.0,4.0,,,,,,,2.0,0.0,Completed,3.2,1.36,3.31,1.37,3.31,1.37,3.15,1.36
25,Barcelona,Barcelona Open,2024-04-17,ATP500,Outdoor,Clay,2nd Round,3,Tsitsipas S.,Ofner S.,7,43.0,3995,1081.0,6.0,4.0,7.0,5.0,,,,,,,2.0,0.0,Completed,1.07,9.0,1.09,9.31,1.09,9.33,1.08,8.16
25,Barcelona,Barcelona Open,2024-04-17,ATP500,Outdoor,Clay,2nd Round,3,Fils A.,Altmaier D.,36,66.0,1185,856.0,6.0,4.0,1.0,6.0,6.0,1.0,,,,,2.0,1.0,Completed,1.67,2.2,1.68,2.3,1.68,2.3,1.66,2.21
25,Barcelona,Barcelona Open,2024-04-18,ATP500,Outdoor,Clay,3rd Round,3,Norrie C.,Bautista Agut R.,31,84.0,1290,703.0,6.0,4.0,6.0,3.0,,,,,,,2.0,0.0,Completed,1.67,2.2,1.75,2.21,1.75,2.22,1.69,2.16
25,Barcelona,Barcelona Open,2024-04-18,ATP500,Outdoor,Clay,3rd Round,3,Etcheverry T.,Nakashima B.,30,87.0,1295,695.0,3.0,6.0,7.0,6.0,6.0,4.0,,,,,2.0,1.0,Completed,1.67,2.2,1.71,2.27,1.76,2.29,1.68,2.19
25,Barcelona,Barcelona Open,2024-04-18,ATP500,Outdoor,Clay,3rd Round,3,Lajovic D.,Davidovich Fokina A.,59,27.0,896,1395.0,7.0,6.0,3.0,6.0,6.0,1.0,,,,,2.0,1.0,Completed,2.2,1.67,2.38,1.65,2.38,1.73,2.24,1.65
25,Barcelona,Barcelona Open,2024-04-18,ATP500,Outdoor,Clay,3rd Round,3,Arnaldi M.,Trungelliti M.,40,197.0,1121,310.0,6.0,3.0,6.0,0.0,,,,,,,2.0,0.0,Completed,1.25,4.0,1.27,4.2,1.29,4.2,1.26,3.92
25,Barcelona,Barcelona Open,2024-04-18,ATP500,Outdoor,Clay,3rd Round,3,Ruud C.,Thompson J.,6,33.0,4025,1235.0,6.0,1.0,6.0,4.0,,,,,,,2.0,0.0,Completed,1.1,7.0,1.12,7.5,1.13,7.5,1.11,6.53
25,Barcelona,Barcelona Open,2024-04-18,ATP500,Outdoor,Clay,3rd Round,3,Diaz Acosta F.,Marozsan F.,53,39.0,958,1122.0,3.0,6.0,6.0,3.0,6.0,1.0,,,,,2.0,1.0,Completed,2.38,1.57,2.38,1.66,2.4,1.66,2.33,1.6
25,Barcelona,Barcelona Open,2024-04-18,ATP500,Outdoor,Clay,3rd Round,3,Tsitsipas S.,Carballes Baena R.,7,72.0,3995,771.0,7.0,5.0,6.0,3.0,,,,,,,2.0,0.0,Completed,1.14,5.5,1.17,5.91,1.17,5.95,1.15,5.42
25,Barcelona,Barcelona Open,2024-04-18,ATP500,Outdoor,Clay,3rd Round,3,Fils A.,De Minaur A.,36,11.0,1185,3510.0,7.0,5.0,6.0,2.0,,,,,,,2.0,0.0,Completed,3.75,1.29,3.64,1.33,3.75,1.33,3.58,1.29
25,Barcelona,Barcelona Open,2024-04-19,ATP500,Outdoor,Clay,Quarterfinals,3,Etcheverry T.,Norrie C.,30,31.0,1295,1290.0,7.0,6.0,7.0,6.0,,,,,,,2.0,0.0,Completed,2.1,1.73,2.11,1.82,2.12,1.82,2.08,1.75
25,Barcelona,Barcelona Open,2024-04-19,ATP500,Outdoor,Clay,Quarterfinals,3,Ruud C.,Arnaldi M.,6,40.0,4025,1121.0,6.0,4.0,6.0,3.0,,,,,,,2.0,0.0,Completed,1.29,3.75,1.28,4.06,1.31,4.06,1.27,3.77
25,Barcelona,Barcelona Open,2024-04-19,ATP500,Outdoor,Clay,Quarterfinals,3,Tsitsipas S.,Diaz Acosta F.,7,53.0,3995,958.0,4.0,6.0,6.0,3.0,7.0,6.0,,,,,2.0,1.0,Completed,1.14,5.5,1.18,5.69,1.18,6.15,1.14,5.57
25,Barcelona,Barcelona Open,2024-04-19,ATP500,Outdoor,Clay,Quarterfinals,3,Lajovic D.,Fils A.,59,36.0,896,1185.0,6.0,4.0,3.0,6.0,6.0,2.0,,,,,2.0,1.0,Completed,2.38,1.57,2.35,1.67,2.38,1.7,2.3,1.62
25,Barcelona,Barcelona Open,2024-04-20,ATP500,Outdoor,Clay,Semifinals,3,Ruud C.,Etcheverry T.,6,30.0,4025,1295.0,7.0,6.0,6.0,4.0,,,,,,,2.0,0.0,Completed,1.25,4.0,1.25,4.41,1.26,4.41,1.24,4.06
25,Barcelona,Barcelona Open,2024-04-20,ATP500,Outdoor,Clay,Semifinals,3,Tsitsipas S.,Lajovic D.,7,59.0,3995,896.0,5.0,7.0,6.0,4.0,6.0,2.0,,,,,2.0,1.0,Completed,1.2,4.5,1.23,4.69,1.23,4.69,1.21,4.41
25,Barcelona,Barcelona Open,2024-04-21,ATP500,Outdoor,Clay,The Final,3,Ruud C.,Tsitsipas S.,6,7.0,4025,3995.0,7.0,5.0,6.0,3.0,,,,,,,2.0,0.0,Completed,1.73,2.1,1.79,2.14,1.83,2.15,1.75,2.07
26,Bucharest,Tiriac Open,2024-04-15,ATP250,Outdoor,Clay,1st Round,3,Seyboth Wild T.,Nardi L.,67,81.0,831,718.0,6.0,3.0,6.0,7.0,7.0,6.0,,,,,2.0,1.0,Completed,1.67,2.2,1.65,2.35,1.74,2.4,1.66,2.19
26,Bucharest,Tiriac Open,2024-04-15,ATP250,Outdoor,Clay,1st Round,3,Navone M.,Darderi L.,52,64.0,976,875.0,6.0,2.0,6.0,3.0,,,,,,,2.0,0.0,Completed,2.0,1.8,2.14,1.78,2.14,1.8,2.05,1.75
26,Bucharest,Tiriac Open,2024-04-15,ATP250,Outdoor,Clay,1st Round,3,Rinderknech A.,Gaston H.,79,96.0,729,642.0,6.0,7.0,6.0,4.0,7.0,5.0,,,,,2.0,1.0,Completed,1.67,2.2,1.65,2.37,1.68,2.5,1.62,2.27
26,Bucharest,Tiriac Open,2024-04-15,ATP250,Outdoor,Clay,1st Round,3,Coria F.,Bonzi B.,83,182.0,711,336.0,6.0,4.0,6.0,2.0,,,,,,,2.0,0.0,Completed,1.5,2.63,1.43,2.98,1.52,3.0,1.43,2.76
26,Bucharest,Tiriac Open,2024-04-16,ATP250,Outdoor,Clay,1st Round,3,Fonseca J.,Sonego L.,276,51.0,207,986.0,7.0,6.0,7.0,5.0,,,,,,,2.0,0.0,Completed,3.4,1.33,3.06,1.42,3.4,1.42,3.13,1.35
26,Bucharest,Tiriac Open,2024-04-16,ATP250,Outdoor,Clay,1st Round,3,Fucsovics M.,Vacherot V.,82,136.0,712,464.0,7.0,6.0,6.0,2.0,,,,,,,2.0,0.0,Completed,1.3,3.5,1.32,3.67,1.32,3.67,1.29,3.47
26,Bucharest,Tiriac Open,2024-04-16,ATP250,Outdoor,Clay,1st Round,3,Albot R.,Kovacevic A.,139,97.0,459,638.0,7.0,6.0,4.0,6.0,6.0,1.0,,,,,2.0,1.0,Completed,1.62,2.3,1.6,2.49,1.65,2.49,1.58,2.34
26,Bucharest,Tiriac Open,2024-04-16,ATP250,Outdoor,Clay,1st Round,3,Moutet C.,Shapovalov D.,92,121.0,652,510.0,6.0,4.0,6.0,2.0,,,,,,,2.0,0.0,Completed,1.8,2.0,1.85,2.05,1.9,2.05,1.81,1.97
26,Bucharest,Tiriac Open,2024-04-16,ATP250,Outdoor,Clay,1st Round,3,Martinez P.,Taberner C.,57,352.0,897,144.0,6.0,1.0,3.0,6.0,6.0,3.0,,,,,2.0,1.0,Completed,1.22,4.33,1.26,4.21,1.26,4.4,1.23,4.03
26,Bucharest,Tiriac Open,2024-04-16,ATP250,Outdoor,Clay,1st Round,3,Borges N.,Wawrinka S.,55,86.0,911,697.0,3.0,6.0,7.0,5.0,6.0,2.0,,,,,2.0,1.0,Completed,1.62,2.3,1.58,2.53,1.62,2.53,1.57,2.37
26,Bucharest,Tiriac Open,2024-04-16,ATP250,Outdoor,Clay,1st Round,3,Kecmanovic M.,Goffin D.,60,100.0,895,621.0,6.0,4.0,3.0,6.0,6.0,3.0,,,,,2.0,1.0,Completed,1.53,2.5,1.58,2.52,1.58,2.55,1.54,2.43
26,Bucharest,Tiriac Open,2024-04-17,ATP250,Outdoor,Clay,1st Round,3,Barrere G.,Kokkinakis T.,128,94.0,482,650.0,7.0,5.0,6.0,3.0,,,,,,,2.0,0.0,Completed,1.91,1.91,1.89,2.0,1.91,2.0,1.87,1.92
26,Bucharest,Tiriac Open,2024-04-17,ATP250,Outdoor,Clay,2nd Round,3,Tabilo A.,Rinderknech A.,41,79.0,1101,729.0,6.0,3.0,6.0,4.0,,,,,,,2.0,0.0,Completed,1.53,2.5,1.56,2.62,1.57,2.62,1.52,2.49
26,Bucharest,Tiriac Open,2024-04-18,ATP250,Outdoor,Clay,2nd Round,3,Fonseca J.,Albot R.,276,139.0,207,459.0,7.0,6.0,6.0,2.0,,,,,,,2.0,0.0,Completed,1.67,2.2,1.69,2.29,1.69,2.29,1.66,2.21
26,Bucharest,Tiriac Open,2024-04-18,ATP250,Outdoor,Clay,2nd Round,3,Moutet C.,Borges N.,92,55.0,652,911.0,6.0,2.0,6.0,7.0,6.0,2.0,,,,,2.0,1.0,Completed,1.8,2.0,1.92,1.99,1.92,2.02,1.82,1.97
26,Bucharest,Tiriac Open,2024-04-18,ATP250,Outdoor,Clay,2nd Round,3,Fucsovics M.,Griekspoor T.,82,25.0,712,1505.0,7.0,5.0,6.0,1.0,,,,,,,2.0,0.0,Completed,2.0,1.8,2.21,1.75,2.21,1.8,2.1,1.73
26,Bucharest,Tiriac Open,2024-04-19,ATP250,Outdoor,Clay,2nd Round,3,Barrere G.,Korda S.,128,26.0,482,1485.0,6.0,4.0,6.0,4.0,,,,,,,2.0,0.0,Completed,4.5,1.2,4.55,1.25,4.55,1.25,4.22,1.22
26,Bucharest,Tiriac Open,2024-04-19,ATP250,Outdoor,Clay,2nd Round,3,Martinez P.,Kecmanovic M.,57,60.0,897,895.0,7.0,6.0,3.0,6.0,6.0,3.0,,,,,2.0,1.0,Completed,1.8,2.0,1.89,2.02,1.89,2.1,1.8,1.99
26,Bucharest,Tiriac Open,2024-04-19,ATP250,Outdoor,Clay,2nd Round,3,Navone M.,Seyboth Wild T.,52,67.0,976,831.0,6.0,3.0,2.0,6.0,7.0,5.0,,,,,2.0,1.0,Completed,1.73,2.1,1.79,2.14,1.8,2.14,1.74,2.06
26,Bucharest,Tiriac Open,2024-04-19,ATP250,Outdoor,Clay,2nd Round,3,Cerundolo F.,Coria F.,21,83.0,1720,711.0,7.0,5.0,6.0,1.0,,,,,,,2.0,0.0,Completed,1.5,2.63,1.58,2.54,1.58,2.63,1.53,2.47
26,Bucharest,Tiriac Open,2024-04-19,ATP250,Outdoor,Clay,Quarterfinals,3,Fucsovics M.,Moutet C.,82,92.0,712,652.0,4.0,6.0,6.0,4.0,6.0,1.0,,,,,2.0,1.0,Completed,1.8,2.0,1.81,2.12,1.9,2.12,1.79,2.0
26,Bucharest,Tiriac Open,2024-04-19,ATP250,Outdoor,Clay,Quarterfinals,3,Barrere G.,Martinez P.,128,57.0,482,897.0,6.0,7.0,6.0,3.0,6.0,4.0,,,,,2.0,1.0,Completed,2.75,1.44,2.7,1.52,2.8,1.55,2.66,1.47
26,Bucharest,Tiriac Open,2024-04-19,ATP250,Outdoor,Clay,Quarterfinals,3,Tabilo A.,Fonseca J.,41,276.0,1101,207.0,4.0,6.0,7.0,6.0,6.0,4.0,,,,,2.0,1.0,Completed,1.5,2.63,1.53,2.69,1.53,2.75,1.49,2.58
26,Bucharest,Tiriac Open,2024-04-20,ATP250,Outdoor,Clay,Quarterfinals,3,Navone M.,Cerundolo F.,52,21.0,976,1720.0,5.0,7.0,6.0,4.0,7.0,5.0,,,,,2.0,1.0,Completed,2.2,1.67,2.4,1.63,2.4,1.67,2.27,1.62
26,Bucharest,Tiriac Open,2024-04-20,ATP250,Outdoor,Clay,Semifinals,3,Fucsovics M.,Tabilo A.,82,41.0,712,1101.0,6.0,4.0,6.0,4.0,,,,,,,2.0,0.0,Completed,1.73,2.1,1.83,2.09,1.83,2.19,1.73,2.09
26,Bucharest,Tiriac Open,2024-04-20,ATP250,Outdoor,Clay,Semifinals,3,Navone M.,Barrere G.,52,128.0,976,482.0,6.0,3.0,6.0,4.0,,,,,,,2.0,0.0,Completed,1.5,2.63,1.55,2.6,1.55,2.78,1.51,2.54
26,Bucharest,Tiriac Open,2024-04-21,ATP250,Outdoor,Clay,The Final,3,Fucsovics M.,Navone M.,82,52.0,712,976.0,6.0,4.0,7.0,5.0,,,,,,,2.0,0.0,Completed,1.67,2.2,1.68,2.32,1.73,2.32,1.68,2.17
27,Munich,BMW Open,2024-04-15,ATP250,Outdoor,Clay,1st Round,3,Michelsen A.,Rehberg M.,70,473.0,790,87.0,7.0,6.0,6.0,3.0,,,,,,,2.0,0.0,Completed,1.36,3.2,1.43,3.03,1.43,3.2,1.39,2.97
27,Munich,BMW Open,2024-04-15,ATP250,Outdoor,Clay,1st Round,3,Draper J.,Kopriva V.,46,119.0,1066,520.0,6.0,1.0,5.0,7.0,6.0,4.0,,,,,2.0,1.0,Completed,1.17,5.0,1.22,4.72,1.22,5.0,1.19,4.52
27,Munich,BMW Open,2024-04-15,ATP250,Outdoor,Clay,1st Round,3,Moro Canas A.,Thiem D.,240,105.0,243,601.0,6.0,4.0,6.0,4.0,,,,,,,2.0,0.0,Completed,2.5,1.53,2.63,1.54,2.63,1.56,2.47,1.53
27,Munich,BMW Open,2024-04-15,ATP250,Outdoor,Clay,1st Round,3,Molleker R.,Passaro F.,179,235.0,341,252.0,6.0,4.0,6.0,2.0,,,,,,,2.0,0.0,Completed,2.1,1.73,2.1,1.81,2.12,1.81,2.04,1.76
27,Munich,BMW Open,2024-04-16,ATP250,Outdoor,Clay,1st Round,3,Rodionov J.,Vukic A.,118,65.0,520,857.0,6.0,2.0,6.0,3.0,,,,,,,2.0,0.0,Completed,2.2,1.67,2.23,1.72,2.25,1.72,2.18,1.66
27,Munich,BMW Open,2024-04-16,ATP250,Outdoor,Clay,1st Round,3,Daniel T.,O Connell C.,85,58.0,702,896.0,6.0,3.0,6.0,4.0,,,,,,,2.0,0.0,Completed,2.5,1.53,2.59,1.55,2.59,1.55,2.49,1.52
27,Munich,BMW Open,2024-04-16,ATP250,Outdoor,Clay,1st Round,3,Garin C.,Koepfer D.,106,54.0,598,938.0,7.0,6.0,6.0,3.0,,,,,,,2.0,0.0,Completed,1.91,1.91,2.04,1.85,2.04,2.0,1.91,1.87
27,Munich,BMW Open,2024-04-16,ATP250,Outdoor,Clay,1st Round,3,Galan D.E.,Ugo Carabelli C.,93,109.0,651,579.0,7.0,6.0,6.0,4.0,,,,,,,2.0,0.0,Completed,2.0,1.8,2.0,1.89,2.05,1.9,1.97,1.82
27,Munich,BMW Open,2024-04-16,ATP250,Outdoor,Clay,1st Round,3,Auger-Aliassime F.,Marterer M.,34,101.0,1200,616.0,6.0,7.0,7.0,6.0,7.0,6.0,,,,,2.0,1.0,Completed,1.2,4.5,1.23,4.59,1.25,4.59,1.21,4.31
27,Munich,BMW Open,2024-04-16,ATP250,Outdoor,Clay,1st Round,3,Van De Zandschulp B.,Gakhov I.,89,280.0,670,202.0,6.0,4.0,2.0,6.0,6.0,3.0,,,,,2.0,1.0,Completed,1.25,4.0,1.31,3.79,1.31,4.0,1.28,3.62
27,Munich,BMW Open,2024-04-16,ATP250,Outdoor,Clay,1st Round,3,Hanfmann Y.,Shevchenko A.,61,63.0,894,879.0,6.0,7.0,6.0,3.0,7.0,5.0,,,,,2.0,1.0,Completed,1.67,2.2,1.73,2.22,1.75,2.22,1.7,2.11
27,Munich,BMW Open,2024-04-16,ATP250,Outdoor,Clay,1st Round,3,Huesler M.A.,Topo M.,223,320.0,266,165.0,3.0,6.0,6.0,1.0,6.0,3.0,,,,,2.0,1.0,Completed,1.33,3.4,1.36,3.37,1.38,3.4,1.34,3.21
27,Munich,BMW Open,2024-04-17,ATP250,Outdoor,Clay,2nd Round,3,Draper J.,Molleker R.,46,179.0,1066,341.0,4.0,6.0,6.0,1.0,6.0,1.0,,,,,2.0,1.0,Completed,1.22,4.33,1.25,4.46,1.25,4.46,1.23,4.16
27,Munich,BMW Open,2024-04-17,ATP250,Outdoor,Clay,2nd Round,3,Zverev A.,Rodionov J.,5,118.0,5425,520.0,7.0,6.0,6.0,2.0,,,,,,,2.0,0.0,Completed,1.08,8.0,1.08,10.41,1.09,10.41,1.07,8.07
27,Munich,BMW Open,2024-04-18,ATP250,Outdoor,Clay,2nd Round,3,Garin C.,Michelsen A.,106,70.0,598,790.0,6.0,7.0,6.0,2.0,6.0,1.0,,,,,2.0,1.0,Completed,1.33,3.4,1.37,3.39,1.37,3.4,1.34,3.21
27,Munich,BMW Open,2024-04-18,ATP250,Outdoor,Clay,2nd Round,3,Fritz T.,Moro Canas A.,15,240.0,2450,243.0,6.0,3.0,6.0,1.0,,,,,,,2.0,0.0,Completed,1.2,4.5,1.22,4.93,1.22,4.93,1.2,4.45
27,Munich,BMW Open,2024-04-18,ATP250,Outdoor,Clay,2nd Round,3,Rune H.,Galan D.E.,12,93.0,3395,651.0,6.0,4.0,6.0,2.0,,,,,,,2.0,0.0,Completed,1.14,5.5,1.15,6.41,1.16,6.41,1.14,5.57
27,Munich,BMW Open,2024-04-18,ATP250,Outdoor,Clay,2nd Round,3,Huesler M.A.,Hanfmann Y.,223,61.0,266,894.0,6.0,2.0,6.0,4.0,,,,,,,2.0,0.0,Completed,2.2,1.67,2.26,1.72,2.26,1.73,2.18,1.67
27,Munich,BMW Open,2024-04-18,ATP250,Outdoor,Clay,2nd Round,3,Struff J.L.,Van De Zandschulp B.,28,89.0,1388,670.0,7.0,6.0,6.0,4.0,,,,,,,2.0,0.0,Completed,1.44,2.75,1.53,2.69,1.53,2.78,1.48,2.62
27,Munich,BMW Open,2024-04-18,ATP250,Outdoor,Clay,2nd Round,3,Auger-Aliassime F.,Daniel T.,34,85.0,1200,702.0,6.0,3.0,6.0,2.0,,,,,,,2.0,0.0,Completed,1.33,3.4,1.32,3.72,1.33,3.73,1.31,3.37
27,Munich,BMW Open,2024-04-19,ATP250,Outdoor,Clay,Quarterfinals,3,Fritz T.,Draper J.,15,46.0,2450,1066.0,4.0,6.0,6.0,3.0,7.0,6.0,,,,,2.0,1.0,Completed,1.67,2.2,1.72,2.26,1.74,2.26,1.67,2.17
27,Munich,BMW Open,2024-04-19,ATP250,Outdoor,Clay,Quarterfinals,3,Garin C.,Zverev A.,106,5.0,598,5425.0,6.0,4.0,6.0,4.0,,,,,,,2.0,0.0,Completed,5.0,1.17,5.44,1.19,5.44,1.2,4.85,1.18
27,Munich,BMW Open,2024-04-19,ATP250,Outdoor,Clay,Quarterfinals,3,Rune H.,Huesler M.A.,12,223.0,3395,266.0,6.0,4.0,7.0,6.0,,,,,,,2.0,0.0,Completed,1.2,4.5,1.21,5.08,1.22,5.08,1.19,4.55
27,Munich,BMW Open,2024-04-20,ATP250,Outdoor,Clay,Quarterfinals,3,Struff J.L.,Auger-Aliassime F.,28,34.0,1388,1200.0,7.0,5.0,6.0,4.0,,,,,,,2.0,0.0,Completed,1.91,1.91,2.05,1.86,2.05,1.95,1.91,1.9
27,Munich,BMW Open,2024-04-20,ATP250,Outdoor,Clay,Semifinals,3,Fritz T.,Garin C.,15,106.0,2450,598.0,6.0,3.0,6.0,4.0,,,,,,,2.0,0.0,Completed,1.53,2.5,1.56,2.62,1.57,2.62,1.53,2.46
27,Munich,BMW Open,2024-04-20,ATP250,Outdoor,Clay,Semifinals,3,Struff J.L.,Rune H.,28,12.0,1388,3395.0,6.0,2.0,6.0,0.0,,,,,,,2.0,0.0,Completed,2.63,1.5,2.68,1.53,2.68,1.53,2.54,1.5
27,Munich,BMW Open,2024-04-21,ATP250,Outdoor,Clay,The Final,3,Struff J.L.,Fritz T.,28,15.0,1388,2450.0,7.0,5.0,6.0,3.0,,,,,,,2.0,0.0,Completed,2.1,1.73,2.14,1.79,2.21,1.79,2.1,1.72
28,Madrid,Mutua Madrid Open,2024-04-24,Masters 1000,Outdoor,Clay,1st Round,3,Munar J.,Borges N.,73,56.0,785,916.0,7.0,5.0,6.0,4.0,,,,,,,2.0,0.0,Completed,1.67,2.2,1.71,2.24,1.75,2.28,1.68,2.17
28,Madrid,Mutua Madrid Open,2024-04-24,Masters 1000,Outdoor,Clay,1st Round,3,Navone M.,Popyrin A.,41,46.0,1141,1057.0,7.0,5.0,6.0,2.0,,,,,,,2.0,0.0,Completed,2.1,1.73,2.2,1.74,2.2,1.75,2.11,1.72
28,Madrid,Mutua Madrid Open,2024-04-24,Masters 1000,Outdoor,Clay,1st Round,3,Daniel T.,Vukic A.,85,62.0,717,857.0,6.0,2.0,6.0,7.0,6.0,1.0,,,,,2.0,1.0,Completed,1.91,1.91,1.97,1.92,2.03,2.0,1.89,1.9
28,Madrid,Mutua Madrid Open,2024-04-24,Masters 1000,Outdoor,Clay,1st Round,3,Seyboth Wild T.,Safiullin R.,63,42.0,849,1139.0,6.0,4.0,6.0,4.0,,,,,,,2.0,0.0,Completed,1.73,2.1,1.85,2.05,1.85,2.1,1.8,2.0
28,Madrid,Mutua Madrid Open,2024-04-24,Masters 1000,Outdoor,Clay,1st Round,3,Altmaier D.,Landaluce M.,61,322.0,871,160.0,6.0,1.0,7.0,5.0,,,,,,,2.0,0.0,Completed,1.33,3.4,1.36,3.41,1.36,3.5,1.33,3.28
28,Madrid,Mutua Madrid Open,2024-04-24,Masters 1000,Outdoor,Clay,1st Round,3,Shevchenko A.,Rinderknech A.,59,77.0,879,744.0,6.0,4.0,5.0,7.0,6.0,3.0,,,,,2.0,1.0,Completed,2.0,1.8,2.04,1.85,2.04,1.86,1.98,1.81
28,Madrid,Mutua Madrid Open,2024-04-24,Masters 1000,Outdoor,Clay,1st Round,3,Van Assche L.,Bergs Z.,99,103.0,630,597.0,6.0,4.0,6.0,7.0,6.0,1.0,,,,,2.0,1.0,Completed,1.67,2.2,1.71,2.25,1.79,2.25,1.68,2.17
28,Madrid,Mutua Madrid Open,2024-04-24,Masters 1000,Outdoor,Clay,1st Round,3,Darderi L.,Monfils G.,60,40.0,875,1142.0,6.0,4.0,6.0,2.0,,,,,,,2.0,0.0,Completed,2.3,1.62,2.24,1.72,2.38,1.72,2.21,1.66
28,Madrid,Mutua Madrid Open,2024-04-24,Masters 1000,Outdoor,Clay,1st Round,3,Marozsan F.,Karatsev A.,37,48.0,1164,1041.0,7.0,6.0,7.0,6.0,,,,,,,2.0,0.0,Completed,1.14,5.5,1.22,4.84,1.25,5.5,1.2,4.54
28,Madrid,Mutua Madrid Open,2024-04-24,Masters 1000,Outdoor,Clay,1st Round,3,Coric B.,Hassan B.,34,159.0,1244,395.0,6.0,7.0,7.0,5.0,6.0,3.0,,,,,2.0,1.0,Completed,1.3,3.5,1.32,3.66,1.35,3.66,1.3,3.46
28,Madrid,Mutua Madrid Open,2024-04-24,Masters 1000,Outdoor,Clay,1st Round,3,Draper J.,Kokkinakis T.,43,93.0,1106,650.0,6.0,3.0,3.0,6.0,7.0,5.0,,,,,2.0,1.0,Completed,1.53,2.5,1.56,2.59,1.58,2.64,1.53,2.49
28,Madrid,Mutua Madrid Open,2024-04-24,Masters 1000,Outdoor,Clay,1st Round,3,Bagnis F.,Nakashima B.,136,81.0,460,725.0,6.0,3.0,7.0,6.0,,,,,,,2.0,0.0,Completed,3.0,1.4,2.87,1.47,3.0,1.48,2.77,1.44
28,Madrid,Mutua Madrid Open,2024-04-24,Masters 1000,Outdoor,Clay,1st Round,3,Van De Zandschulp B.,Eubanks C.,115,44.0,545,1087.0,6.0,3.0,6.0,3.0,,,,,,,2.0,0.0,Completed,1.33,3.4,1.34,3.56,1.37,3.56,1.32,3.33
28,Madrid,Mutua Madrid Open,2024-04-24,Masters 1000,Outdoor,Clay,1st Round,3,Klein L.,Llamas Ruiz P.,120,146.0,524,434.0,6.0,1.0,4.0,6.0,7.0,6.0,,,,,2.0,1.0,Completed,1.91,1.91,1.93,1.96,1.96,1.96,1.89,1.9
28,Madrid,Mutua Madrid Open,2024-04-24,Masters 1000,Outdoor,Clay,1st Round,3,Shang J.,Moutet C.,111,88.0,560,695.0,6.0,7.0,6.0,2.0,7.0,6.0,,,,,2.0,1.0,Completed,2.38,1.57,2.42,1.63,2.55,1.63,2.39,1.57
28,Madrid,Mutua Madrid Open,2024-04-24,Masters 1000,Outdoor,Clay,1st Round,3,Shapovalov D.,Diaz Acosta F.,132,47.0,465,1048.0,6.0,4.0,3.0,6.0,6.0,3.0,,,,,2.0,1.0,Completed,2.38,1.57,2.35,1.65,2.4,1.65,2.29,1.61
28,Madrid,Mutua Madrid Open,2024-04-25,Masters 1000,Outdoor,Clay,1st Round,3,Cachin P.,Ofner S.,91,45.0,653,1076.0,6.0,3.0,6.0,3.0,,,,,,,2.0,0.0,Completed,2.75,1.44,2.65,1.53,2.75,1.54,2.59,1.49
28,Madrid,Mutua Madrid Open,2024-04-25,Masters 1000,Outdoor,Clay,1st Round,3,Cobolli F.,Tabilo A.,64,38.0,848,1151.0,5.0,7.0,6.0,4.0,6.0,4.0,,,,,2.0,1.0,Completed,2.38,1.57,2.33,1.67,2.5,1.67,2.33,1.59
28,Madrid,Mutua Madrid Open,2024-04-25,Masters 1000,Outdoor,Clay,1st Round,3,Auger-Aliassime F.,Nishioka Y.,35,78.0,1240,743.0,4.0,6.0,6.0,1.0,6.0,4.0,,,,,2.0,1.0,Completed,1.22,4.33,1.25,4.32,1.27,4.6,1.22,4.18
28,Madrid,Mutua Madrid Open,2024-04-25,Masters 1000,Outdoor,Clay,1st Round,3,Machac T.,Ruusuvuori E.,50,71.0,1013,795.0,6.0,4.0,1.0,6.0,6.0,2.0,,,,,2.0,1.0,Completed,1.5,2.63,1.53,2.65,1.54,2.75,1.49,2.6
28,Madrid,Mutua Madrid Open,2024-04-25,Masters 1000,Outdoor,Clay,1st Round,3,Purcell M.,Giron M.,80,51.0,731,995.0,4.0,6.0,6.0,4.0,7.0,6.0,,,,,2.0,1.0,Completed,3.75,1.29,3.73,1.31,3.8,1.39,3.55,1.29
28,Madrid,Mutua Madrid Open,2024-04-25,Masters 1000,Outdoor,Clay,1st Round,3,Sonego L.,Gasquet R.,52,116.0,976,545.0,6.0,2.0,7.0,5.0,,,,,,,2.0,0.0,Completed,1.44,2.75,1.49,2.81,1.5,2.81,1.46,2.67
28,Madrid,Mutua Madrid Open,2024-04-25,Masters 1000,Outdoor,Clay,1st Round,3,Monteiro T.,Lajovic D.,118,65.0,545,846.0,6.0,4.0,6.0,3.0,,,,,,,2.0,0.0,Completed,2.5,1.53,2.55,1.57,2.8,1.57,2.55,1.51
28,Madrid,Mutua Madrid Open,2024-04-25,Masters 1000,Outdoor,Clay,1st Round,3,Arnaldi M.,O Connell C.,36,67.0,1191,822.0,6.0,4.0,6.0,1.0,,,,,,,2.0,0.0,Completed,1.33,3.4,1.35,3.46,1.4,3.5,1.34,3.22
28,Madrid,Mutua Madrid Open,2024-04-25,Masters 1000,Outdoor,Clay,1st Round,3,Bautista Agut R.,Galan D.E.,86,89.0,708,666.0,7.0,6.0,4.0,6.0,6.0,1.0,,,,,2.0,1.0,Completed,1.4,3.0,1.4,3.16,1.44,3.16,1.4,2.91
28,Madrid,Mutua Madrid Open,2024-04-25,Masters 1000,Outdoor,Clay,1st Round,3,Mensik J.,Hanfmann Y.,74,58.0,766,899.0,6.0,4.0,7.0,6.0,,,,,,,2.0,0.0,Completed,1.73,2.1,1.81,2.1,1.81,2.25,1.74,2.08
28,Madrid,Mutua Madrid Open,2024-04-25,Masters 1000,Outdoor,Clay,1st Round,3,Kecmanovic M.,Zhang Zh.,66,49.0,830,1038.0,6.0,3.0,6.0,2.0,,,,,,,2.0,0.0,Completed,1.67,2.2,1.74,2.2,1.78,2.22,1.68,2.17
28,Madrid,Mutua Madrid Open,2024-04-25,Masters 1000,Outdoor,Clay,1st Round,3,Kotov P.,Ramos-Vinolas A.,72,105.0,787,590.0,6.0,3.0,6.0,4.0,,,,,,,2.0,0.0,Completed,1.62,2.3,1.69,2.29,1.69,2.35,1.64,2.24
28,Madrid,Mutua Madrid Open,2024-04-25,Masters 1000,Outdoor,Clay,1st Round,3,Medjedovic H.,Kovacevic A.,130,97.0,475,638.0,4.0,6.0,7.0,5.0,6.0,4.0,,,,,2.0,1.0,Completed,1.44,2.75,1.5,2.76,1.52,3.0,1.47,2.65
28,Madrid,Mutua Madrid Open,2024-04-25,Masters 1000,Outdoor,Clay,1st Round,3,Nadal R.,Blanch D.,512,622.0,75,54.0,6.0,1.0,6.0,0.0,,,,,,,2.0,0.0,Completed,1.04,13.0,1.05,15.34,1.09,15.34,1.03,11.76
28,Madrid,Mutua Madrid Open,2024-04-25,Masters 1000,Outdoor,Clay,1st Round,3,Fonseca J.,Michelsen A.,242,70.0,241,799.0,4.0,6.0,6.0,0.0,6.0,2.0,,,,,2.0,1.0,Completed,1.57,2.38,1.57,2.56,1.62,2.6,1.54,2.44
28,Madrid,Mutua Madrid Open,2024-04-25,Masters 1000,Outdoor,Clay,1st Round,3,Carballes Baena R.,Koepfer D.,68,54.0,821,938.0,6.0,1.0,3.0,6.0,7.0,6.0,,,,,2.0,1.0,Completed,1.53,2.5,1.63,2.4,1.65,2.54,1.59,2.34
28,Madrid,Mutua Madrid Open,2024-04-26,Masters 1000,Outdoor,Clay,2nd Round,3,Paul T.,Klein L.,16,120.0,2350,524.0,6.0,7.0,6.0,1.0,6.0,4.0,,,,,2.0,1.0,Completed,1.62,2.3,1.76,2.19,1.76,2.45,1.65,2.23
28,Madrid,Mutua Madrid Open,2024-04-26,Masters 1000,Outdoor,Clay,2nd Round,3,Seyboth Wild T.,Musetti L.,63,29.0,849,1355.0,6.0,4.0,6.0,4.0,,,,,,,2.0,0.0,Completed,2.3,1.62,2.43,1.63,2.43,1.67,2.27,1.63
28,Madrid,Mutua Madrid Open,2024-04-26,Masters 1000,Outdoor,Clay,2nd Round,3,Cerundolo F.,Marozsan F.,22,37.0,1680,1164.0,6.0,2.0,7.0,6.0,,,,,,,2.0,0.0,Completed,2.2,1.67,2.24,1.73,2.24,1.85,2.14,1.7
28,Madrid,Mutua Madrid Open,2024-04-26,Masters 1000,Outdoor,Clay,2nd Round,3,Rublev A.,Bagnis F.,8,136.0,3830,460.0,6.0,1.0,6.0,4.0,,,,,,,2.0,0.0,Completed,1.2,4.5,1.23,4.66,1.26,6.0,1.2,4.54
28,Madrid,Mutua Madrid Open,2024-04-26,Masters 1000,Outdoor,Clay,2nd Round,3,Altmaier D.,Fils A.,61,32.0,871,1273.0,6.0,2.0,6.0,3.0,,,,,,,2.0,0.0,Completed,2.38,1.57,2.38,1.65,2.4,1.65,2.31,1.61
28,Madrid,Mutua Madrid Open,2024-04-26,Masters 1000,Outdoor,Clay,2nd Round,3,Davidovich Fokina A.,Shang J.,28,111.0,1355,560.0,7.0,5.0,6.0,3.0,,,,,,,2.0,0.0,Completed,1.44,2.75,1.49,2.85,1.5,2.85,1.45,2.72
28,Madrid,Mutua Madrid Open,2024-04-26,Masters 1000,Outdoor,Clay,2nd Round,3,Shapovalov D.,Etcheverry T.,132,27.0,465,1475.0,7.0,6.0,6.0,3.0,,,,,,,2.0,0.0,Completed,2.5,1.53,2.51,1.6,2.62,1.62,2.44,1.55
28,Madrid,Mutua Madrid Open,2024-04-26,Masters 1000,Outdoor,Clay,2nd Round,3,Baez S.,Van Assche L.,19,99.0,1955,630.0,6.0,4.0,6.0,7.0,6.0,3.0,,,,,2.0,1.0,Completed,1.4,3.0,1.46,2.95,1.46,3.13,1.42,2.84
28,Madrid,Mutua Madrid Open,2024-04-26,Masters 1000,Outdoor,Clay,2nd Round,3,Hurkacz H.,Draper J.,9,43.0,3675,1106.0,6.0,1.0,7.0,5.0,,,,,,,2.0,0.0,Completed,1.67,2.2,1.75,2.21,1.75,2.45,1.67,2.2
28,Madrid,Mutua Madrid Open,2024-04-26,Masters 1000,Outdoor,Clay,2nd Round,3,Alcaraz C.,Shevchenko A.,3,59.0,8145,879.0,6.0,2.0,6.0,1.0,,,,,,,2.0,0.0,Completed,1.05,11.0,1.05,14.46,1.07,15.0,1.04,11.18
28,Madrid,Mutua Madrid Open,2024-04-26,Masters 1000,Outdoor,Clay,2nd Round,3,Fritz T.,Darderi L.,13,60.0,2560,875.0,7.0,6.0,6.0,4.0,,,,,,,2.0,0.0,Completed,1.44,2.75,1.45,3.0,1.5,3.0,1.44,2.77
28,Madrid,Mutua Madrid Open,2024-04-26,Masters 1000,Outdoor,Clay,2nd Round,3,Humbert U.,Van De Zandschulp B.,14,115.0,2535,545.0,6.0,3.0,6.0,3.0,,,,,,,2.0,0.0,Completed,1.4,3.0,1.43,3.09,1.44,3.13,1.39,2.97
28,Madrid,Mutua Madrid Open,2024-04-26,Masters 1000,Outdoor,Clay,2nd Round,3,Rune H.,Navone M.,12,41.0,3245,1141.0,5.0,7.0,7.0,6.0,6.0,4.0,,,,,2.0,1.0,Completed,1.4,3.0,1.39,3.28,1.41,3.3,1.37,3.05
28,Madrid,Mutua Madrid Open,2024-04-26,Masters 1000,Outdoor,Clay,2nd Round,3,Struff J.L.,Munar J.,24,73.0,1628,785.0,6.0,1.0,7.0,5.0,,,,,,,2.0,0.0,Completed,1.5,2.63,1.53,2.71,1.53,2.75,1.49,2.6
28,Madrid,Mutua Madrid Open,2024-04-26,Masters 1000,Outdoor,Clay,2nd Round,3,Griekspoor T.,Daniel T.,25,85.0,1505,717.0,4.0,6.0,6.0,3.0,6.0,4.0,,,,,2.0,1.0,Completed,1.4,3.0,1.42,3.1,1.43,3.1,1.4,2.93
28,Madrid,Mutua Madrid Open,2024-04-26,Masters 1000,Outdoor,Clay,2nd Round,3,Zverev A.,Coric B.,5,34.0,5425,1244.0,6.0,3.0,6.0,2.0,,,,,,,2.0,0.0,Completed,1.2,4.5,1.22,4.93,1.25,4.97,1.2,4.46
28,Madrid,Mutua Madrid Open,2024-04-27,Masters 1000,Outdoor,Clay,2nd Round,3,Monteiro T.,Tsitsipas S.,118,7.0,545,4030.0,6.0,4.0,6.0,4.0,,,,,,,2.0,0.0,Completed,6.0,1.13,6.33,1.16,6.33,1.16,5.66,1.14
28,Madrid,Mutua Madrid Open,2024-04-27,Masters 1000,Outdoor,Clay,2nd Round,3,Korda S.,Purcell M.,26,80.0,1485,731.0,6.0,3.0,6.0,3.0,,,,,,,2.0,0.0,Completed,1.13,6.0,1.17,5.98,1.19,6.0,1.14,5.47
28,Madrid,Mutua Madrid Open,2024-04-27,Masters 1000,Outdoor,Clay,2nd Round,3,Lehecka J.,Medjedovic H.,31,130.0,1305,475.0,7.0,5.0,6.0,4.0,,,,,,,2.0,0.0,Completed,1.73,2.1,1.77,2.18,1.85,2.18,1.78,2.02
28,Madrid,Mutua Madrid Open,2024-04-27,Masters 1000,Outdoor,Clay,2nd Round,3,Sinner J.,Sonego L.,2,52.0,8660,976.0,6.0,0.0,6.0,3.0,,,,,,,2.0,0.0,Completed,1.04,13.0,1.05,15.37,1.05,15.37,1.04,11.47
28,Madrid,Mutua Madrid Open,2024-04-27,Masters 1000,Outdoor,Clay,2nd Round,3,Cachin P.,Tiafoe F.,91,21.0,653,1685.0,7.0,6.0,3.0,6.0,6.0,4.0,,,,,2.0,1.0,Completed,2.5,1.53,2.68,1.54,2.7,1.58,2.57,1.5
28,Madrid,Mutua Madrid Open,2024-04-27,Masters 1000,Outdoor,Clay,2nd Round,3,Kotov P.,Thompson J.,72,33.0,787,1256.0,5.0,7.0,6.0,4.0,7.0,5.0,,,,,2.0,1.0,Completed,1.67,2.2,1.74,2.23,1.74,2.25,1.68,2.16
28,Madrid,Mutua Madrid Open,2024-04-27,Masters 1000,Outdoor,Clay,2nd Round,3,Nadal R.,De Minaur A.,512,11.0,75,3470.0,7.0,6.0,6.0,3.0,,,,,,,2.0,0.0,Completed,2.2,1.67,2.42,1.63,2.52,1.7,2.29,1.62
28,Madrid,Mutua Madrid Open,2024-04-27,Masters 1000,Outdoor,Clay,2nd Round,3,Medvedev D.,Arnaldi M.,4,36.0,7085,1191.0,2.0,6.0,6.0,4.0,6.0,4.0,,,,,2.0,1.0,Completed,1.5,2.63,1.51,2.78,1.53,2.78,1.48,2.64
28,Madrid,Mutua Madrid Open,2024-04-27,Masters 1000,Outdoor,Clay,2nd Round,3,Bublik A.,Carballes Baena R.,18,68.0,1992,821.0,1.0,6.0,6.0,2.0,6.0,2.0,,,,,2.0,1.0,Completed,3.0,1.4,3.08,1.43,3.19,1.46,2.9,1.41
28,Madrid,Mutua Madrid Open,2024-04-27,Masters 1000,Outdoor,Clay,2nd Round,3,Mensik J.,Dimitrov G.,74,10.0,766,3640.0,6.0,2.0,6.0,7.0,6.0,3.0,,,,,2.0,1.0,Completed,3.4,1.33,3.43,1.36,3.53,1.36,3.28,1.33
28,Madrid,Mutua Madrid Open,2024-04-27,Masters 1000,Outdoor,Clay,2nd Round,3,Khachanov K.,Bautista Agut R.,17,86.0,2080,708.0,3.0,6.0,6.0,3.0,7.0,5.0,,,,,2.0,1.0,Completed,1.44,2.75,1.47,2.91,1.48,2.95,1.44,2.77
28,Madrid,Mutua Madrid Open,2024-04-27,Masters 1000,Outdoor,Clay,2nd Round,3,Auger-Aliassime F.,Mannarino A.,35,20.0,1240,1875.0,6.0,0.0,6.0,4.0,,,,,,,2.0,0.0,Completed,1.11,6.5,1.15,6.42,1.18,6.5,1.13,5.85
28,Madrid,Mutua Madrid Open,2024-04-27,Masters 1000,Outdoor,Clay,2nd Round,3,Cobolli F.,Jarry N.,64,23.0,848,1675.0,6.0,3.0,3.0,6.0,6.0,3.0,,,,,2.0,1.0,Completed,2.5,1.53,2.64,1.55,2.64,1.59,2.52,1.52
28,Madrid,Mutua Madrid Open,2024-04-27,Masters 1000,Outdoor,Clay,2nd Round,3,Shelton B.,Machac T.,15,50.0,2480,1013.0,6.0,0.0,6.0,2.0,,,,,,,2.0,0.0,Completed,1.73,2.1,1.73,2.24,1.73,2.24,1.68,2.17
28,Madrid,Mutua Madrid Open,2024-04-27,Masters 1000,Outdoor,Clay,2nd Round,3,Norrie C.,Fonseca J.,30,242.0,1345,241.0,6.0,1.0,6.0,4.0,,,,,,,2.0,0.0,Completed,1.5,2.63,1.56,2.6,1.63,2.63,1.53,2.48
28,Madrid,Mutua Madrid Open,2024-04-27,Masters 1000,Outdoor,Clay,2nd Round,3,Ruud C.,Kecmanovic M.,6,66.0,4480,830.0,6.0,4.0,6.0,1.0,,,,,,,2.0,0.0,Completed,1.17,5.0,1.17,5.91,1.18,5.91,1.16,5.21
28,Madrid,Mutua Madrid Open,2024-04-28,Masters 1000,Outdoor,Clay,3rd Round,3,Struff J.L.,Humbert U.,24,14.0,1628,2535.0,7.0,5.0,6.0,4.0,,,,,,,2.0,0.0,Completed,1.67,2.2,1.64,2.42,1.68,2.5,1.63,2.26
28,Madrid,Mutua Madrid Open,2024-04-28,Masters 1000,Outdoor,Clay,3rd Round,3,Griekspoor T.,Rune H.,25,12.0,1505,3245.0,6.0,4.0,4.0,6.0,6.0,3.0,,,,,2.0,1.0,Completed,2.75,1.44,2.96,1.46,2.96,1.49,2.81,1.43
28,Madrid,Mutua Madrid Open,2024-04-28,Masters 1000,Outdoor,Clay,3rd Round,3,Rublev A.,Davidovich Fokina A.,8,28.0,3830,1355.0,7.0,6.0,6.0,4.0,,,,,,,2.0,0.0,Completed,1.44,2.75,1.51,2.75,1.51,2.77,1.47,2.66
28,Madrid,Mutua Madrid Open,2024-04-28,Masters 1000,Outdoor,Clay,3rd Round,3,Hurkacz H.,Altmaier D.,9,61.0,3675,871.0,6.0,4.0,7.0,6.0,,,,,,,2.0,0.0,Completed,1.3,3.5,1.32,3.74,1.36,3.74,1.3,3.46
28,Madrid,Mutua Madrid Open,2024-04-28,Masters 1000,Outdoor,Clay,3rd Round,3,Alcaraz C.,Seyboth Wild T.,3,63.0,8145,849.0,6.0,3.0,6.0,3.0,,,,,,,2.0,0.0,Completed,1.07,9.0,1.1,9.04,1.11,9.04,1.09,7.6
28,Madrid,Mutua Madrid Open,2024-04-28,Masters 1000,Outdoor,Clay,3rd Round,3,Fritz T.,Baez S.,13,19.0,2560,1955.0,6.0,2.0,6.0,3.0,,,,,,,2.0,0.0,Completed,1.57,2.38,1.54,2.67,1.57,2.67,1.51,2.54
28,Madrid,Mutua Madrid Open,2024-04-28,Masters 1000,Outdoor,Clay,3rd Round,3,Cerundolo F.,Paul T.,22,16.0,1680,2350.0,6.0,7.0,6.0,4.0,6.0,2.0,,,,,2.0,1.0,Completed,1.67,2.2,1.75,2.21,1.75,2.25,1.69,2.16
28,Madrid,Mutua Madrid Open,2024-04-28,Masters 1000,Outdoor,Clay,3rd Round,3,Zverev A.,Shapovalov D.,5,132.0,5425,465.0,6.0,4.0,7.0,5.0,,,,,,,2.0,0.0,Completed,1.17,5.0,1.19,5.53,1.24,5.53,1.18,4.86
28,Madrid,Mutua Madrid Open,2024-04-29,Masters 1000,Outdoor,Clay,3rd Round,3,Bublik A.,Shelton B.,18,15.0,1992,2480.0,3.0,6.0,7.0,6.0,6.0,4.0,,,,,2.0,1.0,Completed,3.2,1.36,3.28,1.39,3.37,1.4,3.13,1.36
28,Madrid,Mutua Madrid Open,2024-04-29,Masters 1000,Outdoor,Clay,3rd Round,3,Lehecka J.,Monteiro T.,31,118.0,1305,545.0,6.0,4.0,7.0,6.0,,,,,,,2.0,0.0,Completed,1.53,2.5,1.6,2.52,1.63,2.52,1.55,2.43
28,Madrid,Mutua Madrid Open,2024-04-29,Masters 1000,Outdoor,Clay,3rd Round,3,Medvedev D.,Korda S.,4,26.0,7085,1485.0,5.0,7.0,7.0,6.0,6.0,3.0,,,,,2.0,1.0,Completed,1.5,2.63,1.54,2.67,1.54,2.74,1.5,2.58
28,Madrid,Mutua Madrid Open,2024-04-29,Masters 1000,Outdoor,Clay,3rd Round,3,Nadal R.,Cachin P.,512,91.0,75,653.0,6.0,1.0,6.0,7.0,6.0,3.0,,,,,2.0,1.0,Completed,1.14,5.5,1.16,6.24,1.21,6.24,1.15,5.31
28,Madrid,Mutua Madrid Open,2024-04-29,Masters 1000,Outdoor,Clay,3rd Round,3,Auger-Aliassime F.,Mensik J.,35,74.0,1240,766.0,6.0,1.0,1.0,0.0,,,,,,,1.0,0.0,Retired,1.91,1.91,1.96,1.94,1.99,1.98,1.9,1.9
28,Madrid,Mutua Madrid Open,2024-04-29,Masters 1000,Outdoor,Clay,3rd Round,3,Ruud C.,Norrie C.,6,30.0,4480,1345.0,6.0,2.0,6.0,4.0,,,,,,,2.0,0.0,Completed,1.2,4.5,1.2,5.16,1.22,5.16,1.19,4.57
28,Madrid,Mutua Madrid Open,2024-04-29,Masters 1000,Outdoor,Clay,3rd Round,3,Sinner J.,Kotov P.,2,72.0,8660,787.0,6.0,2.0,7.0,5.0,,,,,,,2.0,0.0,Completed,1.03,17.0,1.02,28.31,1.03,28.31,1.02,16.53
28,Madrid,Mutua Madrid Open,2024-04-29,Masters 1000,Outdoor,Clay,3rd Round,3,Khachanov K.,Cobolli F.,17,64.0,2080,848.0,7.0,5.0,6.0,4.0,,,,,,,2.0,0.0,Completed,1.36,3.2,1.35,3.52,1.4,3.52,1.35,3.16
28,Madrid,Mutua Madrid Open,2024-04-30,Masters 1000,Outdoor,Clay,4th Round,3,Medvedev D.,Bublik A.,4,18.0,7085,1992.0,7.0,6.0,6.0,4.0,,,,,,,2.0,0.0,Completed,1.2,4.5,1.2,5.34,1.21,5.34,1.19,4.67
28,Madrid,Mutua Madrid Open,2024-04-30,Masters 1000,Outdoor,Clay,4th Round,3,Rublev A.,Griekspoor T.,8,25.0,3830,1505.0,6.0,2.0,6.0,4.0,,,,,,,2.0,0.0,Completed,1.44,2.75,1.47,2.92,1.5,2.92,1.44,2.75
28,Madrid,Mutua Madrid Open,2024-04-30,Masters 1000,Outdoor,Clay,4th Round,3,Fritz T.,Hurkacz H.,13,9.0,2560,3675.0,7.0,6.0,6.0,4.0,,,,,,,2.0,0.0,Completed,1.8,2.0,1.95,1.95,1.95,2.02,1.84,1.95
28,Madrid,Mutua Madrid Open,2024-04-30,Masters 1000,Outdoor,Clay,4th Round,3,Cerundolo F.,Zverev A.,22,5.0,1680,5425.0,6.0,3.0,6.0,4.0,,,,,,,2.0,0.0,Completed,4.5,1.2,4.96,1.22,4.96,1.24,4.47,1.2
28,Madrid,Mutua Madrid Open,2024-04-30,Masters 1000,Outdoor,Clay,4th Round,3,Alcaraz C.,Struff J.L.,3,24.0,8145,1628.0,6.0,3.0,6.0,7.0,7.0,6.0,,,,,2.0,1.0,Completed,1.17,5.0,1.19,5.59,1.21,5.59,1.18,4.87
28,Madrid,Mutua Madrid Open,2024-04-30,Masters 1000,Outdoor,Clay,4th Round,3,Sinner J.,Khachanov K.,2,17.0,8660,2080.0,5.0,7.0,6.0,3.0,6.0,3.0,,,,,2.0,1.0,Completed,1.22,4.33,1.29,4.01,1.29,4.5,1.24,3.94
28,Madrid,Mutua Madrid Open,2024-04-30,Masters 1000,Outdoor,Clay,4th Round,3,Auger-Aliassime F.,Ruud C.,35,6.0,1240,4480.0,6.0,4.0,7.0,5.0,,,,,,,2.0,0.0,Completed,4.0,1.25,4.1,1.28,4.1,1.29,3.79,1.26
28,Madrid,Mutua Madrid Open,2024-04-30,Masters 1000,Outdoor,Clay,4th Round,3,Lehecka J.,Nadal R.,31,512.0,1305,75.0,7.0,5.0,6.0,4.0,,,,,,,2.0,0.0,Completed,1.91,1.91,1.91,2.0,2.0,2.0,1.87,1.92
28,Madrid,Mutua Madrid Open,2024-05-01,Masters 1000,Outdoor,Clay,Quarterfinals,3,Rublev A.,Alcaraz C.,8,3.0,3830,8145.0,4.0,6.0,6.0,3.0,6.0,2.0,,,,,2.0,1.0,Completed,4.0,1.25,4.48,1.25,4.48,1.28,4.13,1.23
28,Madrid,Mutua Madrid Open,2024-05-01,Masters 1000,Outdoor,Clay,Quarterfinals,3,Fritz T.,Cerundolo F.,13,22.0,2560,1680.0,6.0,1.0,3.0,6.0,6.0,3.0,,,,,2.0,1.0,Completed,1.5,2.63,1.55,2.64,1.55,2.79,1.51,2.56
28,Madrid,Mutua Madrid Open,2024-05-02,Masters 1000,Outdoor,Clay,Quarterfinals,3,Auger-Aliassime F.,Sinner J.,35,2.0,1240,8660.0,,,,,,,,,,,,,Walkover,3.4,1.33,3.54,1.35,3.54,1.4,3.24,1.34
28,Madrid,Mutua Madrid Open,2024-05-02,Masters 1000,Outdoor,Clay,Quarterfinals,3,Lehecka J.,Medvedev D.,31,4.0,1305,7085.0,6.0,4.0,,,,,,,,,1.0,0.0,Retired,2.38,1.57,2.53,1.59,2.62,1.59,2.43,1.55
28,Madrid,Mutua Madrid Open,2024-05-03,Masters 1000,Outdoor,Clay,Semifinals,3,Rublev A.,Fritz T.,8,22.0,3830,1680.0,6.0,4.0,6.0,3.0,,,,,,,2.0,0.0,Completed,1.62,2.3,1.7,2.28,1.7,2.6,1.63,2.26
28,Madrid,Mutua Madrid Open,2024-05-03,Masters 1000,Outdoor,Clay,Semifinals,3,Auger-Aliassime F.,Lehecka J.,35,31.0,1240,1305.0,3.0,3.0,,,,,,,,,0.0,0.0,Retired,2.1,1.73,2.17,1.78,2.3,1.78,2.1,1.73
28,Madrid,Mutua Madrid Open,2024-05-05,Masters 1000,Outdoor,Clay,The Final,3,Rublev A.,Auger-Aliassime F.,8,35.0,3830,1240.0,4.0,6.0,7.0,5.0,7.0,5.0,,,,,2.0,1.0,Completed,1.33,3.4,1.35,3.52,1.36,3.53,1.33,3.32
29,Rome,Internazionali BNL d'Italia,2024-05-08,Masters 1000,Outdoor,Clay,1st Round,3,Zhang Zh.,Galan D.E.,56,90.0,868,656.0,6.0,2.0,7.0,5.0,,,,,,,2.0,0.0,Completed,1.91,1.91,1.79,2.12,1.91,2.12,1.82,1.98
29,Rome,Internazionali BNL d'Italia,2024-05-08,Masters 1000,Outdoor,Clay,1st Round,3,Hanfmann Y.,Mensik J.,59,65.0,848,809.0,6.0,3.0,6.0,2.0,,,,,,,2.0,0.0,Completed,2.3,1.62,2.45,1.61,2.45,1.67,2.26,1.64
29,Rome,Internazionali BNL d'Italia,2024-05-08,Masters 1000,Outdoor,Clay,1st Round,3,Nishioka Y.,Ofner S.,80,46.0,721,1036.0,6.0,3.0,2.0,6.0,7.0,6.0,,,,,2.0,1.0,Completed,2.1,1.73,2.29,1.69,2.33,1.75,2.18,1.68
29,Rome,Internazionali BNL d'Italia,2024-05-08,Masters 1000,Outdoor,Clay,1st Round,3,Borges N.,Martinez P.,53,51.0,931,937.0,6.0,7.0,6.0,4.0,7.0,6.0,,,,,2.0,1.0,Completed,1.91,1.91,1.97,1.92,1.97,1.92,1.9,1.89
29,Rome,Internazionali BNL d'Italia,2024-05-08,Masters 1000,Outdoor,Clay,1st Round,3,Darderi L.,Shapovalov D.,54,126.0,918,505.0,6.0,7.0,6.0,3.0,7.0,6.0,,,,,2.0,1.0,Completed,1.67,2.2,1.69,2.28,1.69,2.28,1.66,2.21
29,Rome,Internazionali BNL d'Italia,2024-05-08,Masters 1000,Outdoor,Clay,1st Round,3,Kotov P.,Michelsen A.,63,69.0,819,798.0,6.0,1.0,6.0,1.0,,,,,,,2.0,0.0,Completed,1.44,2.75,1.46,2.92,1.5,2.92,1.44,2.77
29,Rome,Internazionali BNL d'Italia,2024-05-08,Masters 1000,Outdoor,Clay,1st Round,3,Cobolli F.,Marterer M.,57,98.0,868,616.0,6.0,4.0,6.0,2.0,,,,,,,2.0,0.0,Completed,1.4,3.0,1.43,3.01,1.44,3.01,1.41,2.89
29,Rome,Internazionali BNL d'Italia,2024-05-08,Masters 1000,Outdoor,Clay,1st Round,3,Monteiro T.,Monfils G.,106,38.0,590,1145.0,6.0,2.0,7.0,5.0,,,,,,,2.0,0.0,Completed,1.67,2.2,1.73,2.21,1.75,2.36,1.69,2.17
29,Rome,Internazionali BNL d'Italia,2024-05-08,Masters 1000,Outdoor,Clay,1st Round,3,Shevchenko A.,Marozsan F.,60,36.0,848,1179.0,6.0,3.0,6.0,2.0,,,,,,,2.0,0.0,Completed,2.75,1.44,2.84,1.48,2.84,1.48,2.78,1.45
29,Rome,Internazionali BNL d'Italia,2024-05-08,Masters 1000,Outdoor,Clay,1st Round,3,Atmane T.,Eubanks C.,137,43.0,463,1053.0,6.0,4.0,6.0,4.0,,,,,,,2.0,0.0,Completed,1.5,2.63,1.55,2.6,1.56,2.63,1.51,2.54
29,Rome,Internazionali BNL d'Italia,2024-05-08,Masters 1000,Outdoor,Clay,1st Round,3,Vukic A.,Schwartzman D.,70,142.0,792,439.0,6.0,2.0,6.0,2.0,,,,,,,2.0,0.0,Completed,2.38,1.57,2.52,1.58,2.6,1.59,2.48,1.53
29,Rome,Internazionali BNL d'Italia,2024-05-09,Masters 1000,Outdoor,Clay,1st Round,3,Koepfer D.,Vavassori A.,52,168.0,932,355.0,6.0,4.0,6.0,3.0,,,,,,,2.0,0.0,Completed,1.67,2.2,1.75,2.2,1.75,2.33,1.66,2.21
29,Rome,Internazionali BNL d'Italia,2024-05-09,Masters 1000,Outdoor,Clay,1st Round,3,Munar J.,Hijikata R.,68,79.0,805,724.0,6.0,4.0,7.0,5.0,,,,,,,2.0,0.0,Completed,1.08,8.0,1.11,7.89,1.12,8.0,1.1,7.01
29,Rome,Internazionali BNL d'Italia,2024-05-09,Masters 1000,Outdoor,Clay,1st Round,3,Seyboth Wild T.,Barrere G.,61,115.0,839,560.0,6.0,4.0,6.0,2.0,,,,,,,2.0,0.0,Completed,1.4,3.0,1.47,2.89,1.47,3.0,1.43,2.83
29,Rome,Internazionali BNL d'Italia,2024-05-09,Masters 1000,Outdoor,Clay,1st Round,3,Medjedovic H.,Popyrin A.,121,42.0,522,1057.0,6.0,3.0,6.0,2.0,,,,,,,2.0,0.0,Completed,1.8,2.0,1.83,2.02,1.95,2.06,1.81,1.99
29,Rome,Internazionali BNL d'Italia,2024-05-09,Masters 1000,Outdoor,Clay,1st Round,3,Passaro F.,Rinderknech A.,240,73.0,248,754.0,6.0,7.0,7.0,5.0,7.0,6.0,,,,,2.0,1.0,Completed,2.2,1.67,2.33,1.67,2.36,1.67,2.27,1.65
29,Rome,Internazionali BNL d'Italia,2024-05-09,Masters 1000,Outdoor,Clay,1st Round,3,Nadal R.,Bergs Z.,305,108.0,175,581.0,4.0,6.0,6.0,3.0,6.0,4.0,,,,,2.0,1.0,Completed,1.14,5.5,1.17,5.85,1.17,6.5,1.14,5.6
29,Rome,Internazionali BNL d'Italia,2024-05-09,Masters 1000,Outdoor,Clay,1st Round,3,Napolitano S.,Wolf J.J.,125,101.0,506,605.0,6.0,2.0,7.0,6.0,,,,,,,2.0,0.0,Completed,1.44,2.75,1.48,2.83,1.52,2.83,1.45,2.73
29,Rome,Internazionali BNL d'Italia,2024-05-09,Masters 1000,Outdoor,Clay,1st Round,3,Gigante M.,Zeppieri G.,139,144.0,456,427.0,7.0,6.0,6.0,4.0,,,,,,,2.0,0.0,Completed,2.38,1.57,2.43,1.61,2.43,1.63,2.34,1.59
29,Rome,Internazionali BNL d'Italia,2024-05-09,Masters 1000,Outdoor,Clay,1st Round,3,Moutet C.,Safiullin R.,83,39.0,715,1138.0,3.0,6.0,7.0,6.0,6.0,2.0,,,,,2.0,1.0,Completed,1.73,2.1,1.81,2.1,1.81,2.1,1.76,2.06
29,Rome,Internazionali BNL d'Italia,2024-05-09,Masters 1000,Outdoor,Clay,1st Round,3,Kecmanovic M.,Nakashima B.,58,72.0,850,760.0,6.0,4.0,6.0,4.0,,,,,,,2.0,0.0,Completed,1.73,2.1,1.81,2.09,1.82,2.13,1.76,2.06
29,Rome,Internazionali BNL d'Italia,2024-05-09,Masters 1000,Outdoor,Clay,1st Round,3,Arnaldi M.,Mayot H.,37,130.0,1160,499.0,3.0,6.0,7.0,5.0,6.0,4.0,,,,,2.0,1.0,Completed,1.17,5.0,1.19,5.25,1.19,5.25,1.17,4.89
29,Rome,Internazionali BNL d'Italia,2024-05-09,Masters 1000,Outdoor,Clay,1st Round,3,Draper J.,Coric B.,40,55.0,1136,914.0,7.0,5.0,6.0,1.0,,,,,,,2.0,0.0,Completed,1.67,2.2,1.81,2.1,1.81,2.38,1.66,2.21
29,Rome,Internazionali BNL d'Italia,2024-05-09,Masters 1000,Outdoor,Clay,1st Round,3,Carballes Baena R.,O Connell C.,62,66.0,826,807.0,6.0,7.0,5.0,0.0,,,,,,,0.0,1.0,Retired,1.44,2.75,1.43,3.01,1.46,3.01,1.42,2.85
29,Rome,Internazionali BNL d'Italia,2024-05-09,Masters 1000,Outdoor,Clay,1st Round,3,Giron M.,Ruusuvuori E.,49,71.0,980,780.0,3.0,6.0,6.0,3.0,6.0,3.0,,,,,2.0,1.0,Completed,2.1,1.73,2.24,1.72,2.24,1.8,2.16,1.7
29,Rome,Internazionali BNL d'Italia,2024-05-09,Masters 1000,Outdoor,Clay,1st Round,3,Struff J.L.,Cachin P.,41,99.0,1120,613.0,6.0,4.0,6.0,4.0,,,,,,,2.0,0.0,Completed,1.22,4.33,1.24,4.44,1.25,4.44,1.22,4.21
29,Rome,Internazionali BNL d'Italia,2024-05-09,Masters 1000,Outdoor,Clay,1st Round,3,Van De Zandschulp B.,Moreno De Alboran N.,112,136.0,565,466.0,7.0,5.0,6.0,7.0,7.0,6.0,,,,,2.0,1.0,Completed,1.44,2.75,1.53,2.67,1.53,2.75,1.47,2.64
29,Rome,Internazionali BNL d'Italia,2024-05-09,Masters 1000,Outdoor,Clay,1st Round,3,Fognini F.,Evans D.,92,67.0,650,806.0,6.0,4.0,3.0,6.0,6.0,2.0,,,,,2.0,1.0,Completed,1.53,2.5,1.64,2.38,1.64,2.68,1.56,2.43
29,Rome,Internazionali BNL d'Italia,2024-05-09,Masters 1000,Outdoor,Clay,1st Round,3,Muller A.,Fucsovics M.,109,50.0,577,957.0,4.0,6.0,7.0,6.0,6.0,2.0,,,,,2.0,1.0,Completed,2.5,1.53,2.48,1.6,2.63,1.6,2.45,1.55
29,Rome,Internazionali BNL d'Italia,2024-05-09,Masters 1000,Outdoor,Clay,1st Round,3,Karatsev A.,Mcdonald M.,86,76.0,675,735.0,4.0,6.0,6.0,3.0,6.0,4.0,,,,,2.0,1.0,Completed,1.25,4.0,1.29,3.9,1.3,4.0,1.27,3.67
29,Rome,Internazionali BNL d'Italia,2024-05-09,Masters 1000,Outdoor,Clay,1st Round,3,Lajovic D.,Sonego L.,64,47.0,811,996.0,6.0,3.0,6.0,7.0,6.0,3.0,,,,,2.0,1.0,Completed,2.0,1.8,2.1,1.81,2.1,1.87,2.02,1.79
29,Rome,Internazionali BNL d'Italia,2024-05-09,Masters 1000,Outdoor,Clay,1st Round,3,Nardi L.,Altmaier D.,81,78.0,718,733.0,6.0,4.0,6.0,4.0,,,,,,,2.0,0.0,Completed,2.2,1.67,2.25,1.71,2.33,1.71,2.2,1.67
29,Rome,Internazionali BNL d'Italia,2024-05-10,Masters 1000,Outdoor,Clay,2nd Round,3,Borges N.,Bublik A.,53,17.0,931,2055.0,6.0,4.0,6.0,4.0,,,,,,,2.0,0.0,Completed,1.73,2.1,1.71,2.28,1.8,2.28,1.72,2.11
29,Rome,Internazionali BNL d'Italia,2024-05-10,Masters 1000,Outdoor,Clay,2nd Round,3,Atmane T.,Musetti L.,137,29.0,463,1405.0,7.0,5.0,1.0,0.0,,,,,,,1.0,0.0,Retired,5.5,1.14,5.67,1.19,6.0,1.2,5.28,1.16
29,Rome,Internazionali BNL d'Italia,2024-05-10,Masters 1000,Outdoor,Clay,2nd Round,3,Dimitrov G.,Nishioka Y.,10,80.0,3605,721.0,7.0,5.0,6.0,4.0,,,,,,,2.0,0.0,Completed,1.11,6.5,1.16,6.06,1.17,6.5,1.13,5.78
29,Rome,Internazionali BNL d'Italia,2024-05-10,Masters 1000,Outdoor,Clay,2nd Round,3,Darderi L.,Navone M.,54,31.0,918,1329.0,6.0,3.0,6.0,2.0,,,,,,,2.0,0.0,Completed,2.2,1.67,2.29,1.7,2.52,1.7,2.24,1.65
29,Rome,Internazionali BNL d'Italia,2024-05-10,Masters 1000,Outdoor,Clay,2nd Round,3,Shelton B.,Kotov P.,14,63.0,2460,819.0,4.0,6.0,6.0,3.0,6.0,4.0,,,,,2.0,1.0,Completed,1.5,2.63,1.58,2.56,1.62,2.74,1.53,2.5
29,Rome,Internazionali BNL d'Italia,2024-05-10,Masters 1000,Outdoor,Clay,2nd Round,3,Zhang Zh.,Mannarino A.,56,21.0,868,1875.0,6.0,1.0,6.0,3.0,,,,,,,2.0,0.0,Completed,1.14,5.5,1.19,5.42,1.21,5.55,1.17,5.02
29,Rome,Internazionali BNL d'Italia,2024-05-10,Masters 1000,Outdoor,Clay,2nd Round,3,Monteiro T.,Thompson J.,106,35.0,590,1191.0,6.0,1.0,6.0,3.0,,,,,,,2.0,0.0,Completed,1.4,3.0,1.41,3.19,1.41,3.22,1.39,2.99
29,Rome,Internazionali BNL d'Italia,2024-05-10,Masters 1000,Outdoor,Clay,2nd Round,3,Korda S.,Cobolli F.,27,57.0,1525,868.0,7.0,6.0,4.0,6.0,6.0,4.0,,,,,2.0,1.0,Completed,1.57,2.38,1.65,2.4,1.68,2.6,1.59,2.36
29,Rome,Internazionali BNL d'Italia,2024-05-10,Masters 1000,Outdoor,Clay,2nd Round,3,Zverev A.,Vukic A.,5,70.0,5435,792.0,6.0,0.0,6.0,4.0,,,,,,,2.0,0.0,Completed,1.05,11.0,1.06,12.76,1.08,12.76,1.05,10.29
29,Rome,Internazionali BNL d'Italia,2024-05-10,Masters 1000,Outdoor,Clay,2nd Round,3,Passaro F.,Griekspoor T.,240,26.0,248,1595.0,4.0,6.0,6.0,3.0,7.0,6.0,,,,,2.0,1.0,Completed,3.2,1.36,3.56,1.34,3.56,1.4,3.3,1.33
29,Rome,Internazionali BNL d'Italia,2024-05-10,Masters 1000,Outdoor,Clay,2nd Round,3,Khachanov K.,Shevchenko A.,18,60.0,2000,848.0,6.0,4.0,6.0,4.0,,,,,,,2.0,0.0,Completed,1.29,3.75,1.35,3.52,1.4,3.94,1.32,3.41
29,Rome,Internazionali BNL d'Italia,2024-05-10,Masters 1000,Outdoor,Clay,2nd Round,3,Tabilo A.,Hanfmann Y.,32,59.0,1320,848.0,6.0,3.0,7.0,6.0,,,,,,,2.0,0.0,Completed,1.53,2.5,1.54,2.66,1.64,2.66,1.51,2.57
29,Rome,Internazionali BNL d'Italia,2024-05-10,Masters 1000,Outdoor,Clay,2nd Round,3,Fritz T.,Fognini F.,13,92.0,2870,650.0,6.0,3.0,6.0,4.0,,,,,,,2.0,0.0,Completed,1.2,4.5,1.22,4.82,1.22,4.98,1.2,4.53
29,Rome,Internazionali BNL d'Italia,2024-05-10,Masters 1000,Outdoor,Clay,2nd Round,3,Kecmanovic M.,Ruud C.,58,7.0,850,4535.0,0.0,6.0,6.0,4.0,6.0,4.0,,,,,2.0,1.0,Completed,5.0,1.17,5.11,1.21,5.12,1.21,4.88,1.18
29,Rome,Internazionali BNL d'Italia,2024-05-10,Masters 1000,Outdoor,Clay,2nd Round,3,Cerundolo F.,Gigante M.,22,139.0,1870,456.0,6.0,1.0,6.0,3.0,,,,,,,2.0,0.0,Completed,1.29,3.75,1.29,3.99,1.3,3.99,1.28,3.7
29,Rome,Internazionali BNL d'Italia,2024-05-10,Masters 1000,Outdoor,Clay,2nd Round,3,Djokovic N.,Moutet C.,1,83.0,9990,715.0,6.0,3.0,6.0,1.0,,,,,,,2.0,0.0,Completed,1.08,8.0,1.11,8.9,1.11,8.9,1.09,7.39
29,Rome,Internazionali BNL d'Italia,2024-05-11,Masters 1000,Outdoor,Clay,2nd Round,3,Etcheverry T.,Seyboth Wild T.,28,61.0,1460,839.0,6.0,3.0,7.0,5.0,,,,,,,2.0,0.0,Completed,1.73,2.1,1.87,2.04,1.89,2.12,1.83,1.98
29,Rome,Internazionali BNL d'Italia,2024-05-11,Masters 1000,Outdoor,Clay,2nd Round,3,Medjedovic H.,Davidovich Fokina A.,121,33.0,522,1315.0,7.0,6.0,6.0,4.0,,,,,,,2.0,0.0,Completed,2.3,1.62,2.2,1.76,2.32,1.8,2.17,1.7
29,Rome,Internazionali BNL d'Italia,2024-05-11,Masters 1000,Outdoor,Clay,2nd Round,3,Jarry N.,Arnaldi M.,24,37.0,1675,1160.0,6.0,2.0,7.0,6.0,,,,,,,2.0,0.0,Completed,2.1,1.73,2.23,1.74,2.23,1.76,2.14,1.7
29,Rome,Internazionali BNL d'Italia,2024-05-11,Masters 1000,Outdoor,Clay,2nd Round,3,Hurkacz H.,Nadal R.,9,305.0,3730,175.0,6.0,1.0,6.0,3.0,,,,,,,2.0,0.0,Completed,2.3,1.62,2.4,1.65,2.4,1.84,2.28,1.62
29,Rome,Internazionali BNL d'Italia,2024-05-11,Masters 1000,Outdoor,Clay,2nd Round,3,Paul T.,Karatsev A.,16,86.0,2300,675.0,6.0,4.0,6.0,2.0,,,,,,,2.0,0.0,Completed,1.44,2.75,1.5,2.59,1.57,3.13,1.47,2.7
29,Rome,Internazionali BNL d'Italia,2024-05-11,Masters 1000,Outdoor,Clay,2nd Round,3,Napolitano S.,Shang J.,125,105.0,506,590.0,6.0,7.0,6.0,1.0,6.0,0.0,,,,,2.0,1.0,Completed,2.0,1.8,2.03,1.88,2.03,1.88,1.98,1.81
29,Rome,Internazionali BNL d'Italia,2024-05-11,Masters 1000,Outdoor,Clay,2nd Round,3,Koepfer D.,Tiafoe F.,52,25.0,932,1650.0,6.0,4.0,6.0,2.0,,,,,,,2.0,0.0,Completed,1.91,1.91,1.89,2.01,1.94,2.01,1.87,1.93
29,Rome,Internazionali BNL d'Italia,2024-05-11,Masters 1000,Outdoor,Clay,2nd Round,3,De Minaur A.,Carballes Baena R.,11,62.0,3435,826.0,6.0,3.0,6.0,2.0,,,,,,,2.0,0.0,Completed,1.33,3.4,1.39,3.27,1.4,3.4,1.36,3.17
29,Rome,Internazionali BNL d'Italia,2024-05-11,Masters 1000,Outdoor,Clay,2nd Round,3,Muller A.,Fils A.,109,34.0,577,1251.0,7.0,5.0,6.0,3.0,,,,,,,2.0,0.0,Completed,2.2,1.67,2.3,1.69,2.38,1.74,2.24,1.64
29,Rome,Internazionali BNL d'Italia,2024-05-11,Masters 1000,Outdoor,Clay,2nd Round,3,Medvedev D.,Draper J.,4,40.0,7195,1136.0,7.0,5.0,6.0,4.0,,,,,,,2.0,0.0,Completed,1.67,2.2,1.75,2.21,1.75,2.28,1.68,2.18
29,Rome,Internazionali BNL d'Italia,2024-05-11,Masters 1000,Outdoor,Clay,2nd Round,3,Baez S.,Lajovic D.,19,64.0,1960,811.0,7.0,6.0,7.0,6.0,,,,,,,2.0,0.0,Completed,1.57,2.38,1.69,2.3,1.69,2.42,1.63,2.27
29,Rome,Internazionali BNL d'Italia,2024-05-11,Masters 1000,Outdoor,Clay,2nd Round,3,Norrie C.,Munar J.,30,68.0,1350,805.0,6.0,3.0,1.0,6.0,6.0,3.0,,,,,2.0,1.0,Completed,1.57,2.38,1.68,2.33,1.68,2.45,1.62,2.29
29,Rome,Internazionali BNL d'Italia,2024-05-11,Masters 1000,Outdoor,Clay,2nd Round,3,Tsitsipas S.,Struff J.L.,8,41.0,3860,1120.0,6.0,7.0,6.0,4.0,6.0,4.0,,,,,2.0,1.0,Completed,1.53,2.5,1.58,2.55,1.58,2.6,1.52,2.51
29,Rome,Internazionali BNL d'Italia,2024-05-11,Masters 1000,Outdoor,Clay,2nd Round,3,Auger-Aliassime F.,Van De Zandschulp B.,20,112.0,1880,565.0,6.0,1.0,7.0,6.0,,,,,,,2.0,0.0,Completed,1.4,3.0,1.44,3.03,1.44,3.06,1.4,2.93
29,Rome,Internazionali BNL d'Italia,2024-05-11,Masters 1000,Outdoor,Clay,2nd Round,3,Rune H.,Nardi L.,12,81.0,3250,718.0,6.0,4.0,6.0,4.0,,,,,,,2.0,0.0,Completed,1.33,3.4,1.36,3.49,1.36,3.87,1.33,3.33
29,Rome,Internazionali BNL d'Italia,2024-05-11,Masters 1000,Outdoor,Clay,2nd Round,3,Rublev A.,Giron M.,6,49.0,4740,980.0,5.0,7.0,6.0,4.0,7.0,5.0,,,,,2.0,1.0,Completed,1.11,6.5,1.12,7.98,1.12,7.98,1.11,6.74
29,Rome,Internazionali BNL d'Italia,2024-05-12,Masters 1000,Outdoor,Clay,3rd Round,3,Monteiro T.,Kecmanovic M.,106,58.0,590,850.0,6.0,2.0,4.0,6.0,7.0,6.0,,,,,2.0,1.0,Completed,2.0,1.8,2.02,1.88,2.1,1.88,1.99,1.81
29,Rome,Internazionali BNL d'Italia,2024-05-12,Masters 1000,Outdoor,Clay,3rd Round,3,Borges N.,Passaro F.,53,240.0,931,248.0,4.0,6.0,7.0,6.0,7.0,6.0,,,,,2.0,1.0,Completed,1.5,2.63,1.54,2.67,1.54,2.67,1.51,2.56
29,Rome,Internazionali BNL d'Italia,2024-05-12,Masters 1000,Outdoor,Clay,3rd Round,3,Khachanov K.,Cerundolo F.,18,22.0,2000,1870.0,6.0,2.0,6.0,4.0,,,,,,,2.0,0.0,Completed,1.8,2.0,1.78,2.16,1.84,2.16,1.79,2.01
29,Rome,Internazionali BNL d'Italia,2024-05-12,Masters 1000,Outdoor,Clay,3rd Round,3,Dimitrov G.,Atmane T.,10,137.0,3605,463.0,7.0,6.0,6.0,3.0,,,,,,,2.0,0.0,Completed,1.13,6.0,1.15,6.41,1.16,6.41,1.14,5.83
29,Rome,Internazionali BNL d'Italia,2024-05-12,Masters 1000,Outdoor,Clay,3rd Round,3,Tabilo A.,Djokovic N.,32,1.0,1320,9990.0,6.0,2.0,6.0,3.0,,,,,,,2.0,0.0,Completed,9.0,1.07,8.97,1.1,9.0,1.11,7.79,1.08
29,Rome,Internazionali BNL d'Italia,2024-05-12,Masters 1000,Outdoor,Clay,3rd Round,3,Fritz T.,Korda S.,13,27.0,2870,1525.0,6.0,3.0,6.0,4.0,,,,,,,2.0,0.0,Completed,1.53,2.5,1.55,2.65,1.57,2.65,1.51,2.53
29,Rome,Internazionali BNL d'Italia,2024-05-12,Masters 1000,Outdoor,Clay,3rd Round,3,Zverev A.,Darderi L.,5,54.0,5435,918.0,7.0,6.0,6.0,2.0,,,,,,,2.0,0.0,Completed,1.2,4.5,1.25,4.51,1.25,4.6,1.21,4.32
29,Rome,Internazionali BNL d'Italia,2024-05-12,Masters 1000,Outdoor,Clay,3rd Round,3,Zhang Zh.,Shelton B.,56,14.0,868,2460.0,6.0,2.0,6.0,4.0,,,,,,,2.0,0.0,Completed,2.5,1.53,2.54,1.58,2.62,1.58,2.49,1.53
29,Rome,Internazionali BNL d'Italia,2024-05-13,Masters 1000,Outdoor,Clay,3rd Round,3,De Minaur A.,Auger-Aliassime F.,11,20.0,3435,1880.0,6.0,7.0,6.0,4.0,6.0,4.0,,,,,2.0,1.0,Completed,1.57,2.38,1.66,2.37,1.66,2.4,1.61,2.31
29,Rome,Internazionali BNL d'Italia,2024-05-13,Masters 1000,Outdoor,Clay,3rd Round,3,Tsitsipas S.,Norrie C.,8,30.0,3860,1350.0,6.0,2.0,7.0,6.0,,,,,,,2.0,0.0,Completed,1.2,4.5,1.26,4.29,1.35,4.5,1.25,3.95
29,Rome,Internazionali BNL d'Italia,2024-05-13,Masters 1000,Outdoor,Clay,3rd Round,3,Muller A.,Rublev A.,109,6.0,577,4740.0,3.0,6.0,6.0,3.0,6.0,2.0,,,,,2.0,1.0,Completed,5.0,1.17,4.95,1.22,5.0,1.22,4.64,1.19
29,Rome,Internazionali BNL d'Italia,2024-05-13,Masters 1000,Outdoor,Clay,3rd Round,3,Paul T.,Koepfer D.,16,52.0,2300,932.0,6.0,4.0,6.0,3.0,,,,,,,2.0,0.0,Completed,1.67,2.2,1.69,2.31,1.7,2.38,1.65,2.23
29,Rome,Internazionali BNL d'Italia,2024-05-13,Masters 1000,Outdoor,Clay,3rd Round,3,Jarry N.,Napolitano S.,24,125.0,1675,506.0,6.0,2.0,4.0,6.0,6.0,4.0,,,,,2.0,1.0,Completed,1.36,3.2,1.38,3.31,1.38,3.4,1.35,3.21
29,Rome,Internazionali BNL d'Italia,2024-05-13,Masters 1000,Outdoor,Clay,3rd Round,3,Hurkacz H.,Etcheverry T.,9,28.0,3730,1460.0,7.0,6.0,6.0,2.0,,,,,,,2.0,0.0,Completed,1.5,2.63,1.56,2.6,1.56,2.74,1.51,2.54
29,Rome,Internazionali BNL d'Italia,2024-05-13,Masters 1000,Outdoor,Clay,3rd Round,3,Medvedev D.,Medjedovic H.,4,121.0,7195,522.0,7.0,6.0,2.0,6.0,7.0,5.0,,,,,2.0,1.0,Completed,1.4,3.0,1.45,2.98,1.45,3.1,1.4,2.95
29,Rome,Internazionali BNL d'Italia,2024-05-13,Masters 1000,Outdoor,Clay,3rd Round,3,Baez S.,Rune H.,19,12.0,1960,3250.0,2.0,6.0,6.0,2.0,6.0,3.0,,,,,2.0,1.0,Completed,2.5,1.53,2.59,1.57,2.68,1.57,2.5,1.53
29,Rome,Internazionali BNL d'Italia,2024-05-14,Masters 1000,Outdoor,Clay,4th Round,3,Tabilo A.,Khachanov K.,32,18.0,1320,2000.0,7.0,6.0,7.0,6.0,,,,,,,2.0,0.0,Completed,3.0,1.4,3.03,1.44,3.04,1.48,2.8,1.43
29,Rome,Internazionali BNL d'Italia,2024-05-14,Masters 1000,Outdoor,Clay,4th Round,3,Fritz T.,Dimitrov G.,13,10.0,2870,3605.0,6.0,2.0,6.0,7.0,6.0,1.0,,,,,2.0,1.0,Completed,1.62,2.3,1.72,2.26,1.77,2.3,1.68,2.19
29,Rome,Internazionali BNL d'Italia,2024-05-14,Masters 1000,Outdoor,Clay,4th Round,3,Zhang Zh.,Monteiro T.,56,106.0,868,590.0,7.0,6.0,6.0,3.0,,,,,,,2.0,0.0,Completed,2.1,1.73,2.12,1.81,2.13,1.81,2.08,1.75
29,Rome,Internazionali BNL d'Italia,2024-05-14,Masters 1000,Outdoor,Clay,4th Round,3,Zverev A.,Borges N.,5,53.0,5435,931.0,6.0,2.0,7.0,5.0,,,,,,,2.0,0.0,Completed,1.13,6.0,1.15,6.63,1.16,6.63,1.13,5.94
29,Rome,Internazionali BNL d'Italia,2024-05-14,Masters 1000,Outdoor,Clay,4th Round,3,Jarry N.,Muller A.,24,109.0,1675,577.0,7.0,5.0,6.0,3.0,,,,,,,2.0,0.0,Completed,1.5,2.63,1.52,2.73,1.53,2.73,1.5,2.58
29,Rome,Internazionali BNL d'Italia,2024-05-14,Masters 1000,Outdoor,Clay,4th Round,3,Hurkacz H.,Baez S.,9,19.0,3730,1960.0,5.0,7.0,7.0,6.0,6.0,4.0,,,,,2.0,1.0,Completed,1.44,2.75,1.52,2.73,1.52,2.77,1.47,2.67
29,Rome,Internazionali BNL d'Italia,2024-05-14,Masters 1000,Outdoor,Clay,4th Round,3,Paul T.,Medvedev D.,16,4.0,2300,7195.0,6.0,1.0,6.0,4.0,,,,,,,2.0,0.0,Completed,2.63,1.5,2.88,1.48,2.88,1.51,2.68,1.48
29,Rome,Internazionali BNL d'Italia,2024-05-14,Masters 1000,Outdoor,Clay,4th Round,3,Tsitsipas S.,De Minaur A.,8,11.0,3860,3435.0,6.0,1.0,6.0,2.0,,,,,,,2.0,0.0,Completed,1.36,3.2,1.36,3.47,1.36,3.5,1.33,3.31
29,Rome,Internazionali BNL d'Italia,2024-05-15,Masters 1000,Outdoor,Clay,Quarterfinals,3,Tabilo A.,Zhang Zh.,32,56.0,1320,868.0,6.0,3.0,6.0,4.0,,,,,,,2.0,0.0,Completed,1.57,2.38,1.68,2.33,1.75,2.4,1.6,2.33
29,Rome,Internazionali BNL d'Italia,2024-05-15,Masters 1000,Outdoor,Clay,Quarterfinals,3,Zverev A.,Fritz T.,5,13.0,5435,2870.0,6.0,4.0,6.0,3.0,,,,,,,2.0,0.0,Completed,1.5,2.63,1.52,2.73,1.53,2.8,1.48,2.66
29,Rome,Internazionali BNL d'Italia,2024-05-16,Masters 1000,Outdoor,Clay,Quarterfinals,3,Paul T.,Hurkacz H.,16,9.0,2300,3730.0,7.0,5.0,3.0,6.0,6.0,3.0,,,,,2.0,1.0,Completed,2.3,1.62,2.36,1.67,2.37,1.7,2.24,1.65
29,Rome,Internazionali BNL d'Italia,2024-05-16,Masters 1000,Outdoor,Clay,Quarterfinals,3,Jarry N.,Tsitsipas S.,24,8.0,1675,3860.0,3.0,6.0,7.0,5.0,6.0,4.0,,,,,2.0,1.0,Completed,4.0,1.25,4.2,1.27,4.33,1.29,3.98,1.24
29,Rome,Internazionali BNL d'Italia,2024-05-17,Masters 1000,Outdoor,Clay,Semifinals,3,Zverev A.,Tabilo A.,5,32.0,5435,1320.0,1.0,6.0,7.0,6.0,6.0,2.0,,,,,2.0,1.0,Completed,1.22,4.33,1.26,4.31,1.89,4.33,1.27,3.94
29,Rome,Internazionali BNL d'Italia,2024-05-17,Masters 1000,Outdoor,Clay,Semifinals,3,Jarry N.,Paul T.,24,16.0,1675,2300.0,6.0,3.0,6.0,7.0,6.0,3.0,,,,,2.0,1.0,Completed,2.1,1.73,2.15,1.79,2.15,1.8,2.07,1.75
29,Rome,Internazionali BNL d'Italia,2024-05-19,Masters 1000,Outdoor,Clay,The Final,3,Zverev A.,Jarry N.,5,24.0,5435,1675.0,6.0,4.0,7.0,5.0,,,,,,,2.0,0.0,Completed,1.33,3.4,1.35,3.5,1.36,3.5,1.33,3.32
30,Geneva,Geneva Open,2024-05-19,ATP250,Outdoor,Clay,1st Round,3,Baez S.,Nagal S.,20,94.0,1985,646.0,7.0,6.0,6.0,3.0,,,,,,,2.0,0.0,Completed,1.2,4.5,1.23,4.43,1.25,4.54,1.22,4.24
30,Geneva,Geneva Open,2024-05-19,ATP250,Outdoor,Clay,1st Round,3,Carballes Baena R.,Altmaier D.,62,83.0,811,702.0,7.0,6.0,6.0,4.0,,,,,,,2.0,0.0,Completed,1.91,1.91,1.98,1.88,2.0,1.95,1.93,1.86
30,Geneva,Geneva Open,2024-05-20,ATP250,Outdoor,Clay,1st Round,3,Shevchenko A.,Marozsan F.,61,41.0,825,1083.0,6.0,4.0,7.0,6.0,,,,,,,2.0,0.0,Completed,2.2,1.67,2.33,1.67,2.36,1.73,2.21,1.66
30,Geneva,Geneva Open,2024-05-20,ATP250,Outdoor,Clay,1st Round,3,Ofner S.,Hijikata R.,45,78.0,1010,723.0,4.0,6.0,6.0,4.0,6.0,3.0,,,,,2.0,1.0,Completed,1.29,3.75,1.27,4.12,1.29,4.12,1.26,3.84
30,Geneva,Geneva Open,2024-05-20,ATP250,Outdoor,Clay,1st Round,3,Ruusuvuori E.,Giron M.,66,48.0,768,1000.0,6.0,3.0,6.0,3.0,,,,,,,2.0,0.0,Completed,1.73,2.1,1.69,2.29,1.73,2.29,1.66,2.2
30,Geneva,Geneva Open,2024-05-20,ATP250,Outdoor,Clay,1st Round,3,Cobolli F.,Karatsev A.,56,82.0,860,705.0,7.0,5.0,6.0,1.0,,,,,,,2.0,0.0,Completed,1.5,2.63,1.57,2.55,1.57,2.63,1.53,2.47
30,Geneva,Geneva Open,2024-05-21,ATP250,Outdoor,Clay,1st Round,3,Michelsen A.,Kovacevic A.,65,88.0,795,668.0,3.0,6.0,6.0,3.0,6.0,4.0,,,,,2.0,1.0,Completed,2.0,1.8,2.26,1.71,2.26,1.82,2.11,1.72
30,Geneva,Geneva Open,2024-05-21,ATP250,Outdoor,Clay,1st Round,3,Moreno De Alboran N.,Goffin D.,140,115.0,462,550.0,6.0,2.0,6.0,1.0,,,,,,,2.0,0.0,Completed,2.5,1.53,2.5,1.59,2.51,1.6,2.43,1.55
30,Geneva,Geneva Open,2024-05-21,ATP250,Outdoor,Clay,1st Round,3,Hanfmann Y.,Murray A.,85,75.0,682,728.0,7.0,5.0,6.0,2.0,,,,,,,2.0,0.0,Completed,1.62,2.3,1.7,2.26,1.72,2.41,1.64,2.23
30,Geneva,Geneva Open,2024-05-21,ATP250,Outdoor,Clay,1st Round,3,Griekspoor T.,Eubanks C.,27,43.0,1605,1038.0,6.0,4.0,1.0,6.0,6.0,3.0,,,,,2.0,1.0,Completed,1.17,5.0,1.2,5.04,1.21,5.04,1.18,4.66
30,Geneva,Geneva Open,2024-05-21,ATP250,Outdoor,Clay,1st Round,3,Machac T.,Draper J.,44,35.0,1029,1166.0,7.0,6.0,6.0,1.0,,,,,,,2.0,0.0,Completed,2.63,1.5,2.69,1.52,2.69,1.54,2.59,1.49
30,Geneva,Geneva Open,2024-05-21,ATP250,Outdoor,Clay,1st Round,3,Shapovalov D.,Coria F.,123,69.0,515,761.0,7.0,5.0,6.0,0.0,,,,,,,2.0,0.0,Completed,1.62,2.3,1.61,2.44,1.66,2.53,1.59,2.35
30,Geneva,Geneva Open,2024-05-21,ATP250,Outdoor,Clay,2nd Round,3,Cobolli F.,Shelton B.,56,15.0,860,2500.0,4.0,6.0,7.0,6.0,6.0,2.0,,,,,2.0,1.0,Completed,2.2,1.67,2.18,1.77,2.36,1.78,2.15,1.7
30,Geneva,Geneva Open,2024-05-21,ATP250,Outdoor,Clay,2nd Round,3,Shevchenko A.,Ruusuvuori E.,61,66.0,825,768.0,,,,,,,,,,,,,Walkover,2.1,1.73,2.25,1.72,2.25,1.75,2.16,1.67
30,Geneva,Geneva Open,2024-05-22,ATP250,Outdoor,Clay,2nd Round,3,Baez S.,Carballes Baena R.,20,62.0,1985,811.0,6.0,3.0,6.0,0.0,,,,,,,2.0,0.0,Completed,1.36,3.2,1.38,3.33,1.4,3.39,1.36,3.1
30,Geneva,Geneva Open,2024-05-22,ATP250,Outdoor,Clay,2nd Round,3,Machac T.,Moreno De Alboran N.,44,140.0,1029,462.0,4.0,6.0,7.0,5.0,6.0,0.0,,,,,2.0,1.0,Completed,1.53,2.5,1.63,2.44,1.63,2.51,1.56,2.4
30,Geneva,Geneva Open,2024-05-22,ATP250,Outdoor,Clay,2nd Round,3,Michelsen A.,Fritz T.,65,12.0,795,3025.0,6.0,4.0,4.0,6.0,7.0,5.0,,,,,2.0,1.0,Completed,6.0,1.13,7.5,1.12,7.57,1.15,6.26,1.12
30,Geneva,Geneva Open,2024-05-22,ATP250,Outdoor,Clay,2nd Round,3,Ruud C.,Ofner S.,7,45.0,4185,1010.0,4.0,6.0,6.0,2.0,6.0,2.0,,,,,2.0,1.0,Completed,1.13,6.0,1.13,7.26,1.14,7.26,1.12,6.21
30,Geneva,Geneva Open,2024-05-22,ATP250,Outdoor,Clay,2nd Round,3,Djokovic N.,Hanfmann Y.,1,85.0,9860,682.0,6.0,3.0,6.0,3.0,,,,,,,2.0,0.0,Completed,1.08,8.0,1.12,7.9,1.14,8.01,1.09,7.05
30,Geneva,Geneva Open,2024-05-23,ATP250,Outdoor,Clay,2nd Round,3,Griekspoor T.,Shapovalov D.,27,123.0,1605,515.0,6.0,7.0,7.0,6.0,6.0,3.0,,,,,2.0,1.0,Completed,1.73,2.1,1.76,2.19,1.8,2.19,1.75,2.09
30,Geneva,Geneva Open,2024-05-23,ATP250,Outdoor,Clay,Quarterfinals,3,Machac T.,Michelsen A.,44,65.0,1029,795.0,6.0,3.0,7.0,6.0,,,,,,,2.0,0.0,Completed,1.44,2.75,1.46,2.95,1.48,2.95,1.44,2.77
30,Geneva,Geneva Open,2024-05-23,ATP250,Outdoor,Clay,Quarterfinals,3,Djokovic N.,Griekspoor T.,1,27.0,9860,1605.0,7.0,5.0,6.0,1.0,,,,,,,2.0,0.0,Completed,1.14,5.5,1.18,5.62,1.18,6.25,1.15,5.41
30,Geneva,Geneva Open,2024-05-23,ATP250,Outdoor,Clay,Quarterfinals,3,Cobolli F.,Shevchenko A.,56,61.0,860,825.0,6.0,4.0,6.0,4.0,,,,,,,2.0,0.0,Completed,1.62,2.3,1.61,2.49,1.62,2.49,1.59,2.35
30,Geneva,Geneva Open,2024-05-23,ATP250,Outdoor,Clay,Quarterfinals,3,Ruud C.,Baez S.,7,20.0,4185,1985.0,6.0,3.0,3.0,6.0,6.0,4.0,,,,,2.0,1.0,Completed,1.33,3.4,1.31,3.81,1.33,3.86,1.3,3.46
30,Geneva,Geneva Open,2024-05-24,ATP250,Outdoor,Clay,Semifinals,3,Machac T.,Djokovic N.,44,1.0,1029,9860.0,6.0,4.0,0.0,6.0,6.0,1.0,,,,,2.0,1.0,Completed,5.5,1.14,5.65,1.18,6.19,1.18,5.45,1.15
30,Geneva,Geneva Open,2024-05-25,ATP250,Outdoor,Clay,Semifinals,3,Ruud C.,Cobolli F.,7,56.0,4185,860.0,1.0,6.0,6.0,1.0,7.0,6.0,,,,,2.0,1.0,Completed,1.2,4.5,1.26,4.3,1.28,4.75,1.22,4.23
30,Geneva,Geneva Open,2024-05-25,ATP250,Outdoor,Clay,The Final,3,Ruud C.,Machac T.,7,44.0,4185,1029.0,7.0,5.0,6.0,3.0,,,,,,,2.0,0.0,Completed,1.57,2.38,1.57,2.56,1.61,2.57,1.56,2.42
31,Lyon,Lyon Open,2024-05-19,ATP250,Outdoor,Clay,1st Round,3,Vukic A.,Mcdonald M.,93,74.0,647,735.0,6.0,2.0,6.0,2.0,,,,,,,2.0,0.0,Completed,1.67,2.2,1.65,2.31,1.68,2.31,1.64,2.25
31,Lyon,Lyon Open,2024-05-19,ATP250,Outdoor,Clay,1st Round,3,Muller A.,Gasquet R.,90,124.0,656,515.0,6.0,4.0,6.0,4.0,,,,,,,2.0,0.0,Completed,1.4,3.0,1.44,2.9,1.46,3.0,1.42,2.82
31,Lyon,Lyon Open,2024-05-20,ATP250,Outdoor,Clay,1st Round,3,Etcheverry T.,Sanchez Izquierdo N.,29,260.0,1410,221.0,1.0,6.0,6.0,2.0,6.0,2.0,,,,,2.0,1.0,Completed,1.07,9.0,1.1,8.73,1.1,9.0,1.08,7.84
31,Lyon,Lyon Open,2024-05-20,ATP250,Outdoor,Clay,1st Round,3,Kotov P.,Cachin P.,57,106.0,849,597.0,6.0,1.0,6.0,4.0,,,,,,,2.0,0.0,Completed,1.57,2.38,1.67,2.3,1.67,2.4,1.58,2.35
31,Lyon,Lyon Open,2024-05-20,ATP250,Outdoor,Clay,1st Round,3,Rinderknech A.,Evans D.,73,60.0,739,831.0,6.0,3.0,4.0,6.0,7.0,6.0,,,,,2.0,1.0,Completed,1.67,2.2,1.68,2.3,1.73,2.3,1.66,2.19
31,Lyon,Lyon Open,2024-05-20,ATP250,Outdoor,Clay,1st Round,3,Koepfer D.,Barranco Cosano J.,67,254.0,767,233.0,6.0,4.0,6.0,7.0,6.0,4.0,,,,,2.0,1.0,Completed,1.22,4.33,1.28,3.99,1.29,4.34,1.26,3.84
31,Lyon,Lyon Open,2024-05-21,ATP250,Outdoor,Clay,1st Round,3,Seyboth Wild T.,Martinez P.,58,49.0,837,995.0,6.0,4.0,6.0,1.0,,,,,,,2.0,0.0,Completed,1.91,1.91,1.83,2.08,1.94,2.08,1.85,1.95
31,Lyon,Lyon Open,2024-05-21,ATP250,Outdoor,Clay,1st Round,3,Mpetshi G.,Sonego L.,117,50.0,541,991.0,6.0,3.0,6.0,4.0,,,,,,,2.0,0.0,Completed,2.3,1.62,2.62,1.54,2.63,1.62,2.46,1.54
31,Lyon,Lyon Open,2024-05-21,ATP250,Outdoor,Clay,1st Round,3,Gaston H.,Galan D.E.,104,105.0,610,606.0,7.0,6.0,7.0,6.0,,,,,,,2.0,0.0,Completed,1.91,1.91,1.88,2.0,1.91,2.02,1.83,1.96
31,Lyon,Lyon Open,2024-05-21,ATP250,Outdoor,Clay,1st Round,3,Tiafoe F.,Munar J.,26,63.0,1615,810.0,7.0,6.0,6.0,4.0,,,,,,,2.0,0.0,Completed,2.63,1.5,2.66,1.53,3.15,1.53,2.6,1.49
31,Lyon,Lyon Open,2024-05-21,ATP250,Outdoor,Clay,1st Round,3,Darderi L.,Daniel T.,47,81.0,1002,713.0,7.0,5.0,7.0,6.0,,,,,,,2.0,0.0,Completed,1.4,3.0,1.5,2.76,1.5,3.0,1.45,2.73
31,Lyon,Lyon Open,2024-05-21,ATP250,Outdoor,Clay,1st Round,3,Nishioka Y.,Fanselow S.,72,316.0,741,166.0,6.0,0.0,6.0,1.0,,,,,,,2.0,0.0,Completed,1.3,3.5,1.34,3.51,1.34,4.0,1.31,3.43
31,Lyon,Lyon Open,2024-05-21,ATP250,Outdoor,Clay,2nd Round,3,Kotov P.,Muller A.,57,90.0,849,656.0,7.0,6.0,6.0,1.0,,,,,,,2.0,0.0,Completed,2.0,1.8,2.01,1.89,2.1,1.89,1.97,1.82
31,Lyon,Lyon Open,2024-05-21,ATP250,Outdoor,Clay,2nd Round,3,Bublik A.,Vukic A.,19,93.0,2020,647.0,6.0,4.0,6.0,2.0,,,,,,,2.0,0.0,Completed,1.8,2.0,1.86,2.05,1.86,2.17,1.78,2.02
31,Lyon,Lyon Open,2024-05-22,ATP250,Outdoor,Clay,2nd Round,3,Darderi L.,Mannarino A.,47,22.0,1002,1865.0,7.0,6.0,6.0,3.0,,,,,,,2.0,0.0,Completed,1.1,7.0,1.15,6.64,1.15,7.0,1.13,5.99
31,Lyon,Lyon Open,2024-05-22,ATP250,Outdoor,Clay,2nd Round,3,Etcheverry T.,Seyboth Wild T.,29,58.0,1410,837.0,7.0,5.0,3.0,0.0,,,,,,,1.0,0.0,Retired,1.67,2.2,1.7,2.28,1.73,2.28,1.67,2.19
31,Lyon,Lyon Open,2024-05-22,ATP250,Outdoor,Clay,2nd Round,3,Koepfer D.,Humbert U.,67,17.0,767,2285.0,2.0,6.0,6.0,4.0,6.0,4.0,,,,,2.0,1.0,Completed,2.38,1.57,2.57,1.57,2.57,1.58,2.44,1.55
31,Lyon,Lyon Open,2024-05-22,ATP250,Outdoor,Clay,2nd Round,3,Mpetshi G.,Nishioka Y.,117,72.0,541,741.0,,,,,,,,,,,,,Retired,1.73,2.1,1.83,2.09,1.84,2.15,1.75,2.06
31,Lyon,Lyon Open,2024-05-22,ATP250,Outdoor,Clay,2nd Round,3,Rinderknech A.,Tiafoe F.,73,26.0,739,1615.0,7.0,6.0,6.0,4.0,,,,,,,2.0,0.0,Completed,2.3,1.62,2.28,1.7,2.35,1.72,2.22,1.65
31,Lyon,Lyon Open,2024-05-22,ATP250,Outdoor,Clay,2nd Round,3,Gaston H.,Cerundolo F.,104,23.0,610,1740.0,6.0,2.0,2.0,6.0,6.0,3.0,,,,,2.0,1.0,Completed,3.2,1.36,3.32,1.38,3.32,1.4,3.09,1.36
31,Lyon,Lyon Open,2024-05-23,ATP250,Outdoor,Clay,Quarterfinals,3,Darderi L.,Rinderknech A.,47,73.0,1002,739.0,,,,,,,,,,,,,Walkover,1.62,2.3,1.61,2.49,1.92,2.49,1.62,2.29
31,Lyon,Lyon Open,2024-05-23,ATP250,Outdoor,Clay,Quarterfinals,3,Etcheverry T.,Koepfer D.,29,67.0,1410,767.0,6.0,4.0,6.0,1.0,,,,,,,2.0,0.0,Completed,1.44,2.75,1.52,2.73,1.54,2.75,1.48,2.62
31,Lyon,Lyon Open,2024-05-23,ATP250,Outdoor,Clay,Quarterfinals,3,Bublik A.,Kotov P.,19,57.0,2020,849.0,6.0,7.0,7.0,6.0,6.0,3.0,,,,,2.0,1.0,Completed,2.2,1.67,2.22,1.74,2.22,1.76,2.14,1.7
31,Lyon,Lyon Open,2024-05-23,ATP250,Outdoor,Clay,Quarterfinals,3,Mpetshi G.,Gaston H.,117,104.0,541,610.0,6.0,4.0,4.0,6.0,6.0,3.0,,,,,2.0,1.0,Completed,1.67,2.2,1.76,2.19,1.8,2.2,1.71,2.11
31,Lyon,Lyon Open,2024-05-24,ATP250,Outdoor,Clay,Semifinals,3,Etcheverry T.,Darderi L.,29,47.0,1410,1002.0,6.0,2.0,6.0,4.0,,,,,,,2.0,0.0,Completed,1.67,2.2,1.71,2.27,1.71,2.27,1.67,2.19
31,Lyon,Lyon Open,2024-05-24,ATP250,Outdoor,Clay,Semifinals,3,Mpetshi G.,Bublik A.,117,19.0,541,2020.0,6.0,4.0,7.0,5.0,,,,,,,2.0,0.0,Completed,2.3,1.62,2.41,1.64,2.53,1.65,2.32,1.6
31,Lyon,Lyon Open,2024-05-25,ATP250,Outdoor,Clay,The Final,3,Mpetshi G.,Etcheverry T.,117,29.0,541,1410.0,6.0,4.0,1.0,6.0,7.0,6.0,,,,,2.0,1.0,Completed,3.2,1.36,3.31,1.38,3.31,1.44,3.11,1.36
32,Paris,French Open,2024-05-26,Grand Slam,Outdoor,Clay,1st Round,5,Nakashima B.,Moreno De Alboran N.,84,130.0,700,497.0,6.0,1.0,6.0,7.0,6.0,3.0,6.0,2.0,,,3.0,1.0,Completed,1.57,2.38,1.54,2.66,1.59,2.66,1.54,2.49
32,Paris,French Open,2024-05-26,Grand Slam,Outdoor,Clay,1st Round,5,Rublev A.,Daniel T.,6,80.0,4700,715.0,6.0,2.0,6.0,7.0,6.0,3.0,7.0,5.0,,,3.0,1.0,Completed,1.04,13.0,1.06,14.08,1.08,14.08,1.05,11.4
32,Paris,French Open,2024-05-26,Grand Slam,Outdoor,Clay,1st Round,5,Martinez P.,Tirante T.A.,48,109.0,995,580.0,5.0,7.0,6.0,4.0,3.0,6.0,6.0,4.0,6.0,3.0,3.0,2.0,Completed,1.29,3.75,1.31,3.91,1.35,3.91,1.3,3.58
32,Paris,French Open,2024-05-26,Grand Slam,Outdoor,Clay,1st Round,5,Sonego L.,Humbert U.,49,16.0,991,2285.0,6.0,4.0,2.0,6.0,6.0,4.0,6.0,3.0,,,3.0,1.0,Completed,2.5,1.53,2.75,1.52,2.75,1.57,2.59,1.51
32,Paris,French Open,2024-05-26,Grand Slam,Outdoor,Clay,1st Round,5,Zhang Zh.,Vukic A.,44,89.0,1056,672.0,6.0,4.0,4.0,6.0,6.0,3.0,7.0,5.0,,,3.0,1.0,Completed,1.36,3.2,1.39,3.3,1.39,3.43,1.35,3.22
32,Paris,French Open,2024-05-26,Grand Slam,Outdoor,Clay,1st Round,5,De Jong J.,Draper J.,176,39.0,344,1131.0,7.0,5.0,6.0,4.0,6.0,7.0,3.0,6.0,6.0,3.0,3.0,2.0,Completed,4.5,1.2,4.22,1.27,4.54,1.29,4.12,1.24
32,Paris,French Open,2024-05-26,Grand Slam,Outdoor,Clay,1st Round,5,Hurkacz H.,Mochizuki S.,8,162.0,3885,366.0,4.0,6.0,6.0,3.0,3.0,6.0,6.0,0.0,6.0,3.0,3.0,2.0,Completed,1.03,15.0,1.05,15.11,1.09,15.11,1.04,12.27
32,Paris,French Open,2024-05-26,Grand Slam,Outdoor,Clay,1st Round,5,Dimitrov G.,Kovacevic A.,10,87.0,3555,681.0,6.0,4.0,6.0,3.0,6.0,4.0,,,,,3.0,0.0,Completed,1.08,8.0,1.1,8.78,1.12,8.85,1.09,7.5
32,Paris,French Open,2024-05-26,Grand Slam,Outdoor,Clay,1st Round,5,Marterer M.,Thompson J.,101,36.0,622,1156.0,6.0,3.0,6.0,2.0,6.0,0.0,,,,,3.0,0.0,Completed,2.3,1.62,2.51,1.6,2.71,1.63,2.42,1.57
32,Paris,French Open,2024-05-26,Grand Slam,Outdoor,Clay,1st Round,5,Alcaraz C.,Wolf J.J.,3,107.0,7300,585.0,6.0,1.0,6.0,2.0,6.0,1.0,,,,,3.0,0.0,Completed,1.01,26.0,1.01,41.77,1.03,41.77,1.01,23.24
32,Paris,French Open,2024-05-26,Grand Slam,Outdoor,Clay,1st Round,5,Gasquet R.,Coric B.,124,73.0,515,744.0,7.0,6.0,7.0,6.0,6.0,4.0,,,,,3.0,0.0,Completed,3.2,1.36,3.23,1.4,3.25,1.41,3.1,1.37
32,Paris,French Open,2024-05-26,Grand Slam,Outdoor,Clay,1st Round,5,Muller A.,Nardi L.,90,72.0,670,748.0,6.0,4.0,6.0,1.0,6.0,3.0,,,,,3.0,0.0,Completed,1.53,2.5,1.6,2.52,1.62,2.54,1.56,2.44
32,Paris,French Open,2024-05-26,Grand Slam,Outdoor,Clay,1st Round,5,Bergs Z.,Tabilo A.,104,24.0,611,1645.0,3.0,6.0,7.0,6.0,6.0,2.0,6.0,2.0,,,3.0,1.0,Completed,3.2,1.36,3.3,1.39,3.3,1.4,3.12,1.37
32,Paris,French Open,2024-05-26,Grand Slam,Outdoor,Clay,1st Round,5,Nishikori K.,Diallo G.,350,166.0,143,360.0,7.0,5.0,7.0,6.0,3.0,6.0,1.0,6.0,7.0,5.0,3.0,2.0,Completed,2.75,1.44,2.54,1.58,2.8,1.58,2.56,1.52
32,Paris,French Open,2024-05-26,Grand Slam,Outdoor,Clay,1st Round,5,Marozsan F.,Kukushkin M.,43,136.0,1083,492.0,6.0,2.0,6.0,2.0,6.0,3.0,,,,,3.0,0.0,Completed,1.25,4.0,1.27,4.26,1.33,4.26,1.26,3.93
32,Paris,French Open,2024-05-26,Grand Slam,Outdoor,Clay,1st Round,5,Korda S.,Mayot H.,28,122.0,1565,522.0,6.0,2.0,7.0,6.0,6.0,4.0,,,,,3.0,0.0,Completed,1.17,5.0,1.21,4.99,1.22,5.05,1.19,4.71
32,Paris,French Open,2024-05-26,Grand Slam,Outdoor,Clay,1st Round,5,Altmaier D.,Djere L.,83,52.0,702,960.0,7.0,5.0,6.0,4.0,6.0,7.0,5.0,7.0,7.0,6.0,3.0,2.0,Completed,1.53,2.5,1.61,2.49,1.61,2.55,1.56,2.44
32,Paris,French Open,2024-05-26,Grand Slam,Outdoor,Clay,1st Round,5,Moutet C.,Jarry N.,79,19.0,720,2075.0,6.0,2.0,6.0,1.0,3.0,6.0,6.0,0.0,,,3.0,1.0,Completed,2.75,1.44,2.88,1.48,2.95,1.5,2.81,1.44
32,Paris,French Open,2024-05-26,Grand Slam,Outdoor,Clay,1st Round,5,Ofner S.,Atmane T.,45,121.0,1038,525.0,3.0,6.0,4.0,6.0,7.0,6.0,6.0,2.0,7.0,5.0,3.0,2.0,Completed,1.57,2.38,1.56,2.62,1.59,2.62,1.54,2.5
32,Paris,French Open,2024-05-26,Grand Slam,Outdoor,Clay,1st Round,5,Wawrinka S.,Murray A.,98,75.0,628,728.0,6.0,4.0,6.0,4.0,6.0,2.0,,,,,3.0,0.0,Completed,1.53,2.5,1.58,2.54,1.62,2.54,1.55,2.46
32,Paris,French Open,2024-05-27,Grand Slam,Outdoor,Clay,1st Round,5,Kwon S.W.,Ruusuvuori E.,494,67.0,85,783.0,6.0,3.0,6.0,4.0,6.0,3.0,,,,,3.0,0.0,Completed,6.0,1.13,6.2,1.16,6.85,1.17,5.86,1.14
32,Paris,French Open,2024-05-27,Grand Slam,Outdoor,Clay,1st Round,5,Shevchenko A.,Karatsev A.,59,82.0,855,705.0,6.0,4.0,4.0,6.0,1.0,6.0,6.0,1.0,6.0,4.0,3.0,2.0,Completed,1.57,2.38,1.62,2.47,1.63,2.5,1.58,2.41
32,Paris,French Open,2024-05-27,Grand Slam,Outdoor,Clay,1st Round,5,Sinner J.,Eubanks C.,2,46.0,8770,1028.0,6.0,3.0,6.0,3.0,6.0,4.0,,,,,3.0,0.0,Completed,1.02,19.0,1.02,27.95,1.04,27.95,1.02,17.1
32,Paris,French Open,2024-05-27,Grand Slam,Outdoor,Clay,1st Round,5,Squire H.,Purcell M.,221,94.0,280,647.0,6.0,2.0,6.0,2.0,3.0,6.0,4.0,6.0,7.0,6.0,3.0,2.0,Completed,1.44,2.75,1.51,2.75,1.56,2.78,1.48,2.68
32,Paris,French Open,2024-05-27,Grand Slam,Outdoor,Clay,1st Round,5,Shelton B.,Gaston H.,15,88.0,2500,673.0,3.0,6.0,6.0,3.0,6.0,4.0,6.0,4.0,,,3.0,1.0,Completed,1.4,3.0,1.41,3.19,1.44,3.19,1.4,2.96
32,Paris,French Open,2024-05-27,Grand Slam,Outdoor,Clay,1st Round,5,Auger-Aliassime F.,Nishioka Y.,21,70.0,1885,766.0,6.0,2.0,6.0,4.0,6.0,4.0,,,,,3.0,0.0,Completed,1.2,4.5,1.2,5.32,1.22,5.36,1.19,4.87
32,Paris,French Open,2024-05-27,Grand Slam,Outdoor,Clay,1st Round,5,Baez S.,Heide G.,20,174.0,1990,346.0,4.0,6.0,6.0,3.0,6.0,1.0,4.0,6.0,6.0,3.0,3.0,2.0,Completed,1.17,5.0,1.17,5.84,1.22,5.84,1.17,5.18
32,Paris,French Open,2024-05-27,Grand Slam,Outdoor,Clay,1st Round,5,Arnaldi M.,Fils A.,35,38.0,1165,1145.0,6.0,3.0,4.0,6.0,6.0,4.0,6.0,2.0,,,3.0,1.0,Completed,2.2,1.67,2.04,1.87,2.27,1.87,2.07,1.77
32,Paris,French Open,2024-05-27,Grand Slam,Outdoor,Clay,1st Round,5,Tsitsipas S.,Fucsovics M.,9,54.0,3700,922.0,7.0,6.0,6.0,4.0,6.0,1.0,,,,,3.0,0.0,Completed,1.1,7.0,1.12,7.63,1.14,7.63,1.11,6.77
32,Paris,French Open,2024-05-27,Grand Slam,Outdoor,Clay,1st Round,5,Kovalik J.,Giron M.,145,50.0,427,990.0,7.0,6.0,6.0,4.0,3.0,6.0,7.0,6.0,,,3.0,1.0,Completed,2.0,1.8,2.12,1.81,2.2,1.82,2.09,1.77
32,Paris,French Open,2024-05-27,Grand Slam,Outdoor,Clay,1st Round,5,Khachanov K.,Nagal S.,18,95.0,2090,635.0,6.0,2.0,6.0,0.0,7.0,6.0,,,,,3.0,0.0,Completed,1.11,6.5,1.15,6.53,1.15,6.69,1.13,6.11
32,Paris,French Open,2024-05-27,Grand Slam,Outdoor,Clay,1st Round,5,Zverev A.,Nadal R.,4,275.0,6305,205.0,6.0,3.0,7.0,6.0,6.0,3.0,,,,,3.0,0.0,Completed,1.3,3.5,1.31,3.81,1.34,3.81,1.31,3.49
32,Paris,French Open,2024-05-27,Grand Slam,Outdoor,Clay,1st Round,5,Kotov P.,Norrie C.,56,33.0,892,1230.0,4.0,6.0,6.0,3.0,3.0,6.0,7.0,6.0,6.0,2.0,3.0,2.0,Completed,2.75,1.44,2.99,1.45,3.06,1.49,2.85,1.43
32,Paris,French Open,2024-05-27,Grand Slam,Outdoor,Clay,1st Round,5,Cerundolo F.,Hanfmann Y.,27,85.0,1590,697.0,6.0,3.0,6.0,3.0,6.0,4.0,,,,,3.0,0.0,Completed,1.3,3.5,1.34,3.56,1.34,4.11,1.32,3.47
32,Paris,French Open,2024-05-27,Grand Slam,Outdoor,Clay,1st Round,5,Misolic F.,Virtanen O.,243,156.0,255,387.0,4.0,6.0,4.0,6.0,6.0,3.0,6.0,4.0,6.0,2.0,3.0,2.0,Completed,1.5,2.63,1.59,2.54,1.59,2.63,1.54,2.5
32,Paris,French Open,2024-05-27,Grand Slam,Outdoor,Clay,1st Round,5,Tiafoe F.,Bellucci M.,26,173.0,1630,349.0,6.0,3.0,3.0,6.0,6.0,7.0,6.0,4.0,6.0,4.0,3.0,2.0,Completed,1.29,3.75,1.31,3.8,1.35,3.8,1.31,3.55
32,Paris,French Open,2024-05-27,Grand Slam,Outdoor,Clay,1st Round,5,Musetti L.,Galan D.E.,30,106.0,1370,609.0,6.0,3.0,6.0,3.0,7.0,5.0,,,,,3.0,0.0,Completed,1.13,6.0,1.16,6.07,1.22,6.25,1.15,5.65
32,Paris,French Open,2024-05-27,Grand Slam,Outdoor,Clay,1st Round,5,Paul T.,Cachin P.,14,108.0,2655,584.0,6.0,2.0,6.0,3.0,6.0,1.0,,,,,3.0,0.0,Completed,1.1,7.0,1.12,7.82,1.13,8.3,1.1,7.14
32,Paris,French Open,2024-05-27,Grand Slam,Outdoor,Clay,1st Round,5,Shapovalov D.,Van Assche L.,118,103.0,540,613.0,6.0,3.0,6.0,4.0,6.0,4.0,,,,,3.0,0.0,Completed,1.67,2.2,1.63,2.45,1.68,2.56,1.61,2.34
32,Paris,French Open,2024-05-27,Grand Slam,Outdoor,Clay,1st Round,5,Kecmanovic M.,Monteiro T.,57,86.0,880,685.0,6.0,2.0,6.0,1.0,4.0,6.0,7.0,5.0,,,3.0,1.0,Completed,1.8,2.0,1.88,2.03,1.89,2.03,1.84,1.97
32,Paris,French Open,2024-05-27,Grand Slam,Outdoor,Clay,1st Round,5,Lajovic D.,Safiullin R.,61,42.0,831,1087.0,4.0,6.0,7.0,5.0,6.0,4.0,6.0,7.0,6.0,4.0,3.0,2.0,Completed,1.62,2.3,1.67,2.35,1.68,2.35,1.64,2.29
32,Paris,French Open,2024-05-27,Grand Slam,Outdoor,Clay,1st Round,5,Monfils G.,Seyboth Wild T.,37,58.0,1155,855.0,6.0,2.0,3.0,6.0,6.0,3.0,6.0,4.0,,,3.0,1.0,Completed,2.3,1.62,2.34,1.68,2.36,1.68,2.27,1.65
32,Paris,French Open,2024-05-27,Grand Slam,Outdoor,Clay,1st Round,5,Fognini F.,Van De Zandschulp B.,93,102.0,648,618.0,6.0,1.0,6.0,1.0,7.0,5.0,,,,,3.0,0.0,Completed,2.75,1.44,2.72,1.52,2.75,1.54,2.65,1.49
32,Paris,French Open,2024-05-27,Grand Slam,Outdoor,Clay,1st Round,5,Medvedev D.,Koepfer D.,5,65.0,6295,807.0,6.0,3.0,6.0,4.0,5.0,7.0,6.0,3.0,,,3.0,1.0,Completed,1.2,4.5,1.22,4.9,1.22,5.19,1.2,4.66
32,Paris,French Open,2024-05-28,Grand Slam,Outdoor,Clay,1st Round,5,Etcheverry T.,Cazaux A.,29,77.0,1550,725.0,3.0,6.0,6.0,2.0,6.0,1.0,6.0,4.0,,,3.0,1.0,Completed,1.2,4.5,1.22,4.85,1.23,4.85,1.2,4.54
32,Paris,French Open,2024-05-28,Grand Slam,Outdoor,Clay,1st Round,5,Ruud C.,Meligeni Alves F.,7,137.0,4425,490.0,6.0,3.0,6.0,4.0,6.0,3.0,,,,,3.0,0.0,Completed,1.06,10.0,1.06,13.63,1.07,13.63,1.05,10.54
32,Paris,French Open,2024-05-28,Grand Slam,Outdoor,Clay,1st Round,5,Machac T.,Borges N.,34,47.0,1185,1006.0,7.0,6.0,6.0,4.0,6.0,3.0,,,,,3.0,0.0,Completed,1.62,2.3,1.63,2.43,1.63,2.46,1.6,2.38
32,Paris,French Open,2024-05-28,Grand Slam,Outdoor,Clay,1st Round,5,Davidovich Fokina A.,Vacherot V.,32,116.0,1280,543.0,4.0,6.0,6.0,2.0,6.0,2.0,7.0,6.0,,,3.0,1.0,Completed,1.2,4.5,1.25,4.41,1.26,4.54,1.22,4.27
32,Paris,French Open,2024-05-28,Grand Slam,Outdoor,Clay,1st Round,5,Munar J.,Bautista Agut R.,64,81.0,810,715.0,6.0,1.0,4.0,6.0,6.0,4.0,6.0,1.0,,,3.0,1.0,Completed,1.67,2.2,1.69,2.3,1.8,2.3,1.69,2.2
32,Paris,French Open,2024-05-28,Grand Slam,Outdoor,Clay,1st Round,5,De Minaur A.,Michelsen A.,11,60.0,3490,835.0,6.0,1.0,6.0,0.0,6.0,2.0,,,,,3.0,0.0,Completed,1.08,8.0,1.11,8.0,1.14,8.0,1.1,7.13
32,Paris,French Open,2024-05-28,Grand Slam,Outdoor,Clay,1st Round,5,Navone M.,Carreno Busta P.,31,1049.0,1339,11.0,5.0,7.0,6.0,1.0,6.0,3.0,6.0,0.0,,,3.0,1.0,Completed,1.13,6.0,1.19,5.43,1.19,6.0,1.16,5.39
32,Paris,French Open,2024-05-28,Grand Slam,Outdoor,Clay,1st Round,5,Rinderknech A.,Walton A.,69,96.0,772,635.0,6.0,2.0,6.0,4.0,7.0,5.0,,,,,3.0,0.0,Completed,1.14,5.5,1.19,5.48,1.19,5.5,1.17,5.13
32,Paris,French Open,2024-05-28,Grand Slam,Outdoor,Clay,1st Round,5,Fritz T.,Coria F.,12,71.0,2980,761.0,2.0,6.0,6.0,1.0,6.0,2.0,6.0,1.0,,,3.0,1.0,Completed,1.14,5.5,1.14,6.86,1.15,7.0,1.13,6.09
32,Paris,French Open,2024-05-28,Grand Slam,Outdoor,Clay,1st Round,5,Goffin D.,Mpetshi G.,115,66.0,543,786.0,4.0,6.0,6.0,4.0,6.0,3.0,6.0,7.0,6.0,3.0,3.0,2.0,Completed,2.3,1.62,2.23,1.74,2.39,1.74,2.24,1.66
32,Paris,French Open,2024-05-28,Grand Slam,Outdoor,Clay,1st Round,5,Cobolli F.,Medjedovic H.,53,135.0,940,492.0,6.0,2.0,6.0,3.0,6.0,7.0,6.0,3.0,,,3.0,1.0,Completed,2.5,1.53,2.64,1.55,2.64,1.56,2.53,1.53
32,Paris,French Open,2024-05-28,Grand Slam,Outdoor,Clay,1st Round,5,Struff J.L.,Burruchaga R.,41,144.0,1090,431.0,6.0,3.0,6.0,2.0,6.0,1.0,,,,,3.0,0.0,Completed,1.14,5.5,1.13,7.41,1.22,7.41,1.14,5.99
32,Paris,French Open,2024-05-28,Grand Slam,Outdoor,Clay,1st Round,5,Rune H.,Evans D.,13,62.0,2700,831.0,6.0,4.0,6.0,4.0,6.0,4.0,,,,,3.0,0.0,Completed,1.08,8.0,1.09,9.41,1.14,9.41,1.09,7.84
32,Paris,French Open,2024-05-28,Grand Slam,Outdoor,Clay,1st Round,5,Zeppieri G.,Mannarino A.,148,22.0,420,1865.0,4.0,6.0,6.0,2.0,6.0,1.0,6.0,2.0,,,3.0,1.0,Completed,1.22,4.33,1.23,4.71,1.27,4.71,1.23,4.28
32,Paris,French Open,2024-05-28,Grand Slam,Outdoor,Clay,1st Round,5,Darderi L.,Hijikata R.,40,78.0,1092,723.0,6.0,3.0,7.0,6.0,6.0,1.0,,,,,3.0,0.0,Completed,1.06,10.0,1.1,9.24,1.12,10.0,1.08,8.14
32,Paris,French Open,2024-05-28,Grand Slam,Outdoor,Clay,1st Round,5,Kokkinakis T.,Popyrin A.,100,51.0,623,961.0,4.0,6.0,7.0,6.0,6.0,3.0,5.0,7.0,6.0,3.0,3.0,2.0,Completed,2.0,1.8,2.04,1.87,2.05,1.88,1.98,1.83
32,Paris,French Open,2024-05-28,Grand Slam,Outdoor,Clay,1st Round,5,Carballes Baena R.,Lestienne C.,63,91.0,816,669.0,6.0,3.0,7.0,5.0,4.0,6.0,6.0,2.0,,,3.0,1.0,Completed,1.14,5.5,1.17,6.01,1.18,6.01,1.15,5.44
32,Paris,French Open,2024-05-28,Grand Slam,Outdoor,Clay,1st Round,5,Griekspoor T.,Mcdonald M.,25,74.0,1635,735.0,6.0,3.0,6.0,4.0,1.0,6.0,6.0,2.0,,,3.0,1.0,Completed,1.1,7.0,1.13,7.48,1.16,7.48,1.12,6.58
32,Paris,French Open,2024-05-28,Grand Slam,Outdoor,Clay,1st Round,5,Djokovic N.,Herbert P.H.,1,142.0,9960,450.0,6.0,4.0,7.0,6.0,6.0,4.0,,,,,3.0,0.0,Completed,1.02,21.0,1.02,28.68,1.03,28.68,1.02,17.79
32,Paris,French Open,2024-05-28,Grand Slam,Outdoor,Clay,1st Round,5,Bublik A.,Barrere G.,17,112.0,2110,575.0,6.0,4.0,7.0,5.0,6.0,3.0,,,,,3.0,0.0,Completed,1.91,1.91,2.08,1.84,2.08,2.03,1.9,1.92
32,Paris,French Open,2024-05-29,Grand Slam,Outdoor,Clay,2nd Round,5,Tsitsipas S.,Altmaier D.,9,83.0,3700,702.0,6.0,3.0,6.0,2.0,6.0,7.0,6.0,4.0,,,3.0,1.0,Completed,1.05,11.0,1.07,12.24,1.08,12.24,1.06,9.61
32,Paris,French Open,2024-05-29,Grand Slam,Outdoor,Clay,2nd Round,5,Alcaraz C.,De Jong J.,3,176.0,7300,344.0,6.0,3.0,6.0,4.0,2.0,6.0,6.0,2.0,,,3.0,1.0,Completed,1.01,26.0,1.01,43.94,1.03,43.94,1.01,22.91
32,Paris,French Open,2024-05-29,Grand Slam,Outdoor,Clay,2nd Round,5,Rublev A.,Martinez P.,6,48.0,4700,995.0,6.0,3.0,6.0,4.0,6.0,3.0,,,,,3.0,0.0,Completed,1.13,6.0,1.13,7.12,1.14,7.24,1.12,6.39
32,Paris,French Open,2024-05-29,Grand Slam,Outdoor,Clay,2nd Round,5,Kotov P.,Wawrinka S.,56,98.0,892,628.0,7.0,6.0,6.0,4.0,1.0,6.0,7.0,6.0,,,3.0,1.0,Completed,1.62,2.3,1.56,2.61,1.63,2.61,1.57,2.43
32,Paris,French Open,2024-05-29,Grand Slam,Outdoor,Clay,2nd Round,5,Sinner J.,Gasquet R.,2,124.0,8770,515.0,6.0,4.0,6.0,2.0,6.0,4.0,,,,,3.0,0.0,Completed,1.02,19.0,1.03,23.35,1.09,23.35,1.03,15.54
32,Paris,French Open,2024-05-30,Grand Slam,Outdoor,Clay,2nd Round,5,Arnaldi M.,Muller A.,35,90.0,1165,670.0,6.0,4.0,6.0,1.0,6.0,3.0,,,,,3.0,0.0,Completed,1.57,2.38,1.56,2.61,1.58,2.61,1.53,2.5
32,Paris,French Open,2024-05-30,Grand Slam,Outdoor,Clay,2nd Round,5,Korda S.,Kwon S.W.,28,494.0,1565,85.0,6.0,4.0,6.0,4.0,1.0,6.0,6.0,3.0,,,3.0,1.0,Completed,1.14,5.5,1.18,5.74,1.18,5.8,1.15,5.37
32,Paris,French Open,2024-05-30,Grand Slam,Outdoor,Clay,2nd Round,5,Shapovalov D.,Tiafoe F.,118,26.0,540,1630.0,6.0,7.0,6.0,4.0,6.0,2.0,6.0,4.0,,,3.0,1.0,Completed,1.53,2.5,1.55,2.63,1.57,2.63,1.54,2.49
32,Paris,French Open,2024-05-30,Grand Slam,Outdoor,Clay,2nd Round,5,Ofner S.,Baez S.,45,20.0,1038,1990.0,3.0,6.0,3.0,6.0,6.0,4.0,7.0,5.0,7.0,6.0,3.0,2.0,Completed,4.5,1.2,4.54,1.24,4.59,1.25,4.33,1.22
32,Paris,French Open,2024-05-30,Grand Slam,Outdoor,Clay,2nd Round,5,Bergs Z.,Marterer M.,104,101.0,611,622.0,3.0,6.0,6.0,3.0,6.0,1.0,6.0,3.0,,,3.0,1.0,Completed,1.4,3.0,1.45,2.98,1.45,3.11,1.41,2.92
32,Paris,French Open,2024-05-30,Grand Slam,Outdoor,Clay,2nd Round,5,Hurkacz H.,Nakashima B.,8,84.0,3885,700.0,6.0,7.0,6.0,1.0,6.0,3.0,7.0,6.0,,,3.0,1.0,Completed,1.3,3.5,1.35,3.55,1.36,3.55,1.33,3.37
32,Paris,French Open,2024-05-30,Grand Slam,Outdoor,Clay,2nd Round,5,Dimitrov G.,Marozsan F.,10,43.0,3555,1083.0,6.0,0.0,6.0,3.0,6.0,4.0,,,,,3.0,0.0,Completed,1.3,3.5,1.37,3.41,1.37,3.53,1.34,3.31
32,Paris,French Open,2024-05-30,Grand Slam,Outdoor,Clay,2nd Round,5,Medvedev D.,Kecmanovic M.,5,57.0,6295,880.0,6.0,1.0,5.0,0.0,,,,,,,1.0,0.0,Retired,1.25,4.0,1.29,3.99,1.3,4.18,1.27,3.8
32,Paris,French Open,2024-05-30,Grand Slam,Outdoor,Clay,2nd Round,5,Auger-Aliassime F.,Squire H.,21,221.0,1885,280.0,6.0,4.0,4.0,6.0,6.0,3.0,6.0,2.0,,,3.0,1.0,Completed,1.06,10.0,1.09,9.62,1.09,10.0,1.07,8.63
32,Paris,French Open,2024-05-30,Grand Slam,Outdoor,Clay,2nd Round,5,Griekspoor T.,Darderi L.,25,40.0,1635,1092.0,7.0,6.0,6.0,3.0,6.0,3.0,,,,,3.0,0.0,Completed,2.2,1.67,2.34,1.68,2.34,1.73,2.23,1.67
32,Paris,French Open,2024-05-30,Grand Slam,Outdoor,Clay,2nd Round,5,Zhang Zh.,Sonego L.,44,49.0,1056,991.0,7.0,5.0,3.0,6.0,6.0,1.0,6.0,4.0,,,3.0,1.0,Completed,1.91,1.91,1.97,1.93,2.0,1.9,1.93,1.86
32,Paris,French Open,2024-05-30,Grand Slam,Outdoor,Clay,2nd Round,5,Zverev A.,Goffin D.,4,115.0,6305,543.0,7.0,6.0,6.0,2.0,6.0,2.0,,,,,3.0,0.0,Completed,1.03,15.0,1.05,15.36,1.06,15.36,1.04,12.04
32,Paris,French Open,2024-05-30,Grand Slam,Outdoor,Clay,2nd Round,5,Djokovic N.,Carballes Baena R.,1,63.0,9960,816.0,6.0,4.0,6.0,1.0,6.0,2.0,,,,,3.0,0.0,Completed,1.03,17.0,1.04,16.93,1.05,18.0,1.03,13.61
32,Paris,French Open,2024-05-30,Grand Slam,Outdoor,Clay,2nd Round,5,Moutet C.,Shevchenko A.,79,59.0,720,855.0,6.0,4.0,6.0,2.0,0.0,6.0,6.0,3.0,,,3.0,1.0,Completed,1.44,2.75,1.5,2.81,1.5,2.85,1.45,2.76
32,Paris,French Open,2024-05-30,Grand Slam,Outdoor,Clay,2nd Round,5,De Minaur A.,Munar J.,11,64.0,3490,810.0,7.0,5.0,6.0,1.0,6.0,4.0,,,,,3.0,0.0,Completed,1.3,3.5,1.32,3.76,1.32,3.82,1.3,3.59
32,Paris,French Open,2024-05-30,Grand Slam,Outdoor,Clay,2nd Round,5,Shelton B.,Nishikori K.,15,350.0,2500,143.0,7.0,6.0,6.0,4.0,,,,,,,2.0,0.0,Retired,1.14,5.5,1.17,6.01,1.18,6.01,1.16,5.27
32,Paris,French Open,2024-05-30,Grand Slam,Outdoor,Clay,2nd Round,5,Paul T.,Fognini F.,14,93.0,2655,648.0,6.0,1.0,6.0,0.0,6.0,2.0,,,,,3.0,0.0,Completed,1.17,5.0,1.2,5.15,1.26,5.3,1.19,4.8
32,Paris,French Open,2024-05-30,Grand Slam,Outdoor,Clay,2nd Round,5,Rune H.,Cobolli F.,13,53.0,2700,940.0,6.0,4.0,6.0,3.0,3.0,6.0,3.0,6.0,7.0,6.0,3.0,2.0,Completed,1.44,2.75,1.48,2.86,1.5,2.86,1.45,2.76
32,Paris,French Open,2024-05-30,Grand Slam,Outdoor,Clay,2nd Round,5,Machac T.,Navone M.,34,31.0,1185,1339.0,6.0,2.0,6.0,1.0,3.0,6.0,1.0,6.0,6.0,1.0,3.0,2.0,Completed,1.67,2.2,1.73,2.24,1.73,2.31,1.67,2.22
32,Paris,French Open,2024-05-30,Grand Slam,Outdoor,Clay,2nd Round,5,Kokkinakis T.,Zeppieri G.,100,148.0,623,420.0,1.0,6.0,4.0,6.0,6.0,3.0,7.0,6.0,6.0,2.0,3.0,2.0,Completed,1.67,2.2,1.69,2.3,1.71,2.3,1.68,2.21
32,Paris,French Open,2024-05-30,Grand Slam,Outdoor,Clay,2nd Round,5,Kovalik J.,Khachanov K.,145,18.0,427,2090.0,4.0,6.0,4.0,6.0,6.0,4.0,6.0,3.0,6.0,4.0,3.0,2.0,Completed,8.0,1.08,10.78,1.08,10.78,1.16,8.23,1.08
32,Paris,French Open,2024-05-30,Grand Slam,Outdoor,Clay,2nd Round,5,Struff J.L.,Bublik A.,41,17.0,1090,2110.0,6.0,2.0,6.0,2.0,6.0,3.0,,,,,3.0,0.0,Completed,1.29,3.75,1.29,4.05,1.36,4.09,1.28,3.78
32,Paris,French Open,2024-05-30,Grand Slam,Outdoor,Clay,2nd Round,5,Cerundolo F.,Misolic F.,27,243.0,1590,255.0,6.0,2.0,7.0,6.0,6.0,0.0,,,,,3.0,0.0,Completed,1.11,6.5,1.14,7.27,1.19,7.27,1.13,6.14
32,Paris,French Open,2024-05-30,Grand Slam,Outdoor,Clay,2nd Round,5,Ruud C.,Davidovich Fokina A.,7,32.0,4425,1280.0,7.0,6.0,1.0,6.0,6.0,3.0,4.0,6.0,6.0,3.0,3.0,2.0,Completed,1.17,5.0,1.18,5.71,1.24,5.71,1.17,5.09
32,Paris,French Open,2024-05-30,Grand Slam,Outdoor,Clay,2nd Round,5,Fritz T.,Lajovic D.,12,61.0,2980,831.0,6.0,3.0,3.0,6.0,6.0,3.0,6.0,4.0,,,3.0,1.0,Completed,1.17,5.0,1.21,5.06,1.22,5.24,1.19,4.75
32,Paris,French Open,2024-05-30,Grand Slam,Outdoor,Clay,2nd Round,5,Musetti L.,Monfils G.,30,37.0,1370,1155.0,7.0,5.0,6.0,1.0,6.0,4.0,,,,,3.0,0.0,Completed,1.44,2.75,1.44,3.01,1.52,3.01,1.45,2.77
32,Paris,French Open,2024-05-30,Grand Slam,Outdoor,Clay,2nd Round,5,Etcheverry T.,Rinderknech A.,29,69.0,1550,772.0,3.0,6.0,6.0,7.0,6.0,1.0,5.0,0.0,,,1.0,2.0,Retired,1.3,3.5,1.28,4.07,1.39,4.07,1.28,3.73
32,Paris,French Open,2024-05-31,Grand Slam,Outdoor,Clay,3rd Round,5,Arnaldi M.,Rublev A.,35,6.0,1165,4700.0,7.0,6.0,6.0,2.0,6.0,4.0,,,,,3.0,0.0,Completed,5.0,1.17,4.79,1.23,5.05,1.23,4.57,1.2
32,Paris,French Open,2024-05-31,Grand Slam,Outdoor,Clay,3rd Round,5,Sinner J.,Kotov P.,2,56.0,8770,892.0,6.0,4.0,6.0,4.0,6.0,4.0,,,,,3.0,0.0,Completed,1.03,17.0,1.04,18.76,1.06,18.76,1.03,13.59
32,Paris,French Open,2024-05-31,Grand Slam,Outdoor,Clay,3rd Round,5,Tsitsipas S.,Zhang Zh.,9,44.0,3700,1056.0,6.0,3.0,6.0,3.0,6.0,1.0,,,,,3.0,0.0,Completed,1.1,7.0,1.1,8.79,1.14,8.79,1.09,7.42
32,Paris,French Open,2024-05-31,Grand Slam,Outdoor,Clay,3rd Round,5,Moutet C.,Ofner S.,79,45.0,720,1038.0,3.0,6.0,6.0,4.0,6.0,4.0,6.0,1.0,,,3.0,1.0,Completed,1.36,3.2,1.38,3.35,1.39,3.35,1.35,3.21
32,Paris,French Open,2024-05-31,Grand Slam,Outdoor,Clay,3rd Round,5,Alcaraz C.,Korda S.,3,28.0,7300,1565.0,6.0,4.0,7.0,6.0,6.0,3.0,,,,,3.0,0.0,Completed,1.1,7.0,1.11,8.29,1.13,8.29,1.1,7.11
32,Paris,French Open,2024-06-01,Grand Slam,Outdoor,Clay,3rd Round,5,De Minaur A.,Struff J.L.,11,41.0,3490,1090.0,4.0,6.0,6.0,4.0,6.0,3.0,6.0,3.0,,,3.0,1.0,Completed,1.8,2.0,1.92,1.99,1.92,2.0,1.86,1.95
32,Paris,French Open,2024-06-01,Grand Slam,Outdoor,Clay,3rd Round,5,Auger-Aliassime F.,Shelton B.,21,15.0,1885,2500.0,6.0,4.0,6.0,2.0,6.0,1.0,,,,,3.0,0.0,Completed,1.57,2.38,1.57,2.58,1.67,2.58,1.56,2.44
32,Paris,French Open,2024-06-01,Grand Slam,Outdoor,Clay,3rd Round,5,Medvedev D.,Machac T.,5,34.0,6295,1185.0,7.0,6.0,7.0,5.0,1.0,6.0,6.0,4.0,,,3.0,1.0,Completed,1.3,3.5,1.36,3.44,1.36,3.6,1.33,3.35
32,Paris,French Open,2024-06-01,Grand Slam,Outdoor,Clay,3rd Round,5,Zverev A.,Griekspoor T.,4,25.0,6305,1635.0,3.0,6.0,6.0,4.0,6.0,2.0,4.0,6.0,7.0,6.0,3.0,2.0,Completed,1.1,7.0,1.12,7.89,1.13,7.89,1.1,7.0
32,Paris,French Open,2024-06-01,Grand Slam,Outdoor,Clay,3rd Round,5,Hurkacz H.,Shapovalov D.,8,118.0,3885,540.0,6.0,3.0,7.0,6.0,4.0,6.0,6.0,1.0,,,3.0,1.0,Completed,1.4,3.0,1.43,3.05,1.46,3.05,1.42,2.92
32,Paris,French Open,2024-06-01,Grand Slam,Outdoor,Clay,3rd Round,5,Rune H.,Kovalik J.,13,145.0,2700,427.0,7.0,5.0,6.0,1.0,7.0,6.0,,,,,3.0,0.0,Completed,1.11,6.5,1.13,7.19,1.15,7.19,1.12,6.4
32,Paris,French Open,2024-06-01,Grand Slam,Outdoor,Clay,3rd Round,5,Cerundolo F.,Paul T.,27,14.0,1590,2655.0,3.0,6.0,6.0,3.0,6.0,3.0,6.0,2.0,,,3.0,1.0,Completed,2.3,1.62,2.36,1.67,2.4,1.7,2.25,1.66
32,Paris,French Open,2024-06-01,Grand Slam,Outdoor,Clay,3rd Round,5,Fritz T.,Kokkinakis T.,12,100.0,2980,623.0,6.0,3.0,6.0,2.0,6.0,7.0,5.0,7.0,6.0,3.0,3.0,2.0,Completed,1.14,5.5,1.14,6.59,1.17,7.53,1.14,5.81
32,Paris,French Open,2024-06-01,Grand Slam,Outdoor,Clay,3rd Round,5,Dimitrov G.,Bergs Z.,10,104.0,3555,611.0,6.0,3.0,7.0,6.0,4.0,6.0,6.0,4.0,,,3.0,1.0,Completed,1.2,4.5,1.2,5.28,1.23,5.28,1.19,4.83
32,Paris,French Open,2024-06-01,Grand Slam,Outdoor,Clay,3rd Round,5,Ruud C.,Etcheverry T.,7,29.0,4425,1550.0,6.0,4.0,1.0,6.0,6.0,2.0,6.0,2.0,,,3.0,1.0,Completed,1.22,4.33,1.23,4.65,1.26,4.65,1.22,4.27
32,Paris,French Open,2024-06-01,Grand Slam,Outdoor,Clay,3rd Round,5,Djokovic N.,Musetti L.,1,30.0,9960,1370.0,7.0,5.0,6.0,7.0,2.0,6.0,6.0,3.0,6.0,0.0,3.0,2.0,Completed,1.2,4.5,1.22,4.86,1.25,4.89,1.2,4.57
32,Paris,French Open,2024-06-02,Grand Slam,Outdoor,Clay,4th Round,5,Tsitsipas S.,Arnaldi M.,9,35.0,3700,1165.0,3.0,6.0,7.0,6.0,6.0,2.0,6.0,2.0,,,3.0,1.0,Completed,1.17,5.0,1.22,4.97,1.28,5.05,1.2,4.65
32,Paris,French Open,2024-06-02,Grand Slam,Outdoor,Clay,4th Round,5,Alcaraz C.,Auger-Aliassime F.,3,21.0,7300,1885.0,6.0,3.0,6.0,3.0,6.0,1.0,,,,,3.0,0.0,Completed,1.11,6.5,1.12,7.55,1.16,7.55,1.12,6.56
32,Paris,French Open,2024-06-02,Grand Slam,Outdoor,Clay,4th Round,5,Dimitrov G.,Hurkacz H.,10,8.0,3555,3885.0,7.0,6.0,6.0,4.0,7.0,6.0,,,,,3.0,0.0,Completed,1.62,2.3,1.59,2.53,1.65,2.53,1.59,2.38
32,Paris,French Open,2024-06-02,Grand Slam,Outdoor,Clay,4th Round,5,Sinner J.,Moutet C.,2,79.0,8770,720.0,2.0,6.0,6.0,3.0,6.0,2.0,6.0,1.0,,,3.0,1.0,Completed,1.05,11.0,1.05,14.36,1.08,14.36,1.05,10.75
32,Paris,French Open,2024-06-03,Grand Slam,Outdoor,Clay,4th Round,5,De Minaur A.,Medvedev D.,11,5.0,3490,6295.0,4.0,6.0,6.0,2.0,6.0,1.0,6.0,3.0,,,3.0,1.0,Completed,2.38,1.57,2.39,1.65,2.5,1.65,2.36,1.59
32,Paris,French Open,2024-06-03,Grand Slam,Outdoor,Clay,4th Round,5,Djokovic N.,Cerundolo F.,1,27.0,9960,1590.0,6.0,1.0,5.0,7.0,3.0,6.0,7.0,5.0,6.0,3.0,3.0,2.0,Completed,1.14,5.5,1.19,5.55,1.19,5.75,1.16,5.27
32,Paris,French Open,2024-06-03,Grand Slam,Outdoor,Clay,4th Round,5,Ruud C.,Fritz T.,7,12.0,4425,2980.0,7.0,6.0,3.0,6.0,6.0,4.0,6.0,2.0,,,3.0,1.0,Completed,1.36,3.2,1.33,3.69,1.4,3.69,1.32,3.41
32,Paris,French Open,2024-06-03,Grand Slam,Outdoor,Clay,4th Round,5,Zverev A.,Rune H.,4,13.0,6305,2700.0,4.0,6.0,6.0,1.0,5.0,7.0,7.0,6.0,6.0,2.0,3.0,2.0,Completed,1.36,3.2,1.38,3.35,1.42,3.4,1.35,3.21
32,Paris,French Open,2024-06-04,Grand Slam,Outdoor,Clay,Quarterfinals,5,Sinner J.,Dimitrov G.,2,10.0,8770,3555.0,6.0,2.0,6.0,4.0,7.0,6.0,,,,,3.0,0.0,Completed,1.2,4.5,1.21,5.08,1.23,5.08,1.2,4.66
32,Paris,French Open,2024-06-04,Grand Slam,Outdoor,Clay,Quarterfinals,5,Alcaraz C.,Tsitsipas S.,3,9.0,7300,3700.0,6.0,3.0,7.0,6.0,6.0,4.0,,,,,3.0,0.0,Completed,1.2,4.5,1.25,4.4,1.26,4.5,1.23,4.25
32,Paris,French Open,2024-06-05,Grand Slam,Outdoor,Clay,Quarterfinals,5,Ruud C.,Djokovic N.,7,1.0,4425,9960.0,,,,,,,,,,,,,Walkover,1.8,2.0,1.74,2.18,1.82,2.2,1.76,2.09
32,Paris,French Open,2024-06-05,Grand Slam,Outdoor,Clay,Quarterfinals,5,Zverev A.,De Minaur A.,4,11.0,6305,3490.0,6.0,4.0,7.0,6.0,6.0,4.0,,,,,3.0,0.0,Completed,1.36,3.2,1.4,3.23,1.46,3.4,1.37,3.11
32,Paris,French Open,2024-06-07,Grand Slam,Outdoor,Clay,Semifinals,5,Alcaraz C.,Sinner J.,3,2.0,7300,8770.0,2.0,6.0,6.0,3.0,3.0,6.0,6.0,4.0,6.0,3.0,3.0,2.0,Completed,1.62,2.3,1.68,2.28,1.73,2.3,1.67,2.22
32,Paris,French Open,2024-06-07,Grand Slam,Outdoor,Clay,Semifinals,5,Zverev A.,Ruud C.,4,7.0,6305,4425.0,2.0,6.0,6.0,2.0,6.0,4.0,6.0,2.0,,,3.0,1.0,Completed,1.8,2.0,1.81,2.08,1.82,2.13,1.79,2.03
32,Paris,French Open,2024-06-09,Grand Slam,Outdoor,Clay,The Final,5,Alcaraz C.,Zverev A.,3,4.0,7300,6305.0,6.0,3.0,2.0,6.0,5.0,7.0,6.0,1.0,6.0,2.0,3.0,2.0,Completed,1.33,3.4,1.36,3.32,1.39,3.4,1.35,3.26
33,Stuttgart,Stuttgart Open,2024-06-10,ATP250,Outdoor,Grass,1st Round,3,Draper J.,Ofner S.,40,52.0,1131,933.0,7.0,6.0,7.0,6.0,,,,,,,2.0,0.0,Completed,1.25,4.0,1.26,4.08,1.27,4.17,1.25,3.86
33,Stuttgart,Stuttgart Open,2024-06-10,ATP250,Outdoor,Grass,1st Round,3,Koepfer D.,Zhang Zh.,65,44.0,801,1066.0,4.0,6.0,7.0,6.0,7.0,6.0,,,,,2.0,1.0,Completed,1.8,2.0,1.79,2.08,1.81,2.12,1.76,2.02
33,Stuttgart,Stuttgart Open,2024-06-10,ATP250,Outdoor,Grass,1st Round,3,Hanfmann Y.,Squire H.,91,178.0,646,344.0,6.0,3.0,6.0,3.0,,,,,,,2.0,0.0,Completed,1.67,2.2,1.71,2.21,1.81,2.3,1.66,2.18
33,Stuttgart,Stuttgart Open,2024-06-10,ATP250,Outdoor,Grass,1st Round,3,Medjedovic H.,Marozsan F.,131,42.0,497,1122.0,6.0,7.0,6.0,1.0,6.0,4.0,,,,,2.0,1.0,Completed,1.57,2.38,1.65,2.31,1.68,2.38,1.61,2.28
33,Stuttgart,Stuttgart Open,2024-06-11,ATP250,Outdoor,Grass,1st Round,3,Musetti L.,Mpetshi G.,30,66.0,1290,786.0,7.0,6.0,7.0,6.0,,,,,,,2.0,0.0,Completed,1.67,2.2,1.78,2.09,1.78,2.22,1.72,2.1
33,Stuttgart,Stuttgart Open,2024-06-11,ATP250,Outdoor,Grass,1st Round,3,Duckworth J.,Herbert P.H.,101,139.0,611,448.0,6.0,4.0,7.0,6.0,,,,,,,2.0,0.0,Completed,1.8,2.0,1.82,2.05,1.83,2.1,1.79,2.0
33,Stuttgart,Stuttgart Open,2024-06-11,ATP250,Outdoor,Grass,1st Round,3,Nakashima B.,Eubanks C.,70,45.0,750,1017.0,7.0,6.0,6.0,4.0,,,,,,,2.0,0.0,Completed,1.57,2.38,1.62,2.38,1.69,2.42,1.57,2.34
33,Stuttgart,Stuttgart Open,2024-06-11,ATP250,Outdoor,Grass,1st Round,3,Berrettini M.,Safiullin R.,95,43.0,630,1097.0,7.0,6.0,5.0,7.0,7.0,5.0,,,,,2.0,1.0,Completed,1.57,2.38,1.57,2.5,1.59,2.62,1.55,2.41
33,Stuttgart,Stuttgart Open,2024-06-11,ATP250,Outdoor,Grass,1st Round,3,Rinderknech A.,Michelsen A.,67,61.0,777,832.0,6.0,4.0,7.0,5.0,,,,,,,2.0,0.0,Completed,2.5,1.53,2.52,1.56,2.54,1.62,2.42,1.55
33,Stuttgart,Stuttgart Open,2024-06-11,ATP250,Outdoor,Grass,1st Round,3,Shapovalov D.,Martineau M.,117,179.0,550,344.0,7.0,6.0,7.0,5.0,,,,,,,2.0,0.0,Completed,1.2,4.5,1.22,4.68,1.25,4.72,1.21,4.26
33,Stuttgart,Stuttgart Open,2024-06-11,ATP250,Outdoor,Grass,1st Round,3,Giron M.,Murray A.,54,97.0,910,623.0,6.0,3.0,6.0,4.0,,,,,,,2.0,0.0,Completed,2.38,1.57,2.37,1.66,2.4,1.68,2.27,1.62
33,Stuttgart,Stuttgart Open,2024-06-11,ATP250,Outdoor,Grass,1st Round,3,Struff J.L.,Cobolli F.,35,50.0,1180,955.0,7.0,6.0,6.0,3.0,,,,,,,2.0,0.0,Completed,1.14,5.5,1.18,5.35,1.2,5.5,1.17,4.88
33,Stuttgart,Stuttgart Open,2024-06-12,ATP250,Outdoor,Grass,2nd Round,3,Musetti L.,Koepfer D.,30,65.0,1290,801.0,6.0,7.0,7.0,6.0,6.0,3.0,,,,,2.0,1.0,Completed,1.57,2.38,1.64,2.35,1.66,2.5,1.57,2.36
33,Stuttgart,Stuttgart Open,2024-06-12,ATP250,Outdoor,Grass,2nd Round,3,Tiafoe F.,Hanfmann Y.,28,91.0,1590,646.0,7.0,5.0,7.0,6.0,,,,,,,2.0,0.0,Completed,1.5,2.63,1.49,2.76,1.51,2.8,1.46,2.67
33,Stuttgart,Stuttgart Open,2024-06-12,ATP250,Outdoor,Grass,2nd Round,3,Bublik A.,Medjedovic H.,17,131.0,2150,497.0,6.0,1.0,7.0,6.0,,,,,,,2.0,0.0,Completed,1.57,2.38,1.6,2.45,1.62,2.51,1.58,2.35
33,Stuttgart,Stuttgart Open,2024-06-12,ATP250,Outdoor,Grass,2nd Round,3,Draper J.,Giron M.,40,54.0,1131,910.0,6.0,4.0,3.0,6.0,6.0,3.0,,,,,2.0,1.0,Completed,1.3,3.5,1.3,3.77,1.34,3.82,1.3,3.49
33,Stuttgart,Stuttgart Open,2024-06-13,ATP250,Outdoor,Grass,2nd Round,3,Nakashima B.,Gasquet R.,70,116.0,750,555.0,6.0,3.0,6.0,4.0,,,,,,,2.0,0.0,Completed,1.3,3.5,1.34,3.6,1.36,3.67,1.31,3.36
33,Stuttgart,Stuttgart Open,2024-06-13,ATP250,Outdoor,Grass,2nd Round,3,Struff J.L.,Rinderknech A.,35,67.0,1180,777.0,6.0,4.0,7.0,6.0,,,,,,,2.0,0.0,Completed,1.22,4.33,1.27,4.24,1.27,4.42,1.23,4.08
33,Stuttgart,Stuttgart Open,2024-06-13,ATP250,Outdoor,Grass,2nd Round,3,Berrettini M.,Shapovalov D.,95,117.0,630,550.0,6.0,4.0,6.0,4.0,,,,,,,2.0,0.0,Completed,1.62,2.3,1.62,2.45,1.63,2.45,1.6,2.3
33,Stuttgart,Stuttgart Open,2024-06-13,ATP250,Outdoor,Grass,2nd Round,3,Duckworth J.,Shelton B.,101,14.0,611,2590.0,7.0,6.0,4.0,6.0,6.0,3.0,,,,,2.0,1.0,Completed,3.0,1.4,3.0,1.45,3.02,1.45,2.87,1.4
33,Stuttgart,Stuttgart Open,2024-06-14,ATP250,Outdoor,Grass,Quarterfinals,3,Draper J.,Tiafoe F.,40,28.0,1131,1590.0,5.0,7.0,6.0,4.0,7.0,6.0,,,,,2.0,1.0,Completed,1.44,2.75,1.53,2.65,1.55,2.81,1.48,2.61
33,Stuttgart,Stuttgart Open,2024-06-14,ATP250,Outdoor,Grass,Quarterfinals,3,Nakashima B.,Struff J.L.,70,35.0,750,1180.0,,,,,,,,,,,,,Walkover,2.75,1.44,2.8,1.5,2.8,1.5,2.71,1.45
33,Stuttgart,Stuttgart Open,2024-06-14,ATP250,Outdoor,Grass,Quarterfinals,3,Berrettini M.,Duckworth J.,95,101.0,630,611.0,6.0,4.0,7.0,5.0,,,,,,,2.0,0.0,Completed,1.2,4.5,1.26,4.39,1.26,4.5,1.22,4.13
33,Stuttgart,Stuttgart Open,2024-06-14,ATP250,Outdoor,Grass,Quarterfinals,3,Musetti L.,Bublik A.,30,17.0,1290,2150.0,4.0,6.0,6.0,1.0,1.0,0.0,,,,,1.0,1.0,Retired,2.75,1.44,3.05,1.43,3.05,1.5,2.75,1.44
33,Stuttgart,Stuttgart Open,2024-06-15,ATP250,Outdoor,Grass,Semifinals,3,Draper J.,Nakashima B.,40,70.0,1131,750.0,6.0,3.0,6.0,3.0,,,,,,,2.0,0.0,Completed,1.44,2.75,1.55,2.64,1.55,2.89,1.47,2.63
33,Stuttgart,Stuttgart Open,2024-06-15,ATP250,Outdoor,Grass,Semifinals,3,Berrettini M.,Musetti L.,95,30.0,630,1290.0,6.0,4.0,6.0,0.0,,,,,,,2.0,0.0,Completed,1.36,3.2,1.44,3.04,1.44,3.2,1.39,2.96
33,Stuttgart,Stuttgart Open,2024-06-16,ATP250,Outdoor,Grass,The Final,3,Draper J.,Berrettini M.,40,95.0,1131,630.0,3.0,6.0,7.0,6.0,6.0,4.0,,,,,2.0,1.0,Completed,2.2,1.67,2.25,1.72,2.3,1.73,2.18,1.67
34,'s-Hertogenbosch,Rosmalen Grass Court Championships,2024-06-10,ATP250,Outdoor,Grass,1st Round,3,Nardi L.,Goffin D.,73,109.0,742,583.0,7.0,5.0,7.0,5.0,,,,,,,2.0,0.0,Completed,2.75,1.44,2.82,1.47,2.88,1.5,2.7,1.45
34,'s-Hertogenbosch,Rosmalen Grass Court Championships,2024-06-11,ATP250,Outdoor,Grass,1st Round,3,Mannarino A.,Napolitano S.,21,125.0,1865,517.0,3.0,6.0,7.0,6.0,6.0,2.0,,,,,2.0,1.0,Completed,1.3,3.5,1.35,3.4,1.35,3.53,1.32,3.3
34,'s-Hertogenbosch,Rosmalen Grass Court Championships,2024-06-11,ATP250,Outdoor,Grass,1st Round,3,Brouwer G.,Mensik J.,232,79.0,259,708.0,6.0,1.0,3.0,6.0,6.0,3.0,,,,,2.0,1.0,Completed,1.67,2.2,1.68,2.25,1.72,2.29,1.65,2.19
34,'s-Hertogenbosch,Rosmalen Grass Court Championships,2024-06-11,ATP250,Outdoor,Grass,1st Round,3,Mcdonald M.,Van De Zandschulp B.,74,99.0,735,618.0,6.0,4.0,4.0,6.0,6.0,2.0,,,,,2.0,1.0,Completed,2.0,1.8,1.96,1.89,2.02,1.89,1.96,1.81
34,'s-Hertogenbosch,Rosmalen Grass Court Championships,2024-06-11,ATP250,Outdoor,Grass,1st Round,3,Fils A.,Cazaux A.,38,75.0,1155,735.0,6.0,4.0,6.0,4.0,,,,,,,2.0,0.0,Completed,1.62,2.3,1.72,2.19,1.74,2.32,1.64,2.21
34,'s-Hertogenbosch,Rosmalen Grass Court Championships,2024-06-11,ATP250,Outdoor,Grass,1st Round,3,Raonic M.,Thompson J.,197,37.0,305,1156.0,6.0,3.0,6.0,4.0,,,,,,,2.0,0.0,Completed,2.38,1.57,2.53,1.56,2.54,1.62,2.41,1.55
34,'s-Hertogenbosch,Rosmalen Grass Court Championships,2024-06-11,ATP250,Outdoor,Grass,1st Round,3,Vukic A.,Purcell M.,87,100.0,674,612.0,6.0,3.0,7.0,6.0,,,,,,,2.0,0.0,Completed,1.62,2.3,1.65,2.32,1.7,2.34,1.63,2.23
34,'s-Hertogenbosch,Rosmalen Grass Court Championships,2024-06-11,ATP250,Outdoor,Grass,1st Round,3,Griekspoor T.,Kecmanovic M.,23,53.0,1690,920.0,6.0,7.0,7.0,6.0,7.0,6.0,,,,,2.0,1.0,Completed,1.33,3.4,1.35,3.37,1.4,3.4,1.35,3.13
34,'s-Hertogenbosch,Rosmalen Grass Court Championships,2024-06-11,ATP250,Outdoor,Grass,1st Round,3,Bautista Agut R.,Huesler M.A.,85,201.0,680,303.0,7.0,6.0,6.0,2.0,,,,,,,2.0,0.0,Completed,1.67,2.2,1.72,2.18,1.73,2.28,1.66,2.18
34,'s-Hertogenbosch,Rosmalen Grass Court Championships,2024-06-11,ATP250,Outdoor,Grass,1st Round,3,Popyrin A.,Hijikata R.,49,80.0,961,708.0,6.0,4.0,6.0,4.0,,,,,,,2.0,0.0,Completed,1.67,2.2,1.63,2.4,1.67,2.4,1.63,2.25
34,'s-Hertogenbosch,Rosmalen Grass Court Championships,2024-06-11,ATP250,Outdoor,Grass,1st Round,3,Korda S.,Schoolkate T.,26,185.0,1620,335.0,6.0,4.0,7.0,6.0,,,,,,,2.0,0.0,Completed,1.25,4.0,1.26,4.14,1.27,4.14,1.25,3.93
34,'s-Hertogenbosch,Rosmalen Grass Court Championships,2024-06-11,ATP250,Outdoor,Grass,1st Round,3,Bergs Z.,Van Rijthoven T.,81,,688,,6.0,4.0,6.0,3.0,,,,,,,2.0,0.0,Completed,1.4,3.0,1.43,2.94,1.44,3.15,1.4,2.96
34,'s-Hertogenbosch,Rosmalen Grass Court Championships,2024-06-12,ATP250,Outdoor,Grass,2nd Round,3,Brouwer G.,Mannarino A.,232,21.0,259,1865.0,6.0,3.0,6.0,3.0,,,,,,,2.0,0.0,Completed,2.5,1.53,2.68,1.51,2.8,1.58,2.58,1.48
34,'s-Hertogenbosch,Rosmalen Grass Court Championships,2024-06-12,ATP250,Outdoor,Grass,2nd Round,3,Griekspoor T.,Mcdonald M.,23,74.0,1690,735.0,6.0,3.0,7.0,6.0,,,,,,,2.0,0.0,Completed,1.4,3.0,1.39,3.2,1.4,3.2,1.37,3.02
34,'s-Hertogenbosch,Rosmalen Grass Court Championships,2024-06-12,ATP250,Outdoor,Grass,2nd Round,3,Humbert U.,Fils A.,16,38.0,2250,1155.0,6.0,3.0,7.0,6.0,,,,,,,2.0,0.0,Completed,1.67,2.2,1.68,2.28,1.69,2.31,1.64,2.2
34,'s-Hertogenbosch,Rosmalen Grass Court Championships,2024-06-13,ATP250,Outdoor,Grass,2nd Round,3,Korda S.,Nardi L.,26,73.0,1620,742.0,7.0,5.0,7.0,5.0,,,,,,,2.0,0.0,Completed,1.22,4.33,1.23,4.72,1.26,4.72,1.22,4.18
34,'s-Hertogenbosch,Rosmalen Grass Court Championships,2024-06-13,ATP250,Outdoor,Grass,2nd Round,3,Paul T.,Popyrin A.,13,49.0,2710,961.0,5.0,7.0,6.0,4.0,6.0,3.0,,,,,2.0,1.0,Completed,1.4,3.0,1.41,3.19,1.41,3.19,1.37,3.01
34,'s-Hertogenbosch,Rosmalen Grass Court Championships,2024-06-13,ATP250,Outdoor,Grass,2nd Round,3,Vukic A.,Khachanov K.,87,22.0,674,1780.0,6.0,4.0,5.0,7.0,7.0,6.0,,,,,2.0,1.0,Completed,3.0,1.4,3.23,1.38,3.3,1.4,3.08,1.36
34,'s-Hertogenbosch,Rosmalen Grass Court Championships,2024-06-13,ATP250,Outdoor,Grass,2nd Round,3,De Minaur A.,Bergs Z.,9,81.0,3845,688.0,7.0,5.0,6.0,4.0,,,,,,,2.0,0.0,Completed,1.14,5.5,1.16,6.17,1.18,6.36,1.15,5.42
34,'s-Hertogenbosch,Rosmalen Grass Court Championships,2024-06-13,ATP250,Outdoor,Grass,2nd Round,3,Raonic M.,Bautista Agut R.,197,85.0,305,680.0,4.0,6.0,6.0,2.0,7.0,5.0,,,,,2.0,1.0,Completed,1.57,2.38,1.61,2.48,1.62,2.51,1.57,2.36
34,'s-Hertogenbosch,Rosmalen Grass Court Championships,2024-06-14,ATP250,Outdoor,Grass,Quarterfinals,3,Korda S.,Paul T.,26,13.0,1620,2710.0,6.0,4.0,6.0,2.0,,,,,,,2.0,0.0,Completed,2.2,1.67,2.32,1.68,2.32,1.73,2.21,1.65
34,'s-Hertogenbosch,Rosmalen Grass Court Championships,2024-06-14,ATP250,Outdoor,Grass,Quarterfinals,3,Griekspoor T.,Vukic A.,23,87.0,1690,674.0,4.0,6.0,6.0,3.0,7.0,6.0,,,,,2.0,1.0,Completed,1.3,3.5,1.32,3.77,1.34,3.82,1.3,3.48
34,'s-Hertogenbosch,Rosmalen Grass Court Championships,2024-06-14,ATP250,Outdoor,Grass,Quarterfinals,3,De Minaur A.,Raonic M.,9,197.0,3845,305.0,7.0,5.0,6.0,2.0,,,,,,,2.0,0.0,Completed,1.36,3.2,1.32,3.73,1.39,3.73,1.34,3.25
34,'s-Hertogenbosch,Rosmalen Grass Court Championships,2024-06-15,ATP250,Outdoor,Grass,Quarterfinals,3,Humbert U.,Brouwer G.,16,232.0,2250,259.0,4.0,6.0,6.0,3.0,6.0,3.0,,,,,2.0,1.0,Completed,1.29,3.75,1.29,3.95,1.33,3.95,1.29,3.55
34,'s-Hertogenbosch,Rosmalen Grass Court Championships,2024-06-15,ATP250,Outdoor,Grass,Semifinals,3,Korda S.,Griekspoor T.,26,23.0,1620,1690.0,6.0,2.0,6.0,4.0,,,,,,,2.0,0.0,Completed,1.67,2.2,1.68,2.33,1.68,2.33,1.64,2.23
34,'s-Hertogenbosch,Rosmalen Grass Court Championships,2024-06-15,ATP250,Outdoor,Grass,Semifinals,3,De Minaur A.,Humbert U.,9,16.0,3845,2250.0,7.0,6.0,6.0,3.0,,,,,,,2.0,0.0,Completed,1.36,3.2,1.35,3.44,1.38,3.57,1.32,3.34
34,'s-Hertogenbosch,Rosmalen Grass Court Championships,2024-06-16,ATP250,Outdoor,Grass,The Final,3,De Minaur A.,Korda S.,9,26.0,3845,1620.0,6.0,2.0,6.0,4.0,,,,,,,2.0,0.0,Completed,1.5,2.63,1.52,2.74,1.56,2.74,1.5,2.55
35,Halle,Halle Open,2024-06-17,ATP500,Outdoor,Grass,1st Round,3,Koepfer D.,Auger-Aliassime F.,70,18.0,781,2075.0,6.0,4.0,4.0,3.0,,,,,,,1.0,0.0,Retired,3.2,1.36,3.19,1.4,3.2,1.4,3.07,1.36
35,Halle,Halle Open,2024-06-17,ATP500,Outdoor,Grass,1st Round,3,Sonego L.,Kecmanovic M.,57,54.0,861,920.0,7.0,6.0,7.0,6.0,,,,,,,2.0,0.0,Completed,2.0,1.8,2.05,1.85,2.1,1.9,1.97,1.8
35,Halle,Halle Open,2024-06-17,ATP500,Outdoor,Grass,1st Round,3,Zhang Zh.,Ofner S.,42,52.0,1066,933.0,7.0,6.0,6.0,7.0,6.0,4.0,,,,,2.0,1.0,Completed,1.91,1.91,1.97,1.92,2.03,1.95,1.9,1.88
35,Halle,Halle Open,2024-06-17,ATP500,Outdoor,Grass,1st Round,3,Marozsan F.,Safiullin R.,45,40.0,997,1097.0,7.0,5.0,4.0,6.0,6.0,1.0,,,,,2.0,1.0,Completed,2.5,1.53,2.71,1.52,2.73,1.54,2.59,1.48
35,Halle,Halle Open,2024-06-17,ATP500,Outdoor,Grass,1st Round,3,Medvedev D.,Borges N.,5,51.0,6485,936.0,7.0,6.0,6.0,4.0,,,,,,,2.0,0.0,Completed,1.08,8.0,1.14,6.66,1.15,8.0,1.11,6.36
35,Halle,Halle Open,2024-06-17,ATP500,Outdoor,Grass,1st Round,3,Hurkacz H.,Cobolli F.,9,49.0,3950,955.0,7.0,5.0,7.0,6.0,,,,,,,2.0,0.0,Completed,1.13,6.0,1.16,6.09,1.18,6.1,1.14,5.56
35,Halle,Halle Open,2024-06-18,ATP500,Outdoor,Grass,1st Round,3,Fils A.,Machac T.,37,36.0,1170,1214.0,6.0,4.0,6.0,4.0,,,,,,,2.0,0.0,Completed,2.0,1.8,1.99,1.89,2.05,1.89,1.97,1.81
35,Halle,Halle Open,2024-06-18,ATP500,Outdoor,Grass,1st Round,3,Duckworth J.,Fonseca J.,88,217.0,665,283.0,6.0,4.0,6.0,4.0,,,,,,,2.0,0.0,Completed,1.44,2.75,1.46,2.92,1.48,2.92,1.44,2.74
35,Halle,Halle Open,2024-06-18,ATP500,Outdoor,Grass,1st Round,3,Giron M.,Rublev A.,53,6.0,925,4710.0,6.0,4.0,7.0,6.0,,,,,,,2.0,0.0,Completed,4.0,1.25,4.05,1.28,4.1,1.31,3.86,1.25
35,Halle,Halle Open,2024-06-18,ATP500,Outdoor,Grass,1st Round,3,Eubanks C.,Martinez P.,44,46.0,1005,975.0,6.0,3.0,6.0,4.0,,,,,,,2.0,0.0,Completed,1.4,3.0,1.42,3.09,1.43,3.09,1.39,2.92
35,Halle,Halle Open,2024-06-18,ATP500,Outdoor,Grass,1st Round,3,Bublik A.,Purcell M.,17,101.0,2180,612.0,7.0,6.0,6.0,4.0,,,,,,,2.0,0.0,Completed,1.4,3.0,1.45,2.96,1.46,3.0,1.41,2.84
35,Halle,Halle Open,2024-06-18,ATP500,Outdoor,Grass,1st Round,3,Sinner J.,Griekspoor T.,1,27.0,9480,1540.0,6.0,7.0,6.0,3.0,6.0,2.0,,,,,2.0,1.0,Completed,1.11,6.5,1.14,6.61,1.14,6.66,1.12,6.02
35,Halle,Halle Open,2024-06-18,ATP500,Outdoor,Grass,1st Round,3,Zverev A.,Otte O.,4,474.0,6885,92.0,6.0,7.0,6.0,3.0,6.0,4.0,,,,,2.0,1.0,Completed,1.14,5.5,1.15,6.32,1.16,6.93,1.13,5.65
35,Halle,Halle Open,2024-06-18,ATP500,Outdoor,Grass,1st Round,3,Tsitsipas S.,Squire H.,11,181.0,3740,344.0,7.0,6.0,7.0,6.0,,,,,,,2.0,0.0,Completed,1.14,5.5,1.21,4.94,1.24,5.55,1.17,4.86
35,Halle,Halle Open,2024-06-19,ATP500,Outdoor,Grass,1st Round,3,Berrettini M.,Michelsen A.,65,61.0,795,829.0,7.0,6.0,6.0,2.0,,,,,,,2.0,0.0,Completed,1.25,4.0,1.28,4.03,1.29,4.04,1.25,3.78
35,Halle,Halle Open,2024-06-19,ATP500,Outdoor,Grass,1st Round,3,Struff J.L.,Darderi L.,41,34.0,1080,1231.0,6.0,7.0,7.0,5.0,7.0,6.0,,,,,2.0,1.0,Completed,1.17,5.0,1.21,5.04,1.22,5.05,1.18,4.69
35,Halle,Halle Open,2024-06-19,ATP500,Outdoor,Grass,2nd Round,3,Fils A.,Koepfer D.,37,70.0,1170,781.0,6.0,3.0,6.0,4.0,,,,,,,2.0,0.0,Completed,1.62,2.3,1.74,2.23,1.75,2.32,1.66,2.18
35,Halle,Halle Open,2024-06-19,ATP500,Outdoor,Grass,2nd Round,3,Eubanks C.,Bublik A.,44,17.0,1005,2180.0,7.0,6.0,4.0,6.0,6.0,3.0,,,,,2.0,1.0,Completed,2.75,1.44,3.03,1.44,3.03,1.46,2.76,1.43
35,Halle,Halle Open,2024-06-19,ATP500,Outdoor,Grass,2nd Round,3,Zhang Zh.,Medvedev D.,42,5.0,1066,6485.0,6.0,3.0,2.0,6.0,7.0,6.0,,,,,2.0,1.0,Completed,5.5,1.14,5.87,1.17,5.87,1.17,5.37,1.14
35,Halle,Halle Open,2024-06-19,ATP500,Outdoor,Grass,2nd Round,3,Zverev A.,Sonego L.,4,57.0,6885,861.0,6.0,4.0,7.0,6.0,,,,,,,2.0,0.0,Completed,1.2,4.5,1.2,5.31,1.26,5.31,1.19,4.57
35,Halle,Halle Open,2024-06-20,ATP500,Outdoor,Grass,2nd Round,3,Hurkacz H.,Duckworth J.,9,88.0,3950,665.0,7.0,6.0,6.0,4.0,,,,,,,2.0,0.0,Completed,1.2,4.5,1.23,4.78,1.23,5.0,1.2,4.49
35,Halle,Halle Open,2024-06-20,ATP500,Outdoor,Grass,2nd Round,3,Sinner J.,Marozsan F.,1,45.0,9480,997.0,6.0,4.0,6.0,7.0,6.0,3.0,,,,,2.0,1.0,Completed,1.05,11.0,1.06,12.52,1.08,12.52,1.05,9.61
35,Halle,Halle Open,2024-06-20,ATP500,Outdoor,Grass,2nd Round,3,Giron M.,Berrettini M.,53,65.0,925,795.0,3.0,6.0,6.0,4.0,6.0,3.0,,,,,2.0,1.0,Completed,3.5,1.3,3.61,1.34,4.0,1.34,3.44,1.31
35,Halle,Halle Open,2024-06-20,ATP500,Outdoor,Grass,2nd Round,3,Struff J.L.,Tsitsipas S.,41,11.0,1080,3740.0,6.0,4.0,6.0,4.0,,,,,,,2.0,0.0,Completed,1.91,1.91,2.0,1.91,2.1,1.91,1.95,1.83
35,Halle,Halle Open,2024-06-21,ATP500,Outdoor,Grass,Quarterfinals,3,Hurkacz H.,Giron M.,9,53.0,3950,925.0,7.0,6.0,6.0,4.0,,,,,,,2.0,0.0,Completed,1.29,3.75,1.33,3.69,1.34,3.75,1.29,3.51
35,Halle,Halle Open,2024-06-21,ATP500,Outdoor,Grass,Quarterfinals,3,Zverev A.,Fils A.,4,37.0,6885,1170.0,6.0,7.0,6.0,3.0,6.0,4.0,,,,,2.0,1.0,Completed,1.29,3.75,1.25,4.5,1.29,4.5,1.25,3.92
35,Halle,Halle Open,2024-06-21,ATP500,Outdoor,Grass,Quarterfinals,3,Sinner J.,Struff J.L.,1,41.0,9480,1080.0,6.0,2.0,6.0,7.0,7.0,6.0,,,,,2.0,1.0,Completed,1.25,4.0,1.3,3.89,1.3,4.11,1.26,3.77
35,Halle,Halle Open,2024-06-21,ATP500,Outdoor,Grass,Quarterfinals,3,Zhang Zh.,Eubanks C.,42,44.0,1066,1005.0,6.0,4.0,4.0,6.0,7.0,5.0,,,,,2.0,1.0,Completed,1.8,2.0,1.9,2.0,1.9,2.14,1.8,1.98
35,Halle,Halle Open,2024-06-22,ATP500,Outdoor,Grass,Semifinals,3,Hurkacz H.,Zverev A.,9,4.0,3950,6885.0,7.0,6.0,6.0,4.0,,,,,,,2.0,0.0,Completed,2.3,1.62,2.34,1.68,2.38,1.68,2.28,1.61
35,Halle,Halle Open,2024-06-22,ATP500,Outdoor,Grass,Semifinals,3,Sinner J.,Zhang Zh.,1,42.0,9480,1066.0,6.0,4.0,7.0,6.0,,,,,,,2.0,0.0,Completed,1.08,8.0,1.1,9.08,1.12,9.08,1.08,7.38
35,Halle,Halle Open,2024-06-23,ATP500,Outdoor,Grass,The Final,3,Sinner J.,Hurkacz H.,1,9.0,9480,3950.0,7.0,6.0,7.0,6.0,,,,,,,2.0,0.0,Completed,1.33,3.4,1.39,3.26,1.4,3.45,1.34,3.2
36,Queens Club,Queen's Club Championships,2024-06-17,ATP500,Outdoor,Grass,1st Round,3,Dimitrov G.,Mannarino A.,10,21.0,3775,1845.0,6.0,1.0,6.0,2.0,,,,,,,2.0,0.0,Completed,1.17,5.0,1.21,4.93,1.21,5.25,1.18,4.7
36,Queens Club,Queen's Club Championships,2024-06-17,ATP500,Outdoor,Grass,1st Round,3,Hijikata R.,Tiafoe F.,98,28.0,622,1390.0,7.0,5.0,4.0,6.0,1.0,0.0,,,,,1.0,1.0,Retired,3.4,1.33,3.24,1.39,3.65,1.39,3.34,1.32
36,Queens Club,Queen's Club Championships,2024-06-17,ATP500,Outdoor,Grass,1st Round,3,Thompson J.,Rune H.,43,15.0,1051,2540.0,4.0,6.0,7.0,6.0,6.0,3.0,,,,,2.0,1.0,Completed,2.75,1.44,2.78,1.5,2.89,1.5,2.7,1.45
36,Queens Club,Queen's Club Championships,2024-06-17,ATP500,Outdoor,Grass,1st Round,3,Raonic M.,Norrie C.,186,39.0,335,1150.0,6.0,7.0,6.0,3.0,7.0,6.0,,,,,2.0,1.0,Completed,1.57,2.38,1.63,2.42,1.67,2.45,1.61,2.29
36,Queens Club,Queen's Club Championships,2024-06-18,ATP500,Outdoor,Grass,1st Round,3,Fritz T.,Daniel T.,12,85.0,3090,680.0,6.0,3.0,6.0,3.0,,,,,,,2.0,0.0,Completed,1.14,5.5,1.16,5.9,1.18,5.9,1.15,5.3
36,Queens Club,Queen's Club Championships,2024-06-18,ATP500,Outdoor,Grass,1st Round,3,Musetti L.,De Minaur A.,30,7.0,1380,4085.0,1.0,6.0,6.0,4.0,6.0,2.0,,,,,2.0,1.0,Completed,5.0,1.17,5.13,1.2,5.13,1.23,4.81,1.18
36,Queens Club,Queen's Club Championships,2024-06-18,ATP500,Outdoor,Grass,1st Round,3,Arnaldi M.,Humbert U.,35,16.0,1220,2300.0,3.0,6.0,6.0,1.0,7.0,6.0,,,,,2.0,1.0,Completed,3.2,1.36,3.46,1.35,3.46,1.41,3.18,1.34
36,Queens Club,Queen's Club Championships,2024-06-18,ATP500,Outdoor,Grass,1st Round,3,Korda S.,Khachanov K.,23,22.0,1775,1780.0,7.0,5.0,7.0,6.0,,,,,,,2.0,0.0,Completed,1.67,2.2,1.72,2.23,1.73,2.25,1.68,2.15
36,Queens Club,Queen's Club Championships,2024-06-18,ATP500,Outdoor,Grass,1st Round,3,Tabilo A.,Davidovich Fokina A.,24,33.0,1639,1240.0,7.0,6.0,3.0,6.0,6.0,1.0,,,,,2.0,1.0,Completed,2.5,1.53,2.48,1.6,2.5,1.6,2.38,1.57
36,Queens Club,Queen's Club Championships,2024-06-18,ATP500,Outdoor,Grass,1st Round,3,Paul T.,Baez S.,13,19.0,2750,2030.0,6.0,4.0,6.0,4.0,,,,,,,2.0,0.0,Completed,1.14,5.5,1.16,6.06,1.19,6.09,1.14,5.54
36,Queens Club,Queen's Club Championships,2024-06-18,ATP500,Outdoor,Grass,1st Round,3,Alcaraz C.,Cerundolo F.,2,26.0,8580,1610.0,6.0,1.0,7.0,5.0,,,,,,,2.0,0.0,Completed,1.1,7.0,1.11,7.87,1.12,7.87,1.1,6.68
36,Queens Club,Queen's Club Championships,2024-06-18,ATP500,Outdoor,Grass,1st Round,3,Harris B.,Etcheverry T.,162,32.0,366,1290.0,6.0,4.0,3.0,6.0,6.0,3.0,,,,,2.0,1.0,Completed,1.91,1.91,1.88,2.01,2.1,2.01,1.9,1.88
36,Queens Club,Queen's Club Championships,2024-06-18,ATP500,Outdoor,Grass,1st Round,3,Nakashima B.,Evans D.,63,59.0,820,844.0,4.0,6.0,6.0,3.0,,,,,,,1.0,1.0,Retired,1.53,2.5,1.61,2.45,1.63,2.5,1.56,2.39
36,Queens Club,Queen's Club Championships,2024-06-18,ATP500,Outdoor,Grass,1st Round,3,Mpetshi G.,Shelton B.,67,14.0,787,2590.0,6.0,3.0,7.0,6.0,,,,,,,2.0,0.0,Completed,2.38,1.57,2.75,1.5,2.75,1.59,2.44,1.54
36,Queens Club,Queen's Club Championships,2024-06-18,ATP500,Outdoor,Grass,1st Round,3,Murray A.,Popyrin A.,129,48.0,498,966.0,6.0,3.0,3.0,6.0,6.0,3.0,,,,,2.0,1.0,Completed,2.0,1.8,2.0,1.89,2.14,1.89,1.96,1.82
36,Queens Club,Queen's Club Championships,2024-06-18,ATP500,Outdoor,Grass,1st Round,3,Draper J.,Navone M.,31,29.0,1371,1382.0,6.0,3.0,6.0,2.0,,,,,,,2.0,0.0,Completed,1.06,10.0,1.09,9.38,1.09,10.0,1.07,8.26
36,Queens Club,Queen's Club Championships,2024-06-19,ATP500,Outdoor,Grass,2nd Round,3,Hijikata R.,Arnaldi M.,98,35.0,622,1220.0,7.0,6.0,7.0,6.0,,,,,,,2.0,0.0,Completed,2.3,1.62,2.21,1.75,2.3,1.75,2.19,1.67
36,Queens Club,Queen's Club Championships,2024-06-19,ATP500,Outdoor,Grass,2nd Round,3,Korda S.,Dimitrov G.,23,10.0,1775,3775.0,6.0,4.0,3.0,6.0,7.0,5.0,,,,,2.0,1.0,Completed,2.5,1.53,2.72,1.52,2.75,1.57,2.56,1.5
36,Queens Club,Queen's Club Championships,2024-06-19,ATP500,Outdoor,Grass,2nd Round,3,Thompson J.,Murray A.,43,129.0,1051,498.0,4.0,1.0,,,,,,,,,0.0,0.0,Retired,1.67,2.2,1.61,2.49,1.68,2.49,1.62,2.29
36,Queens Club,Queen's Club Championships,2024-06-19,ATP500,Outdoor,Grass,2nd Round,3,Fritz T.,Raonic M.,12,186.0,3090,335.0,7.0,6.0,6.0,4.0,,,,,,,2.0,0.0,Completed,1.57,2.38,1.67,2.36,1.67,2.5,1.58,2.35
36,Queens Club,Queen's Club Championships,2024-06-20,ATP500,Outdoor,Grass,2nd Round,3,Paul T.,Tabilo A.,13,24.0,2750,1639.0,6.0,3.0,6.0,4.0,,,,,,,2.0,0.0,Completed,1.3,3.5,1.32,3.73,1.37,3.73,1.3,3.42
36,Queens Club,Queen's Club Championships,2024-06-20,ATP500,Outdoor,Grass,2nd Round,3,Draper J.,Alcaraz C.,31,2.0,1371,8580.0,7.0,6.0,6.0,3.0,,,,,,,2.0,0.0,Completed,3.4,1.33,3.61,1.34,3.61,1.37,3.3,1.32
36,Queens Club,Queen's Club Championships,2024-06-20,ATP500,Outdoor,Grass,2nd Round,3,Harris B.,Mpetshi G.,162,67.0,366,787.0,6.0,4.0,7.0,5.0,,,,,,,2.0,0.0,Completed,2.3,1.62,2.23,1.74,2.4,1.74,2.21,1.65
36,Queens Club,Queen's Club Championships,2024-06-20,ATP500,Outdoor,Grass,2nd Round,3,Musetti L.,Nakashima B.,30,63.0,1380,820.0,6.0,4.0,4.0,6.0,6.0,4.0,,,,,2.0,1.0,Completed,1.91,1.91,2.05,1.86,2.05,1.99,1.93,1.86
36,Queens Club,Queen's Club Championships,2024-06-21,ATP500,Outdoor,Grass,Quarterfinals,3,Thompson J.,Fritz T.,43,12.0,1051,3090.0,6.0,4.0,6.0,3.0,,,,,,,2.0,0.0,Completed,3.0,1.4,2.83,1.49,3.0,1.49,2.82,1.42
36,Queens Club,Queen's Club Championships,2024-06-21,ATP500,Outdoor,Grass,Quarterfinals,3,Musetti L.,Harris B.,30,162.0,1380,366.0,6.0,3.0,7.0,5.0,,,,,,,2.0,0.0,Completed,1.5,2.63,1.49,2.82,1.54,2.82,1.46,2.69
36,Queens Club,Queen's Club Championships,2024-06-21,ATP500,Outdoor,Grass,Quarterfinals,3,Paul T.,Draper J.,13,31.0,2750,1371.0,6.0,3.0,5.0,7.0,6.0,4.0,,,,,2.0,1.0,Completed,2.63,1.5,2.53,1.59,2.74,1.59,2.52,1.52
36,Queens Club,Queen's Club Championships,2024-06-21,ATP500,Outdoor,Grass,Quarterfinals,3,Korda S.,Hijikata R.,23,98.0,1775,622.0,6.0,7.0,6.0,3.0,6.0,4.0,,,,,2.0,1.0,Completed,1.17,5.0,1.18,5.67,1.22,5.67,1.17,4.97
36,Queens Club,Queen's Club Championships,2024-06-22,ATP500,Outdoor,Grass,Semifinals,3,Musetti L.,Thompson J.,30,43.0,1380,1051.0,6.0,3.0,3.0,6.0,6.0,3.0,,,,,2.0,1.0,Completed,2.0,1.8,2.1,1.82,2.24,1.85,2.0,1.79
36,Queens Club,Queen's Club Championships,2024-06-22,ATP500,Outdoor,Grass,Semifinals,3,Paul T.,Korda S.,13,23.0,2750,1775.0,6.0,4.0,7.0,6.0,,,,,,,2.0,0.0,Completed,1.8,2.0,1.85,2.07,1.93,2.11,1.78,2.01
36,Queens Club,Queen's Club Championships,2024-06-23,ATP500,Outdoor,Grass,The Final,3,Paul T.,Musetti L.,13,30.0,2750,1380.0,6.0,1.0,7.0,6.0,,,,,,,2.0,0.0,Completed,1.36,3.2,1.39,3.27,1.39,3.29,1.36,3.09
37,Eastbourne,Eastbourne International,2024-06-24,ATP250,Outdoor,Grass,1st Round,3,Harris B.,Fearnley J.,139,271.0,456,206.0,6.0,4.0,7.0,6.0,,,,,,,2.0,0.0,Completed,2.2,1.67,2.23,1.72,2.36,1.73,2.18,1.67
37,Eastbourne,Eastbourne International,2024-06-24,ATP250,Outdoor,Grass,1st Round,3,Vukic A.,Marozsan F.,81,45.0,714,1047.0,6.0,2.0,6.0,4.0,,,,,,,2.0,0.0,Completed,2.2,1.67,2.35,1.65,2.38,2.16,2.21,1.66
37,Eastbourne,Eastbourne International,2024-06-24,ATP250,Outdoor,Grass,1st Round,3,Purcell M.,Djere L.,94,52.0,627,936.0,6.0,1.0,4.0,6.0,6.0,3.0,,,,,2.0,1.0,Completed,1.53,2.5,1.59,2.5,1.59,2.75,1.54,2.45
37,Eastbourne,Eastbourne International,2024-06-24,ATP250,Outdoor,Grass,1st Round,3,Shang J.,Etcheverry T.,104,31.0,595,1290.0,7.0,5.0,3.0,6.0,7.0,6.0,,,,,2.0,1.0,Completed,1.73,2.1,1.65,2.36,1.74,2.36,1.69,2.15
37,Eastbourne,Eastbourne International,2024-06-24,ATP250,Outdoor,Grass,1st Round,3,Giron M.,Cerundolo F.,46,27.0,1005,1565.0,7.0,6.0,7.0,6.0,,,,,,,2.0,0.0,Completed,1.73,2.1,1.76,2.17,1.76,2.25,1.7,2.13
37,Eastbourne,Eastbourne International,2024-06-25,ATP250,Outdoor,Grass,1st Round,3,Ruusuvuori E.,Norrie C.,88,44.0,668,1070.0,7.0,6.0,6.0,3.0,,,,,,,2.0,0.0,Completed,2.75,1.44,2.82,1.48,2.85,1.5,2.71,1.44
37,Eastbourne,Eastbourne International,2024-06-25,ATP250,Outdoor,Grass,1st Round,3,Seyboth Wild T.,Mccabe J.,74,342.0,750,149.0,6.0,4.0,6.0,4.0,,,,,,,2.0,0.0,Completed,1.53,2.5,1.63,2.42,1.63,2.51,1.57,2.36
37,Eastbourne,Eastbourne International,2024-06-25,ATP250,Outdoor,Grass,1st Round,3,Nishioka Y.,Broady L.,102,146.0,603,404.0,6.0,3.0,6.0,4.0,,,,,,,2.0,0.0,Completed,1.4,3.0,1.52,2.69,1.52,3.0,1.43,2.77
37,Eastbourne,Eastbourne International,2024-06-25,ATP250,Outdoor,Grass,1st Round,3,Kecmanovic M.,Zhang Zh.,53,33.0,920,1256.0,6.0,2.0,7.0,6.0,,,,,,,2.0,0.0,Completed,2.0,1.8,1.95,1.93,2.1,1.96,1.91,1.86
37,Eastbourne,Eastbourne International,2024-06-25,ATP250,Outdoor,Grass,1st Round,3,Hussey G.,Navone M.,359,32.0,141,1282.0,6.0,4.0,6.0,2.0,,,,,,,2.0,0.0,Completed,2.38,1.57,2.3,1.67,2.63,1.67,2.35,1.58
37,Eastbourne,Eastbourne International,2024-06-25,ATP250,Outdoor,Grass,1st Round,3,Cobolli F.,Rinderknech A.,49,68.0,955,792.0,6.0,4.0,7.0,5.0,,,,,,,2.0,0.0,Completed,2.2,1.67,2.25,1.71,2.26,1.75,2.16,1.68
37,Eastbourne,Eastbourne International,2024-06-25,ATP250,Outdoor,Grass,1st Round,3,Sonego L.,Searle H.,57,568.0,869,66.0,6.0,3.0,6.0,2.0,,,,,,,2.0,0.0,Completed,1.33,3.4,1.36,3.34,1.38,3.5,1.34,3.25
37,Eastbourne,Eastbourne International,2024-06-26,ATP250,Outdoor,Grass,2nd Round,3,Harris B.,Broom C.,139,245.0,456,239.0,3.0,6.0,6.0,2.0,6.0,2.0,,,,,2.0,1.0,Completed,1.5,2.63,1.65,2.4,1.65,2.63,1.54,2.44
37,Eastbourne,Eastbourne International,2024-06-26,ATP250,Outdoor,Grass,2nd Round,3,Nishioka Y.,Giron M.,102,46.0,603,1005.0,6.0,7.0,6.0,4.0,6.0,2.0,,,,,2.0,1.0,Completed,2.75,1.44,2.96,1.46,2.96,1.46,2.78,1.42
37,Eastbourne,Eastbourne International,2024-06-26,ATP250,Outdoor,Grass,2nd Round,3,Kecmanovic M.,Baez S.,53,18.0,920,2030.0,6.0,3.0,6.0,2.0,,,,,,,2.0,0.0,Completed,1.44,2.75,1.56,2.6,1.56,3.0,1.45,2.7
37,Eastbourne,Eastbourne International,2024-06-26,ATP250,Outdoor,Grass,2nd Round,3,Shang J.,Ruusuvuori E.,104,88.0,595,668.0,4.0,6.0,6.0,3.0,6.0,4.0,,,,,2.0,1.0,Completed,2.2,1.67,2.38,1.66,2.4,1.68,2.24,1.63
37,Eastbourne,Eastbourne International,2024-06-26,ATP250,Outdoor,Grass,2nd Round,3,Purcell M.,Sonego L.,94,57.0,627,869.0,6.0,4.0,6.0,4.0,,,,,,,2.0,0.0,Completed,2.38,1.53,2.38,1.65,2.5,1.65,2.35,1.57
37,Eastbourne,Eastbourne International,2024-06-26,ATP250,Outdoor,Grass,2nd Round,3,Cobolli F.,Hussey G.,49,359.0,955,141.0,4.0,6.0,6.0,3.0,6.0,4.0,,,,,2.0,1.0,Completed,1.25,4.0,1.3,3.89,1.31,4.25,1.26,3.74
37,Eastbourne,Eastbourne International,2024-06-26,ATP250,Outdoor,Grass,2nd Round,3,Vukic A.,Bublik A.,81,23.0,714,1730.0,6.0,4.0,6.0,4.0,,,,,,,2.0,0.0,Completed,2.38,1.57,2.46,1.62,2.52,1.68,2.36,1.57
37,Eastbourne,Eastbourne International,2024-06-26,ATP250,Outdoor,Grass,2nd Round,3,Fritz T.,Seyboth Wild T.,13,74.0,3145,750.0,7.0,6.0,6.0,3.0,,,,,,,2.0,0.0,Completed,1.14,5.5,1.17,5.88,1.18,5.88,1.16,5.18
37,Eastbourne,Eastbourne International,2024-06-27,ATP250,Outdoor,Grass,Quarterfinals,3,Harris B.,Cobolli F.,139,49.0,456,955.0,6.0,7.0,7.0,6.0,6.0,2.0,,,,,2.0,1.0,Completed,2.0,1.8,1.91,1.99,2.1,1.99,1.94,1.84
37,Eastbourne,Eastbourne International,2024-06-27,ATP250,Outdoor,Grass,Quarterfinals,3,Purcell M.,Kecmanovic M.,94,53.0,627,920.0,6.0,3.0,7.0,6.0,,,,,,,2.0,0.0,Completed,2.2,1.67,2.4,1.65,2.58,1.68,2.28,1.62
37,Eastbourne,Eastbourne International,2024-06-27,ATP250,Outdoor,Grass,Quarterfinals,3,Vukic A.,Nishioka Y.,81,102.0,714,603.0,6.0,3.0,3.0,6.0,7.0,6.0,,,,,2.0,1.0,Completed,1.73,2.1,1.87,2.04,1.89,2.1,1.78,2.0
37,Eastbourne,Eastbourne International,2024-06-27,ATP250,Outdoor,Grass,Quarterfinals,3,Fritz T.,Shang J.,13,104.0,3145,595.0,7.0,6.0,7.0,6.0,,,,,,,2.0,0.0,Completed,1.25,4.0,1.22,4.83,1.26,4.83,1.22,4.25
37,Eastbourne,Eastbourne International,2024-06-28,ATP250,Outdoor,Grass,Semifinals,3,Purcell M.,Harris B.,94,139.0,627,456.0,6.0,4.0,4.0,6.0,6.0,4.0,,,,,2.0,1.0,Completed,1.67,2.2,1.76,2.19,1.78,2.3,1.66,2.18
37,Eastbourne,Eastbourne International,2024-06-28,ATP250,Outdoor,Grass,Semifinals,3,Fritz T.,Vukic A.,13,81.0,3145,714.0,7.0,6.0,7.0,6.0,,,,,,,2.0,0.0,Completed,1.22,4.33,1.23,4.81,1.26,4.81,1.21,4.25
37,Eastbourne,Eastbourne International,2024-06-29,ATP250,Outdoor,Grass,The Final,3,Fritz T.,Purcell M.,13,94.0,3145,627.0,6.0,4.0,6.0,3.0,,,,,,,2.0,0.0,Completed,1.22,4.33,1.22,4.97,1.23,4.97,1.21,4.29
38,Mallorca,Mallorca Championships,2024-06-23,ATP250,Outdoor,Grass,1st Round,3,Michelsen A.,Borges N.,62,51.0,844,936.0,6.0,3.0,7.0,6.0,,,,,,,2.0,0.0,Completed,1.67,2.2,1.81,2.1,1.81,2.29,1.72,2.1
38,Mallorca,Mallorca Championships,2024-06-23,ATP250,Outdoor,Grass,1st Round,3,Bautista Agut R.,Daniel T.,122,83.0,525,692.0,6.0,1.0,6.0,0.0,,,,,,,2.0,0.0,Completed,1.4,3.0,1.42,3.06,1.46,3.06,1.4,2.9
38,Mallorca,Mallorca Championships,2024-06-23,ATP250,Outdoor,Grass,1st Round,3,Carballes Baena R.,Carreno Busta P.,65,796.0,821,27.0,7.0,6.0,4.0,6.0,7.0,6.0,,,,,2.0,1.0,Completed,2.0,1.8,2.17,1.76,2.17,1.82,2.04,1.76
38,Mallorca,Mallorca Championships,2024-06-24,ATP250,Outdoor,Grass,1st Round,3,Hijikata R.,Nardi L.,75,73.0,736,760.0,6.0,2.0,2.0,6.0,7.0,5.0,,,,,2.0,1.0,Completed,1.8,2.0,1.78,2.15,1.8,2.31,1.7,2.11
38,Mallorca,Mallorca Championships,2024-06-24,ATP250,Outdoor,Grass,1st Round,3,Fognini F.,Brouwer G.,97,190.0,618,317.0,7.0,6.0,7.0,6.0,,,,,,,2.0,0.0,Completed,2.75,1.44,2.98,1.44,3.1,1.46,2.83,1.41
38,Mallorca,Mallorca Championships,2024-06-24,ATP250,Outdoor,Grass,1st Round,3,Shevchenko A.,Lestienne C.,58,90.0,860,657.0,7.0,5.0,7.0,6.0,,,,,,,2.0,0.0,Completed,2.1,1.73,2.16,1.77,2.23,1.77,2.13,1.7
38,Mallorca,Mallorca Championships,2024-06-24,ATP250,Outdoor,Grass,1st Round,3,Darderi L.,Martinez P.,37,48.0,1231,975.0,7.0,5.0,7.0,5.0,,,,,,,2.0,0.0,Completed,1.53,2.5,1.54,2.62,1.55,2.77,1.5,2.54
38,Mallorca,Mallorca Championships,2024-06-24,ATP250,Outdoor,Grass,1st Round,3,Ofner S.,Munar J.,54,63.0,883,835.0,3.0,6.0,6.0,4.0,7.0,6.0,,,,,2.0,1.0,Completed,1.44,2.75,1.5,2.76,1.54,2.78,1.46,2.67
38,Mallorca,Mallorca Championships,2024-06-24,ATP250,Outdoor,Grass,1st Round,3,Monfils G.,Thiem D.,40,134.0,1160,483.0,6.0,3.0,7.0,6.0,,,,,,,2.0,0.0,Completed,1.4,3.0,1.38,3.26,1.4,3.26,1.37,3.04
38,Mallorca,Mallorca Championships,2024-06-25,ATP250,Outdoor,Grass,1st Round,3,Jubb P.,Marterer M.,289,87.0,191,679.0,6.0,1.0,6.0,2.0,,,,,,,2.0,0.0,Completed,1.8,2.0,1.93,1.95,1.93,2.12,1.81,1.98
38,Mallorca,Mallorca Championships,2024-06-25,ATP250,Outdoor,Grass,1st Round,3,Walton A.,Hanfmann Y.,107,95.0,594,626.0,7.0,5.0,6.0,2.0,,,,,,,2.0,0.0,Completed,2.3,1.62,2.21,1.74,2.41,1.74,2.23,1.64
38,Mallorca,Mallorca Championships,2024-06-25,ATP250,Outdoor,Grass,1st Round,3,Mensik J.,Eubanks C.,85,42.0,688,1085.0,6.0,3.0,3.0,6.0,6.0,1.0,,,,,2.0,1.0,Completed,2.5,1.53,2.55,1.57,2.77,1.57,2.46,1.53
38,Mallorca,Mallorca Championships,2024-06-25,ATP250,Outdoor,Grass,2nd Round,3,Michelsen A.,Mannarino A.,62,22.0,844,1765.0,7.0,6.0,6.0,4.0,,,,,,,2.0,0.0,Completed,1.57,2.38,1.7,2.3,1.7,2.4,1.62,2.26
38,Mallorca,Mallorca Championships,2024-06-25,ATP250,Outdoor,Grass,2nd Round,3,Bautista Agut R.,Humbert U.,122,16.0,525,2300.0,3.0,6.0,6.0,3.0,6.0,4.0,,,,,2.0,1.0,Completed,2.3,1.62,2.43,1.63,2.43,1.69,2.29,1.61
38,Mallorca,Mallorca Championships,2024-06-25,ATP250,Outdoor,Grass,2nd Round,3,Ofner S.,Darderi L.,54,37.0,883,1231.0,6.0,3.0,7.0,5.0,,,,,,,2.0,0.0,Completed,1.73,2.1,1.85,2.07,1.91,2.25,1.78,2.02
38,Mallorca,Mallorca Championships,2024-06-25,ATP250,Outdoor,Grass,2nd Round,3,Monfils G.,Carballes Baena R.,40,65.0,1160,821.0,6.0,3.0,6.0,4.0,,,,,,,2.0,0.0,Completed,1.36,3.2,1.36,3.48,1.36,3.54,1.33,3.28
38,Mallorca,Mallorca Championships,2024-06-26,ATP250,Outdoor,Grass,2nd Round,3,Tabilo A.,Shevchenko A.,24,58.0,1679,860.0,6.0,3.0,6.0,2.0,,,,,,,2.0,0.0,Completed,1.5,2.63,1.58,2.56,1.58,2.63,1.52,2.5
38,Mallorca,Mallorca Championships,2024-06-26,ATP250,Outdoor,Grass,2nd Round,3,Mensik J.,Fognini F.,85,97.0,688,618.0,4.0,6.0,6.0,3.0,7.0,5.0,,,,,2.0,1.0,Completed,1.4,3.0,1.47,2.92,1.47,3.05,1.4,2.9
38,Mallorca,Mallorca Championships,2024-06-26,ATP250,Outdoor,Grass,2nd Round,3,Jubb P.,Walton A.,289,107.0,191,594.0,6.0,0.0,6.0,3.0,,,,,,,2.0,0.0,Completed,1.73,2.1,1.74,2.22,1.81,2.22,1.7,2.12
38,Mallorca,Mallorca Championships,2024-06-26,ATP250,Outdoor,Grass,2nd Round,3,Shelton B.,Hijikata R.,14,75.0,2545,736.0,6.0,4.0,6.0,0.0,,,,,,,2.0,0.0,Completed,1.5,2.63,1.54,2.66,1.58,2.75,1.49,2.56
38,Mallorca,Mallorca Championships,2024-06-27,ATP250,Outdoor,Grass,Quarterfinals,3,Tabilo A.,Mensik J.,24,85.0,1679,688.0,6.0,4.0,6.0,4.0,,,,,,,2.0,0.0,Completed,1.57,2.38,1.66,2.36,1.7,2.4,1.61,2.28
38,Mallorca,Mallorca Championships,2024-06-27,ATP250,Outdoor,Grass,Quarterfinals,3,Monfils G.,Bautista Agut R.,40,122.0,1160,525.0,6.0,3.0,4.0,6.0,6.0,4.0,,,,,2.0,1.0,Completed,1.91,1.91,2.0,1.91,2.02,1.98,1.91,1.87
38,Mallorca,Mallorca Championships,2024-06-27,ATP250,Outdoor,Grass,Quarterfinals,3,Ofner S.,Michelsen A.,54,62.0,883,844.0,3.0,6.0,7.0,5.0,6.0,3.0,,,,,2.0,1.0,Completed,2.2,1.67,2.23,1.74,2.25,1.74,2.16,1.68
38,Mallorca,Mallorca Championships,2024-06-27,ATP250,Outdoor,Grass,Quarterfinals,3,Jubb P.,Shelton B.,289,14.0,191,2545.0,6.0,3.0,3.0,6.0,7.0,6.0,,,,,2.0,1.0,Completed,3.0,1.4,3.27,1.39,3.27,1.45,2.94,1.39
38,Mallorca,Mallorca Championships,2024-06-28,ATP250,Outdoor,Grass,Semifinals,3,Tabilo A.,Monfils G.,24,40.0,1679,1160.0,2.0,6.0,6.0,2.0,7.0,6.0,,,,,2.0,1.0,Completed,1.91,1.91,1.93,1.97,1.94,1.99,1.87,1.92
38,Mallorca,Mallorca Championships,2024-06-28,ATP250,Outdoor,Grass,Semifinals,3,Ofner S.,Jubb P.,54,289.0,883,191.0,6.0,4.0,7.0,5.0,,,,,,,2.0,0.0,Completed,1.73,2.1,1.73,2.24,1.75,2.27,1.68,2.15
38,Mallorca,Mallorca Championships,2024-06-29,ATP250,Outdoor,Grass,The Final,3,Tabilo A.,Ofner S.,24,54.0,1679,883.0,6.0,3.0,6.0,4.0,,,,,,,2.0,0.0,Completed,1.67,2.2,1.75,2.21,1.8,2.24,1.7,2.12
39,London,Wimbledon,2024-07-01,Grand Slam,Outdoor,Grass,1st Round,5,Fognini F.,Van Assche L.,94,104.0,635,585.0,6.0,1.0,6.0,3.0,7.0,5.0,,,,,3.0,0.0,Completed,2.0,1.8,2.2,1.75,2.2,1.82,2.08,1.75
39,London,Wimbledon,2024-07-01,Grand Slam,Outdoor,Grass,1st Round,5,Shang J.,Garin C.,91,106.0,658,570.0,7.0,5.0,6.0,4.0,6.0,4.0,,,,,3.0,0.0,Completed,1.8,2.0,1.9,2.01,1.91,2.1,1.84,1.97
39,London,Wimbledon,2024-07-01,Grand Slam,Outdoor,Grass,1st Round,5,Ruud C.,Bolt A.,8,234.0,4025,252.0,7.0,6.0,6.0,4.0,6.0,4.0,,,,,3.0,0.0,Completed,1.4,3.0,1.45,3.0,1.45,3.2,1.4,2.97
39,London,Wimbledon,2024-07-01,Grand Slam,Outdoor,Grass,1st Round,5,Coric B.,Meligeni Alves F.,89,145.0,664,403.0,6.0,3.0,7.0,6.0,6.0,3.0,,,,,3.0,0.0,Completed,1.62,2.3,1.61,2.49,1.66,2.49,1.59,2.37
39,London,Wimbledon,2024-07-01,Grand Slam,Outdoor,Grass,1st Round,5,Struff J.L.,Marozsan F.,41,43.0,1135,1047.0,6.0,4.0,6.0,7.0,6.0,2.0,6.0,3.0,,,3.0,1.0,Completed,1.25,4.0,1.23,4.8,1.26,4.8,1.22,4.3
39,London,Wimbledon,2024-07-01,Grand Slam,Outdoor,Grass,1st Round,5,Dimitrov G.,Lajovic D.,10,56.0,3750,871.0,6.0,3.0,6.0,4.0,7.0,5.0,,,,,3.0,0.0,Completed,1.03,15.0,1.05,14.72,1.05,21.59,1.04,12.61
39,London,Wimbledon,2024-07-01,Grand Slam,Outdoor,Grass,1st Round,5,Shapovalov D.,Jarry N.,121,20.0,530,1825.0,6.0,1.0,7.0,5.0,6.0,4.0,,,,,3.0,0.0,Completed,1.57,2.38,1.58,2.56,1.63,2.56,1.57,2.41
39,London,Wimbledon,2024-07-01,Grand Slam,Outdoor,Grass,1st Round,5,Tiafoe F.,Arnaldi M.,29,35.0,1355,1245.0,6.0,7.0,2.0,6.0,6.0,1.0,6.0,3.0,6.0,3.0,3.0,2.0,Completed,1.62,2.3,1.76,2.19,1.79,2.32,1.7,2.16
39,London,Wimbledon,2024-07-01,Grand Slam,Outdoor,Grass,1st Round,5,Thompson J.,Kotov P.,40,53.0,1206,893.0,5.0,7.0,5.0,7.0,6.0,4.0,6.0,4.0,6.0,4.0,3.0,2.0,Completed,1.22,4.33,1.24,4.62,1.29,4.62,1.23,4.18
39,London,Wimbledon,2024-07-01,Grand Slam,Outdoor,Grass,1st Round,5,Zhang Zh.,Janvier M.,38,225.0,1221,269.0,7.0,6.0,6.0,3.0,6.0,2.0,,,,,3.0,0.0,Completed,1.2,4.5,1.22,4.82,1.22,5.0,1.2,4.59
39,London,Wimbledon,2024-07-01,Grand Slam,Outdoor,Grass,1st Round,5,Berrettini M.,Fucsovics M.,59,70.0,845,785.0,7.0,6.0,6.0,2.0,3.0,6.0,6.0,1.0,,,3.0,1.0,Completed,1.17,5.0,1.21,5.11,1.21,5.32,1.18,4.9
39,London,Wimbledon,2024-07-01,Grand Slam,Outdoor,Grass,1st Round,5,Nakashima B.,Baez S.,65,18.0,825,2020.0,6.0,2.0,6.0,3.0,6.0,4.0,,,,,3.0,0.0,Completed,1.14,5.5,1.17,5.92,1.18,6.0,1.16,5.37
39,London,Wimbledon,2024-07-01,Grand Slam,Outdoor,Grass,1st Round,5,Monfils G.,Mannarino A.,33,24.0,1260,1625.0,6.0,4.0,3.0,6.0,7.0,5.0,6.0,4.0,,,3.0,1.0,Completed,1.53,2.5,1.6,2.51,1.6,2.62,1.55,2.46
39,London,Wimbledon,2024-07-01,Grand Slam,Outdoor,Grass,1st Round,5,Medvedev D.,Kovacevic A.,5,88.0,6445,681.0,6.0,3.0,6.0,4.0,6.0,2.0,,,,,3.0,0.0,Completed,1.01,23.0,1.04,19.96,1.04,23.0,1.02,14.64
39,London,Wimbledon,2024-07-01,Grand Slam,Outdoor,Grass,1st Round,5,Wawrinka S.,Broom C.,95,248.0,633,242.0,6.0,3.0,7.0,5.0,6.0,4.0,,,,,3.0,0.0,Completed,1.62,2.3,1.67,2.35,1.67,2.35,1.62,2.3
39,London,Wimbledon,2024-07-01,Grand Slam,Outdoor,Grass,1st Round,5,Muller A.,Gaston H.,102,71.0,601,783.0,6.0,4.0,7.0,6.0,7.0,6.0,,,,,3.0,0.0,Completed,2.38,1.57,2.31,1.69,2.43,1.69,2.27,1.63
39,London,Wimbledon,2024-07-01,Grand Slam,Outdoor,Grass,1st Round,5,Altmaier D.,Fery A.,80,247.0,731,243.0,4.0,6.0,7.0,6.0,1.0,6.0,6.0,3.0,6.0,1.0,3.0,2.0,Completed,1.91,1.91,2.06,1.86,2.06,1.94,1.96,1.86
39,London,Wimbledon,2024-07-01,Grand Slam,Outdoor,Grass,1st Round,5,Alcaraz C.,Lajal M.,3,269.0,8130,212.0,7.0,6.0,7.0,5.0,6.0,2.0,,,,,3.0,0.0,Completed,1.01,26.0,1.01,43.46,1.02,43.46,1.01,21.99
39,London,Wimbledon,2024-07-01,Grand Slam,Outdoor,Grass,1st Round,5,Harris L.,Michelsen A.,118,55.0,541,881.0,3.0,6.0,4.0,6.0,7.0,6.0,6.0,2.0,7.0,6.0,3.0,2.0,Completed,1.73,2.1,1.82,2.11,1.85,2.11,1.77,2.06
39,London,Wimbledon,2024-07-01,Grand Slam,Outdoor,Grass,1st Round,5,Cazaux A.,Bergs Z.,98,82.0,616,722.0,6.0,1.0,6.0,4.0,6.0,7.0,6.0,7.0,7.0,6.0,3.0,2.0,Completed,3.2,1.36,2.98,1.45,3.2,1.45,2.93,1.41
39,London,Wimbledon,2024-07-01,Grand Slam,Outdoor,Grass,1st Round,5,Humbert U.,Shevchenko A.,16,57.0,2300,860.0,6.0,1.0,4.0,6.0,7.0,6.0,6.0,7.0,6.0,1.0,3.0,2.0,Completed,1.14,5.5,1.13,7.37,1.14,7.58,1.12,6.25
39,London,Wimbledon,2024-07-01,Grand Slam,Outdoor,Grass,1st Round,5,Vukic A.,Ofner S.,69,45.0,789,1038.0,6.0,7.0,6.0,4.0,6.0,4.0,3.0,6.0,7.0,6.0,3.0,2.0,Completed,1.67,2.2,1.79,2.14,1.79,2.25,1.71,2.14
39,London,Wimbledon,2024-07-01,Grand Slam,Outdoor,Grass,1st Round,5,Bublik A.,Mensik J.,23,78.0,1730,738.0,4.0,6.0,6.0,7.0,6.0,4.0,6.0,4.0,6.0,2.0,3.0,2.0,Completed,1.44,2.75,1.44,3.03,1.47,3.03,1.44,2.82
39,London,Wimbledon,2024-07-01,Grand Slam,Outdoor,Grass,1st Round,5,Van De Zandschulp B.,Broady L.,97,156.0,618,384.0,6.0,2.0,4.0,6.0,6.0,3.0,6.0,2.0,,,3.0,1.0,Completed,1.62,2.3,1.64,2.47,1.64,2.47,1.6,2.34
39,London,Wimbledon,2024-07-01,Grand Slam,Outdoor,Grass,1st Round,5,Bautista Agut R.,Marterer M.,112,85.0,555,692.0,6.0,3.0,6.0,1.0,6.0,4.0,,,,,3.0,0.0,Completed,1.29,3.75,1.28,4.22,1.29,4.22,1.26,3.88
39,London,Wimbledon,2024-07-01,Grand Slam,Outdoor,Grass,1st Round,5,Sonego L.,Navone M.,54,32.0,881,1282.0,6.0,4.0,7.0,6.0,6.0,4.0,,,,,3.0,0.0,Completed,1.07,9.0,1.09,9.33,1.09,9.95,1.08,8.29
39,London,Wimbledon,2024-07-01,Grand Slam,Outdoor,Grass,1st Round,5,Griekspoor T.,Galan D.E.,27,103.0,1470,592.0,7.0,6.0,6.0,3.0,6.0,4.0,,,,,3.0,0.0,Completed,1.13,6.0,1.13,7.19,1.14,7.27,1.12,6.32
39,London,Wimbledon,2024-07-01,Grand Slam,Outdoor,Grass,1st Round,5,Sinner J.,Hanfmann Y.,1,110.0,9890,556.0,6.0,3.0,6.0,4.0,3.0,6.0,6.0,3.0,,,3.0,1.0,Completed,1.01,26.0,1.01,43.93,1.02,43.93,1.01,21.84
39,London,Wimbledon,2024-07-01,Grand Slam,Outdoor,Grass,1st Round,5,Virtanen O.,Purcell M.,147,68.0,401,795.0,6.0,3.0,6.0,2.0,6.0,2.0,,,,,3.0,0.0,Completed,2.38,1.57,2.33,1.68,2.4,1.69,2.29,1.62
39,London,Wimbledon,2024-07-01,Grand Slam,Outdoor,Grass,1st Round,5,Paul T.,Martinez P.,13,49.0,3100,975.0,6.0,2.0,6.0,1.0,4.0,6.0,6.0,3.0,,,3.0,1.0,Completed,1.02,19.0,1.05,15.23,1.05,19.0,1.04,11.82
39,London,Wimbledon,2024-07-01,Grand Slam,Outdoor,Grass,1st Round,5,Kecmanovic M.,Nagal S.,52,73.0,925,768.0,6.0,2.0,3.0,6.0,6.0,3.0,6.0,4.0,,,3.0,1.0,Completed,1.07,9.0,1.12,7.73,1.12,9.0,1.1,7.22
39,London,Wimbledon,2024-07-02,Grand Slam,Outdoor,Grass,1st Round,5,Nishioka Y.,Borges N.,90,50.0,659,936.0,6.0,2.0,7.0,6.0,2.0,6.0,6.0,3.0,,,3.0,1.0,Completed,1.8,2.0,1.84,2.08,1.88,2.15,1.79,2.03
39,London,Wimbledon,2024-07-02,Grand Slam,Outdoor,Grass,1st Round,5,Seyboth Wild T.,Jubb P.,74,201.0,767,301.0,1.0,6.0,3.0,6.0,7.0,6.0,6.0,4.0,7.0,5.0,3.0,2.0,Completed,2.2,1.67,2.3,1.7,2.35,1.7,2.26,1.64
39,London,Wimbledon,2024-07-02,Grand Slam,Outdoor,Grass,1st Round,5,Mpetshi G.,Korda S.,58,21.0,853,1795.0,7.0,6.0,6.0,7.0,7.0,6.0,6.0,7.0,6.0,3.0,3.0,2.0,Completed,4.33,1.22,4.78,1.23,4.84,1.25,4.35,1.21
39,London,Wimbledon,2024-07-02,Grand Slam,Outdoor,Grass,1st Round,5,Musetti L.,Lestienne C.,25,92.0,1620,650.0,4.0,6.0,7.0,6.0,6.0,2.0,6.0,2.0,,,3.0,1.0,Completed,1.1,7.0,1.11,8.12,1.14,8.12,1.11,6.8
39,London,Wimbledon,2024-07-02,Grand Slam,Outdoor,Grass,1st Round,5,Darderi L.,Choinski J.,37,174.0,1236,344.0,7.0,5.0,4.0,6.0,2.0,6.0,7.0,5.0,6.0,2.0,3.0,2.0,Completed,1.36,3.2,1.38,3.31,1.39,3.48,1.36,3.14
39,London,Wimbledon,2024-07-02,Grand Slam,Outdoor,Grass,1st Round,5,Hurkacz H.,Albot R.,7,144.0,4235,406.0,5.0,7.0,6.0,4.0,6.0,3.0,6.0,4.0,,,3.0,1.0,Completed,1.04,13.0,1.05,14.36,1.06,14.36,1.04,10.99
39,London,Wimbledon,2024-07-02,Grand Slam,Outdoor,Grass,1st Round,5,De Minaur A.,Duckworth J.,9,81.0,3830,728.0,7.0,6.0,7.0,6.0,7.0,6.0,,,,,3.0,0.0,Completed,1.05,11.0,1.06,13.99,1.08,13.99,1.05,10.12
39,London,Wimbledon,2024-07-02,Grand Slam,Outdoor,Grass,1st Round,5,Munar J.,Harris B.,63,116.0,835,545.0,6.0,4.0,6.0,4.0,3.0,6.0,6.0,3.0,,,3.0,1.0,Completed,2.38,1.57,2.45,1.63,2.61,1.63,2.41,1.57
39,London,Wimbledon,2024-07-02,Grand Slam,Outdoor,Grass,1st Round,5,Popyrin A.,Monteiro T.,47,86.0,981,690.0,6.0,4.0,6.0,7.0,6.0,3.0,6.0,4.0,,,3.0,1.0,Completed,1.33,3.4,1.33,3.65,1.34,3.66,1.32,3.41
39,London,Wimbledon,2024-07-02,Grand Slam,Outdoor,Grass,1st Round,5,Etcheverry T.,Nardi L.,31,75.0,1290,760.0,6.0,1.0,6.0,4.0,6.0,2.0,,,,,3.0,0.0,Completed,1.57,2.38,1.6,2.5,1.65,2.5,1.58,2.38
39,London,Wimbledon,2024-07-02,Grand Slam,Outdoor,Grass,1st Round,5,Comesana F.,Rublev A.,122,6.0,529,4420.0,6.0,4.0,5.0,7.0,6.0,2.0,7.0,6.0,,,3.0,1.0,Completed,17.0,1.03,24.44,1.03,24.44,1.04,14.43,1.02
39,London,Wimbledon,2024-07-02,Grand Slam,Outdoor,Grass,1st Round,5,Shelton B.,Bellucci M.,14,148.0,2595,401.0,4.0,6.0,6.0,3.0,3.0,6.0,6.0,3.0,6.0,4.0,3.0,2.0,Completed,1.33,3.4,1.34,3.63,1.37,3.71,1.33,3.35
39,London,Wimbledon,2024-07-02,Grand Slam,Outdoor,Grass,1st Round,5,Fearnley J.,Moro Canas A.,277,188.0,206,321.0,7.0,5.0,6.0,4.0,7.0,6.0,,,,,3.0,0.0,Completed,1.5,2.63,1.49,2.84,1.55,2.84,1.48,2.67
39,London,Wimbledon,2024-07-02,Grand Slam,Outdoor,Grass,1st Round,5,Walton A.,Coria F.,101,72.0,607,776.0,6.0,3.0,6.0,3.0,7.0,5.0,,,,,3.0,0.0,Completed,1.25,4.0,1.26,4.29,1.31,4.29,1.25,3.97
39,London,Wimbledon,2024-07-02,Grand Slam,Outdoor,Grass,1st Round,5,Zverev A.,Carballes Baena R.,4,64.0,6905,826.0,6.0,2.0,6.0,4.0,6.0,2.0,,,,,3.0,0.0,Completed,1.01,29.0,1.03,25.24,1.04,29.0,1.02,17.1
39,London,Wimbledon,2024-07-02,Grand Slam,Outdoor,Grass,1st Round,5,Djokovic N.,Kopriva V.,2,123.0,8360,523.0,6.0,1.0,6.0,2.0,6.0,2.0,,,,,3.0,0.0,Completed,1.02,21.0,1.03,22.53,1.04,22.53,1.02,14.74
39,London,Wimbledon,2024-07-02,Grand Slam,Outdoor,Grass,1st Round,5,Fils A.,Stricker D.,34,149.0,1250,400.0,6.0,3.0,6.0,2.0,3.0,6.0,6.0,4.0,,,3.0,1.0,Completed,1.44,2.75,1.43,3.1,1.46,3.1,1.42,2.9
39,London,Wimbledon,2024-07-02,Grand Slam,Outdoor,Grass,1st Round,5,Tsitsipas S.,Daniel T.,11,84.0,3745,692.0,7.0,6.0,6.0,4.0,7.0,5.0,,,,,3.0,0.0,Completed,1.05,11.0,1.07,12.14,1.11,12.14,1.06,9.75
39,London,Wimbledon,2024-07-02,Grand Slam,Outdoor,Grass,1st Round,5,Rune H.,Kwon S.W.,15,367.0,2370,135.0,6.0,1.0,6.0,4.0,6.0,4.0,,,,,3.0,0.0,Completed,1.1,7.0,1.15,6.49,1.15,7.03,1.12,6.35
39,London,Wimbledon,2024-07-02,Grand Slam,Outdoor,Grass,1st Round,5,Giron M.,Searle H.,46,539.0,1020,73.0,3.0,6.0,6.0,3.0,6.0,4.0,6.0,4.0,,,3.0,1.0,Completed,1.17,5.0,1.19,5.52,1.19,5.52,1.17,5.1
39,London,Wimbledon,2024-07-02,Grand Slam,Outdoor,Grass,1st Round,5,Draper J.,Ymer E.,28,205.0,1461,293.0,3.0,6.0,6.0,3.0,6.0,3.0,4.0,6.0,6.0,3.0,3.0,2.0,Completed,1.03,15.0,1.04,17.24,1.05,17.24,1.03,12.12
39,London,Wimbledon,2024-07-02,Grand Slam,Outdoor,Grass,1st Round,5,Cobolli F.,Hijikata R.,48,77.0,980,751.0,7.0,5.0,4.0,6.0,6.0,4.0,6.0,4.0,,,3.0,1.0,Completed,2.1,1.73,2.25,1.72,2.25,1.74,2.16,1.7
39,London,Wimbledon,2024-07-02,Grand Slam,Outdoor,Grass,1st Round,5,Norrie C.,Diaz Acosta F.,42,67.0,1070,808.0,7.0,5.0,7.0,5.0,6.0,3.0,,,,,3.0,0.0,Completed,1.04,13.0,1.08,11.01,1.08,13.0,1.06,9.62
39,London,Wimbledon,2024-07-02,Grand Slam,Outdoor,Grass,1st Round,5,Fritz T.,O Connell C.,12,79.0,3350,733.0,6.0,1.0,6.0,2.0,6.0,4.0,,,,,3.0,0.0,Completed,1.05,11.0,1.07,12.2,1.1,12.2,1.06,9.6
39,London,Wimbledon,2024-07-03,Grand Slam,Outdoor,Grass,1st Round,5,Halys Q.,Eubanks C.,220,62.0,272,835.0,6.0,4.0,6.0,4.0,6.0,2.0,,,,,3.0,0.0,Completed,1.8,2.0,1.87,2.05,1.88,2.05,1.84,1.99
39,London,Wimbledon,2024-07-03,Grand Slam,Outdoor,Grass,1st Round,5,Khachanov K.,Karatsev A.,22,99.0,1780,615.0,6.0,3.0,6.0,7.0,7.0,6.0,2.0,0.0,,,2.0,1.0,Retired,1.17,5.0,1.18,5.74,1.19,5.74,1.17,5.12
39,London,Wimbledon,2024-07-03,Grand Slam,Outdoor,Grass,1st Round,5,Safiullin R.,Cerundolo F.,44,30.0,1045,1315.0,6.0,7.0,3.0,6.0,7.0,5.0,6.0,3.0,6.0,4.0,3.0,2.0,Completed,1.73,2.1,1.76,2.19,1.78,2.19,1.73,2.1
39,London,Wimbledon,2024-07-03,Grand Slam,Outdoor,Grass,1st Round,5,Ruusuvuori E.,Mcdonald M.,87,96.0,683,626.0,7.0,6.0,4.0,6.0,5.0,7.0,7.0,6.0,6.0,3.0,3.0,2.0,Completed,1.67,2.2,1.63,2.45,1.68,2.45,1.62,2.29
39,London,Wimbledon,2024-07-03,Grand Slam,Outdoor,Grass,1st Round,5,Pouille L.,Djere L.,212,51.0,284,936.0,3.0,6.0,7.0,6.0,3.0,6.0,6.0,3.0,6.0,1.0,3.0,2.0,Completed,1.5,2.63,1.55,2.59,1.57,2.65,1.52,2.53
39,London,Wimbledon,2024-07-03,Grand Slam,Outdoor,Grass,1st Round,5,Rinderknech A.,Nishikori K.,76,401.0,754,118.0,5.0,7.0,6.0,4.0,6.0,7.0,6.0,3.0,6.0,2.0,3.0,2.0,Completed,1.36,3.2,1.39,3.26,1.41,3.26,1.37,3.11
39,London,Wimbledon,2024-07-03,Grand Slam,Outdoor,Grass,1st Round,5,Machac T.,Goffin D.,39,83.0,1214,694.0,3.0,6.0,6.0,4.0,6.0,1.0,7.0,6.0,,,3.0,1.0,Completed,1.62,2.3,1.74,2.22,1.74,2.38,1.67,2.21
39,London,Wimbledon,2024-07-03,Grand Slam,Outdoor,Grass,1st Round,5,Tabilo A.,Evans D.,19,60.0,1904,844.0,6.0,2.0,7.0,5.0,6.0,3.0,,,,,3.0,0.0,Completed,1.44,2.75,1.39,3.26,1.48,3.26,1.4,2.93
39,London,Wimbledon,2024-07-03,Grand Slam,Outdoor,Grass,1st Round,5,Kokkinakis T.,Auger-Aliassime F.,93,17.0,639,2075.0,4.0,6.0,5.0,7.0,7.0,6.0,6.0,4.0,6.0,4.0,3.0,2.0,Completed,3.2,1.36,3.29,1.39,3.29,1.4,3.09,1.37
39,London,Wimbledon,2024-07-03,Grand Slam,Outdoor,Grass,2nd Round,5,Fognini F.,Ruud C.,94,8.0,635,4025.0,6.0,4.0,7.0,5.0,6.0,7.0,6.0,3.0,,,3.0,1.0,Completed,4.5,1.2,5.15,1.21,5.25,1.22,4.61,1.2
39,London,Wimbledon,2024-07-03,Grand Slam,Outdoor,Grass,2nd Round,5,Tiafoe F.,Coric B.,29,89.0,1355,664.0,7.0,6.0,6.0,1.0,6.0,3.0,,,,,3.0,0.0,Completed,1.44,2.75,1.49,2.84,1.52,2.84,1.46,2.76
39,London,Wimbledon,2024-07-03,Grand Slam,Outdoor,Grass,2nd Round,5,Nakashima B.,Thompson J.,65,40.0,825,1206.0,6.0,3.0,6.0,2.0,6.0,2.0,,,,,3.0,0.0,Completed,1.67,2.2,1.74,2.22,1.74,2.3,1.69,2.19
39,London,Wimbledon,2024-07-03,Grand Slam,Outdoor,Grass,2nd Round,5,Humbert U.,Van De Zandschulp B.,16,97.0,2300,618.0,7.0,6.0,6.0,1.0,6.0,3.0,,,,,3.0,0.0,Completed,1.25,4.0,1.27,4.24,1.29,4.35,1.26,3.89
39,London,Wimbledon,2024-07-03,Grand Slam,Outdoor,Grass,2nd Round,5,Medvedev D.,Muller A.,5,102.0,6445,601.0,6.0,7.0,7.0,6.0,6.0,4.0,7.0,5.0,,,3.0,1.0,Completed,1.02,21.0,1.03,20.98,1.05,21.0,1.02,14.42
39,London,Wimbledon,2024-07-03,Grand Slam,Outdoor,Grass,2nd Round,5,Alcaraz C.,Vukic A.,3,69.0,8130,789.0,7.0,6.0,6.0,2.0,6.0,2.0,,,,,3.0,0.0,Completed,1.03,17.0,1.03,25.77,1.03,25.81,1.02,15.73
39,London,Wimbledon,2024-07-03,Grand Slam,Outdoor,Grass,2nd Round,5,Bautista Agut R.,Sonego L.,112,54.0,555,881.0,6.0,3.0,3.0,6.0,6.0,3.0,6.0,4.0,,,3.0,1.0,Completed,1.62,2.3,1.6,2.52,1.66,2.52,1.59,2.37
39,London,Wimbledon,2024-07-03,Grand Slam,Outdoor,Grass,2nd Round,5,Bublik A.,Cazaux A.,23,98.0,1730,616.0,6.0,4.0,7.0,6.0,6.0,4.0,,,,,3.0,0.0,Completed,1.33,3.4,1.37,3.39,1.37,3.5,1.34,3.27
39,London,Wimbledon,2024-07-03,Grand Slam,Outdoor,Grass,2nd Round,5,Paul T.,Virtanen O.,13,147.0,3100,401.0,4.0,6.0,6.0,3.0,5.0,7.0,7.0,5.0,6.0,4.0,3.0,2.0,Completed,1.1,7.0,1.1,9.25,1.12,9.25,1.09,7.59
39,London,Wimbledon,2024-07-03,Grand Slam,Outdoor,Grass,2nd Round,5,Kecmanovic M.,Griekspoor T.,52,27.0,925,1470.0,4.0,6.0,7.0,6.0,1.0,6.0,6.0,2.0,6.0,3.0,3.0,2.0,Completed,2.5,1.53,2.42,1.64,2.6,1.64,2.37,1.59
39,London,Wimbledon,2024-07-03,Grand Slam,Outdoor,Grass,2nd Round,5,Struff J.L.,Zhang Zh.,41,38.0,1135,1221.0,5.0,7.0,6.0,3.0,7.0,6.0,7.0,6.0,,,3.0,1.0,Completed,1.25,4.0,1.25,4.45,1.32,4.48,1.25,4.03
39,London,Wimbledon,2024-07-03,Grand Slam,Outdoor,Grass,2nd Round,5,Sinner J.,Berrettini M.,1,59.0,9890,845.0,7.0,6.0,7.0,6.0,2.0,6.0,7.0,6.0,,,3.0,1.0,Completed,1.2,4.5,1.18,5.63,1.2,5.63,1.18,5.02
39,London,Wimbledon,2024-07-04,Grand Slam,Outdoor,Grass,2nd Round,5,De Minaur A.,Munar J.,9,63.0,3830,835.0,6.0,2.0,6.0,2.0,7.0,5.0,,,,,3.0,0.0,Completed,1.02,19.0,1.05,15.58,1.05,19.0,1.03,12.81
39,London,Wimbledon,2024-07-04,Grand Slam,Outdoor,Grass,2nd Round,5,Fils A.,Hurkacz H.,34,7.0,1250,4235.0,7.0,6.0,6.0,4.0,2.0,6.0,6.0,6.0,,,2.0,1.0,Retired,3.75,1.29,4.37,1.26,4.78,1.29,3.93,1.26
39,London,Wimbledon,2024-07-04,Grand Slam,Outdoor,Grass,2nd Round,5,Comesana F.,Walton A.,122,101.0,529,607.0,7.0,5.0,1.0,6.0,6.0,7.0,6.0,1.0,7.0,6.0,3.0,2.0,Completed,2.75,1.44,2.93,1.47,2.93,1.5,2.7,1.46
39,London,Wimbledon,2024-07-04,Grand Slam,Outdoor,Grass,2nd Round,5,Shelton B.,Harris L.,14,118.0,2595,541.0,4.0,6.0,7.0,6.0,6.0,7.0,6.0,3.0,7.0,6.0,3.0,2.0,Completed,1.67,2.2,1.74,2.22,1.75,2.23,1.7,2.16
39,London,Wimbledon,2024-07-04,Grand Slam,Outdoor,Grass,2nd Round,5,Dimitrov G.,Shang J.,10,91.0,3750,658.0,5.0,7.0,6.0,7.0,6.0,4.0,6.0,2.0,6.0,4.0,3.0,2.0,Completed,1.14,5.5,1.15,6.52,1.16,6.52,1.14,5.84
39,London,Wimbledon,2024-07-04,Grand Slam,Outdoor,Grass,2nd Round,5,Shapovalov D.,Altmaier D.,121,80.0,530,731.0,7.0,6.0,6.0,3.0,1.0,6.0,6.0,7.0,6.0,4.0,3.0,2.0,Completed,1.13,6.0,1.15,6.36,1.16,6.36,1.14,5.83
39,London,Wimbledon,2024-07-04,Grand Slam,Outdoor,Grass,2nd Round,5,Popyrin A.,Etcheverry T.,47,31.0,981,1290.0,3.0,6.0,6.0,4.0,4.0,6.0,6.0,4.0,6.0,3.0,3.0,2.0,Completed,1.67,2.2,1.69,2.31,1.7,2.31,1.66,2.22
39,London,Wimbledon,2024-07-04,Grand Slam,Outdoor,Grass,2nd Round,5,Musetti L.,Darderi L.,25,37.0,1620,1236.0,6.0,4.0,4.0,6.0,6.0,7.0,6.0,4.0,6.0,4.0,3.0,2.0,Completed,1.25,4.0,1.25,4.44,1.26,4.44,1.24,4.1
39,London,Wimbledon,2024-07-04,Grand Slam,Outdoor,Grass,2nd Round,5,Safiullin R.,Machac T.,44,39.0,1045,1214.0,6.0,2.0,6.0,4.0,5.0,7.0,6.0,3.0,,,3.0,1.0,Completed,1.73,2.1,1.72,2.26,1.74,2.29,1.69,2.18
39,London,Wimbledon,2024-07-04,Grand Slam,Outdoor,Grass,2nd Round,5,Djokovic N.,Fearnley J.,2,277.0,8360,206.0,6.0,3.0,6.0,4.0,5.0,7.0,7.0,5.0,,,3.0,1.0,Completed,1.02,19.0,1.02,31.64,1.03,31.64,1.02,16.83
39,London,Wimbledon,2024-07-04,Grand Slam,Outdoor,Grass,2nd Round,5,Tabilo A.,Cobolli F.,19,48.0,1904,980.0,7.0,6.0,7.0,6.0,4.0,6.0,4.0,6.0,6.0,4.0,3.0,2.0,Completed,1.36,3.2,1.34,3.6,1.36,3.6,1.33,3.31
39,London,Wimbledon,2024-07-04,Grand Slam,Outdoor,Grass,2nd Round,5,Monfils G.,Wawrinka S.,33,95.0,1260,633.0,7.0,6.0,6.0,4.0,7.0,6.0,,,,,3.0,0.0,Completed,1.36,3.2,1.4,3.22,1.4,3.22,1.36,3.11
39,London,Wimbledon,2024-07-04,Grand Slam,Outdoor,Grass,2nd Round,5,Halys Q.,Khachanov K.,220,22.0,272,1780.0,4.0,6.0,6.0,3.0,3.0,6.0,6.0,3.0,6.0,4.0,3.0,2.0,Completed,2.63,1.5,2.8,1.5,2.8,1.56,2.6,1.5
39,London,Wimbledon,2024-07-04,Grand Slam,Outdoor,Grass,2nd Round,5,Rune H.,Seyboth Wild T.,15,74.0,2370,767.0,3.0,6.0,6.0,3.0,6.0,2.0,6.0,2.0,,,3.0,1.0,Completed,1.11,6.5,1.13,7.4,1.14,7.4,1.12,6.51
39,London,Wimbledon,2024-07-04,Grand Slam,Outdoor,Grass,2nd Round,5,Fritz T.,Rinderknech A.,12,76.0,3350,754.0,6.0,3.0,6.0,4.0,3.0,6.0,6.0,4.0,,,3.0,1.0,Completed,1.07,9.0,1.08,10.68,1.1,10.74,1.07,8.76
39,London,Wimbledon,2024-07-04,Grand Slam,Outdoor,Grass,2nd Round,5,Pouille L.,Kokkinakis T.,212,93.0,284,639.0,2.0,6.0,7.0,5.0,5.0,2.0,,,,,1.0,1.0,Retired,2.63,1.5,2.68,1.53,2.75,1.54,2.63,1.49
39,London,Wimbledon,2024-07-04,Grand Slam,Outdoor,Grass,2nd Round,5,Norrie C.,Draper J.,42,28.0,1070,1461.0,7.0,6.0,6.0,4.0,7.0,6.0,,,,,3.0,0.0,Completed,3.4,1.33,3.47,1.36,3.65,1.36,3.47,1.31
39,London,Wimbledon,2024-07-04,Grand Slam,Outdoor,Grass,2nd Round,5,Ruusuvuori E.,Tsitsipas S.,87,11.0,683,3745.0,7.0,6.0,7.0,6.0,3.0,6.0,6.0,3.0,,,3.0,1.0,Completed,4.33,1.22,4.56,1.24,4.58,1.26,4.2,1.23
39,London,Wimbledon,2024-07-04,Grand Slam,Outdoor,Grass,2nd Round,5,Mpetshi G.,Nishioka Y.,58,90.0,853,659.0,6.0,4.0,6.0,1.0,6.0,2.0,,,,,3.0,0.0,Completed,1.53,2.5,1.61,2.47,1.61,2.51,1.58,2.4
39,London,Wimbledon,2024-07-04,Grand Slam,Outdoor,Grass,2nd Round,5,Zverev A.,Giron M.,4,46.0,6905,1020.0,6.0,2.0,6.0,1.0,6.0,4.0,,,,,3.0,0.0,Completed,1.11,6.5,1.11,8.05,1.14,8.05,1.11,6.63
39,London,Wimbledon,2024-07-05,Grand Slam,Outdoor,Grass,3rd Round,5,Paul T.,Bublik A.,13,23.0,3100,1730.0,6.0,3.0,6.0,4.0,6.0,2.0,,,,,3.0,0.0,Completed,1.5,2.63,1.51,2.78,1.51,2.79,1.49,2.68
39,London,Wimbledon,2024-07-05,Grand Slam,Outdoor,Grass,3rd Round,5,Alcaraz C.,Tiafoe F.,3,29.0,8130,1355.0,5.0,7.0,6.0,2.0,4.0,6.0,7.0,6.0,6.0,2.0,3.0,2.0,Completed,1.06,10.0,1.05,14.26,1.07,14.26,1.05,10.3
39,London,Wimbledon,2024-07-05,Grand Slam,Outdoor,Grass,3rd Round,5,Dimitrov G.,Monfils G.,10,33.0,3750,1260.0,6.0,3.0,6.0,4.0,6.0,3.0,,,,,3.0,0.0,Completed,1.3,3.5,1.32,3.76,1.33,4.01,1.3,3.59
39,London,Wimbledon,2024-07-05,Grand Slam,Outdoor,Grass,3rd Round,5,Sinner J.,Kecmanovic M.,1,52.0,9890,925.0,6.0,1.0,6.0,4.0,6.0,2.0,,,,,3.0,0.0,Completed,1.03,15.0,1.03,21.6,1.04,21.6,1.02,14.37
39,London,Wimbledon,2024-07-06,Grand Slam,Outdoor,Grass,3rd Round,5,De Minaur A.,Pouille L.,9,212.0,3830,284.0,,,,,,,,,,,,,Walkover,1.05,11.0,1.05,14.27,1.06,14.27,1.05,10.95
39,London,Wimbledon,2024-07-06,Grand Slam,Outdoor,Grass,3rd Round,5,Shelton B.,Shapovalov D.,14,121.0,2595,530.0,6.0,7.0,6.0,2.0,6.0,4.0,4.0,6.0,6.0,2.0,3.0,2.0,Completed,1.8,2.0,1.95,1.95,1.95,2.1,1.88,1.92
39,London,Wimbledon,2024-07-06,Grand Slam,Outdoor,Grass,3rd Round,5,Humbert U.,Nakashima B.,16,65.0,2300,825.0,7.0,6.0,6.0,3.0,6.0,7.0,7.0,6.0,,,3.0,1.0,Completed,1.73,2.1,1.78,2.17,1.78,2.17,1.74,2.11
39,London,Wimbledon,2024-07-06,Grand Slam,Outdoor,Grass,3rd Round,5,Zverev A.,Norrie C.,4,42.0,6905,1070.0,6.0,4.0,6.0,4.0,7.0,6.0,,,,,3.0,0.0,Completed,1.11,6.5,1.14,6.71,1.14,6.75,1.13,6.19
39,London,Wimbledon,2024-07-06,Grand Slam,Outdoor,Grass,3rd Round,5,Fils A.,Safiullin R.,34,44.0,1250,1045.0,4.0,6.0,6.0,3.0,1.0,6.0,6.0,4.0,6.0,3.0,3.0,2.0,Completed,1.73,2.1,1.85,2.07,1.85,2.21,1.77,2.06
39,London,Wimbledon,2024-07-06,Grand Slam,Outdoor,Grass,3rd Round,5,Mpetshi G.,Ruusuvuori E.,58,87.0,853,683.0,4.0,6.0,6.0,2.0,7.0,6.0,6.0,4.0,,,3.0,1.0,Completed,1.73,2.1,1.81,2.12,1.83,2.15,1.76,2.07
39,London,Wimbledon,2024-07-06,Grand Slam,Outdoor,Grass,3rd Round,5,Bautista Agut R.,Fognini F.,112,94.0,555,635.0,7.0,6.0,3.0,6.0,5.0,7.0,7.0,6.0,6.0,4.0,3.0,2.0,Completed,1.44,2.75,1.43,3.05,1.49,3.05,1.43,2.83
39,London,Wimbledon,2024-07-06,Grand Slam,Outdoor,Grass,3rd Round,5,Musetti L.,Comesana F.,25,122.0,1620,529.0,6.0,2.0,6.0,7.0,7.0,6.0,6.0,3.0,,,3.0,1.0,Completed,1.17,5.0,1.17,5.8,1.18,5.8,1.16,5.27
39,London,Wimbledon,2024-07-06,Grand Slam,Outdoor,Grass,3rd Round,5,Rune H.,Halys Q.,15,220.0,2370,272.0,1.0,6.0,6.0,7.0,6.0,4.0,7.0,6.0,6.0,1.0,3.0,2.0,Completed,1.29,3.75,1.33,3.68,1.33,3.75,1.3,3.56
39,London,Wimbledon,2024-07-06,Grand Slam,Outdoor,Grass,3rd Round,5,Medvedev D.,Struff J.L.,5,41.0,6445,1135.0,6.0,1.0,6.0,3.0,4.0,6.0,7.0,6.0,,,3.0,1.0,Completed,1.53,2.5,1.5,2.79,1.54,2.79,1.49,2.63
39,London,Wimbledon,2024-07-06,Grand Slam,Outdoor,Grass,3rd Round,5,Djokovic N.,Popyrin A.,2,47.0,8360,981.0,4.0,6.0,6.0,3.0,6.0,4.0,7.0,6.0,,,3.0,1.0,Completed,1.13,6.0,1.13,7.14,1.17,7.14,1.13,6.19
39,London,Wimbledon,2024-07-06,Grand Slam,Outdoor,Grass,3rd Round,3,Fritz T.,Tabilo A.,12,19.0,3350,1904.0,7.0,6.0,6.0,3.0,7.0,5.0,,,,,3.0,0.0,Completed,1.17,5.0,1.19,5.42,1.21,5.47,1.18,4.99
39,London,Wimbledon,2024-07-07,Grand Slam,Outdoor,Grass,4th Round,5,Alcaraz C.,Humbert U.,3,16.0,8130,2300.0,6.0,3.0,6.0,4.0,1.0,6.0,7.0,5.0,,,3.0,1.0,Completed,1.1,7.0,1.13,7.12,1.13,7.64,1.11,6.64
39,London,Wimbledon,2024-07-07,Grand Slam,Outdoor,Grass,4th Round,5,Sinner J.,Shelton B.,1,14.0,9890,2595.0,6.0,2.0,6.0,4.0,7.0,6.0,,,,,3.0,0.0,Completed,1.05,11.0,1.06,14.32,1.07,14.98,1.05,10.64
39,London,Wimbledon,2024-07-07,Grand Slam,Outdoor,Grass,4th Round,5,Medvedev D.,Dimitrov G.,5,10.0,6445,3750.0,5.0,3.0,,,,,,,,,0.0,0.0,Retired,1.67,2.2,1.74,2.23,1.74,2.31,1.68,2.2
39,London,Wimbledon,2024-07-07,Grand Slam,Outdoor,Grass,4th Round,5,Paul T.,Bautista Agut R.,13,112.0,3100,555.0,6.0,2.0,7.0,6.0,6.0,2.0,,,,,3.0,0.0,Completed,1.13,6.0,1.16,6.13,1.18,6.27,1.14,5.71
39,London,Wimbledon,2024-07-08,Grand Slam,Outdoor,Grass,4th Round,5,Musetti L.,Mpetshi G.,25,58.0,1620,853.0,4.0,6.0,6.0,3.0,6.0,3.0,6.0,2.0,,,3.0,1.0,Completed,1.91,1.91,1.88,2.02,1.95,2.03,1.88,1.92
39,London,Wimbledon,2024-07-08,Grand Slam,Outdoor,Grass,4th Round,5,De Minaur A.,Fils A.,9,34.0,3830,1250.0,6.0,2.0,6.0,4.0,4.0,6.0,6.0,3.0,,,3.0,1.0,Completed,1.2,4.5,1.18,5.63,1.26,5.63,1.19,4.71
39,London,Wimbledon,2024-07-08,Grand Slam,Outdoor,Grass,4th Round,5,Fritz T.,Zverev A.,12,4.0,3350,6905.0,4.0,6.0,6.0,7.0,6.0,4.0,7.0,6.0,6.0,3.0,3.0,2.0,Completed,2.38,1.57,2.35,1.67,2.55,1.68,2.33,1.6
39,London,Wimbledon,2024-07-08,Grand Slam,Outdoor,Grass,4th Round,5,Djokovic N.,Rune H.,2,15.0,8360,2370.0,6.0,3.0,6.0,4.0,6.0,2.0,,,,,3.0,0.0,Completed,1.3,3.5,1.33,3.66,1.36,3.66,1.32,3.43
39,London,Wimbledon,2024-07-09,Grand Slam,Outdoor,Grass,Quarterfinals,5,Medvedev D.,Sinner J.,5,1.0,6445,9890.0,6.0,7.0,6.0,4.0,7.0,6.0,2.0,6.0,6.0,3.0,3.0,2.0,Completed,4.33,1.22,4.78,1.23,4.78,1.25,4.29,1.22
39,London,Wimbledon,2024-07-09,Grand Slam,Outdoor,Grass,Quarterfinals,5,Alcaraz C.,Paul T.,3,13.0,8130,3100.0,5.0,7.0,6.0,4.0,6.0,2.0,6.0,2.0,,,3.0,1.0,Completed,1.25,4.0,1.3,3.97,1.31,4.01,1.27,3.79
39,London,Wimbledon,2024-07-10,Grand Slam,Outdoor,Grass,Quarterfinals,5,Djokovic N.,De Minaur A.,2,9.0,8360,3830.0,,,,,,,,,,,,,Walkover,1.25,4.0,1.31,3.85,1.34,4.0,1.28,3.76
39,London,Wimbledon,2024-07-10,Grand Slam,Outdoor,Grass,Quarterfinals,5,Musetti L.,Fritz T.,25,12.0,1620,3350.0,3.0,6.0,7.0,6.0,6.0,2.0,3.0,6.0,6.0,1.0,3.0,2.0,Completed,4.5,1.2,4.69,1.23,4.7,1.25,4.36,1.22
39,London,Wimbledon,2024-07-12,Grand Slam,Outdoor,Grass,Semifinals,5,Alcaraz C.,Medvedev D.,3,5.0,8130,6445.0,6.0,7.0,6.0,3.0,6.0,4.0,6.0,4.0,,,3.0,1.0,Completed,1.29,3.75,1.3,3.9,1.31,3.9,1.29,3.62
39,London,Wimbledon,2024-07-12,Grand Slam,Outdoor,Grass,Semifinals,5,Djokovic N.,Musetti L.,2,25.0,8360,1620.0,6.0,4.0,7.0,6.0,6.0,4.0,,,,,3.0,0.0,Completed,1.11,6.5,1.14,6.75,1.15,6.75,1.12,6.3
39,London,Wimbledon,2024-07-14,Grand Slam,Outdoor,Grass,The Final,5,Alcaraz C.,Djokovic N.,3,2.0,8130,8360.0,6.0,2.0,6.0,2.0,7.0,6.0,,,,,3.0,0.0,Completed,1.8,2.1,1.81,2.12,1.82,2.2,1.76,2.09
40,Bastad,Nordea Open,2024-07-15,ATP250,Outdoor,Clay,1st Round,3,Kotov P.,Garin C.,60,106.0,821,590.0,6.0,4.0,6.0,7.0,6.0,1.0,,,,,2.0,1.0,Completed,1.8,2.0,1.85,2.05,1.85,2.1,1.77,2.01
40,Bastad,Nordea Open,2024-07-15,ATP250,Outdoor,Clay,1st Round,3,Norrie C.,Kovalik J.,42,102.0,1125,607.0,7.0,6.0,6.0,4.0,,,,,,,2.0,0.0,Completed,1.57,2.38,1.59,2.51,1.61,2.51,1.56,2.39
40,Bastad,Nordea Open,2024-07-16,ATP250,Outdoor,Clay,1st Round,3,Carballes Baena R.,Safiullin R.,54,67.0,906,785.0,5.0,7.0,7.0,6.0,6.0,3.0,,,,,2.0,1.0,Completed,1.62,2.3,1.61,2.46,1.65,2.46,1.6,2.3
40,Bastad,Nordea Open,2024-07-16,ATP250,Outdoor,Clay,1st Round,3,Tirante T.A.,Faria J.,121,170.0,508,349.0,3.0,6.0,6.0,1.0,6.0,4.0,,,,,2.0,1.0,Completed,2.0,1.8,2.11,1.81,2.11,1.85,2.04,1.76
40,Bastad,Nordea Open,2024-07-16,ATP250,Outdoor,Clay,1st Round,3,Monteiro T.,Coria F.,85,69.0,700,776.0,6.0,1.0,6.0,3.0,,,,,,,2.0,0.0,Completed,1.73,2.1,1.79,2.13,1.79,2.27,1.71,2.11
40,Bastad,Nordea Open,2024-07-16,ATP250,Outdoor,Clay,1st Round,3,Skatov T.,Daniel T.,223,90.0,265,676.0,6.0,7.0,6.0,2.0,7.0,6.0,,,,,2.0,1.0,Completed,1.67,2.2,1.68,2.29,1.68,2.35,1.65,2.2
40,Bastad,Nordea Open,2024-07-16,ATP250,Outdoor,Clay,1st Round,3,Yevseyev D.,Muller A.,160,103.0,370,606.0,7.0,5.0,7.0,5.0,,,,,,,2.0,0.0,Completed,5.5,1.14,5.58,1.18,5.58,1.18,5.34,1.15
40,Bastad,Nordea Open,2024-07-16,ATP250,Outdoor,Clay,1st Round,3,Ajdukovic D.,Van Assche L.,130,104.0,478,601.0,6.0,3.0,6.0,3.0,,,,,,,2.0,0.0,Completed,2.1,1.73,2.13,1.79,2.16,1.79,2.07,1.73
40,Bastad,Nordea Open,2024-07-16,ATP250,Outdoor,Clay,1st Round,3,Nagal S.,Ymer E.,68,202.0,779,300.0,6.0,4.0,6.0,3.0,,,,,,,2.0,0.0,Completed,1.53,2.5,1.62,2.42,1.65,2.51,1.56,2.38
40,Bastad,Nordea Open,2024-07-16,ATP250,Outdoor,Clay,1st Round,3,Rocha H.,Ugo Carabelli C.,182,96.0,329,645.0,4.0,6.0,6.0,2.0,6.0,2.0,,,,,2.0,1.0,Completed,2.38,1.57,2.38,1.64,2.43,1.65,2.33,1.59
40,Bastad,Nordea Open,2024-07-16,ATP250,Outdoor,Clay,1st Round,3,Nadal R.,Borg L.,261,461.0,215,91.0,6.0,3.0,6.0,4.0,,,,,,,2.0,0.0,Completed,1.01,26.0,1.02,29.16,1.02,29.16,1.01,17.94
40,Bastad,Nordea Open,2024-07-16,ATP250,Outdoor,Clay,1st Round,3,Borges N.,Pellegrino A.,51,153.0,936,389.0,6.0,2.0,7.0,6.0,,,,,,,2.0,0.0,Completed,1.29,3.75,1.3,3.82,1.33,3.82,1.29,3.54
40,Bastad,Nordea Open,2024-07-17,ATP250,Outdoor,Clay,2nd Round,3,Monteiro T.,Ruud C.,85,9.0,700,4030.0,6.0,3.0,6.0,3.0,,,,,,,2.0,0.0,Completed,6.0,1.13,5.24,1.2,6.0,1.2,5.06,1.16
40,Bastad,Nordea Open,2024-07-17,ATP250,Outdoor,Clay,2nd Round,3,Carballes Baena R.,Yevseyev D.,54,160.0,906,370.0,2.0,6.0,6.0,3.0,6.0,2.0,,,,,2.0,1.0,Completed,1.17,5.0,1.16,6.2,1.18,6.2,1.16,5.24
40,Bastad,Nordea Open,2024-07-17,ATP250,Outdoor,Clay,2nd Round,3,Ajdukovic D.,Kotov P.,130,60.0,478,821.0,7.0,6.0,3.0,6.0,6.0,3.0,,,,,2.0,1.0,Completed,2.75,1.44,2.8,1.5,2.8,1.51,2.63,1.47
40,Bastad,Nordea Open,2024-07-17,ATP250,Outdoor,Clay,2nd Round,3,Tirante T.A.,Rublev A.,121,8.0,508,4070.0,7.0,6.0,3.0,6.0,6.0,4.0,,,,,2.0,1.0,Completed,5.0,1.17,5.75,1.18,5.75,1.21,4.77,1.18
40,Bastad,Nordea Open,2024-07-18,ATP250,Outdoor,Clay,2nd Round,3,Navone M.,Nagal S.,36,68.0,1242,779.0,6.0,4.0,6.0,2.0,,,,,,,2.0,0.0,Completed,1.57,2.38,1.62,2.46,1.64,2.48,1.57,2.37
40,Bastad,Nordea Open,2024-07-18,ATP250,Outdoor,Clay,2nd Round,3,Skatov T.,Griekspoor T.,223,27.0,265,1510.0,1.0,6.0,6.0,3.0,6.0,4.0,,,,,2.0,1.0,Completed,3.0,1.4,3.39,1.37,3.39,1.44,2.95,1.39
40,Bastad,Nordea Open,2024-07-18,ATP250,Outdoor,Clay,2nd Round,3,Nadal R.,Norrie C.,261,42.0,215,1125.0,6.0,4.0,6.0,4.0,,,,,,,2.0,0.0,Completed,1.5,2.63,1.57,2.57,1.57,2.63,1.5,2.53
40,Bastad,Nordea Open,2024-07-18,ATP250,Outdoor,Clay,2nd Round,3,Borges N.,Rocha H.,51,182.0,936,329.0,1.0,6.0,6.0,4.0,6.0,0.0,,,,,2.0,1.0,Completed,1.57,2.38,1.51,2.75,1.57,2.75,1.51,2.51
40,Bastad,Nordea Open,2024-07-19,ATP250,Outdoor,Clay,Quarterfinals,3,Ajdukovic D.,Monteiro T.,130,85.0,478,700.0,6.0,2.0,4.0,6.0,6.0,4.0,,,,,2.0,1.0,Completed,3.5,1.3,3.9,1.3,3.9,1.33,3.56,1.29
40,Bastad,Nordea Open,2024-07-19,ATP250,Outdoor,Clay,Quarterfinals,3,Nadal R.,Navone M.,261,36.0,215,1242.0,6.0,7.0,7.0,5.0,7.0,5.0,,,,,2.0,1.0,Completed,1.36,3.2,1.41,3.17,1.44,3.25,1.37,3.06
40,Bastad,Nordea Open,2024-07-19,ATP250,Outdoor,Clay,Quarterfinals,3,Tirante T.A.,Carballes Baena R.,121,54.0,508,906.0,6.0,3.0,2.0,6.0,7.0,5.0,,,,,2.0,1.0,Completed,2.75,1.44,2.9,1.47,2.9,1.49,2.76,1.44
40,Bastad,Nordea Open,2024-07-19,ATP250,Outdoor,Clay,Quarterfinals,3,Borges N.,Skatov T.,51,223.0,936,265.0,6.0,4.0,6.0,3.0,,,,,,,2.0,0.0,Completed,1.57,2.38,1.59,2.54,1.64,2.54,1.58,2.33
40,Bastad,Nordea Open,2024-07-20,ATP250,Outdoor,Clay,Semifinals,3,Nadal R.,Ajdukovic D.,261,130.0,215,478.0,4.0,6.0,6.0,3.0,6.0,4.0,,,,,2.0,1.0,Completed,1.3,3.5,1.34,3.63,1.34,3.98,1.31,3.43
40,Bastad,Nordea Open,2024-07-20,ATP250,Outdoor,Clay,Semifinals,3,Borges N.,Tirante T.A.,51,121.0,936,508.0,6.0,3.0,6.0,4.0,,,,,,,2.0,0.0,Completed,1.53,2.5,1.56,2.6,1.59,2.6,1.53,2.45
40,Bastad,Nordea Open,2024-07-21,ATP250,Outdoor,Clay,The Final,3,Borges N.,Nadal R.,51,261.0,936,215.0,6.0,3.0,6.0,2.0,,,,,,,2.0,0.0,Completed,2.75,1.44,2.74,1.52,2.95,1.52,2.81,1.42
41,Gstaad,Suisse Open Gstaad,2024-07-15,ATP250,Outdoor,Clay,1st Round,3,Riedi L.,Barrere G.,134,131.0,473,475.0,7.0,6.0,7.0,5.0,,,,,,,2.0,0.0,Completed,1.67,2.2,1.66,2.34,1.68,2.34,1.64,2.23
41,Gstaad,Suisse Open Gstaad,2024-07-15,ATP250,Outdoor,Clay,1st Round,3,Struff J.L.,Ramos-Vinolas A.,37,97.0,1235,635.0,7.0,6.0,7.0,6.0,,,,,,,2.0,0.0,Completed,1.17,5.0,1.16,5.96,1.18,5.96,1.16,5.19
41,Gstaad,Suisse Open Gstaad,2024-07-15,ATP250,Outdoor,Clay,1st Round,3,Fognini F.,Droguet T.,80,141.0,727,445.0,6.0,4.0,6.0,3.0,,,,,,,2.0,0.0,Completed,1.73,2.1,1.76,2.17,1.8,2.17,1.73,2.07
41,Gstaad,Suisse Open Gstaad,2024-07-15,ATP250,Outdoor,Clay,1st Round,3,Varillas J.P.,Thiem D.,162,133.0,367,473.0,6.0,3.0,5.0,7.0,7.0,6.0,,,,,2.0,1.0,Completed,1.57,2.38,1.62,2.43,1.66,2.5,1.58,2.34
41,Gstaad,Suisse Open Gstaad,2024-07-15,ATP250,Outdoor,Clay,1st Round,3,Galan D.E.,Kopriva V.,142,112.0,444,554.0,6.0,3.0,6.0,2.0,,,,,,,2.0,0.0,Completed,1.73,2.1,1.78,2.15,1.78,2.15,1.72,2.07
41,Gstaad,Suisse Open Gstaad,2024-07-16,ATP250,Outdoor,Clay,1st Round,3,Hanfmann Y.,Moreno De Alboran N.,111,143.0,556,429.0,7.0,6.0,6.0,7.0,6.0,4.0,,,,,2.0,1.0,Completed,,,,,1.35,3.38,1.35,3.38
41,Gstaad,Suisse Open Gstaad,2024-07-16,ATP250,Outdoor,Clay,1st Round,3,Halys Q.,Gasquet R.,192,132.0,312,474.0,7.0,6.0,7.0,6.0,,,,,,,2.0,0.0,Completed,1.53,2.5,1.64,2.39,1.64,2.51,1.56,2.38
41,Gstaad,Suisse Open Gstaad,2024-07-16,ATP250,Outdoor,Clay,1st Round,3,Medjedovic H.,Huesler M.A.,122,226.0,506,262.0,6.0,7.0,7.0,6.0,6.0,3.0,,,,,2.0,1.0,Completed,1.4,3.0,1.48,2.84,1.48,3.0,1.44,2.76
41,Gstaad,Suisse Open Gstaad,2024-07-16,ATP250,Outdoor,Clay,1st Round,3,Heide G.,Napolitano S.,178,125.0,334,497.0,7.0,6.0,5.0,7.0,7.0,6.0,,,,,2.0,1.0,Completed,1.73,2.1,1.91,1.98,1.93,2.15,1.76,2.04
41,Gstaad,Suisse Open Gstaad,2024-07-16,ATP250,Outdoor,Clay,1st Round,3,Berrettini M.,Cachin P.,82,110.0,715,568.0,6.0,4.0,7.0,6.0,,,,,,,2.0,0.0,Completed,1.17,5.0,1.18,5.62,1.21,5.62,1.16,4.99
41,Gstaad,Suisse Open Gstaad,2024-07-16,ATP250,Outdoor,Clay,1st Round,3,Van De Zandschulp B.,Stricker D.,87,175.0,687,340.0,6.0,3.0,6.0,3.0,,,,,,,2.0,0.0,Completed,1.62,2.3,1.63,2.41,1.67,2.5,1.59,2.31
41,Gstaad,Suisse Open Gstaad,2024-07-16,ATP250,Outdoor,Clay,1st Round,3,Klein L.,Wawrinka S.,118,105.0,511,593.0,7.0,6.0,2.0,6.0,7.0,5.0,,,,,2.0,1.0,Completed,2.1,1.73,2.24,1.71,2.24,1.8,2.1,1.71
41,Gstaad,Suisse Open Gstaad,2024-07-17,ATP250,Outdoor,Clay,2nd Round,3,Fognini F.,Varillas J.P.,80,162.0,727,367.0,3.0,6.0,7.0,6.0,7.0,5.0,,,,,2.0,1.0,Completed,1.67,2.2,1.76,2.2,1.81,2.22,1.73,2.07
41,Gstaad,Suisse Open Gstaad,2024-07-17,ATP250,Outdoor,Clay,2nd Round,3,Etcheverry T.,Van De Zandschulp B.,32,87.0,1295,687.0,6.0,2.0,2.0,6.0,6.0,3.0,,,,,2.0,1.0,Completed,1.5,2.63,1.56,2.61,1.56,2.75,1.5,2.53
41,Gstaad,Suisse Open Gstaad,2024-07-17,ATP250,Outdoor,Clay,2nd Round,3,Tsitsipas S.,Medjedovic H.,12,122.0,3615,506.0,7.0,6.0,6.0,3.0,,,,,,,2.0,0.0,Completed,1.36,3.2,1.39,3.29,1.38,3.29,1.35,3.11
41,Gstaad,Suisse Open Gstaad,2024-07-17,ATP250,Outdoor,Clay,2nd Round,3,Struff J.L.,Riedi L.,37,134.0,1235,473.0,7.0,6.0,7.0,6.0,,,,,,,2.0,0.0,Completed,1.33,3.4,1.37,3.4,1.37,3.5,1.34,3.19
41,Gstaad,Suisse Open Gstaad,2024-07-18,ATP250,Outdoor,Clay,2nd Round,3,Halys Q.,Klein L.,192,118.0,312,511.0,6.0,3.0,6.0,7.0,6.0,4.0,,,,,2.0,1.0,Completed,1.91,1.91,1.94,1.96,1.94,1.99,1.87,1.91
41,Gstaad,Suisse Open Gstaad,2024-07-18,ATP250,Outdoor,Clay,2nd Round,3,Heide G.,Humbert U.,178,15.0,334,2490.0,6.0,7.0,6.0,2.0,6.0,3.0,,,,,2.0,1.0,Completed,3.5,1.3,3.61,1.34,3.61,1.34,3.34,1.31
41,Gstaad,Suisse Open Gstaad,2024-07-18,ATP250,Outdoor,Clay,2nd Round,3,Berrettini M.,Galan D.E.,82,142.0,715,444.0,6.0,4.0,6.0,2.0,,,,,,,2.0,0.0,Completed,1.14,5.5,1.17,5.84,1.19,5.84,1.15,5.19
41,Gstaad,Suisse Open Gstaad,2024-07-18,ATP250,Outdoor,Clay,2nd Round,3,Auger-Aliassime F.,Hanfmann Y.,18,111.0,2075,556.0,7.0,6.0,6.0,2.0,,,,,,,2.0,0.0,Completed,1.44,2.75,1.48,2.87,1.48,2.95,1.43,2.77
41,Gstaad,Suisse Open Gstaad,2024-07-19,ATP250,Outdoor,Clay,Quarterfinals,3,Halys Q.,Heide G.,192,178.0,312,334.0,6.0,1.0,7.0,5.0,,,,,,,2.0,0.0,Completed,1.67,2.2,1.69,2.31,1.69,2.32,1.65,2.22
41,Gstaad,Suisse Open Gstaad,2024-07-19,ATP250,Outdoor,Clay,Quarterfinals,3,Struff J.L.,Etcheverry T.,37,32.0,1235,1295.0,7.0,5.0,3.0,6.0,6.0,3.0,,,,,2.0,1.0,Completed,1.62,2.3,1.65,2.4,1.67,2.4,1.63,2.27
41,Gstaad,Suisse Open Gstaad,2024-07-19,ATP250,Outdoor,Clay,Quarterfinals,3,Tsitsipas S.,Fognini F.,12,80.0,3615,727.0,6.0,4.0,6.0,3.0,,,,,,,2.0,0.0,Completed,1.11,6.5,1.15,6.48,1.15,6.5,1.12,5.92
41,Gstaad,Suisse Open Gstaad,2024-07-19,ATP250,Outdoor,Clay,Quarterfinals,3,Berrettini M.,Auger-Aliassime F.,82,18.0,715,2075.0,7.0,6.0,7.0,6.0,,,,,,,2.0,0.0,Completed,1.57,2.38,1.65,2.4,1.65,2.41,1.61,2.28
41,Gstaad,Suisse Open Gstaad,2024-07-20,ATP250,Outdoor,Clay,Semifinals,3,Halys Q.,Struff J.L.,192,37.0,312,1235.0,6.0,3.0,7.0,6.0,,,,,,,2.0,0.0,Completed,2.75,1.44,3.11,1.42,3.11,1.45,2.77,1.43
41,Gstaad,Suisse Open Gstaad,2024-07-20,ATP250,Outdoor,Clay,Semifinals,3,Berrettini M.,Tsitsipas S.,82,12.0,715,3615.0,7.0,6.0,7.0,5.0,,,,,,,2.0,0.0,Completed,2.2,1.67,2.31,1.69,2.31,1.7,2.2,1.66
41,Gstaad,Suisse Open Gstaad,2024-07-21,ATP250,Outdoor,Clay,The Final,3,Berrettini M.,Halys Q.,82,192.0,715,312.0,6.0,3.0,6.0,1.0,,,,,,,2.0,0.0,Completed,1.25,4.0,1.29,4.01,1.29,4.06,1.26,3.78
42,Hamburg,European Open,2024-07-15,ATP250,Outdoor,Clay,1st Round,3,Cobolli F.,Altmaier D.,48,71.0,1000,766.0,6.0,4.0,6.0,7.0,6.0,3.0,,,,,2.0,1.0,Completed,1.67,2.2,1.71,2.24,1.75,2.25,1.67,2.17
42,Hamburg,European Open,2024-07-15,ATP250,Outdoor,Clay,1st Round,3,Blanchet U.,Popyrin A.,161,43.0,370,1071.0,4.0,6.0,7.0,6.0,6.0,2.0,,,,,2.0,1.0,Completed,3.4,1.33,3.46,1.35,3.5,1.39,3.32,1.32
42,Hamburg,European Open,2024-07-15,ATP250,Outdoor,Clay,1st Round,3,Marterer M.,Kwon S.W.,108,349.0,587,145.0,6.0,4.0,6.0,7.0,7.0,5.0,,,,,2.0,1.0,Completed,1.62,2.3,1.66,2.35,1.69,2.4,1.6,2.28
42,Hamburg,European Open,2024-07-15,ATP250,Outdoor,Clay,1st Round,3,Djere L.,Bergs Z.,57,73.0,856,754.0,6.0,3.0,7.0,6.0,,,,,,,2.0,0.0,Completed,2.0,1.8,1.89,2.0,2.0,2.0,1.92,1.86
42,Hamburg,European Open,2024-07-15,ATP250,Outdoor,Clay,1st Round,3,Shevchenko A.,Molleker R.,56,197.0,860,309.0,6.0,4.0,4.0,6.0,6.0,4.0,,,,,2.0,1.0,Completed,1.53,2.5,1.58,2.53,1.61,2.67,1.55,2.41
42,Hamburg,European Open,2024-07-15,ATP250,Outdoor,Clay,1st Round,3,Cerundolo F.,Comesana F.,33,100.0,1280,612.0,7.0,5.0,6.0,4.0,,,,,,,2.0,0.0,Completed,1.25,4.0,,,1.27,4.0,1.25,3.73
42,Hamburg,European Open,2024-07-15,ATP250,Outdoor,Clay,1st Round,3,Martinez P.,Arnaldi M.,49,39.0,974,1220.0,7.0,6.0,6.0,1.0,,,,,,,2.0,0.0,Completed,3.2,1.36,3.42,1.36,3.42,1.4,3.13,1.35
42,Hamburg,European Open,2024-07-16,ATP250,Outdoor,Clay,1st Round,3,Darderi L.,Hardt N.,35,191.0,1256,313.0,6.0,1.0,2.0,6.0,6.0,0.0,,,,,2.0,1.0,Completed,,,,,,,,
42,Hamburg,European Open,2024-07-16,ATP250,Outdoor,Clay,1st Round,3,Fils A.,Munar J.,28,59.0,1450,840.0,5.0,7.0,6.0,3.0,6.0,1.0,,,,,2.0,1.0,Completed,1.53,2.5,1.66,2.35,1.66,2.62,1.56,2.38
42,Hamburg,European Open,2024-07-16,ATP250,Outdoor,Clay,1st Round,3,Lajovic D.,Meligeni Alves F.,55,144.0,871,427.0,6.0,2.0,6.0,7.0,6.0,3.0,,,,,2.0,1.0,Completed,1.73,2.1,1.74,2.2,1.76,2.2,1.73,2.09
42,Hamburg,European Open,2024-07-16,ATP250,Outdoor,Clay,1st Round,3,Zhang Zh.,Seyboth Wild T.,34,72.0,1261,755.0,7.0,6.0,6.0,0.0,,,,,,,2.0,0.0,Completed,1.67,2.2,1.75,2.18,1.75,2.27,1.67,2.18
42,Hamburg,European Open,2024-07-16,ATP250,Outdoor,Clay,1st Round,3,Trungelliti M.,Ofner S.,151,50.0,393,939.0,6.0,1.0,4.0,3.0,,,,,,,1.0,0.0,Retired,2.38,1.57,2.32,1.68,2.5,1.73,2.29,1.61
42,Hamburg,European Open,2024-07-16,ATP250,Outdoor,Clay,1st Round,3,Baez S.,Koepfer D.,19,62.0,2020,811.0,6.0,2.0,6.0,3.0,,,,,,,2.0,0.0,Completed,1.44,2.75,1.47,2.87,1.47,2.92,1.43,2.76
42,Hamburg,European Open,2024-07-16,ATP250,Outdoor,Clay,1st Round,3,Rune H.,Marozsan F.,17,45.0,2210,1031.0,6.0,4.0,6.0,4.0,,,,,,,2.0,0.0,Completed,1.4,3.0,1.37,3.33,1.4,3.4,1.37,3.04
42,Hamburg,European Open,2024-07-16,ATP250,Outdoor,Clay,1st Round,3,Gaston H.,Diaz Acosta F.,81,77.0,715,743.0,7.0,6.0,1.0,6.0,6.0,4.0,,,,,2.0,1.0,Completed,2.2,1.67,2.4,1.64,2.23,1.66,2.23,1.66
42,Hamburg,European Open,2024-07-17,ATP250,Outdoor,Clay,1st Round,3,Zverev A.,De Jong J.,4,114.0,7015,533.0,6.0,2.0,6.0,2.0,,,,,,,2.0,0.0,Completed,1.08,8.0,1.11,8.08,1.11,8.08,1.09,7.15
42,Hamburg,European Open,2024-07-17,ATP250,Outdoor,Clay,2nd Round,3,Darderi L.,Shevchenko A.,35,56.0,1256,860.0,6.0,3.0,2.0,6.0,6.0,3.0,,,,,2.0,1.0,Completed,1.36,3.2,1.43,3.06,1.46,3.2,1.39,2.93
42,Hamburg,European Open,2024-07-17,ATP250,Outdoor,Clay,2nd Round,3,Martinez P.,Blanchet U.,49,161.0,974,370.0,6.0,4.0,0.0,6.0,7.0,5.0,,,,,2.0,1.0,Completed,1.33,3.4,1.37,3.37,1.38,3.45,1.34,3.2
42,Hamburg,European Open,2024-07-17,ATP250,Outdoor,Clay,2nd Round,3,Cerundolo F.,Marterer M.,33,108.0,1280,587.0,6.0,0.0,6.0,2.0,,,,,,,2.0,0.0,Completed,1.25,4.0,1.24,4.59,1.25,4.59,1.23,4.04
42,Hamburg,European Open,2024-07-17,ATP250,Outdoor,Clay,2nd Round,3,Baez S.,Lajovic D.,19,55.0,2020,871.0,4.0,6.0,7.0,5.0,6.0,2.0,,,,,2.0,1.0,Completed,1.4,3.0,1.38,3.31,1.4,3.31,1.37,3.01
42,Hamburg,European Open,2024-07-18,ATP250,Outdoor,Clay,2nd Round,3,Fils A.,Djere L.,28,57.0,1450,856.0,7.0,6.0,6.0,2.0,,,,,,,2.0,0.0,Completed,1.5,2.63,1.57,2.57,1.57,2.74,1.51,2.5
42,Hamburg,European Open,2024-07-18,ATP250,Outdoor,Clay,2nd Round,3,Zhang Zh.,Cobolli F.,34,48.0,1261,1000.0,6.0,1.0,7.0,6.0,,,,,,,2.0,0.0,Completed,2.0,1.8,2.14,1.79,2.14,1.92,2.03,1.76
42,Hamburg,European Open,2024-07-18,ATP250,Outdoor,Clay,2nd Round,3,Rune H.,Trungelliti M.,17,151.0,2210,393.0,6.0,4.0,6.0,3.0,,,,,,,2.0,0.0,Completed,1.17,5.0,1.15,6.38,1.17,6.38,1.14,5.44
42,Hamburg,European Open,2024-07-18,ATP250,Outdoor,Clay,2nd Round,3,Zverev A.,Gaston H.,4,81.0,7015,715.0,4.0,6.0,6.0,2.0,7.0,5.0,,,,,2.0,1.0,Completed,1.08,8.0,1.08,10.25,1.1,10.29,1.07,7.92
42,Hamburg,European Open,2024-07-19,ATP250,Outdoor,Clay,Quarterfinals,3,Baez S.,Darderi L.,19,35.0,2020,1256.0,2.0,6.0,6.0,4.0,6.0,4.0,,,,,2.0,1.0,Completed,1.57,2.38,1.58,2.55,1.67,2.55,1.58,2.37
42,Hamburg,European Open,2024-07-19,ATP250,Outdoor,Clay,Quarterfinals,3,Fils A.,Rune H.,28,17.0,1450,2210.0,6.0,4.0,4.0,1.0,,,,,,,1.0,0.0,Retired,2.3,1.62,2.37,1.66,2.43,1.68,2.29,1.61
42,Hamburg,European Open,2024-07-19,ATP250,Outdoor,Clay,Quarterfinals,3,Martinez P.,Cerundolo F.,49,33.0,974,1280.0,1.0,6.0,6.0,1.0,6.0,4.0,,,,,2.0,1.0,Completed,3.5,1.3,3.93,1.3,4.01,1.31,3.59,1.28
42,Hamburg,European Open,2024-07-19,ATP250,Outdoor,Clay,Quarterfinals,3,Zverev A.,Zhang Zh.,4,34.0,7015,1261.0,6.0,4.0,6.0,3.0,,,,,,,2.0,0.0,Completed,1.29,3.75,1.31,3.83,1.31,4.0,1.27,3.73
42,Hamburg,European Open,2024-07-20,ATP250,Outdoor,Clay,Semifinals,3,Fils A.,Baez S.,28,19.0,1450,2020.0,6.0,2.0,6.0,2.0,,,,,,,2.0,0.0,Completed,1.73,2.1,1.83,2.09,1.83,2.23,1.7,2.12
42,Hamburg,European Open,2024-07-20,ATP250,Outdoor,Clay,Semifinals,3,Zverev A.,Martinez P.,4,49.0,7015,974.0,6.0,2.0,6.0,4.0,,,,,,,2.0,0.0,Completed,1.1,7.0,1.11,8.3,1.12,8.3,1.1,6.95
42,Hamburg,European Open,2024-07-21,ATP250,Outdoor,Clay,The Final,3,Fils A.,Zverev A.,28,4.0,1450,7015.0,6.0,3.0,3.0,6.0,7.0,6.0,,,,,2.0,1.0,Completed,3.4,1.33,3.56,1.34,3.56,1.39,3.31,1.32
43,Newport,Hall of Fame Championships,2024-07-15,ATP250,Outdoor,Grass,1st Round,3,Kovacevic A.,Mayot H.,91,124.0,668,499.0,7.0,6.0,6.0,4.0,,,,,,,2.0,0.0,Completed,2.38,1.57,2.51,1.58,2.51,1.62,2.39,1.56
43,Newport,Hall of Fame Championships,2024-07-15,ATP250,Outdoor,Grass,1st Round,3,Cressy M.,Albot R.,180,149.0,333,411.0,6.0,4.0,4.0,6.0,7.0,6.0,,,,,2.0,1.0,Completed,1.53,2.5,1.59,2.49,1.59,2.57,1.54,2.42
43,Newport,Hall of Fame Championships,2024-07-15,ATP250,Outdoor,Grass,1st Round,3,Vukic A.,Wong C.,65,179.0,794,333.0,6.0,1.0,6.0,2.0,,,,,,,2.0,0.0,Completed,1.14,5.5,1.19,5.3,1.19,5.7,1.15,5.24
43,Newport,Hall of Fame Championships,2024-07-15,ATP250,Outdoor,Grass,1st Round,3,Opelka R.,Lestienne C.,1187,94.0,7,650.0,6.0,1.0,2.0,6.0,7.0,6.0,,,,,2.0,1.0,Completed,2.1,1.73,2.01,1.88,2.2,1.88,2.11,1.71
43,Newport,Hall of Fame Championships,2024-07-16,ATP250,Outdoor,Grass,1st Round,3,Rinderknech A.,Mochizuki S.,66,156.0,794,385.0,6.0,3.0,7.0,6.0,,,,,,,2.0,0.0,Completed,1.4,3.0,1.46,2.91,1.53,3.0,1.43,2.78
43,Newport,Hall of Fame Championships,2024-07-16,ATP250,Outdoor,Grass,1st Round,3,Mcdonald M.,Hijikata R.,99,74.0,626,751.0,4.0,6.0,7.0,6.0,6.0,2.0,,,,,2.0,1.0,Completed,1.67,2.2,1.73,2.22,1.79,2.22,1.7,2.12
43,Newport,Hall of Fame Championships,2024-07-16,ATP250,Outdoor,Grass,1st Round,3,Harris B.,Diallo G.,116,165.0,529,355.0,7.0,6.0,7.0,5.0,,,,,,,2.0,0.0,Completed,1.57,2.38,1.68,2.29,1.68,2.38,1.64,2.22
43,Newport,Hall of Fame Championships,2024-07-16,ATP250,Outdoor,Grass,1st Round,3,Paire B.,Svajda Z.,227,113.0,261,541.0,6.0,3.0,3.0,6.0,7.0,6.0,,,,,2.0,1.0,Completed,5.5,1.14,5.51,1.18,5.51,1.18,5.12,1.16
43,Newport,Hall of Fame Championships,2024-07-16,ATP250,Outdoor,Grass,1st Round,3,Quinn E.,Polmans M.,254,217.0,225,278.0,6.0,3.0,6.0,7.0,6.0,1.0,,,,,2.0,1.0,Completed,2.1,1.73,2.18,1.75,2.18,1.83,2.05,1.74
43,Newport,Hall of Fame Championships,2024-07-16,ATP250,Outdoor,Grass,1st Round,3,Bolt A.,Mensik J.,210,79.0,292,728.0,6.0,2.0,6.0,4.0,,,,,,,2.0,0.0,Completed,2.3,1.62,2.25,1.71,2.4,1.71,2.25,1.63
43,Newport,Hall of Fame Championships,2024-07-16,ATP250,Outdoor,Grass,1st Round,3,Spizzirri E.,Tu L.,393,208.0,123,294.0,6.0,1.0,7.0,6.0,,,,,,,2.0,0.0,Completed,2.5,1.53,2.73,1.51,2.73,1.62,2.47,1.52
43,Newport,Hall of Fame Championships,2024-07-16,ATP250,Outdoor,Grass,1st Round,3,Nakashima B.,Nava E.,53,148.0,915,415.0,7.0,5.0,6.0,2.0,,,,,,,2.0,0.0,Completed,1.14,5.5,1.18,5.49,1.2,5.5,1.17,4.93
43,Newport,Hall of Fame Championships,2024-07-17,ATP250,Outdoor,Grass,2nd Round,3,Kovacevic A.,Rinderknech A.,91,66.0,668,794.0,6.0,3.0,3.0,6.0,7.0,5.0,,,,,2.0,1.0,Completed,2.38,1.57,2.35,1.67,2.4,1.69,2.26,1.62
43,Newport,Hall of Fame Championships,2024-07-17,ATP250,Outdoor,Grass,2nd Round,3,Michelsen A.,Cressy M.,61,180.0,816,333.0,6.0,4.0,6.0,4.0,,,,,,,2.0,0.0,Completed,1.62,2.3,1.61,2.47,1.63,2.47,1.59,2.33
43,Newport,Hall of Fame Championships,2024-07-17,ATP250,Outdoor,Grass,2nd Round,3,Opelka R.,Mannarino A.,1187,25.0,7,1590.0,6.0,4.0,3.0,6.0,6.0,4.0,,,,,2.0,1.0,Completed,2.2,1.67,2.33,1.68,2.33,1.75,2.18,1.67
43,Newport,Hall of Fame Championships,2024-07-17,ATP250,Outdoor,Grass,2nd Round,3,Mcdonald M.,Harris B.,99,116.0,626,529.0,6.0,3.0,6.0,4.0,,,,,,,2.0,0.0,Completed,1.57,2.38,1.64,2.42,1.64,2.42,1.58,2.33
43,Newport,Hall of Fame Championships,2024-07-17,ATP250,Outdoor,Grass,2nd Round,3,Eubanks C.,Quinn E.,128,254.0,485,225.0,7.0,6.0,3.0,6.0,6.0,3.0,,,,,2.0,1.0,Completed,1.44,2.75,1.5,2.8,1.5,2.9,1.45,2.7
43,Newport,Hall of Fame Championships,2024-07-17,ATP250,Outdoor,Grass,2nd Round,3,Vukic A.,Spizzirri E.,65,393.0,794,123.0,6.0,2.0,7.0,6.0,,,,,,,2.0,0.0,Completed,1.33,3.4,1.38,3.36,1.38,3.4,1.35,3.15
43,Newport,Hall of Fame Championships,2024-07-17,ATP250,Outdoor,Grass,2nd Round,3,Bolt A.,Nakashima B.,210,53.0,292,915.0,7.0,6.0,6.0,4.0,,,,,,,2.0,0.0,Completed,3.75,1.29,3.76,1.32,3.76,1.35,3.47,1.3
43,Newport,Hall of Fame Championships,2024-07-18,ATP250,Outdoor,Grass,2nd Round,3,Giron M.,Paire B.,46,227.0,1025,261.0,4.0,6.0,7.0,5.0,6.0,4.0,,,,,2.0,1.0,Completed,1.14,5.5,1.19,5.52,1.19,5.52,1.15,5.22
43,Newport,Hall of Fame Championships,2024-07-18,ATP250,Outdoor,Grass,Quarterfinals,3,Michelsen A.,Kovacevic A.,61,91.0,816,668.0,6.0,4.0,6.0,4.0,,,,,,,2.0,0.0,Completed,1.44,2.75,1.46,2.93,1.47,2.93,1.43,2.77
43,Newport,Hall of Fame Championships,2024-07-18,ATP250,Outdoor,Grass,Quarterfinals,3,Opelka R.,Mcdonald M.,1187,99.0,7,626.0,4.0,6.0,6.0,3.0,6.0,4.0,,,,,2.0,1.0,Completed,2.38,1.57,2.34,1.68,2.4,1.74,2.28,1.61
43,Newport,Hall of Fame Championships,2024-07-19,ATP250,Outdoor,Grass,Quarterfinals,3,Eubanks C.,Vukic A.,128,65.0,485,794.0,6.0,2.0,4.0,6.0,7.0,6.0,,,,,2.0,1.0,Completed,2.5,1.53,2.63,1.55,2.63,1.58,2.51,1.52
43,Newport,Hall of Fame Championships,2024-07-19,ATP250,Outdoor,Grass,Quarterfinals,3,Giron M.,Bolt A.,46,210.0,1025,292.0,6.0,4.0,6.0,1.0,,,,,,,2.0,0.0,Completed,1.5,2.63,1.54,2.66,1.59,2.66,1.51,2.5
43,Newport,Hall of Fame Championships,2024-07-20,ATP250,Outdoor,Grass,Semifinals,3,Michelsen A.,Opelka R.,61,1187.0,816,7.0,6.0,2.0,6.0,0.0,,,,,,,2.0,0.0,Completed,1.62,2.3,1.63,2.43,1.68,2.43,1.62,2.27
43,Newport,Hall of Fame Championships,2024-07-20,ATP250,Outdoor,Grass,Semifinals,3,Giron M.,Eubanks C.,46,128.0,1025,485.0,6.0,4.0,3.0,6.0,6.0,2.0,,,,,2.0,1.0,Completed,1.53,2.5,1.56,2.6,1.59,2.6,1.53,2.46
43,Newport,Hall of Fame Championships,2024-07-21,ATP250,Outdoor,Grass,The Final,3,Giron M.,Michelsen A.,46,61.0,1025,816.0,6.0,7.0,6.0,3.0,7.0,5.0,,,,,2.0,1.0,Completed,2.3,1.62,2.53,1.59,2.55,1.68,2.36,1.57
44,Atlanta,Atlanta Open,2024-07-22,ATP250,Outdoor,Hard,1st Round,3,Davidovich Fokina A.,Cazaux A.,43,92.0,1150,657.0,6.0,2.0,7.0,6.0,,,,,,,2.0,0.0,Completed,1.91,1.91,1.94,1.94,1.94,2.02,1.83,1.95
44,Atlanta,Atlanta Open,2024-07-22,ATP250,Outdoor,Hard,1st Round,3,Nishioka Y.,Svajda Z.,86,115.0,699,541.0,7.0,6.0,6.0,3.0,,,,,,,2.0,0.0,Completed,1.91,1.91,1.87,2.03,1.91,2.05,1.82,1.96
44,Atlanta,Atlanta Open,2024-07-22,ATP250,Outdoor,Hard,1st Round,3,Goffin D.,Shapovalov D.,98,140.0,630,450.0,6.0,4.0,3.0,6.0,6.0,1.0,,,,,2.0,1.0,Completed,2.75,1.44,2.85,1.47,2.89,1.47,2.78,1.43
44,Atlanta,Atlanta Open,2024-07-23,ATP250,Outdoor,Hard,1st Round,3,Karatsev A.,Harris B.,107,114.0,580,551.0,6.0,2.0,6.0,2.0,,,,,,,2.0,0.0,Completed,2.1,1.73,2.17,1.76,2.17,1.77,2.08,1.73
44,Atlanta,Atlanta Open,2024-07-23,ATP250,Outdoor,Hard,1st Round,3,Rinderknech A.,Wolf J.J.,64,120.0,806,519.0,6.0,3.0,6.0,2.0,,,,,,,2.0,0.0,Completed,1.67,2.2,1.7,2.27,1.73,2.27,1.67,2.17
44,Atlanta,Atlanta Open,2024-07-23,ATP250,Outdoor,Hard,1st Round,3,Walton A.,Kecmanovic M.,95,52.0,648,935.0,6.0,4.0,6.0,4.0,,,,,,,2.0,0.0,Completed,3.0,1.4,2.88,1.47,3.0,1.47,2.8,1.42
44,Atlanta,Atlanta Open,2024-07-23,ATP250,Outdoor,Hard,1st Round,3,Mcdonald M.,Nakashima B.,97,55.0,631,915.0,6.0,2.0,6.0,4.0,,,,,,,2.0,0.0,Completed,2.5,1.53,2.63,1.54,2.63,1.58,2.49,1.52
44,Atlanta,Atlanta Open,2024-07-23,ATP250,Outdoor,Hard,1st Round,3,Bellucci M.,Vukic A.,146,60.0,418,834.0,1.0,6.0,6.0,4.0,3.0,1.0,,,,,1.0,1.0,Retired,2.0,1.8,2.09,1.81,2.1,1.83,2.01,1.77
44,Atlanta,Atlanta Open,2024-07-23,ATP250,Outdoor,Hard,1st Round,3,Mayot H.,Coric B.,122,84.0,499,704.0,7.0,6.0,6.0,3.0,,,,,,,2.0,0.0,Completed,2.3,1.62,2.73,1.5,2.73,1.68,2.32,1.59
44,Atlanta,Atlanta Open,2024-07-24,ATP250,Outdoor,Hard,1st Round,3,Purcell M.,O Connell C.,66,93.0,795,653.0,4.0,6.0,7.0,5.0,6.0,2.0,,,,,2.0,1.0,Completed,1.62,2.3,1.66,2.35,1.67,2.35,1.62,2.25
44,Atlanta,Atlanta Open,2024-07-24,ATP250,Outdoor,Hard,1st Round,3,Opelka R.,Kovacevic A.,430,82.0,107,718.0,6.0,3.0,7.0,6.0,,,,,,,2.0,0.0,Completed,1.57,2.38,1.65,2.37,1.66,2.4,1.6,2.3
44,Atlanta,Atlanta Open,2024-07-24,ATP250,Outdoor,Hard,1st Round,3,Shang J.,Martin A.,89,483.0,678,86.0,6.0,1.0,6.0,1.0,,,,,,,2.0,0.0,Completed,1.13,6.0,1.15,6.42,1.18,6.42,1.13,5.63
44,Atlanta,Atlanta Open,2024-07-24,ATP250,Outdoor,Hard,2nd Round,3,Rinderknech A.,Walton A.,64,95.0,806,648.0,7.0,6.0,6.0,3.0,,,,,,,2.0,0.0,Completed,1.67,2.2,1.71,2.27,1.71,2.3,1.64,2.21
44,Atlanta,Atlanta Open,2024-07-24,ATP250,Outdoor,Hard,2nd Round,3,Bellucci M.,Mannarino A.,146,32.0,418,1340.0,7.0,6.0,4.0,6.0,6.0,3.0,,,,,2.0,1.0,Completed,1.73,2.1,1.76,2.2,1.76,2.25,1.68,2.15
44,Atlanta,Atlanta Open,2024-07-25,ATP250,Outdoor,Hard,2nd Round,3,Nishioka Y.,Mcdonald M.,86,97.0,699,631.0,6.0,3.0,6.0,4.0,,,,,,,2.0,0.0,Completed,2.2,1.67,2.3,1.69,2.3,1.69,2.22,1.64
44,Atlanta,Atlanta Open,2024-07-25,ATP250,Outdoor,Hard,2nd Round,3,Thompson J.,Mayot H.,41,122.0,1191,499.0,6.0,2.0,7.0,5.0,,,,,,,2.0,0.0,Completed,1.57,2.38,1.67,2.35,1.67,2.38,1.61,2.28
44,Atlanta,Atlanta Open,2024-07-25,ATP250,Outdoor,Hard,2nd Round,3,Tiafoe F.,Karatsev A.,29,107.0,1365,580.0,6.0,4.0,3.0,6.0,6.0,3.0,,,,,2.0,1.0,Completed,1.44,2.75,1.48,2.86,1.52,2.89,1.45,2.68
44,Atlanta,Atlanta Open,2024-07-25,ATP250,Outdoor,Hard,2nd Round,3,Davidovich Fokina A.,Opelka R.,43,430.0,1150,107.0,7.0,5.0,7.0,5.0,,,,,,,2.0,0.0,Completed,1.8,2.0,1.94,1.96,1.95,2.0,1.87,1.91
44,Atlanta,Atlanta Open,2024-07-25,ATP250,Outdoor,Hard,2nd Round,3,Purcell M.,Goffin D.,66,98.0,795,630.0,6.0,3.0,6.0,3.0,,,,,,,2.0,0.0,Completed,2.2,1.67,2.31,1.69,2.31,1.73,2.18,1.67
44,Atlanta,Atlanta Open,2024-07-26,ATP250,Outdoor,Hard,2nd Round,3,Shang J.,Shelton B.,89,14.0,678,2750.0,7.0,6.0,6.0,4.0,,,,,,,2.0,0.0,Completed,2.38,1.57,2.65,1.55,2.65,1.59,2.49,1.52
44,Atlanta,Atlanta Open,2024-07-26,ATP250,Outdoor,Hard,Quarterfinals,3,Thompson J.,Davidovich Fokina A.,41,43.0,1191,1150.0,7.0,6.0,4.0,6.0,6.0,3.0,,,,,2.0,1.0,Completed,2.1,1.73,2.25,1.72,2.3,1.77,2.14,1.69
44,Atlanta,Atlanta Open,2024-07-26,ATP250,Outdoor,Hard,Quarterfinals,3,Shang J.,Purcell M.,89,66.0,678,795.0,7.0,6.0,6.0,4.0,,,,,,,2.0,0.0,Completed,1.44,2.75,1.46,2.96,1.49,2.96,1.43,2.76
44,Atlanta,Atlanta Open,2024-07-27,ATP250,Outdoor,Hard,Quarterfinals,3,Nishioka Y.,Tiafoe F.,86,29.0,699,1365.0,7.0,6.0,6.0,2.0,,,,,,,2.0,0.0,Completed,2.75,1.44,2.72,1.52,2.78,1.56,2.57,1.49
44,Atlanta,Atlanta Open,2024-07-27,ATP250,Outdoor,Hard,Quarterfinals,3,Rinderknech A.,Bellucci M.,64,146.0,806,418.0,7.0,6.0,3.0,6.0,6.0,1.0,,,,,2.0,1.0,Completed,1.57,2.38,1.67,2.35,1.67,2.38,1.63,2.24
44,Atlanta,Atlanta Open,2024-07-27,ATP250,Outdoor,Hard,Semifinals,3,Thompson J.,Shang J.,41,89.0,1191,678.0,6.0,3.0,4.0,6.0,6.0,3.0,,,,,2.0,1.0,Completed,2.3,1.62,2.61,1.56,2.61,1.63,2.42,1.55
44,Atlanta,Atlanta Open,2024-07-28,ATP250,Outdoor,Hard,Semifinals,3,Nishioka Y.,Rinderknech A.,86,64.0,699,806.0,6.0,3.0,4.0,6.0,6.0,4.0,,,,,2.0,1.0,Completed,1.73,2.1,1.75,2.2,1.79,2.21,1.72,2.09
44,Atlanta,Atlanta Open,2024-07-28,ATP250,Outdoor,Hard,The Final,3,Nishioka Y.,Thompson J.,86,41.0,699,1191.0,4.0,6.0,7.0,6.0,6.0,2.0,,,,,2.0,0.0,Completed,2.0,1.8,1.95,1.95,2.02,1.95,1.95,1.83
45,Kitzbuhel,Generali Open,2024-07-22,ATP250,Outdoor,Clay,1st Round,3,Hanfmann Y.,Munar J.,116,65.0,536,805.0,6.0,3.0,6.0,4.0,,,,,,,2.0,0.0,Completed,2.5,1.53,2.38,1.64,2.5,1.64,2.32,1.58
45,Kitzbuhel,Generali Open,2024-07-22,ATP250,Outdoor,Clay,1st Round,3,Moreno De Alboran N.,Collarini A.,143,264.0,430,213.0,6.0,4.0,6.0,4.0,,,,,,,2.0,0.0,Completed,1.5,2.63,1.55,2.61,1.55,2.73,1.52,2.53
45,Kitzbuhel,Generali Open,2024-07-22,ATP250,Outdoor,Clay,1st Round,3,Seyboth Wild T.,Schwaerzler J.,72,392.0,755,123.0,6.0,2.0,7.0,6.0,,,,,,,2.0,0.0,Completed,1.36,3.2,1.42,3.08,1.42,3.71,1.35,3.1
45,Kitzbuhel,Generali Open,2024-07-22,ATP250,Outdoor,Clay,1st Round,3,Nagal S.,Klein L.,80,119.0,729,520.0,6.0,4.0,1.0,6.0,7.0,6.0,,,,,2.0,1.0,Completed,2.63,1.5,2.3,1.68,2.63,1.68,2.27,1.62
45,Kitzbuhel,Generali Open,2024-07-22,ATP250,Outdoor,Clay,1st Round,3,Djere L.,Kopriva V.,57,113.0,896,553.0,7.0,6.0,6.0,3.0,,,,,,,2.0,0.0,Completed,1.44,2.75,1.55,2.61,1.55,2.75,1.49,2.57
45,Kitzbuhel,Generali Open,2024-07-23,ATP250,Outdoor,Clay,1st Round,3,Galan D.E.,Medjedovic H.,137,144.0,459,429.0,6.0,4.0,5.0,7.0,6.0,3.0,,,,,2.0,1.0,Completed,3.0,1.4,2.95,1.45,3.0,1.46,2.85,1.41
45,Kitzbuhel,Generali Open,2024-07-23,ATP250,Outdoor,Clay,1st Round,3,Gaston H.,Altmaier D.,91,71.0,665,756.0,6.0,4.0,6.0,7.0,6.0,4.0,,,,,2.0,1.0,Completed,2.1,1.73,2.23,1.72,2.23,1.8,2.12,1.7
45,Kitzbuhel,Generali Open,2024-07-23,ATP250,Outdoor,Clay,1st Round,3,Diaz Acosta F.,Coria F.,77,73.0,737,747.0,2.0,6.0,6.0,3.0,6.0,0.0,,,,,2.0,1.0,Completed,1.73,2.1,1.68,2.3,1.74,2.3,1.69,2.14
45,Kitzbuhel,Generali Open,2024-07-23,ATP250,Outdoor,Clay,1st Round,3,Neumayer L.,Ofner S.,289,56.0,190,904.0,6.0,4.0,4.0,6.0,7.0,6.0,,,,,2.0,1.0,Completed,2.75,1.44,2.91,1.46,2.91,1.48,2.76,1.43
45,Kitzbuhel,Generali Open,2024-07-23,ATP250,Outdoor,Clay,1st Round,3,Carballes Baena R.,Fucsovics M.,51,83.0,940,705.0,4.0,6.0,6.0,2.0,6.0,3.0,,,,,2.0,1.0,Completed,1.91,1.91,1.99,1.9,1.99,2.0,1.87,1.9
45,Kitzbuhel,Generali Open,2024-07-23,ATP250,Outdoor,Clay,1st Round,3,Berrettini M.,Kotov P.,50,62.0,965,814.0,7.0,6.0,7.0,6.0,,,,,,,2.0,0.0,Completed,1.29,3.75,1.27,4.09,1.3,4.09,1.27,3.69
45,Kitzbuhel,Generali Open,2024-07-23,ATP250,Outdoor,Clay,1st Round,3,Tirante T.A.,Thiem D.,101,138.0,608,453.0,6.0,2.0,6.0,4.0,,,,,,,2.0,0.0,Completed,1.91,1.91,1.92,1.97,1.92,2.0,1.86,1.91
45,Kitzbuhel,Generali Open,2024-07-24,ATP250,Outdoor,Clay,2nd Round,3,Seyboth Wild T.,Djere L.,72,57.0,755,896.0,4.0,6.0,6.0,3.0,6.0,2.0,,,,,2.0,1.0,Completed,2.3,1.62,2.26,1.72,2.51,1.72,2.29,1.6
45,Kitzbuhel,Generali Open,2024-07-24,ATP250,Outdoor,Clay,2nd Round,3,Hanfmann Y.,Heide G.,116,155.0,536,397.0,6.0,3.0,1.0,6.0,6.0,2.0,,,,,2.0,1.0,Completed,,,,,,,,
45,Kitzbuhel,Generali Open,2024-07-24,ATP250,Outdoor,Clay,2nd Round,3,Moreno De Alboran N.,Neumayer L.,143,289.0,430,190.0,6.0,4.0,6.0,4.0,,,,,,,2.0,0.0,Completed,1.62,2.3,1.67,2.36,1.69,2.36,1.62,2.25
45,Kitzbuhel,Generali Open,2024-07-24,ATP250,Outdoor,Clay,2nd Round,3,Martinez P.,Nagal S.,45,80.0,1138,729.0,7.0,5.0,7.0,5.0,,,,,,,2.0,0.0,Completed,1.62,2.3,1.64,2.42,1.67,2.42,1.61,2.3
45,Kitzbuhel,Generali Open,2024-07-24,ATP250,Outdoor,Clay,2nd Round,3,Berrettini M.,Tabilo A.,50,21.0,965,1918.0,7.0,6.0,7.0,6.0,,,,,,,2.0,0.0,Completed,1.4,3.0,1.47,2.92,1.47,3.0,1.41,2.85
45,Kitzbuhel,Generali Open,2024-07-24,ATP250,Outdoor,Clay,2nd Round,3,Diaz Acosta F.,Galan D.E.,77,137.0,737,459.0,6.0,2.0,4.0,6.0,6.0,3.0,,,,,2.0,1.0,Completed,1.62,2.3,1.65,2.4,1.67,2.4,1.61,2.28
45,Kitzbuhel,Generali Open,2024-07-24,ATP250,Outdoor,Clay,2nd Round,3,Baez S.,Tirante T.A.,18,101.0,2210,608.0,6.0,3.0,6.0,3.0,,,,,,,2.0,0.0,Completed,1.33,3.4,1.3,3.89,1.34,3.89,1.3,3.43
45,Kitzbuhel,Generali Open,2024-07-24,ATP250,Outdoor,Clay,2nd Round,3,Gaston H.,Carballes Baena R.,91,51.0,665,940.0,6.0,2.0,7.0,6.0,,,,,,,2.0,0.0,Completed,2.3,1.62,2.3,1.69,2.36,1.69,2.25,1.62
45,Kitzbuhel,Generali Open,2024-07-25,ATP250,Outdoor,Clay,Quarterfinals,3,Hanfmann Y.,Seyboth Wild T.,116,72.0,536,755.0,7.0,6.0,6.0,4.0,,,,,,,2.0,0.0,Completed,1.91,1.91,1.93,1.98,2.0,1.99,1.9,1.88
45,Kitzbuhel,Generali Open,2024-07-25,ATP250,Outdoor,Clay,Quarterfinals,3,Berrettini M.,Moreno De Alboran N.,50,143.0,965,430.0,7.0,6.0,6.0,3.0,,,,,,,2.0,0.0,Completed,1.14,5.5,1.13,7.14,1.17,7.14,1.14,5.63
45,Kitzbuhel,Generali Open,2024-07-25,ATP250,Outdoor,Clay,Quarterfinals,3,Diaz Acosta F.,Martinez P.,77,45.0,737,1138.0,6.0,7.0,6.0,3.0,6.0,4.0,,,,,2.0,1.0,Completed,1.67,2.2,1.77,2.18,1.77,2.2,1.73,2.08
45,Kitzbuhel,Generali Open,2024-07-25,ATP250,Outdoor,Clay,Quarterfinals,3,Gaston H.,Baez S.,91,18.0,665,2210.0,7.0,5.0,5.0,7.0,7.0,6.0,,,,,2.0,1.0,Completed,3.0,1.4,3.09,1.43,3.09,1.44,2.93,1.39
45,Kitzbuhel,Generali Open,2024-07-26,ATP250,Outdoor,Clay,Semifinals,3,Berrettini M.,Hanfmann Y.,50,116.0,965,536.0,6.0,4.0,6.0,4.0,,,,,,,2.0,0.0,Completed,1.22,4.33,1.26,4.38,1.27,4.5,1.21,4.26
45,Kitzbuhel,Generali Open,2024-07-26,ATP250,Outdoor,Clay,Semifinals,3,Gaston H.,Diaz Acosta F.,91,77.0,665,737.0,6.0,1.0,2.0,0.0,,,,,,,1.0,0.0,Retired,2.1,1.73,2.29,1.7,2.31,1.83,2.14,1.69
45,Kitzbuhel,Generali Open,2024-07-27,ATP250,Outdoor,Clay,The Final,3,Berrettini M.,Gaston H.,50,91.0,965,665.0,7.0,5.0,6.0,3.0,,,,,,,2.0,0.0,Completed,1.2,4.5,1.23,4.74,1.25,4.74,1.2,4.36
46,Umag,Croatia Open,2024-07-21,ATP250,Outdoor,Clay,1st Round,3,Muller A.,Arnaldi M.,102,40.0,606,1220.0,7.0,6.0,6.0,4.0,,,,,,,2.0,0.0,Completed,2.75,1.44,2.9,1.46,2.9,1.54,2.73,1.44
46,Umag,Croatia Open,2024-07-21,ATP250,Outdoor,Clay,1st Round,3,Marozsan F.,Shevchenko A.,49,58.0,995,885.0,6.0,4.0,4.0,6.0,7.0,6.0,,,,,2.0,1.0,Completed,1.57,2.38,1.67,2.34,1.67,2.46,1.59,2.31
46,Umag,Croatia Open,2024-07-21,ATP250,Outdoor,Clay,1st Round,3,Ugo Carabelli C.,Mikrut L.,96,350.0,645,143.0,6.0,2.0,7.0,5.0,,,,,,,2.0,0.0,Completed,1.36,3.2,1.4,3.17,1.4,3.25,1.37,3.04
46,Umag,Croatia Open,2024-07-22,ATP250,Outdoor,Clay,1st Round,3,Monteiro T.,Machac T.,79,39.0,730,1229.0,3.0,6.0,6.0,3.0,6.0,4.0,,,,,2.0,1.0,Completed,2.1,1.73,2.14,1.78,2.24,1.8,2.07,1.74
46,Umag,Croatia Open,2024-07-22,ATP250,Outdoor,Clay,1st Round,3,Mensik J.,Popyrin A.,81,46.0,721,1071.0,6.0,3.0,6.0,2.0,,,,,,,2.0,0.0,Completed,2.3,1.62,2.2,1.74,2.32,1.74,2.24,1.63
46,Umag,Croatia Open,2024-07-22,ATP250,Outdoor,Clay,1st Round,3,Trungelliti M.,Andreozzi G.,136,406.0,461,118.0,4.0,6.0,6.0,3.0,6.0,2.0,,,,,2.0,1.0,Completed,1.3,3.5,1.3,3.81,1.33,3.84,1.29,3.48
46,Umag,Croatia Open,2024-07-22,ATP250,Outdoor,Clay,1st Round,3,Cobolli F.,Navone M.,48,36.0,1025,1292.0,6.0,2.0,6.0,3.0,,,,,,,2.0,0.0,Completed,1.73,2.1,1.82,2.08,1.88,2.2,1.76,2.03
46,Umag,Croatia Open,2024-07-22,ATP250,Outdoor,Clay,1st Round,3,Lajovic D.,Misolic F.,53,228.0,921,258.0,6.0,4.0,3.0,6.0,6.0,2.0,,,,,2.0,1.0,Completed,1.53,2.5,1.55,2.61,1.58,2.61,1.51,2.49
46,Umag,Croatia Open,2024-07-22,ATP250,Outdoor,Clay,1st Round,3,Sonego L.,Poljicak M.,54,481.0,921,87.0,6.0,2.0,6.0,7.0,7.0,6.0,,,,,2.0,1.0,Completed,1.2,4.5,1.2,5.11,1.21,5.25,1.19,4.51
46,Umag,Croatia Open,2024-07-22,ATP250,Outdoor,Clay,1st Round,3,Dodig M.,Couacaud E.,310,205.0,172,292.0,3.0,6.0,6.0,3.0,6.0,2.0,,,,,2.0,1.0,Completed,2.75,1.44,2.73,1.51,2.75,1.55,2.61,1.48
46,Umag,Croatia Open,2024-07-23,ATP250,Outdoor,Clay,1st Round,3,Fognini F.,Van Assche L.,70,104.0,769,589.0,6.0,4.0,6.0,3.0,,,,,,,2.0,0.0,Completed,1.73,2.1,1.79,2.13,1.79,2.25,1.71,2.1
46,Umag,Croatia Open,2024-07-23,ATP250,Outdoor,Clay,1st Round,3,Darderi L.,Ajdukovic D.,33,110.0,1331,571.0,6.0,1.0,6.0,4.0,,,,,,,2.0,0.0,Completed,1.4,3.0,1.43,3.05,1.44,3.05,1.4,2.87
46,Umag,Croatia Open,2024-07-23,ATP250,Outdoor,Clay,2nd Round,3,Rublev A.,Ugo Carabelli C.,9,96.0,3830,645.0,6.0,4.0,7.0,5.0,,,,,,,2.0,0.0,Completed,1.25,4.0,1.21,5.04,1.26,5.04,1.21,4.25
46,Umag,Croatia Open,2024-07-23,ATP250,Outdoor,Clay,2nd Round,3,Marozsan F.,Monteiro T.,49,79.0,995,730.0,6.0,2.0,7.0,6.0,,,,,,,2.0,0.0,Completed,2.0,1.8,2.1,1.83,2.1,1.83,2.02,1.77
46,Umag,Croatia Open,2024-07-24,ATP250,Outdoor,Clay,2nd Round,3,Sonego L.,Muller A.,54,102.0,921,606.0,7.0,5.0,6.0,1.0,,,,,,,2.0,0.0,Completed,2.2,1.67,2.19,1.76,2.22,1.77,2.14,1.7
46,Umag,Croatia Open,2024-07-24,ATP250,Outdoor,Clay,2nd Round,3,Cerundolo F.,Dodig M.,37,310.0,1290,172.0,6.0,3.0,6.0,4.0,,,,,,,2.0,0.0,Completed,1.17,5.0,1.19,5.41,1.21,5.41,1.17,4.86
46,Umag,Croatia Open,2024-07-24,ATP250,Outdoor,Clay,2nd Round,3,Musetti L.,Trungelliti M.,17,136.0,2265,461.0,6.0,4.0,6.0,3.0,,,,,,,2.0,0.0,Completed,1.22,4.33,1.25,4.52,1.27,4.52,1.22,4.09
46,Umag,Croatia Open,2024-07-24,ATP250,Outdoor,Clay,2nd Round,3,Lajovic D.,Cobolli F.,53,48.0,921,1025.0,7.0,6.0,7.0,6.0,,,,,,,2.0,0.0,Completed,2.75,1.44,2.82,1.49,2.86,1.5,2.69,1.45
46,Umag,Croatia Open,2024-07-24,ATP250,Outdoor,Clay,2nd Round,3,Mensik J.,Darderi L.,81,33.0,721,1331.0,6.0,4.0,6.0,3.0,,,,,,,2.0,0.0,Completed,3.0,1.4,2.71,1.53,3.0,1.55,2.55,1.5
46,Umag,Croatia Open,2024-07-24,ATP250,Outdoor,Clay,2nd Round,3,Tseng C. H.,Fognini F.,159,70.0,388,769.0,6.0,1.0,6.0,0.0,,,,,,,2.0,0.0,Completed,3.0,1.4,2.95,1.46,3.13,1.46,2.87,1.4
46,Umag,Croatia Open,2024-07-25,ATP250,Outdoor,Clay,Quarterfinals,3,Cerundolo F.,Sonego L.,37,54.0,1290,921.0,6.0,4.0,2.0,6.0,7.0,6.0,,,,,2.0,1.0,Completed,1.4,3.0,1.51,2.76,1.51,3.0,1.42,2.82
46,Umag,Croatia Open,2024-07-25,ATP250,Outdoor,Clay,Quarterfinals,3,Mensik J.,Tseng C. H.,81,159.0,721,388.0,6.0,0.0,6.0,4.0,,,,,,,2.0,0.0,Completed,1.36,3.2,1.4,3.2,1.4,3.2,1.37,3.03
46,Umag,Croatia Open,2024-07-25,ATP250,Outdoor,Clay,Quarterfinals,3,Rublev A.,Marozsan F.,9,49.0,3830,995.0,5.0,7.0,6.0,3.0,6.0,2.0,,,,,2.0,1.0,Completed,1.44,2.75,1.49,2.84,1.5,2.85,1.44,2.71
46,Umag,Croatia Open,2024-07-25,ATP250,Outdoor,Clay,Quarterfinals,3,Musetti L.,Lajovic D.,17,53.0,2265,921.0,5.0,7.0,6.0,3.0,6.0,0.0,,,,,2.0,1.0,Completed,1.33,3.4,1.36,3.44,1.37,3.5,1.33,3.23
46,Umag,Croatia Open,2024-07-26,ATP250,Outdoor,Clay,Semifinals,3,Cerundolo F.,Rublev A.,37,9.0,1290,3830.0,7.0,6.0,6.0,4.0,,,,,,,2.0,0.0,Completed,2.5,1.53,2.44,1.59,2.62,1.59,2.47,1.53
46,Umag,Croatia Open,2024-07-26,ATP250,Outdoor,Clay,Semifinals,3,Musetti L.,Mensik J.,17,81.0,2265,721.0,6.0,4.0,6.0,1.0,,,,,,,2.0,0.0,Completed,1.5,2.63,1.52,2.74,1.53,2.74,1.49,2.6
46,Umag,Croatia Open,2024-07-27,ATP250,Outdoor,Clay,The Final,3,Cerundolo F.,Musetti L.,37,17.0,1290,2265.0,2.0,6.0,6.0,4.0,7.0,6.0,,,,,2.0,1.0,Completed,2.38,1.57,2.62,1.56,2.75,1.59,2.42,1.55
47,Washington,Citi Open,2024-07-29,ATP500,Outdoor,Hard,1st Round,3,Wolf J.J.,Svajda Z.,143,109.0,436,547.0,6.0,4.0,7.0,5.0,,,,,,,2.0,0.0,Completed,1.91,1.91,,,1.53,2.5,1.53,2.5
47,Washington,Citi Open,2024-07-29,ATP500,Outdoor,Hard,1st Round,3,O Connell C.,Mayot H.,94,114.0,653,520.0,6.0,4.0,7.0,6.0,,,,,,,2.0,0.0,Completed,1.91,1.91,1.94,1.94,1.94,1.99,1.88,1.91
47,Washington,Citi Open,2024-07-29,ATP500,Outdoor,Hard,1st Round,3,Garin C.,Karatsev A.,115,102.0,518,605.0,6.0,4.0,6.0,2.0,,,,,,,2.0,0.0,Completed,2.38,1.57,2.48,1.6,2.65,1.62,2.43,1.55
47,Washington,Citi Open,2024-07-29,ATP500,Outdoor,Hard,1st Round,3,Galan D.E.,Cressy M.,124,173.0,486,345.0,6.0,4.0,6.0,3.0,,,,,,,2.0,0.0,Completed,2.5,1.53,2.8,1.49,2.96,1.53,2.63,1.48
47,Washington,Citi Open,2024-07-29,ATP500,Outdoor,Hard,1st Round,3,Ruusuvuori E.,Coric B.,71,83.0,773,704.0,6.0,7.0,7.0,6.0,6.0,4.0,,,,,2.0,1.0,Completed,1.67,2.2,1.76,2.18,1.76,2.23,1.69,2.15
47,Washington,Citi Open,2024-07-29,ATP500,Outdoor,Hard,1st Round,3,Bellucci M.,Mcdonald M.,125,93.0,481,656.0,7.0,6.0,7.0,6.0,,,,,,,2.0,0.0,Completed,2.2,1.67,2.14,1.78,2.21,1.78,2.15,1.69
47,Washington,Citi Open,2024-07-29,ATP500,Outdoor,Hard,1st Round,3,Hong S.,Walton A.,175,89.0,343,671.0,7.0,6.0,7.0,6.0,,,,,,,2.0,0.0,Completed,2.75,1.44,2.84,1.48,2.85,1.48,2.75,1.44
47,Washington,Citi Open,2024-07-29,ATP500,Outdoor,Hard,1st Round,3,Shapovalov D.,Bautista Agut R.,139,76.0,450,745.0,6.0,1.0,6.0,4.0,,,,,,,2.0,0.0,Completed,1.5,2.63,1.52,2.69,1.62,2.69,1.54,2.46
47,Washington,Citi Open,2024-07-29,ATP500,Outdoor,Hard,1st Round,3,Goffin D.,Ugo Carabelli C.,100,92.0,619,663.0,6.0,2.0,7.0,5.0,,,,,,,2.0,0.0,Completed,1.29,3.75,1.24,4.46,1.33,4.46,1.25,3.87
47,Washington,Citi Open,2024-07-30,ATP500,Outdoor,Hard,1st Round,3,Opelka R.,Duckworth J.,371,81.0,132,734.0,6.0,7.0,7.0,5.0,6.0,4.0,,,,,2.0,1.0,Completed,1.44,2.75,1.5,2.76,1.51,2.76,1.46,2.69
47,Washington,Citi Open,2024-07-30,ATP500,Outdoor,Hard,1st Round,3,Van Assche L.,Cazaux A.,118,95.0,499,651.0,6.0,4.0,6.0,3.0,,,,,,,2.0,0.0,Completed,2.2,1.67,2.42,1.63,2.43,1.68,2.27,1.62
47,Washington,Citi Open,2024-07-30,ATP500,Outdoor,Hard,1st Round,3,Krueger M.,Nardi L.,192,78.0,308,744.0,7.0,6.0,4.0,1.0,,,,,,,1.0,0.0,Retired,1.67,2.2,1.74,2.2,1.74,2.35,1.64,2.24
47,Washington,Citi Open,2024-07-30,ATP500,Outdoor,Hard,1st Round,3,Kokkinakis T.,Purcell M.,91,59.0,667,835.0,6.0,7.0,6.0,4.0,6.0,3.0,,,,,2.0,1.0,Completed,1.73,2.1,1.76,2.17,1.8,2.17,1.73,2.07
47,Washington,Citi Open,2024-07-30,ATP500,Outdoor,Hard,1st Round,3,Kovacevic A.,Nishioka Y.,82,50.0,718,939.0,4.0,6.0,6.0,4.0,6.0,2.0,,,,,2.0,1.0,Completed,2.3,1.62,2.37,1.65,2.37,1.68,2.25,1.63
47,Washington,Citi Open,2024-07-30,ATP500,Outdoor,Hard,1st Round,3,Shang J.,Ymer E.,73,216.0,759,280.0,6.0,4.0,6.0,3.0,,,,,,,2.0,0.0,Completed,1.25,4.0,1.27,4.1,1.29,4.1,1.26,3.82
47,Washington,Citi Open,2024-07-30,ATP500,Outdoor,Hard,1st Round,3,Albot R.,Diaz Acosta F.,152,62.0,411,827.0,7.0,6.0,6.0,3.0,,,,,,,2.0,0.0,Completed,1.5,2.63,1.52,2.71,1.53,2.75,1.49,2.6
47,Washington,Citi Open,2024-07-30,ATP500,Outdoor,Hard,2nd Round,3,Kecmanovic M.,Wolf J.J.,51,143.0,935,436.0,6.0,2.0,6.0,3.0,,,,,,,2.0,0.0,Completed,1.57,2.38,1.56,2.6,1.6,2.6,1.56,2.39
47,Washington,Citi Open,2024-07-30,ATP500,Outdoor,Hard,2nd Round,3,Korda S.,Garin C.,22,115.0,1795,518.0,6.0,3.0,6.0,2.0,,,,,,,2.0,0.0,Completed,1.2,4.5,1.21,5.11,1.22,5.11,1.19,4.61
47,Washington,Citi Open,2024-07-30,ATP500,Outdoor,Hard,2nd Round,3,Nakashima B.,O Connell C.,54,94.0,915,653.0,6.0,2.0,6.0,2.0,,,,,,,2.0,0.0,Completed,1.4,3.0,1.38,3.35,1.42,3.35,1.38,3.01
47,Washington,Citi Open,2024-07-30,ATP500,Outdoor,Hard,2nd Round,3,Tiafoe F.,Galan D.E.,29,124.0,1405,486.0,6.0,7.0,6.0,3.0,6.0,3.0,,,,,2.0,1.0,Completed,1.22,4.33,1.25,4.48,1.27,4.48,1.23,4.08
47,Washington,Citi Open,2024-07-30,ATP500,Outdoor,Hard,2nd Round,3,Shapovalov D.,Mannarino A.,139,32.0,450,1340.0,6.0,2.0,6.0,1.0,,,,,,,2.0,0.0,Completed,1.29,3.75,1.3,3.92,1.33,3.92,1.29,3.57
47,Washington,Citi Open,2024-07-31,ATP500,Outdoor,Hard,2nd Round,3,Davidovich Fokina A.,Krueger M.,44,192.0,1155,308.0,3.0,6.0,7.0,6.0,6.0,4.0,,,,,2.0,1.0,Completed,1.4,3.0,1.44,3.05,1.44,3.07,1.39,2.93
47,Washington,Citi Open,2024-07-31,ATP500,Outdoor,Hard,2nd Round,3,Kokkinakis T.,Vukic A.,91,85.0,667,694.0,6.0,4.0,7.0,6.0,,,,,,,2.0,0.0,Completed,1.53,2.5,1.58,2.55,1.62,2.55,1.54,2.45
47,Washington,Citi Open,2024-07-31,ATP500,Outdoor,Hard,2nd Round,3,Rinderknech A.,Shang J.,68,73.0,781,759.0,2.0,3.0,,,,,,,,,0.0,0.0,Retired,2.38,1.57,2.61,1.56,2.61,1.59,2.43,1.55
47,Washington,Citi Open,2024-07-31,ATP500,Outdoor,Hard,2nd Round,3,Kovacevic A.,Carballes Baena R.,82,53.0,718,920.0,7.0,6.0,7.0,6.0,,,,,,,2.0,0.0,Completed,1.67,2.2,1.57,2.58,1.67,2.58,1.6,2.33
47,Washington,Citi Open,2024-07-31,ATP500,Outdoor,Hard,2nd Round,3,Cobolli F.,Goffin D.,48,100.0,1018,619.0,7.0,6.0,6.0,3.0,,,,,,,2.0,0.0,Completed,1.8,2.0,1.92,1.99,1.92,2.02,1.83,1.96
47,Washington,Citi Open,2024-07-31,ATP500,Outdoor,Hard,2nd Round,3,Mpetshi G.,Ruusuvuori E.,49,71.0,1002,773.0,7.0,6.0,7.0,6.0,,,,,,,2.0,0.0,Completed,2.2,1.67,2.19,1.76,2.2,1.76,2.11,1.7
47,Washington,Citi Open,2024-07-31,ATP500,Outdoor,Hard,2nd Round,3,Michelsen A.,Bellucci M.,60,125.0,831,481.0,6.0,3.0,7.0,6.0,,,,,,,2.0,0.0,Completed,1.62,2.3,1.7,2.3,1.71,2.3,1.64,2.23
47,Washington,Citi Open,2024-07-31,ATP500,Outdoor,Hard,2nd Round,3,Hong S.,Khachanov K.,175,21.0,343,1830.0,6.0,2.0,6.0,4.0,,,,,,,2.0,0.0,Completed,4.5,1.2,5.66,1.18,5.66,1.21,4.82,1.17
47,Washington,Citi Open,2024-07-31,ATP500,Outdoor,Hard,2nd Round,3,Rublev A.,Van Assche L.,8,118.0,3885,499.0,4.0,6.0,6.0,3.0,6.0,4.0,,,,,2.0,1.0,Completed,1.25,4.0,1.19,5.36,1.25,5.36,1.19,4.58
47,Washington,Citi Open,2024-08-01,ATP500,Outdoor,Hard,2nd Round,3,Thompson J.,Opelka R.,33,371.0,1331,132.0,6.0,4.0,6.0,3.0,,,,,,,2.0,0.0,Completed,2.0,1.8,2.06,1.86,2.08,1.89,1.98,1.81
47,Washington,Citi Open,2024-08-01,ATP500,Outdoor,Hard,2nd Round,3,Shelton B.,Albot R.,14,152.0,2750,411.0,6.0,4.0,6.0,7.0,6.0,3.0,,,,,2.0,1.0,Completed,1.14,5.5,1.19,5.26,1.2,5.5,1.18,4.86
47,Washington,Citi Open,2024-08-01,ATP500,Outdoor,Hard,3rd Round,3,Shapovalov D.,Kecmanovic M.,139,51.0,450,935.0,4.0,6.0,6.0,4.0,6.0,2.0,,,,,2.0,1.0,Completed,1.62,2.3,1.68,2.34,1.68,2.34,1.63,2.24
47,Washington,Citi Open,2024-08-01,ATP500,Outdoor,Hard,3rd Round,3,Cobolli F.,Davidovich Fokina A.,48,44.0,1018,1155.0,1.0,6.0,7.0,6.0,7.0,6.0,,,,,2.0,1.0,Completed,2.1,1.73,2.11,1.82,2.17,1.82,2.08,1.73
47,Washington,Citi Open,2024-08-01,ATP500,Outdoor,Hard,3rd Round,3,Michelsen A.,Hong S.,60,175.0,831,343.0,6.0,3.0,6.0,3.0,,,,,,,2.0,0.0,Completed,1.3,3.5,1.3,3.9,1.3,4.0,1.29,3.56
47,Washington,Citi Open,2024-08-01,ATP500,Outdoor,Hard,3rd Round,3,Korda S.,Kokkinakis T.,22,91.0,1795,667.0,6.0,7.0,7.0,5.0,3.0,2.0,,,,,1.0,1.0,Retired,1.36,3.2,1.37,3.37,1.39,3.37,1.35,3.14
47,Washington,Citi Open,2024-08-01,ATP500,Outdoor,Hard,3rd Round,3,Thompson J.,Mpetshi G.,33,49.0,1331,1002.0,7.0,5.0,6.0,4.0,,,,,,,2.0,0.0,Completed,1.73,2.1,1.81,2.11,1.81,2.11,1.78,2.02
47,Washington,Citi Open,2024-08-01,ATP500,Outdoor,Hard,3rd Round,3,Shelton B.,Nakashima B.,14,54.0,2750,915.0,7.0,6.0,7.0,6.0,,,,,,,2.0,0.0,Completed,1.8,2.0,1.84,2.08,1.86,2.14,1.77,2.02
47,Washington,Citi Open,2024-08-01,ATP500,Outdoor,Hard,3rd Round,3,Tiafoe F.,Kovacevic A.,29,82.0,1405,718.0,7.0,6.0,4.0,6.0,6.0,3.0,,,,,2.0,1.0,Completed,1.4,3.0,1.45,2.99,1.46,3.0,1.42,2.82
47,Washington,Citi Open,2024-08-02,ATP500,Outdoor,Hard,3rd Round,3,Rublev A.,Rinderknech A.,8,68.0,3885,781.0,7.0,6.0,6.0,4.0,,,,,,,2.0,0.0,Completed,1.29,3.75,1.28,4.11,1.3,4.11,1.27,3.71
47,Washington,Citi Open,2024-08-02,ATP500,Outdoor,Hard,Quarterfinals,3,Cobolli F.,Michelsen A.,48,60.0,1018,831.0,7.0,5.0,3.0,6.0,7.0,6.0,,,,,2.0,1.0,Completed,2.63,1.5,2.7,1.53,2.7,1.57,2.55,1.51
47,Washington,Citi Open,2024-08-02,ATP500,Outdoor,Hard,Quarterfinals,3,Shelton B.,Shapovalov D.,14,139.0,2750,450.0,7.0,6.0,6.0,6.0,,,,,,,1.0,0.0,Awarded,1.62,2.3,1.62,2.46,1.68,2.46,1.61,2.29
47,Washington,Citi Open,2024-08-02,ATP500,Outdoor,Hard,Quarterfinals,3,Korda S.,Thompson J.,22,33.0,1795,1331.0,6.0,4.0,6.0,2.0,,,,,,,2.0,0.0,Completed,1.5,2.63,1.49,2.83,1.53,2.83,1.48,2.64
47,Washington,Citi Open,2024-08-03,ATP500,Outdoor,Hard,Quarterfinals,3,Tiafoe F.,Rublev A.,29,8.0,1405,3885.0,6.0,4.0,7.0,6.0,,,,,,,2.0,0.0,Completed,2.75,1.44,2.83,1.49,2.92,1.5,2.72,1.45
47,Washington,Citi Open,2024-08-04,ATP500,Outdoor,Hard,Semifinals,3,Cobolli F.,Shelton B.,48,14.0,1018,2750.0,4.0,6.0,7.0,5.0,6.0,3.0,,,,,2.0,1.0,Completed,3.2,1.36,3.14,1.41,3.2,1.46,3.01,1.38
47,Washington,Citi Open,2024-08-04,ATP500,Outdoor,Hard,Semifinals,3,Korda S.,Tiafoe F.,22,29.0,1795,1405.0,6.0,4.0,6.0,4.0,,,,,,,2.0,0.0,Completed,1.57,2.38,1.63,2.44,1.64,2.44,1.59,2.32
47,Washington,Citi Open,2024-08-05,ATP500,Outdoor,Hard,The Final,3,Korda S.,Cobolli F.,22,48.0,1795,1018.0,4.0,6.0,6.0,2.0,6.0,0.0,,,,,2.0,1.0,Completed,1.3,3.5,1.28,4.18,1.31,4.18,1.28,3.62
48,Montreal,Canadian Open,2024-08-06,Masters 1000,Outdoor,Hard,1st Round,3,Sonego L.,Griekspoor T.,57,40.0,881,1220.0,7.0,6.0,5.0,7.0,6.0,4.0,,,,,2.0,1.0,Completed,2.3,1.62,2.35,1.66,2.44,1.67,2.29,1.62
48,Montreal,Canadian Open,2024-08-06,Masters 1000,Outdoor,Hard,1st Round,3,Nishikori K.,Michelsen A.,576,55.0,60,915.0,3.0,6.0,7.0,5.0,6.0,4.0,,,,,2.0,1.0,Completed,3.5,1.3,3.55,1.34,3.55,1.36,3.36,1.32
48,Montreal,Canadian Open,2024-08-06,Masters 1000,Outdoor,Hard,1st Round,3,Etcheverry T.,Jarry N.,38,24.0,1255,1710.0,7.0,6.0,6.0,7.0,6.0,2.0,,,,,2.0,1.0,Completed,1.73,2.1,1.77,2.15,1.8,2.25,1.74,2.1
48,Montreal,Canadian Open,2024-08-06,Masters 1000,Outdoor,Hard,1st Round,3,Borges N.,Kecmanovic M.,43,50.0,1176,975.0,5.0,7.0,6.0,4.0,6.0,4.0,,,,,2.0,1.0,Completed,2.38,1.57,2.31,1.68,2.4,1.68,2.28,1.62
48,Montreal,Canadian Open,2024-08-06,Masters 1000,Outdoor,Hard,1st Round,3,Khachanov K.,Diallo G.,22,141.0,1830,436.0,6.0,4.0,6.0,4.0,,,,,,,2.0,0.0,Completed,1.4,3.0,1.5,2.78,1.51,3.0,1.47,2.69
48,Montreal,Canadian Open,2024-08-07,Masters 1000,Outdoor,Hard,1st Round,3,Carreno Busta P.,Marozsan F.,799,49.0,27,1016.0,6.0,7.0,7.0,6.0,6.0,3.0,,,,,2.0,1.0,Completed,3.5,1.3,3.55,1.34,3.55,1.36,3.36,1.32
48,Montreal,Canadian Open,2024-08-07,Masters 1000,Outdoor,Hard,1st Round,3,Rune H.,Bautista Agut R.,17,72.0,2300,745.0,6.0,1.0,6.0,3.0,,,,,,,2.0,0.0,Completed,,,,,,,,
48,Montreal,Canadian Open,2024-08-07,Masters 1000,Outdoor,Hard,1st Round,3,Tabilo A.,Tiafoe F.,21,27.0,1918,1515.0,6.0,4.0,6.0,2.0,,,,,,,2.0,0.0,Completed,2.3,1.62,2.29,1.69,2.34,1.7,2.24,1.64
48,Montreal,Canadian Open,2024-08-07,Masters 1000,Outdoor,Hard,1st Round,3,Thompson J.,Draper J.,30,28.0,1341,1511.0,7.0,5.0,6.0,2.0,,,,,,,2.0,0.0,Completed,3.2,1.36,3.34,1.37,3.34,1.43,3.17,1.36
48,Montreal,Canadian Open,2024-08-07,Masters 1000,Outdoor,Hard,1st Round,3,Paul T.,Darderi L.,12,32.0,3375,1331.0,6.0,4.0,7.0,6.0,,,,,,,2.0,0.0,Completed,1.13,6.0,1.14,6.72,1.17,7.0,1.14,5.93
48,Montreal,Canadian Open,2024-08-07,Masters 1000,Outdoor,Hard,1st Round,3,Hijikata R.,Daniel T.,74,87.0,741,669.0,6.0,1.0,7.0,5.0,,,,,,,2.0,0.0,Completed,2.3,1.62,2.31,1.68,2.32,1.68,2.24,1.65
48,Montreal,Canadian Open,2024-08-07,Masters 1000,Outdoor,Hard,1st Round,3,Arnaldi M.,Mcdonald M.,46,93.0,1155,636.0,4.0,6.0,6.0,4.0,6.0,4.0,,,,,2.0,1.0,Completed,1.8,2.0,1.86,2.03,1.86,2.12,1.83,1.98
48,Montreal,Canadian Open,2024-08-07,Masters 1000,Outdoor,Hard,1st Round,3,Shelton B.,Bublik A.,14,25.0,2950,1650.0,7.0,6.0,6.0,2.0,,,,,,,2.0,0.0,Completed,1.5,2.63,1.55,2.6,1.55,2.63,1.51,2.58
48,Montreal,Canadian Open,2024-08-07,Masters 1000,Outdoor,Hard,1st Round,3,Davidovich Fokina A.,Safiullin R.,42,66.0,1195,785.0,6.0,2.0,7.0,5.0,,,,,,,2.0,0.0,Completed,1.91,1.91,1.98,1.91,1.99,1.93,1.9,1.9
48,Montreal,Canadian Open,2024-08-07,Masters 1000,Outdoor,Hard,1st Round,3,Humbert U.,Fils A.,15,23.0,2360,1770.0,6.0,2.0,6.0,2.0,,,,,,,2.0,0.0,Completed,1.62,2.3,1.65,2.35,1.65,2.35,1.62,2.27
48,Montreal,Canadian Open,2024-08-07,Masters 1000,Outdoor,Hard,1st Round,3,Coric B.,Martinez P.,94,45.0,622,1168.0,6.0,4.0,6.0,4.0,,,,,,,2.0,0.0,Completed,1.33,3.4,1.41,3.13,1.42,3.4,1.37,3.11
48,Montreal,Canadian Open,2024-08-07,Masters 1000,Outdoor,Hard,1st Round,3,Nakashima B.,Shapovalov D.,52,106.0,935,550.0,6.0,4.0,7.0,5.0,,,,,,,2.0,0.0,Completed,2.1,1.73,2.16,1.76,2.23,1.85,2.04,1.78
48,Montreal,Canadian Open,2024-08-07,Masters 1000,Outdoor,Hard,1st Round,3,Duckworth J.,Giron M.,80,37.0,723,1265.0,6.0,4.0,6.0,1.0,,,,,,,2.0,0.0,Completed,2.63,1.5,2.55,1.57,2.79,1.57,2.49,1.53
48,Montreal,Canadian Open,2024-08-07,Masters 1000,Outdoor,Hard,1st Round,3,Popyrin A.,Machac T.,62,39.0,821,1229.0,6.0,3.0,6.0,4.0,,,,,,,2.0,0.0,Completed,2.3,1.62,2.25,1.71,2.3,1.71,2.22,1.66
48,Montreal,Canadian Open,2024-08-07,Masters 1000,Outdoor,Hard,1st Round,3,Fritz T.,Navone M.,13,36.0,3330,1292.0,6.0,4.0,6.0,1.0,,,,,,,2.0,0.0,Completed,1.06,10.0,1.06,12.13,1.11,12.13,1.06,9.43
48,Montreal,Canadian Open,2024-08-07,Masters 1000,Outdoor,Hard,1st Round,3,Rinderknech A.,Mannarino A.,65,31.0,786,1340.0,6.0,4.0,2.0,6.0,6.0,4.0,,,,,2.0,1.0,Completed,1.5,2.63,1.56,2.57,1.56,2.63,1.52,2.53
48,Montreal,Canadian Open,2024-08-08,Masters 1000,Outdoor,Hard,1st Round,3,Korda S.,Pospisil V.,18,610.0,2270,53.0,2.0,1.0,,,,,,,,,0.0,0.0,Retired,1.07,9.0,1.07,11.43,1.09,11.43,1.07,9.02
48,Montreal,Canadian Open,2024-08-08,Masters 1000,Outdoor,Hard,1st Round,3,Cobolli F.,Auger-Aliassime F.,33,19.0,1323,2115.0,6.0,3.0,6.0,2.0,,,,,,,2.0,0.0,Completed,4.0,1.25,4.07,1.28,4.07,1.31,3.78,1.27
48,Montreal,Canadian Open,2024-08-08,Masters 1000,Outdoor,Hard,1st Round,3,Kokkinakis T.,Monfils G.,81,34.0,697,1315.0,6.0,3.0,6.0,3.0,,,,,,,2.0,0.0,Completed,1.73,2.1,1.84,2.05,1.84,2.12,1.78,2.04
48,Montreal,Canadian Open,2024-08-08,Masters 1000,Outdoor,Hard,2nd Round,3,Borges N.,Humbert U.,43,15.0,1176,2360.0,3.0,6.0,7.0,6.0,7.0,6.0,,,,,2.0,1.0,Completed,3.2,1.36,3.46,1.36,3.46,1.36,3.26,1.34
48,Montreal,Canadian Open,2024-08-08,Masters 1000,Outdoor,Hard,2nd Round,3,Davidovich Fokina A.,Medvedev D.,42,5.0,1195,6525.0,6.0,4.0,1.0,6.0,6.0,2.0,,,,,2.0,1.0,Completed,5.0,1.17,5.32,1.2,5.32,1.21,4.87,1.18
48,Montreal,Canadian Open,2024-08-08,Masters 1000,Outdoor,Hard,2nd Round,3,Nakashima B.,Paul T.,52,12.0,935,3375.0,6.0,2.0,6.0,7.0,6.0,1.0,,,,,2.0,1.0,Completed,3.2,1.36,3.37,1.37,3.37,1.42,3.06,1.38
48,Montreal,Canadian Open,2024-08-08,Masters 1000,Outdoor,Hard,2nd Round,3,Nishikori K.,Tsitsipas S.,576,11.0,60,3465.0,6.0,4.0,6.0,4.0,,,,,,,2.0,0.0,Completed,4.33,1.22,4.79,1.23,4.79,1.25,4.38,1.21
48,Montreal,Canadian Open,2024-08-08,Masters 1000,Outdoor,Hard,2nd Round,3,Rublev A.,Etcheverry T.,8,38.0,3975,1255.0,7.0,6.0,6.0,2.0,,,,,,,2.0,0.0,Completed,1.29,3.75,1.35,3.55,1.35,3.75,1.31,3.45
48,Montreal,Canadian Open,2024-08-08,Masters 1000,Outdoor,Hard,2nd Round,3,Zverev A.,Thompson J.,4,30.0,6845,1341.0,6.0,1.0,6.0,1.0,,,,,,,2.0,0.0,Completed,1.29,3.75,1.32,3.87,1.35,3.87,1.3,3.58
48,Montreal,Canadian Open,2024-08-08,Masters 1000,Outdoor,Hard,2nd Round,3,Dimitrov G.,Hijikata R.,10,74.0,3600,741.0,6.0,1.0,6.0,0.0,,,,,,,2.0,0.0,Completed,1.25,4.0,1.27,4.25,1.27,4.25,1.24,4.06
48,Montreal,Canadian Open,2024-08-08,Masters 1000,Outdoor,Hard,2nd Round,3,Arnaldi M.,Khachanov K.,46,22.0,1155,1830.0,7.0,5.0,7.0,5.0,,,,,,,2.0,0.0,Completed,2.3,1.62,2.33,1.68,2.38,1.69,2.27,1.63
48,Montreal,Canadian Open,2024-08-08,Masters 1000,Outdoor,Hard,2nd Round,3,Ruud C.,Duckworth J.,9,80.0,3880,723.0,6.0,2.0,6.0,7.0,6.0,3.0,,,,,2.0,1.0,Completed,1.33,3.4,1.36,3.45,1.36,3.6,1.31,3.42
48,Montreal,Canadian Open,2024-08-08,Masters 1000,Outdoor,Hard,2nd Round,3,Sinner J.,Coric B.,1,94.0,9570,622.0,6.0,2.0,6.0,4.0,,,,,,,2.0,0.0,Completed,1.1,7.0,1.07,12.01,1.1,12.01,1.07,8.6
48,Montreal,Canadian Open,2024-08-08,Masters 1000,Outdoor,Hard,2nd Round,3,Rune H.,Carreno Busta P.,17,799.0,2300,27.0,6.0,1.0,6.0,3.0,,,,,,,2.0,0.0,Completed,1.3,3.5,1.34,3.6,1.37,3.7,1.31,3.47
48,Montreal,Canadian Open,2024-08-08,Masters 1000,Outdoor,Hard,2nd Round,3,Popyrin A.,Shelton B.,62,14.0,821,2950.0,6.0,4.0,7.0,6.0,,,,,,,2.0,0.0,Completed,2.5,1.53,2.56,1.58,2.6,1.58,2.5,1.53
48,Montreal,Canadian Open,2024-08-08,Masters 1000,Outdoor,Hard,2nd Round,3,Tabilo A.,Sonego L.,21,57.0,1918,881.0,6.0,4.0,6.0,2.0,,,,,,,2.0,0.0,Completed,1.57,2.38,1.59,2.52,1.62,2.52,1.58,2.36
48,Montreal,Canadian Open,2024-08-10,Masters 1000,Outdoor,Hard,2nd Round,3,Korda S.,Fritz T.,18,13.0,2270,3330.0,6.0,4.0,7.0,6.0,,,,,,,2.0,0.0,Completed,2.3,1.62,2.45,1.62,2.48,1.67,2.33,1.6
48,Montreal,Canadian Open,2024-08-10,Masters 1000,Outdoor,Hard,2nd Round,3,Hurkacz H.,Kokkinakis T.,6,81.0,4105,697.0,4.0,6.0,6.0,3.0,7.0,6.0,,,,,2.0,1.0,Completed,1.73,2.1,1.74,2.22,1.75,2.23,1.72,2.14
48,Montreal,Canadian Open,2024-08-10,Masters 1000,Outdoor,Hard,2nd Round,3,Rinderknech A.,Cobolli F.,65,33.0,786,1323.0,6.0,3.0,6.0,2.0,,,,,,,2.0,0.0,Completed,2.38,1.57,2.41,1.64,2.41,1.64,2.33,1.61
48,Montreal,Canadian Open,2024-08-10,Masters 1000,Outdoor,Hard,3rd Round,3,Arnaldi M.,Davidovich Fokina A.,46,42.0,1155,1195.0,4.0,6.0,7.0,6.0,3.0,0.0,,,,,1.0,1.0,Retired,2.2,1.67,2.23,1.74,2.23,1.74,2.18,1.68
48,Montreal,Canadian Open,2024-08-10,Masters 1000,Outdoor,Hard,3rd Round,3,Rublev A.,Nakashima B.,8,52.0,3975,935.0,6.0,2.0,6.0,2.0,,,,,,,2.0,0.0,Completed,1.53,2.5,1.6,2.51,1.61,2.51,1.54,2.45
48,Montreal,Canadian Open,2024-08-10,Masters 1000,Outdoor,Hard,3rd Round,3,Nishikori K.,Borges N.,576,43.0,60,1176.0,6.0,3.0,6.0,4.0,,,,,,,2.0,0.0,Completed,2.3,1.62,2.39,1.65,2.39,1.7,2.27,1.64
48,Montreal,Canadian Open,2024-08-10,Masters 1000,Outdoor,Hard,3rd Round,3,Popyrin A.,Dimitrov G.,62,10.0,821,3600.0,4.0,6.0,7.0,6.0,6.0,3.0,,,,,2.0,1.0,Completed,3.4,1.33,3.5,1.35,3.5,1.38,3.34,1.33
48,Montreal,Canadian Open,2024-08-10,Masters 1000,Outdoor,Hard,3rd Round,3,Sinner J.,Tabilo A.,1,21.0,9570,1918.0,6.0,4.0,6.0,3.0,,,,,,,2.0,0.0,Completed,1.06,10.0,1.08,11.12,1.09,11.12,1.06,9.08
48,Montreal,Canadian Open,2024-08-10,Masters 1000,Outdoor,Hard,3rd Round,3,Zverev A.,Rune H.,4,17.0,6845,2300.0,6.0,3.0,7.0,6.0,,,,,,,2.0,0.0,Completed,1.3,3.5,1.34,3.57,1.34,3.57,1.31,3.43
48,Montreal,Canadian Open,2024-08-10,Masters 1000,Outdoor,Hard,3rd Round,3,Korda S.,Ruud C.,18,9.0,2270,3880.0,,,,,,,,,,,,,Walkover,1.8,2.0,1.81,2.1,1.83,2.1,1.8,2.02
48,Montreal,Canadian Open,2024-08-10,Masters 1000,Outdoor,Hard,3rd Round,3,Hurkacz H.,Rinderknech A.,6,65.0,4105,786.0,4.0,6.0,6.0,3.0,6.0,4.0,,,,,2.0,1.0,Completed,1.57,2.38,1.61,2.46,1.73,2.46,1.62,2.3
48,Montreal,Canadian Open,2024-08-11,Masters 1000,Outdoor,Hard,Quarterfinals,3,Rublev A.,Sinner J.,8,1.0,3975,9570.0,6.0,3.0,1.0,6.0,6.0,2.0,,,,,2.0,1.0,Completed,5.0,1.17,4.78,1.22,5.0,1.25,4.61,1.2
48,Montreal,Canadian Open,2024-08-11,Masters 1000,Outdoor,Hard,Quarterfinals,3,Arnaldi M.,Nishikori K.,46,576.0,1155,60.0,6.0,4.0,7.0,5.0,,,,,,,2.0,0.0,Completed,1.5,2.63,1.54,2.63,1.57,2.63,1.52,2.54
48,Montreal,Canadian Open,2024-08-11,Masters 1000,Outdoor,Hard,Quarterfinals,3,Popyrin A.,Hurkacz H.,62,6.0,821,4105.0,3.0,6.0,7.0,6.0,7.0,5.0,,,,,2.0,1.0,Completed,2.3,1.62,2.34,1.68,2.46,1.72,2.25,1.64
48,Montreal,Canadian Open,2024-08-11,Masters 1000,Outdoor,Hard,Quarterfinals,3,Korda S.,Zverev A.,18,4.0,2270,6845.0,7.0,6.0,1.0,6.0,6.0,4.0,,,,,2.0,1.0,Completed,3.4,1.33,3.48,1.36,3.48,1.38,3.23,1.34
48,Montreal,Canadian Open,2024-08-11,Masters 1000,Outdoor,Hard,Semifinals,3,Rublev A.,Arnaldi M.,8,46.0,3975,1155.0,6.0,4.0,6.0,2.0,,,,,,,2.0,0.0,Completed,1.29,3.75,1.3,3.89,1.35,3.89,1.3,3.54
48,Montreal,Canadian Open,2024-08-12,Masters 1000,Outdoor,Hard,Semifinals,3,Popyrin A.,Korda S.,62,18.0,821,2270.0,7.0,6.0,6.0,3.0,,,,,,,2.0,0.0,Completed,3.0,1.4,3.35,1.37,3.35,1.41,3.03,1.38
48,Montreal,Canadian Open,2024-08-13,Masters 1000,Outdoor,Hard,The Final,3,Popyrin A.,Rublev A.,62,8.0,821,3975.0,6.0,2.0,6.0,4.0,,,,,,,2.0,0.0,Completed,3.4,1.33,3.18,1.41,3.4,1.41,3.13,1.37
49,Cincinnati,Western & Southern Financial Group Masters,2024-08-12,Masters 1000,Outdoor,Hard,1st Round,3,Cobolli F.,Paul T.,31,13.0,1348,3065.0,6.0,2.0,4.0,6.0,7.0,5.0,,,,,2.0,1.0,Completed,4.5,1.2,4.99,1.21,5.25,1.21,4.68,1.19
49,Cincinnati,Western & Southern Financial Group Masters,2024-08-13,Masters 1000,Outdoor,Hard,1st Round,3,Khachanov K.,Cerundolo F.,22,29.0,1880,1495.0,6.0,0.0,6.0,3.0,,,,,,,2.0,0.0,Completed,1.53,2.5,1.57,2.54,1.59,2.54,1.55,2.42
49,Cincinnati,Western & Southern Financial Group Masters,2024-08-13,Masters 1000,Outdoor,Hard,1st Round,3,Zhang Zh.,Mpetshi G.,44,48.0,1161,1052.0,6.0,3.0,7.0,6.0,,,,,,,2.0,0.0,Completed,1.8,2.0,1.88,2.02,1.91,2.02,1.84,1.95
49,Cincinnati,Western & Southern Financial Group Masters,2024-08-13,Masters 1000,Outdoor,Hard,1st Round,3,Darderi L.,Tabilo A.,34,21.0,1316,1993.0,6.0,3.0,7.0,6.0,,,,,,,2.0,0.0,Completed,3.2,1.36,3.26,1.38,3.39,1.38,3.14,1.35
49,Cincinnati,Western & Southern Financial Group Masters,2024-08-13,Masters 1000,Outdoor,Hard,1st Round,3,Baez S.,Giron M.,20,45.0,2000,1160.0,6.0,4.0,5.0,7.0,7.0,6.0,,,,,2.0,1.0,Completed,2.38,1.57,2.46,1.61,2.48,1.65,2.37,1.58
49,Cincinnati,Western & Southern Financial Group Masters,2024-08-13,Masters 1000,Outdoor,Hard,1st Round,3,Tiafoe F.,Davidovich Fokina A.,27,53.0,1515,935.0,6.0,3.0,7.0,6.0,,,,,,,2.0,0.0,Completed,1.67,2.2,1.74,2.2,1.74,2.22,1.68,2.18
49,Cincinnati,Western & Southern Financial Group Masters,2024-08-13,Masters 1000,Outdoor,Hard,1st Round,3,Lehecka J.,Navone M.,35,38.0,1315,1293.0,7.0,6.0,6.0,3.0,,,,,,,2.0,0.0,Completed,1.36,3.2,1.38,3.3,1.39,3.33,1.35,3.18
49,Cincinnati,Western & Southern Financial Group Masters,2024-08-13,Masters 1000,Outdoor,Hard,1st Round,3,Michelsen A.,Griekspoor T.,57,41.0,905,1220.0,6.0,1.0,5.0,7.0,6.0,2.0,,,,,2.0,1.0,Completed,1.8,2.0,1.89,2.0,1.9,2.0,1.82,1.97
49,Cincinnati,Western & Southern Financial Group Masters,2024-08-13,Masters 1000,Outdoor,Hard,1st Round,3,Thompson J.,Humbert U.,32,17.0,1346,2365.0,3.0,6.0,6.0,3.0,7.0,6.0,,,,,2.0,1.0,Completed,2.5,1.53,2.73,1.51,2.75,1.53,2.58,1.49
49,Cincinnati,Western & Southern Financial Group Masters,2024-08-13,Masters 1000,Outdoor,Hard,1st Round,3,Shelton B.,Opelka R.,14,322.0,2955,157.0,7.0,6.0,7.0,6.0,,,,,,,2.0,0.0,Completed,1.44,2.75,1.52,2.7,1.55,2.8,1.47,2.67
49,Cincinnati,Western & Southern Financial Group Masters,2024-08-13,Masters 1000,Outdoor,Hard,1st Round,3,Musetti L.,Jarry N.,18,25.0,2250,1710.0,4.0,6.0,7.0,6.0,7.0,6.0,,,,,2.0,1.0,Completed,1.4,3.0,1.44,3.0,1.44,3.1,1.41,2.89
49,Cincinnati,Western & Southern Financial Group Masters,2024-08-13,Masters 1000,Outdoor,Hard,1st Round,3,Nishioka Y.,Kecmanovic M.,52,51.0,939,940.0,6.0,4.0,7.0,5.0,,,,,,,2.0,0.0,Completed,1.8,2.0,1.85,2.04,1.91,2.04,1.84,1.95
49,Cincinnati,Western & Southern Financial Group Masters,2024-08-14,Masters 1000,Outdoor,Hard,1st Round,3,Nakashima B.,Fritz T.,49,12.0,1035,3290.0,6.0,4.0,4.0,6.0,7.0,6.0,,,,,2.0,1.0,Completed,3.4,1.33,3.29,1.38,3.4,1.38,3.14,1.35
49,Cincinnati,Western & Southern Financial Group Masters,2024-08-14,Masters 1000,Outdoor,Hard,1st Round,3,Fils A.,Holt B.,24,227.0,1755,255.0,6.0,4.0,6.0,1.0,,,,,,,2.0,0.0,Completed,1.2,4.5,1.21,4.87,1.21,4.88,1.2,4.54
49,Cincinnati,Western & Southern Financial Group Masters,2024-08-14,Masters 1000,Outdoor,Hard,1st Round,3,Borges N.,Mannarino A.,39,33.0,1265,1340.0,6.0,4.0,3.0,6.0,6.0,1.0,,,,,2.0,1.0,Completed,1.33,3.4,1.38,3.26,1.41,3.4,1.35,3.15
49,Cincinnati,Western & Southern Financial Group Masters,2024-08-14,Masters 1000,Outdoor,Hard,1st Round,3,Marozsan F.,Moutet C.,50,71.0,990,762.0,6.0,4.0,7.0,6.0,,,,,,,2.0,0.0,Completed,1.91,1.91,1.94,1.94,1.97,2.03,1.9,1.89
49,Cincinnati,Western & Southern Financial Group Masters,2024-08-14,Masters 1000,Outdoor,Hard,1st Round,3,Auger-Aliassime F.,Kovacevic A.,19,79.0,2115,723.0,6.0,3.0,6.0,1.0,,,,,,,2.0,0.0,Completed,1.3,3.5,1.3,3.82,1.33,3.82,1.3,3.47
49,Cincinnati,Western & Southern Financial Group Masters,2024-08-14,Masters 1000,Outdoor,Hard,1st Round,3,Tsitsipas S.,Struff J.L.,11,36.0,3465,1310.0,4.0,6.0,6.0,4.0,6.0,3.0,,,,,2.0,1.0,Completed,1.53,2.5,1.56,2.59,1.56,2.65,1.52,2.51
49,Cincinnati,Western & Southern Financial Group Masters,2024-08-14,Masters 1000,Outdoor,Hard,1st Round,3,Rune H.,Berrettini M.,16,42.0,2390,1170.0,2.0,6.0,6.0,1.0,6.0,4.0,,,,,2.0,1.0,Completed,2.2,1.67,2.27,1.7,2.28,1.72,2.2,1.67
49,Cincinnati,Western & Southern Financial Group Masters,2024-08-14,Masters 1000,Outdoor,Hard,1st Round,3,Purcell M.,Machac T.,68,40.0,775,1230.0,6.0,4.0,7.0,6.0,,,,,,,2.0,0.0,Completed,2.75,1.44,2.81,1.48,2.81,1.5,2.7,1.46
49,Cincinnati,Western & Southern Financial Group Masters,2024-08-14,Masters 1000,Outdoor,Hard,1st Round,3,Draper J.,Munar J.,28,89.0,1511,642.0,7.0,5.0,3.0,6.0,7.0,6.0,,,,,2.0,1.0,Completed,1.25,4.0,1.29,3.98,1.3,4.2,1.26,3.8
49,Cincinnati,Western & Southern Financial Group Masters,2024-08-14,Masters 1000,Outdoor,Hard,1st Round,3,Monfils G.,Popyrin A.,46,23.0,1145,1821.0,7.0,5.0,6.0,3.0,,,,,,,2.0,0.0,Completed,2.2,1.67,2.17,1.76,2.33,1.76,2.16,1.69
49,Cincinnati,Western & Southern Financial Group Masters,2024-08-14,Masters 1000,Outdoor,Hard,1st Round,3,Carreno Busta P.,Korda S.,513,15.0,77,2625.0,7.0,5.0,6.0,1.0,,,,,,,2.0,0.0,Completed,5.5,1.14,5.49,1.18,5.65,1.2,5.15,1.16
49,Cincinnati,Western & Southern Financial Group Masters,2024-08-14,Masters 1000,Outdoor,Hard,1st Round,3,Etcheverry T.,Arnaldi M.,37,30.0,1295,1485.0,6.0,3.0,6.0,7.0,6.0,2.0,,,,,2.0,1.0,Completed,2.1,1.73,2.1,1.81,2.16,1.81,2.06,1.75
49,Cincinnati,Western & Southern Financial Group Masters,2024-08-14,Masters 1000,Outdoor,Hard,2nd Round,3,Sinner J.,Michelsen A.,1,57.0,8770,905.0,6.0,4.0,7.0,5.0,,,,,,,2.0,0.0,Completed,1.08,8.0,1.11,8.31,1.11,8.31,1.09,7.25
49,Cincinnati,Western & Southern Financial Group Masters,2024-08-15,Masters 1000,Outdoor,Hard,2nd Round,3,Tiafoe F.,Musetti L.,27,18.0,1515,2250.0,6.0,3.0,6.0,2.0,,,,,,,2.0,0.0,Completed,1.91,1.91,1.94,1.96,1.97,1.97,1.88,1.92
49,Cincinnati,Western & Southern Financial Group Masters,2024-08-15,Masters 1000,Outdoor,Hard,2nd Round,3,Thompson J.,Baez S.,32,20.0,1346,2000.0,6.0,2.0,6.0,4.0,,,,,,,2.0,0.0,Completed,1.5,2.63,1.53,2.71,1.56,2.75,1.51,2.55
49,Cincinnati,Western & Southern Financial Group Masters,2024-08-15,Masters 1000,Outdoor,Hard,2nd Round,3,Lehecka J.,Medvedev D.,35,5.0,1315,6355.0,7.0,6.0,6.0,4.0,,,,,,,2.0,0.0,Completed,4.5,1.2,4.29,1.26,4.5,1.26,4.11,1.23
49,Cincinnati,Western & Southern Financial Group Masters,2024-08-15,Masters 1000,Outdoor,Hard,2nd Round,3,Hurkacz H.,Nishioka Y.,7,52.0,4215,939.0,3.0,6.0,7.0,6.0,6.0,1.0,,,,,2.0,1.0,Completed,1.44,2.75,1.49,2.84,1.49,2.9,1.44,2.75
49,Cincinnati,Western & Southern Financial Group Masters,2024-08-15,Masters 1000,Outdoor,Hard,2nd Round,3,Cobolli F.,Darderi L.,31,34.0,1348,1316.0,7.0,6.0,3.0,1.0,,,,,,,1.0,0.0,Retired,1.53,2.5,1.55,2.64,1.59,2.64,1.54,2.45
49,Cincinnati,Western & Southern Financial Group Masters,2024-08-15,Masters 1000,Outdoor,Hard,2nd Round,3,Zverev A.,Khachanov K.,4,22.0,6995,1880.0,6.0,3.0,6.0,2.0,,,,,,,2.0,0.0,Completed,1.25,4.0,1.25,4.4,1.28,4.4,1.25,3.96
49,Cincinnati,Western & Southern Financial Group Masters,2024-08-15,Masters 1000,Outdoor,Hard,2nd Round,3,Carreno Busta P.,Purcell M.,513,68.0,77,775.0,6.0,3.0,6.0,3.0,,,,,,,2.0,0.0,Completed,1.8,2.0,1.83,2.09,1.87,2.12,1.79,2.01
49,Cincinnati,Western & Southern Financial Group Masters,2024-08-15,Masters 1000,Outdoor,Hard,2nd Round,3,Marozsan F.,Dimitrov G.,50,9.0,990,3690.0,4.0,6.0,6.0,4.0,6.0,3.0,,,,,2.0,1.0,Completed,4.0,1.25,4.24,1.27,4.24,1.29,3.9,1.25
49,Cincinnati,Western & Southern Financial Group Masters,2024-08-15,Masters 1000,Outdoor,Hard,2nd Round,3,Rublev A.,Zhang Zh.,6,44.0,4615,1161.0,6.0,4.0,6.0,3.0,,,,,,,2.0,0.0,Completed,1.33,3.4,1.38,3.31,1.4,3.4,1.36,3.1
49,Cincinnati,Western & Southern Financial Group Masters,2024-08-15,Masters 1000,Outdoor,Hard,2nd Round,3,Nakashima B.,Fils A.,49,24.0,1035,1755.0,7.0,5.0,7.0,6.0,,,,,,,2.0,0.0,Completed,1.73,2.1,1.84,2.08,1.84,2.12,1.77,2.04
49,Cincinnati,Western & Southern Financial Group Masters,2024-08-15,Masters 1000,Outdoor,Hard,2nd Round,3,Shelton B.,Etcheverry T.,14,37.0,2955,1295.0,6.0,7.0,7.0,6.0,6.0,3.0,,,,,2.0,1.0,Completed,1.4,3.0,1.44,3.01,1.46,3.01,1.43,2.81
49,Cincinnati,Western & Southern Financial Group Masters,2024-08-15,Masters 1000,Outdoor,Hard,2nd Round,3,Draper J.,Tsitsipas S.,28,11.0,1511,3465.0,3.0,6.0,6.0,4.0,7.0,5.0,,,,,2.0,1.0,Completed,2.38,1.57,2.5,1.6,2.51,1.7,2.36,1.59
49,Cincinnati,Western & Southern Financial Group Masters,2024-08-15,Masters 1000,Outdoor,Hard,2nd Round,3,Rune H.,Borges N.,16,39.0,2390,1265.0,6.0,3.0,7.0,6.0,,,,,,,2.0,0.0,Completed,1.36,3.2,1.44,3.05,1.44,3.2,1.37,3.03
49,Cincinnati,Western & Southern Financial Group Masters,2024-08-16,Masters 1000,Outdoor,Hard,2nd Round,3,Monfils G.,Alcaraz C.,46,3.0,1145,7950.0,4.0,6.0,7.0,6.0,6.0,4.0,,,,,2.0,1.0,Completed,9.0,1.07,10.76,1.08,10.76,1.08,8.8,1.07
49,Cincinnati,Western & Southern Financial Group Masters,2024-08-16,Masters 1000,Outdoor,Hard,2nd Round,3,Auger-Aliassime F.,Ruud C.,19,8.0,2115,3890.0,6.0,3.0,6.0,1.0,,,,,,,2.0,0.0,Completed,1.62,2.3,1.65,2.39,1.68,2.39,1.62,2.28
49,Cincinnati,Western & Southern Financial Group Masters,2024-08-16,Masters 1000,Outdoor,Hard,3rd Round,3,Zverev A.,Carreno Busta P.,4,513.0,6995,77.0,7.0,5.0,7.0,6.0,,,,,,,2.0,0.0,Completed,1.11,6.5,1.09,9.99,1.13,9.99,1.09,7.34
49,Cincinnati,Western & Southern Financial Group Masters,2024-08-16,Masters 1000,Outdoor,Hard,3rd Round,3,Rublev A.,Nakashima B.,6,49.0,4615,1035.0,7.0,6.0,6.0,1.0,,,,,,,2.0,0.0,Completed,1.4,3.0,1.47,2.92,1.47,3.0,1.43,2.82
49,Cincinnati,Western & Southern Financial Group Masters,2024-08-16,Masters 1000,Outdoor,Hard,3rd Round,3,Sinner J.,Thompson J.,1,32.0,8770,1346.0,,,,,,,,,,,,,Walkover,1.13,6.0,1.13,7.27,1.14,7.27,1.12,6.23
49,Cincinnati,Western & Southern Financial Group Masters,2024-08-16,Masters 1000,Outdoor,Hard,3rd Round,3,Shelton B.,Marozsan F.,14,50.0,2955,990.0,6.0,4.0,6.0,3.0,,,,,,,2.0,0.0,Completed,1.5,2.63,1.57,2.58,1.57,2.63,1.51,2.55
49,Cincinnati,Western & Southern Financial Group Masters,2024-08-16,Masters 1000,Outdoor,Hard,3rd Round,3,Hurkacz H.,Cobolli F.,7,31.0,4215,1348.0,6.0,3.0,3.0,6.0,6.0,1.0,,,,,2.0,1.0,Completed,1.62,2.3,1.67,2.43,1.67,2.43,1.63,2.26
49,Cincinnati,Western & Southern Financial Group Masters,2024-08-16,Masters 1000,Outdoor,Hard,3rd Round,3,Rune H.,Monfils G.,16,46.0,2390,1145.0,3.0,6.0,6.0,3.0,6.0,4.0,,,,,2.0,1.0,Completed,1.36,3.2,1.4,3.17,1.43,3.2,1.38,3.01
49,Cincinnati,Western & Southern Financial Group Masters,2024-08-17,Masters 1000,Outdoor,Hard,3rd Round,3,Draper J.,Auger-Aliassime F.,28,19.0,1511,2115.0,5.0,7.0,6.0,4.0,6.0,4.0,,,,,2.0,1.0,Completed,2.1,1.73,2.26,1.71,2.27,1.74,2.17,1.68
49,Cincinnati,Western & Southern Financial Group Masters,2024-08-17,Masters 1000,Outdoor,Hard,3rd Round,3,Tiafoe F.,Lehecka J.,27,35.0,1515,1315.0,6.0,4.0,6.0,7.0,7.0,6.0,,,,,2.0,1.0,Completed,1.8,2.0,1.78,2.16,1.9,2.16,1.78,2.02
49,Cincinnati,Western & Southern Financial Group Masters,2024-08-17,Masters 1000,Outdoor,Hard,Quarterfinals,3,Sinner J.,Rublev A.,1,6.0,8770,4615.0,4.0,6.0,7.0,5.0,6.0,4.0,,,,,2.0,1.0,Completed,1.3,3.5,1.34,3.6,1.34,3.66,1.3,3.49
49,Cincinnati,Western & Southern Financial Group Masters,2024-08-17,Masters 1000,Outdoor,Hard,Quarterfinals,3,Zverev A.,Shelton B.,4,14.0,6995,2955.0,3.0,6.0,7.0,6.0,7.0,5.0,,,,,2.0,1.0,Completed,1.3,3.5,1.31,3.82,1.31,3.82,1.29,3.6
49,Cincinnati,Western & Southern Financial Group Masters,2024-08-18,Masters 1000,Outdoor,Hard,Quarterfinals,3,Tiafoe F.,Hurkacz H.,27,7.0,1515,4215.0,6.0,3.0,,,,,,,,,0.0,0.0,Retired,2.2,1.67,2.25,1.72,2.25,1.73,2.17,1.69
49,Cincinnati,Western & Southern Financial Group Masters,2024-08-18,Masters 1000,Outdoor,Hard,Quarterfinals,3,Rune H.,Draper J.,16,28.0,2390,1511.0,6.0,4.0,6.0,2.0,,,,,,,2.0,0.0,Completed,1.8,2.0,1.83,2.1,1.86,2.12,1.81,2.0
49,Cincinnati,Western & Southern Financial Group Masters,2024-08-18,Masters 1000,Outdoor,Hard,Semifinals,3,Sinner J.,Zverev A.,1,4.0,8770,6995.0,7.0,6.0,5.0,7.0,7.0,6.0,,,,,2.0,1.0,Completed,1.5,2.63,1.62,2.47,1.65,2.65,1.54,2.5
49,Cincinnati,Western & Southern Financial Group Masters,2024-08-19,Masters 1000,Outdoor,Hard,Semifinals,3,Tiafoe F.,Rune H.,27,16.0,1515,2390.0,4.0,6.0,6.0,1.0,7.0,6.0,,,,,2.0,1.0,Completed,2.38,1.57,2.5,1.6,2.53,1.62,2.38,1.58
49,Cincinnati,Western & Southern Financial Group Masters,2024-08-19,Masters 1000,Outdoor,Hard,The Final,3,Sinner J.,Tiafoe F.,1,27.0,8770,1515.0,7.0,8.0,6.0,2.0,,,,,,,2.0,0.0,Completed,1.22,4.33,1.26,4.38,1.29,4.38,1.29,3.95
50,Winston-Salem,Winston-Salem Open at Wake Forest University,2024-08-18,ATP250,Outdoor,Hard,1st Round,3,Vukic A.,Evans D.,94,187.0,604,324.0,2.0,6.0,6.0,4.0,6.0,1.0,,,,,2.0,1.0,Completed,1.53,2.5,1.63,2.4,1.63,2.6,1.57,2.37
50,Winston-Salem,Winston-Salem Open at Wake Forest University,2024-08-18,ATP250,Outdoor,Hard,1st Round,3,Coric B.,Nagal S.,87,72.0,647,747.0,6.0,4.0,6.0,2.0,,,,,,,2.0,0.0,Completed,1.33,3.4,1.39,3.21,1.4,3.4,1.35,3.12
50,Winston-Salem,Winston-Salem Open at Wake Forest University,2024-08-18,ATP250,Outdoor,Hard,1st Round,3,Fucsovics M.,Daniel T.,79,88.0,701,639.0,4.0,6.0,6.0,1.0,6.0,2.0,,,,,2.0,1.0,Completed,1.4,3.0,1.47,2.89,1.48,3.0,1.43,2.78
50,Winston-Salem,Winston-Salem Open at Wake Forest University,2024-08-18,ATP250,Outdoor,Hard,1st Round,3,Cazaux A.,Van De Zandschulp B.,97,73.0,596,739.0,6.0,1.0,7.0,6.0,,,,,,,2.0,0.0,Completed,1.8,2.0,1.94,1.94,1.99,2.0,1.86,1.92
50,Winston-Salem,Winston-Salem Open at Wake Forest University,2024-08-18,ATP250,Outdoor,Hard,1st Round,3,Bergs Z.,Opelka R.,85,323.0,672,157.0,6.0,4.0,3.0,6.0,7.0,6.0,,,,,2.0,1.0,Completed,2.2,1.67,2.2,1.74,2.26,1.74,2.18,1.67
50,Winston-Salem,Winston-Salem Open at Wake Forest University,2024-08-19,ATP250,Outdoor,Hard,1st Round,3,Seyboth Wild T.,Duckworth J.,69,70.0,765,764.0,3.0,6.0,6.0,3.0,6.0,4.0,,,,,2.0,1.0,Completed,2.1,1.73,2.11,1.8,2.12,1.8,2.03,1.77
50,Winston-Salem,Winston-Salem Open at Wake Forest University,2024-08-19,ATP250,Outdoor,Hard,1st Round,3,Eubanks C.,Walton A.,120,96.0,495,601.0,2.0,6.0,7.0,5.0,6.0,4.0,,,,,2.0,1.0,Completed,1.62,2.3,1.76,2.17,1.76,2.3,1.67,2.15
50,Winston-Salem,Winston-Salem Open at Wake Forest University,2024-08-19,ATP250,Outdoor,Hard,1st Round,3,Muller A.,Lestienne C.,76,110.0,732,527.0,6.0,3.0,6.0,2.0,,,,,,,2.0,0.0,Completed,1.4,3.0,1.43,3.0,1.5,3.25,1.42,2.82
50,Winston-Salem,Winston-Salem Open at Wake Forest University,2024-08-19,ATP250,Outdoor,Hard,1st Round,3,Shang J.,Comesana F.,77,108.0,729,532.0,6.0,2.0,6.0,1.0,,,,,,,2.0,0.0,Completed,1.25,4.0,1.24,4.48,1.26,4.48,1.24,4.0
50,Winston-Salem,Winston-Salem Open at Wake Forest University,2024-08-19,ATP250,Outdoor,Hard,1st Round,3,Stricker D.,Coria F.,182,78.0,332,714.0,7.0,5.0,6.0,2.0,,,,,,,2.0,0.0,Completed,1.4,3.0,1.32,3.67,1.4,3.67,1.34,3.19
50,Winston-Salem,Winston-Salem Open at Wake Forest University,2024-08-19,ATP250,Outdoor,Hard,1st Round,3,Svajda Z.,Djere L.,107,100.0,533,566.0,6.0,4.0,6.0,1.0,,,,,,,2.0,0.0,Completed,1.91,1.91,1.89,2.0,1.91,2.0,1.87,1.92
50,Winston-Salem,Winston-Salem Open at Wake Forest University,2024-08-19,ATP250,Outdoor,Hard,1st Round,3,O Connell C.,Kirchheimer S.,86,512.0,668,77.0,7.0,5.0,6.0,4.0,,,,,,,2.0,0.0,Completed,1.11,6.5,1.12,7.24,1.12,7.85,1.11,6.67
50,Winston-Salem,Winston-Salem Open at Wake Forest University,2024-08-19,ATP250,Outdoor,Hard,1st Round,3,Tien L.,Schoolkate T.,231,196.0,251,306.0,3.0,6.0,6.0,2.0,6.0,3.0,,,,,2.0,1.0,Completed,1.44,2.75,1.46,2.92,1.5,2.92,1.44,2.72
50,Winston-Salem,Winston-Salem Open at Wake Forest University,2024-08-19,ATP250,Outdoor,Hard,1st Round,3,Goffin D.,Munar J.,90,82.0,635,682.0,7.0,5.0,4.0,6.0,6.0,3.0,,,,,2.0,1.0,Completed,1.73,2.1,1.81,2.09,1.85,2.13,1.76,2.05
50,Winston-Salem,Winston-Salem Open at Wake Forest University,2024-08-19,ATP250,Outdoor,Hard,1st Round,3,Carreno Busta P.,Kumar O.,300,434.0,177,101.0,6.0,2.0,6.0,0.0,,,,,,,2.0,0.0,Completed,1.14,5.5,1.17,5.86,1.17,5.86,1.14,5.47
50,Winston-Salem,Winston-Salem Open at Wake Forest University,2024-08-20,ATP250,Outdoor,Hard,1st Round,3,Moutet C.,Mejia N.,68,236.0,767,245.0,7.0,6.0,6.0,1.0,,,,,,,2.0,0.0,Completed,1.2,4.5,1.3,3.81,1.3,4.5,1.26,3.82
50,Winston-Salem,Winston-Salem Open at Wake Forest University,2024-08-19,ATP250,Outdoor,Hard,2nd Round,3,Hijikata R.,Cazaux A.,65,97.0,811,596.0,4.0,6.0,6.0,3.0,7.0,6.0,,,,,2.0,1.0,Completed,2.3,1.62,2.43,1.62,2.43,1.63,2.31,1.6
50,Winston-Salem,Winston-Salem Open at Wake Forest University,2024-08-20,ATP250,Outdoor,Hard,2nd Round,3,Vukic A.,Mannarino A.,94,42.0,604,1170.0,7.0,6.0,2.0,6.0,6.0,1.0,,,,,2.0,1.0,Completed,1.57,2.38,1.69,2.29,1.69,2.43,1.61,2.28
50,Winston-Salem,Winston-Salem Open at Wake Forest University,2024-08-20,ATP250,Outdoor,Hard,2nd Round,3,Seyboth Wild T.,Borges N.,69,35.0,765,1325.0,7.0,6.0,6.0,2.0,,,,,,,2.0,0.0,Completed,2.63,1.5,2.72,1.51,2.72,1.53,2.58,1.49
50,Winston-Salem,Winston-Salem Open at Wake Forest University,2024-08-20,ATP250,Outdoor,Hard,2nd Round,3,Svajda Z.,Cerundolo F.,107,29.0,533,1495.0,6.0,4.0,6.0,4.0,,,,,,,2.0,0.0,Completed,2.75,1.44,2.77,1.5,2.92,1.5,2.74,1.44
50,Winston-Salem,Winston-Salem Open at Wake Forest University,2024-08-20,ATP250,Outdoor,Hard,2nd Round,3,Rinderknech A.,O Connell C.,56,86.0,903,668.0,6.0,3.0,6.0,4.0,,,,,,,2.0,0.0,Completed,1.67,2.2,1.59,2.5,1.67,2.5,1.6,2.31
50,Winston-Salem,Winston-Salem Open at Wake Forest University,2024-08-20,ATP250,Outdoor,Hard,2nd Round,3,Kotov P.,Muller A.,63,76.0,814,732.0,6.0,4.0,5.0,7.0,6.0,2.0,,,,,2.0,1.0,Completed,2.3,1.62,2.4,1.63,2.4,1.67,2.29,1.61
50,Winston-Salem,Winston-Salem Open at Wake Forest University,2024-08-20,ATP250,Outdoor,Hard,2nd Round,3,Goffin D.,Darderi L.,90,38.0,635,1291.0,6.0,2.0,6.0,4.0,,,,,,,2.0,0.0,Completed,1.67,2.2,1.79,2.12,1.8,2.2,1.72,2.08
50,Winston-Salem,Winston-Salem Open at Wake Forest University,2024-08-20,ATP250,Outdoor,Hard,2nd Round,3,Sonego L.,Stricker D.,58,182.0,886,332.0,6.0,4.0,6.0,1.0,,,,,,,2.0,0.0,Completed,1.62,2.3,1.75,2.19,1.8,2.31,1.67,2.18
50,Winston-Salem,Winston-Salem Open at Wake Forest University,2024-08-20,ATP250,Outdoor,Hard,2nd Round,3,Coric B.,Baez S.,87,21.0,647,2040.0,6.0,3.0,6.0,4.0,,,,,,,2.0,0.0,Completed,1.73,2.1,1.71,2.24,1.75,2.24,1.7,2.13
50,Winston-Salem,Winston-Salem Open at Wake Forest University,2024-08-20,ATP250,Outdoor,Hard,2nd Round,3,Tien L.,Marozsan F.,231,49.0,251,1090.0,6.0,2.0,6.0,7.0,7.0,6.0,,,,,2.0,1.0,Completed,2.5,1.53,2.55,1.57,2.55,1.57,2.44,1.54
50,Winston-Salem,Winston-Salem Open at Wake Forest University,2024-08-20,ATP250,Outdoor,Hard,2nd Round,3,Carreno Busta P.,Shevchenko A.,300,60.0,177,855.0,6.0,2.0,6.0,2.0,,,,,,,2.0,0.0,Completed,1.4,3.0,1.4,3.2,1.44,3.2,1.39,2.92
50,Winston-Salem,Winston-Salem Open at Wake Forest University,2024-08-20,ATP250,Outdoor,Hard,2nd Round,3,Shang J.,Navone M.,77,37.0,729,1303.0,7.0,5.0,6.0,3.0,,,,,,,2.0,0.0,Completed,1.22,4.33,1.23,4.68,1.25,4.68,1.22,4.16
50,Winston-Salem,Winston-Salem Open at Wake Forest University,2024-08-20,ATP250,Outdoor,Hard,2nd Round,3,Eubanks C.,Gaston H.,120,61.0,495,830.0,6.0,1.0,6.0,4.0,,,,,,,2.0,0.0,Completed,1.62,2.3,1.71,2.25,1.71,2.32,1.64,2.23
50,Winston-Salem,Winston-Salem Open at Wake Forest University,2024-08-21,ATP250,Outdoor,Hard,2nd Round,3,Bergs Z.,Etcheverry T.,85,34.0,672,1335.0,4.0,6.0,7.0,5.0,6.0,3.0,,,,,2.0,1.0,Completed,2.1,1.73,2.03,1.86,2.23,1.86,2.02,1.77
50,Winston-Salem,Winston-Salem Open at Wake Forest University,2024-08-21,ATP250,Outdoor,Hard,2nd Round,3,Michelsen A.,Fucsovics M.,52,79.0,960,701.0,7.0,6.0,6.0,4.0,,,,,,,2.0,0.0,Completed,1.73,2.1,1.76,2.17,1.76,2.24,1.69,2.14
50,Winston-Salem,Winston-Salem Open at Wake Forest University,2024-08-21,ATP250,Outdoor,Hard,2nd Round,3,Safiullin R.,Moutet C.,59,68.0,885,767.0,6.0,1.0,7.0,5.0,,,,,,,2.0,0.0,Completed,1.62,2.3,1.7,2.27,1.7,2.31,1.64,2.22
50,Winston-Salem,Winston-Salem Open at Wake Forest University,2024-08-21,ATP250,Outdoor,Hard,3rd Round,3,Kotov P.,Svajda Z.,63,107.0,814,533.0,3.0,6.0,6.0,3.0,6.0,4.0,,,,,2.0,1.0,Completed,2.1,1.73,2.16,1.78,2.17,1.82,2.09,1.72
50,Winston-Salem,Winston-Salem Open at Wake Forest University,2024-08-21,ATP250,Outdoor,Hard,3rd Round,3,Goffin D.,Rinderknech A.,90,56.0,635,903.0,6.0,3.0,6.0,3.0,,,,,,,2.0,0.0,Completed,1.91,1.91,2.05,1.86,2.07,1.91,1.94,1.84
50,Winston-Salem,Winston-Salem Open at Wake Forest University,2024-08-21,ATP250,Outdoor,Hard,3rd Round,3,Sonego L.,Shang J.,58,77.0,886,729.0,,,,,,,,,,,,,Walkover,2.3,1.62,,,2.3,1.65,2.24,1.61
50,Winston-Salem,Winston-Salem Open at Wake Forest University,2024-08-21,ATP250,Outdoor,Hard,3rd Round,3,Hijikata R.,Coric B.,65,87.0,811,647.0,3.0,6.0,6.0,3.0,7.0,5.0,,,,,2.0,1.0,Completed,3.0,1.4,2.92,1.47,3.01,1.47,2.84,1.41
50,Winston-Salem,Winston-Salem Open at Wake Forest University,2024-08-21,ATP250,Outdoor,Hard,3rd Round,3,Tien L.,Seyboth Wild T.,231,69.0,251,765.0,6.0,4.0,6.0,3.0,,,,,,,2.0,0.0,Completed,2.0,1.8,2.06,1.85,2.12,1.88,2.0,1.8
50,Winston-Salem,Winston-Salem Open at Wake Forest University,2024-08-22,ATP250,Outdoor,Hard,3rd Round,3,Eubanks C.,Safiullin R.,120,59.0,495,885.0,6.0,3.0,1.0,6.0,7.0,6.0,,,,,2.0,1.0,Completed,3.0,1.4,2.96,1.46,3.0,1.48,2.79,1.42
50,Winston-Salem,Winston-Salem Open at Wake Forest University,2024-08-22,ATP250,Outdoor,Hard,3rd Round,3,Michelsen A.,Bergs Z.,52,85.0,960,672.0,6.0,1.0,6.0,2.0,,,,,,,2.0,0.0,Completed,1.44,2.75,1.46,2.95,1.54,2.96,1.45,2.7
50,Winston-Salem,Winston-Salem Open at Wake Forest University,2024-08-22,ATP250,Outdoor,Hard,3rd Round,3,Carreno Busta P.,Vukic A.,300,94.0,177,604.0,6.0,3.0,4.0,6.0,6.0,3.0,,,,,2.0,1.0,Completed,1.44,2.75,1.51,2.77,1.51,2.86,1.45,2.69
50,Winston-Salem,Winston-Salem Open at Wake Forest University,2024-08-22,ATP250,Outdoor,Hard,Quarterfinals,3,Sonego L.,Kotov P.,58,63.0,886,814.0,6.0,3.0,7.0,5.0,,,,,,,2.0,0.0,Completed,1.8,2.0,1.85,2.06,1.88,2.1,1.8,1.99
50,Winston-Salem,Winston-Salem Open at Wake Forest University,2024-08-22,ATP250,Outdoor,Hard,Quarterfinals,3,Goffin D.,Hijikata R.,90,65.0,635,811.0,6.0,1.0,6.0,3.0,,,,,,,2.0,0.0,Completed,1.4,3.0,1.44,3.03,1.49,3.03,1.42,2.83
50,Winston-Salem,Winston-Salem Open at Wake Forest University,2024-08-22,ATP250,Outdoor,Hard,Quarterfinals,3,Michelsen A.,Eubanks C.,52,120.0,960,495.0,7.0,5.0,6.0,7.0,7.0,6.0,,,,,2.0,1.0,Completed,1.33,3.4,1.34,3.56,1.36,3.6,1.33,3.28
50,Winston-Salem,Winston-Salem Open at Wake Forest University,2024-08-23,ATP250,Outdoor,Hard,Quarterfinals,3,Carreno Busta P.,Tien L.,300,231.0,177,251.0,6.0,4.0,6.0,2.0,,,,,,,2.0,0.0,Completed,1.5,2.63,1.55,2.64,1.57,2.75,1.5,2.55
50,Winston-Salem,Winston-Salem Open at Wake Forest University,2024-08-23,ATP250,Outdoor,Hard,Semifinals,3,Sonego L.,Goffin D.,58,90.0,886,635.0,6.0,3.0,6.0,2.0,,,,,,,2.0,0.0,Completed,2.3,1.62,2.34,1.68,2.4,1.7,2.23,1.65
50,Winston-Salem,Winston-Salem Open at Wake Forest University,2024-08-23,ATP250,Outdoor,Hard,Semifinals,3,Michelsen A.,Carreno Busta P.,52,300.0,960,177.0,7.0,6.0,2.0,1.0,,,,,,,1.0,0.0,Retired,2.0,1.8,2.0,1.91,2.06,1.92,1.97,1.83
50,Winston-Salem,Winston-Salem Open at Wake Forest University,2024-08-24,ATP250,Outdoor,Hard,The Final,3,Sonego L.,Michelsen A.,58,52.0,886,960.0,6.0,0.0,6.0,3.0,,,,,,,2.0,0.0,Completed,2.5,1.53,2.6,1.56,2.63,1.6,2.47,1.55
51,New York,US Open,2024-08-26,Grand Slam,Outdoor,Hard,1st Round,5,Zverev A.,Marterer M.,4,100.0,7035,561.0,6.0,2.0,6.0,7.0,6.0,3.0,6.0,2.0,,,3.0,1.0,Completed,1.03,17.0,1.02,27.72,1.04,27.72,1.02,15.86
51,New York,US Open,2024-08-26,Grand Slam,Outdoor,Hard,1st Round,5,Bautista Agut R.,Nardi L.,67,90.0,791,612.0,7.0,5.0,7.0,6.0,7.0,6.0,,,,,3.0,0.0,Completed,1.22,4.33,1.28,4.1,1.28,4.34,1.24,4.11
51,New York,US Open,2024-08-26,Grand Slam,Outdoor,Hard,1st Round,5,Comesana F.,Stricker D.,108,169.0,532,345.0,4.0,6.0,6.0,3.0,7.0,6.0,6.0,3.0,,,3.0,1.0,Completed,3.2,1.36,3.45,1.36,3.47,1.41,3.17,1.36
51,New York,US Open,2024-08-26,Grand Slam,Outdoor,Hard,1st Round,5,Humbert U.,Monteiro T.,17,75.0,2330,739.0,6.0,3.0,6.0,4.0,6.0,4.0,,,,,3.0,0.0,Completed,1.13,6.0,1.13,7.11,1.15,7.11,1.13,6.21
51,New York,US Open,2024-08-26,Grand Slam,Outdoor,Hard,1st Round,5,Krueger M.,Grenier H.,179,173.0,332,341.0,4.0,6.0,6.0,3.0,6.0,4.0,7.0,5.0,,,3.0,1.0,Completed,1.8,2.0,1.73,2.25,1.8,2.34,1.73,2.13
51,New York,US Open,2024-08-26,Grand Slam,Outdoor,Hard,1st Round,5,Carballes Baena R.,Choinski J.,55,276.0,916,199.0,6.0,2.0,6.0,3.0,5.0,7.0,6.0,7.0,6.0,3.0,3.0,2.0,Completed,1.5,2.63,1.47,2.89,1.51,2.89,1.48,2.66
51,New York,US Open,2024-08-26,Grand Slam,Outdoor,Hard,1st Round,5,Shang J.,Bublik A.,72,27.0,754,1650.0,6.0,4.0,3.0,6.0,5.0,7.0,6.0,3.0,6.0,4.0,3.0,2.0,Completed,1.67,2.2,1.71,2.27,1.74,2.33,1.67,2.2
51,New York,US Open,2024-08-26,Grand Slam,Outdoor,Hard,1st Round,5,Shelton B.,Thiem D.,13,210.0,3110,283.0,6.0,4.0,6.0,2.0,6.0,2.0,,,,,3.0,0.0,Completed,1.07,9.0,1.07,12.22,1.08,12.22,1.06,9.47
51,New York,US Open,2024-08-26,Grand Slam,Outdoor,Hard,1st Round,5,Berrettini M.,Ramos-Vinolas A.,44,122.0,1160,483.0,7.0,6.0,6.0,2.0,6.0,3.0,,,,,3.0,0.0,Completed,1.01,26.0,1.02,28.24,1.03,28.24,1.01,19.11
51,New York,US Open,2024-08-26,Grand Slam,Outdoor,Hard,1st Round,5,Ruud C.,Bu Y.,8,123.0,3855,483.0,7.0,6.0,6.0,2.0,6.0,2.0,,,,,3.0,0.0,Completed,1.25,4.0,1.25,4.46,1.26,4.46,1.24,4.14
51,New York,US Open,2024-08-26,Grand Slam,Outdoor,Hard,1st Round,5,Popyrin A.,Kwon S.W.,28,340.0,1635,145.0,7.0,5.0,6.0,2.0,6.0,3.0,,,,,3.0,0.0,Completed,1.1,7.0,1.12,7.54,1.14,7.65,1.11,6.62
51,New York,US Open,2024-08-26,Grand Slam,Outdoor,Hard,1st Round,5,Martinez P.,Kasnikowski M.,43,194.0,1168,308.0,6.0,7.0,6.0,1.0,6.0,2.0,3.0,6.0,7.0,6.0,3.0,2.0,Completed,1.8,2.0,1.85,2.07,1.89,2.07,1.83,1.99
51,New York,US Open,2024-08-26,Grand Slam,Outdoor,Hard,1st Round,5,Rublev A.,Seyboth Wild T.,6,68.0,4805,790.0,6.0,3.0,7.0,6.0,7.0,5.0,,,,,3.0,0.0,Completed,1.08,8.0,1.1,8.64,1.1,8.64,1.09,7.85
51,New York,US Open,2024-08-26,Grand Slam,Outdoor,Hard,1st Round,5,Fritz T.,Ugo Carabelli C.,12,93.0,3120,608.0,7.0,5.0,6.0,1.0,6.0,2.0,,,,,3.0,0.0,Completed,1.01,29.0,1.02,36.25,1.02,36.25,1.01,20.24
51,New York,US Open,2024-08-26,Grand Slam,Outdoor,Hard,1st Round,5,Lehecka J.,Fucsovics M.,38,81.0,1255,694.0,1.0,6.0,6.0,4.0,6.0,3.0,3.0,0.0,,,2.0,1.0,Retired,1.5,2.63,1.52,2.74,1.53,2.87,1.49,2.65
51,New York,US Open,2024-08-26,Grand Slam,Outdoor,Hard,1st Round,5,Musetti L.,Opelka R.,18,324.0,2255,157.0,7.0,6.0,1.0,6.0,6.0,1.0,7.0,5.0,,,3.0,1.0,Completed,1.44,2.75,1.4,3.22,1.46,3.22,1.42,2.9
51,New York,US Open,2024-08-26,Grand Slam,Outdoor,Hard,1st Round,5,Cerundolo F.,Ofner S.,29,58.0,1495,904.0,5.0,7.0,6.0,4.0,6.0,4.0,6.0,2.0,,,3.0,1.0,Completed,1.36,3.2,1.37,3.38,1.39,3.45,1.35,3.2
51,New York,US Open,2024-08-26,Grand Slam,Outdoor,Hard,1st Round,5,Kecmanovic M.,Nishioka Y.,54,53.0,940,974.0,7.0,6.0,2.0,6.0,5.0,7.0,7.0,5.0,1.0,0.0,2.0,2.0,Retired,2.0,1.8,2.09,1.83,2.22,1.84,2.07,1.76
51,New York,US Open,2024-08-26,Grand Slam,Outdoor,Hard,1st Round,5,Etcheverry T.,Mpetshi G.,33,52.0,1335,1062.0,6.0,4.0,6.0,2.0,6.0,3.0,,,,,3.0,0.0,Completed,1.62,2.3,1.65,2.38,1.71,2.38,1.63,2.29
51,New York,US Open,2024-08-26,Grand Slam,Outdoor,Hard,1st Round,5,Muller A.,Walton A.,77,95.0,732,601.0,3.0,6.0,7.0,6.0,6.0,3.0,6.0,4.0,,,3.0,1.0,Completed,1.5,2.63,1.47,2.91,1.5,2.91,1.46,2.73
51,New York,US Open,2024-08-26,Grand Slam,Outdoor,Hard,1st Round,5,Monfils G.,Schwartzman D.,45,244.0,1155,236.0,6.0,7.0,6.0,2.0,6.0,2.0,6.0,1.0,,,3.0,1.0,Completed,1.2,4.5,1.21,5.01,1.24,5.01,1.2,4.53
51,New York,US Open,2024-08-26,Grand Slam,Outdoor,Hard,1st Round,5,Dimitrov G.,Jacquet K.,9,209.0,3655,285.0,6.0,3.0,6.0,4.0,6.0,2.0,,,,,3.0,0.0,Completed,1.05,11.0,1.07,12.22,1.07,13.05,1.05,10.38
51,New York,US Open,2024-08-26,Grand Slam,Outdoor,Hard,1st Round,5,Shevchenko A.,Koepfer D.,61,83.0,855,686.0,6.0,3.0,7.0,5.0,5.0,7.0,6.0,2.0,,,3.0,1.0,Completed,2.38,1.57,2.54,1.58,2.57,1.6,2.44,1.56
51,New York,US Open,2024-08-26,Grand Slam,Outdoor,Hard,1st Round,5,Rinderknech A.,Eubanks C.,56,106.0,915,545.0,6.0,4.0,4.0,6.0,3.0,6.0,6.0,3.0,7.0,6.0,3.0,2.0,Completed,1.67,2.2,1.67,2.35,1.71,2.35,1.67,2.22
51,New York,US Open,2024-08-26,Grand Slam,Outdoor,Hard,1st Round,5,Hijikata R.,Davidovich Fokina A.,62,59.0,848,900.0,7.0,6.0,3.0,6.0,6.0,4.0,6.0,3.0,,,3.0,1.0,Completed,3.4,1.33,3.43,1.36,3.43,1.36,3.32,1.33
51,New York,US Open,2024-08-26,Grand Slam,Outdoor,Hard,1st Round,5,Nakashima B.,Rune H.,50,15.0,1105,2780.0,6.0,2.0,6.0,1.0,6.0,4.0,,,,,3.0,0.0,Completed,2.5,1.53,2.65,1.55,2.67,1.61,2.54,1.52
51,New York,US Open,2024-08-26,Grand Slam,Outdoor,Hard,1st Round,5,Baez S.,Darderi L.,23,37.0,1800,1291.0,6.0,4.0,6.0,7.0,6.0,0.0,7.0,6.0,,,3.0,1.0,Completed,1.73,2.1,1.71,2.27,1.74,2.27,1.7,2.17
51,New York,US Open,2024-08-27,Grand Slam,Outdoor,Hard,1st Round,5,Tiafoe F.,Kovacevic A.,20,76.0,2120,738.0,6.0,4.0,6.0,3.0,4.0,6.0,7.0,5.0,,,3.0,1.0,Completed,1.14,5.5,1.16,6.33,1.18,6.33,1.15,5.6
51,New York,US Open,2024-08-27,Grand Slam,Outdoor,Hard,1st Round,5,Djere L.,Struff J.L.,109,35.0,531,1320.0,6.0,7.0,6.0,1.0,6.0,7.0,6.0,4.0,6.0,2.0,3.0,2.0,Completed,4.33,1.22,4.49,1.25,4.49,1.29,4.11,1.24
51,New York,US Open,2024-08-27,Grand Slam,Outdoor,Hard,1st Round,5,Cazaux A.,Carreno Busta P.,91,213.0,609,277.0,6.0,1.0,6.0,3.0,6.0,3.0,,,,,3.0,0.0,Completed,2.38,1.57,2.47,1.61,2.47,1.64,2.38,1.58
51,New York,US Open,2024-08-27,Grand Slam,Outdoor,Hard,1st Round,5,Griekspoor T.,Nagal S.,40,73.0,1210,747.0,6.0,1.0,6.0,3.0,7.0,6.0,,,,,3.0,0.0,Completed,1.2,4.5,1.23,4.79,1.24,4.79,1.21,4.41
51,New York,US Open,2024-08-27,Grand Slam,Outdoor,Hard,1st Round,5,Djokovic N.,Albot R.,2,138.0,7460,424.0,6.0,2.0,6.0,2.0,6.0,4.0,,,,,3.0,0.0,Completed,1.01,29.0,1.01,57.63,1.02,57.63,1.01,24.56
51,New York,US Open,2024-08-27,Grand Slam,Outdoor,Hard,1st Round,5,Hurkacz H.,Skatov T.,7,188.0,4055,315.0,6.0,3.0,7.0,6.0,7.0,6.0,,,,,3.0,0.0,Completed,1.14,5.5,1.16,6.27,1.17,6.27,1.15,5.65
51,New York,US Open,2024-08-27,Grand Slam,Outdoor,Hard,1st Round,5,Goffin D.,Tabilo A.,78,21.0,725,1978.0,7.0,6.0,6.0,1.0,7.0,5.0,,,,,3.0,0.0,Completed,2.2,1.67,2.35,1.67,2.35,1.68,2.27,1.65
51,New York,US Open,2024-08-27,Grand Slam,Outdoor,Hard,1st Round,5,Thompson J.,Lestienne C.,32,111.0,1376,527.0,6.0,1.0,6.0,3.0,6.0,2.0,,,,,3.0,0.0,Completed,1.13,6.0,1.14,6.7,1.15,6.7,1.13,6.07
51,New York,US Open,2024-08-27,Grand Slam,Outdoor,Hard,1st Round,5,Navone M.,Altmaier D.,36,89.0,1303,637.0,1.0,6.0,6.0,2.0,6.0,4.0,6.0,1.0,,,3.0,1.0,Completed,2.38,1.57,2.34,1.68,2.4,1.72,2.29,1.63
51,New York,US Open,2024-08-27,Grand Slam,Outdoor,Hard,1st Round,5,Kokkinakis T.,Tsitsipas S.,86,11.0,672,3425.0,7.0,6.0,4.0,6.0,6.0,3.0,7.0,5.0,,,3.0,1.0,Completed,3.2,1.36,3.15,1.43,3.37,1.43,3.03,1.39
51,New York,US Open,2024-08-27,Grand Slam,Outdoor,Hard,1st Round,5,Schoolkate T.,Daniel T.,193,88.0,308,639.0,4.0,6.0,4.0,6.0,6.0,4.0,7.0,6.0,6.0,4.0,3.0,2.0,Completed,2.38,1.57,2.53,1.59,2.53,1.62,2.4,1.58
51,New York,US Open,2024-08-27,Grand Slam,Outdoor,Hard,1st Round,5,Mensik J.,Auger-Aliassime F.,65,19.0,812,2170.0,6.0,2.0,6.0,4.0,6.0,2.0,,,,,3.0,0.0,Completed,4.0,1.25,4.14,1.28,4.25,1.29,3.93,1.26
51,New York,US Open,2024-08-27,Grand Slam,Outdoor,Hard,1st Round,5,Virtanen O.,Halys Q.,125,119.0,476,498.0,6.0,3.0,6.0,3.0,6.0,7.0,6.0,2.0,,,3.0,1.0,Completed,2.0,1.8,2.11,1.81,2.19,1.82,2.06,1.78
51,New York,US Open,2024-08-27,Grand Slam,Outdoor,Hard,1st Round,5,Machac T.,Fognini F.,39,71.0,1224,759.0,7.0,5.0,6.0,1.0,6.0,3.0,,,,,3.0,0.0,Completed,1.2,4.5,1.24,4.54,1.26,4.54,1.23,4.24
51,New York,US Open,2024-08-27,Grand Slam,Outdoor,Hard,1st Round,5,Evans D.,Khachanov K.,184,22.0,324,1930.0,6.0,7.0,7.0,6.0,7.0,6.0,4.0,6.0,6.0,4.0,3.0,2.0,Completed,4.33,1.22,4.56,1.24,4.56,1.26,4.32,1.22
51,New York,US Open,2024-08-27,Grand Slam,Outdoor,Hard,1st Round,5,Michelsen A.,Spizzirri E.,49,341.0,1115,145.0,6.0,1.0,7.0,5.0,6.0,3.0,,,,,3.0,0.0,Completed,1.22,4.33,1.24,4.63,1.27,4.73,1.23,4.2
51,New York,US Open,2024-08-27,Grand Slam,Outdoor,Hard,1st Round,5,Mannarino A.,Coric B.,42,98.0,1170,582.0,7.0,5.0,6.0,2.0,6.0,3.0,,,,,3.0,0.0,Completed,3.75,1.29,3.66,1.33,3.75,1.35,3.49,1.31
51,New York,US Open,2024-08-27,Grand Slam,Outdoor,Hard,1st Round,5,Draper J.,Zhang Zh.,25,41.0,1695,1185.0,6.0,3.0,6.0,0.0,4.0,0.0,,,,,2.0,0.0,Retired,1.25,4.0,1.31,3.85,1.33,4.01,1.28,3.77
51,New York,US Open,2024-08-27,Grand Slam,Outdoor,Hard,1st Round,5,Safiullin R.,Forbes M.,57,1848.0,910,1.0,6.0,4.0,7.0,6.0,6.0,2.0,,,,,3.0,0.0,Completed,1.01,34.0,1.02,37.61,1.02,37.61,1.01,22.15
51,New York,US Open,2024-08-27,Grand Slam,Outdoor,Hard,1st Round,5,Sinner J.,Mcdonald M.,1,140.0,9360,422.0,2.0,6.0,6.0,2.0,6.0,1.0,6.0,2.0,,,3.0,1.0,Completed,1.01,23.0,1.02,28.96,1.02,28.96,1.01,17.89
51,New York,US Open,2024-08-27,Grand Slam,Outdoor,Hard,1st Round,5,Arnaldi M.,Svajda Z.,30,102.0,1470,554.0,6.0,3.0,6.0,2.0,6.0,1.0,,,,,3.0,0.0,Completed,1.3,3.5,1.38,3.33,1.41,3.6,1.33,3.35
51,New York,US Open,2024-08-27,Grand Slam,Outdoor,Hard,1st Round,5,Borges N.,Coria F.,34,79.0,1325,714.0,6.0,2.0,6.0,4.0,6.0,1.0,,,,,3.0,0.0,Completed,1.11,6.5,1.1,8.73,1.11,8.9,1.1,7.37
51,New York,US Open,2024-08-27,Grand Slam,Outdoor,Hard,1st Round,5,Diaz Acosta F.,Gaston H.,64,63.0,827,830.0,6.0,1.0,6.0,4.0,6.0,2.0,,,,,3.0,0.0,Completed,2.38,1.57,2.33,1.68,2.4,1.68,2.29,1.63
51,New York,US Open,2024-08-27,Grand Slam,Outdoor,Hard,1st Round,5,De Minaur A.,Giron M.,10,46.0,3435,1150.0,6.0,3.0,6.0,4.0,5.0,7.0,6.0,4.0,,,3.0,1.0,Completed,1.29,3.75,1.26,4.34,1.31,4.34,1.26,3.92
51,New York,US Open,2024-08-27,Grand Slam,Outdoor,Hard,1st Round,5,Fils A.,Tien L.,24,191.0,1770,309.0,6.0,4.0,3.0,6.0,6.0,1.0,6.0,2.0,,,3.0,1.0,Completed,1.3,3.75,1.35,3.5,1.38,3.75,1.34,3.29
51,New York,US Open,2024-08-27,Grand Slam,Outdoor,Hard,1st Round,5,Medvedev D.,Lajovic D.,5,66.0,6275,811.0,6.0,3.0,3.0,6.0,6.0,3.0,6.0,1.0,,,3.0,1.0,Completed,1.04,13.0,1.06,14.11,1.07,14.11,1.04,11.51
51,New York,US Open,2024-08-27,Grand Slam,Outdoor,Hard,1st Round,5,Van De Zandschulp B.,Shapovalov D.,74,105.0,739,550.0,6.0,4.0,7.0,5.0,6.0,4.0,,,,,3.0,0.0,Completed,3.5,1.3,3.78,1.32,4.05,1.33,3.69,1.28
51,New York,US Open,2024-08-27,Grand Slam,Outdoor,Hard,1st Round,5,Purcell M.,Vukic A.,97,92.0,585,609.0,7.0,5.0,6.0,4.0,6.0,3.0,,,,,3.0,0.0,Completed,2.2,1.67,2.19,1.76,2.23,1.8,2.15,1.71
51,New York,US Open,2024-08-27,Grand Slam,Outdoor,Hard,1st Round,5,Korda S.,Moutet C.,16,69.0,2545,780.0,7.0,6.0,6.0,1.0,6.0,0.0,,,,,3.0,0.0,Completed,1.22,4.33,1.23,4.74,1.25,4.74,1.22,4.37
51,New York,US Open,2024-08-27,Grand Slam,Outdoor,Hard,1st Round,5,Cobolli F.,Duckworth J.,31,70.0,1418,764.0,6.0,1.0,4.0,6.0,6.0,4.0,6.0,4.0,,,3.0,1.0,Completed,1.3,3.5,1.32,3.75,1.35,3.75,1.31,3.52
51,New York,US Open,2024-08-27,Grand Slam,Outdoor,Hard,1st Round,5,Marozsan F.,Medjedovic H.,51,137.0,1090,431.0,2.0,6.0,6.0,1.0,3.0,6.0,6.0,1.0,6.0,4.0,3.0,2.0,Completed,1.73,2.1,1.79,2.14,1.79,2.2,1.74,2.11
51,New York,US Open,2024-08-27,Grand Slam,Outdoor,Hard,1st Round,5,Diallo G.,Munar J.,143,84.0,413,682.0,6.0,4.0,3.0,6.0,6.0,3.0,7.0,5.0,,,3.0,1.0,Completed,1.91,1.91,1.98,1.93,1.98,1.98,1.89,1.91
51,New York,US Open,2024-08-27,Grand Slam,Outdoor,Hard,1st Round,5,Bergs Z.,Kotov P.,80,60.0,697,864.0,6.0,2.0,4.0,6.0,6.0,2.0,3.0,6.0,7.0,6.0,3.0,2.0,Completed,1.8,2.0,1.75,2.21,1.8,2.21,1.75,2.09
51,New York,US Open,2024-08-27,Grand Slam,Outdoor,Hard,1st Round,5,O Connell C.,Jarry N.,87,26.0,671,1675.0,6.0,4.0,6.0,3.0,4.0,6.0,6.0,3.0,,,3.0,1.0,Completed,2.75,1.44,2.84,1.49,2.84,1.5,2.72,1.46
51,New York,US Open,2024-08-28,Grand Slam,Outdoor,Hard,1st Round,5,Bellucci M.,Wawrinka S.,101,176.0,555,333.0,6.0,4.0,7.0,6.0,6.0,3.0,,,,,3.0,0.0,Completed,1.4,3.0,1.4,3.2,1.47,3.2,1.39,3.0
51,New York,US Open,2024-08-28,Grand Slam,Outdoor,Hard,1st Round,5,Alcaraz C.,Tu L.,3,186.0,7360,322.0,6.0,2.0,4.0,6.0,6.0,3.0,6.0,1.0,,,3.0,1.0,Completed,1.0,51.0,1.01,47.27,1.01,53.38,1.0,26.03
51,New York,US Open,2024-08-28,Grand Slam,Outdoor,Hard,1st Round,5,Paul T.,Sonego L.,14,48.0,2985,1116.0,6.0,4.0,6.0,2.0,5.0,7.0,6.0,2.0,,,3.0,1.0,Completed,1.22,4.33,1.24,4.65,1.26,4.65,1.23,4.26
51,New York,US Open,2024-08-28,Grand Slam,Outdoor,Hard,2nd Round,5,Lehecka J.,Krueger M.,38,179.0,1255,332.0,6.0,7.0,0.0,6.0,6.0,4.0,6.0,4.0,7.0,5.0,3.0,2.0,Completed,1.22,4.33,1.23,4.73,1.23,4.75,1.22,4.27
51,New York,US Open,2024-08-28,Grand Slam,Outdoor,Hard,2nd Round,5,Etcheverry T.,Cerundolo F.,33,29.0,1335,1495.0,6.0,3.0,4.0,6.0,6.0,4.0,1.0,6.0,6.0,3.0,3.0,2.0,Completed,1.8,2.0,1.74,2.23,1.8,2.23,1.75,2.06
51,New York,US Open,2024-08-28,Grand Slam,Outdoor,Hard,2nd Round,5,Dimitrov G.,Hijikata R.,9,62.0,3655,848.0,6.0,1.0,6.0,1.0,7.0,6.0,,,,,3.0,0.0,Completed,1.07,9.0,1.12,7.95,1.12,9.0,1.09,7.44
51,New York,US Open,2024-08-28,Grand Slam,Outdoor,Hard,2nd Round,5,Griekspoor T.,Baez S.,40,23.0,1210,1800.0,6.0,1.0,2.0,0.0,,,,,,,1.0,0.0,Retired,1.57,2.38,1.54,2.68,1.57,2.68,1.54,2.49
51,New York,US Open,2024-08-28,Grand Slam,Outdoor,Hard,2nd Round,5,Nakashima B.,Cazaux A.,50,91.0,1105,609.0,6.0,4.0,6.0,4.0,6.0,2.0,,,,,3.0,0.0,Completed,1.29,3.75,1.29,4.04,1.3,4.04,1.28,3.76
51,New York,US Open,2024-08-28,Grand Slam,Outdoor,Hard,2nd Round,5,Zverev A.,Muller A.,4,77.0,7035,732.0,6.0,4.0,7.0,6.0,6.0,1.0,,,,,3.0,0.0,Completed,1.03,17.0,1.05,15.64,1.06,17.6,1.04,12.84
51,New York,US Open,2024-08-28,Grand Slam,Outdoor,Hard,2nd Round,5,Tiafoe F.,Shevchenko A.,20,61.0,2120,855.0,6.0,4.0,6.0,1.0,1.0,0.0,,,,,2.0,0.0,Retired,1.14,5.5,1.17,6.01,1.17,6.01,1.15,5.49
51,New York,US Open,2024-08-28,Grand Slam,Outdoor,Hard,2nd Round,5,Rublev A.,Rinderknech A.,6,56.0,4805,915.0,4.0,6.0,5.0,7.0,6.0,1.0,6.0,2.0,6.0,2.0,3.0,2.0,Completed,1.13,6.0,1.14,6.76,1.14,7.0,1.12,6.19
51,New York,US Open,2024-08-28,Grand Slam,Outdoor,Hard,2nd Round,5,Comesana F.,Humbert U.,108,17.0,532,2330.0,5.0,7.0,6.0,4.0,6.0,4.0,6.0,4.0,,,3.0,1.0,Completed,8.0,1.08,7.51,1.12,8.01,1.12,7.18,1.1
51,New York,US Open,2024-08-28,Grand Slam,Outdoor,Hard,2nd Round,5,Shang J.,Carballes Baena R.,72,55.0,754,916.0,6.0,2.0,6.0,3.0,7.0,6.0,,,,,3.0,0.0,Completed,1.33,3.4,1.36,3.44,1.36,3.6,1.33,3.31
51,New York,US Open,2024-08-28,Grand Slam,Outdoor,Hard,2nd Round,5,Popyrin A.,Martinez P.,28,43.0,1635,1168.0,6.0,2.0,6.0,4.0,6.0,0.0,,,,,3.0,0.0,Completed,1.17,5.0,1.2,5.3,1.2,5.36,1.18,5.0
51,New York,US Open,2024-08-28,Grand Slam,Outdoor,Hard,2nd Round,5,Shelton B.,Bautista Agut R.,13,67.0,3110,791.0,6.0,3.0,6.0,4.0,6.0,4.0,,,,,3.0,0.0,Completed,1.17,5.0,1.19,5.44,1.2,5.44,1.17,5.04
51,New York,US Open,2024-08-28,Grand Slam,Outdoor,Hard,2nd Round,5,Musetti L.,Kecmanovic M.,18,54.0,2255,940.0,3.0,6.0,6.0,4.0,6.0,4.0,2.0,6.0,7.0,5.0,3.0,2.0,Completed,1.4,3.0,1.45,2.99,1.45,3.21,1.41,2.95
51,New York,US Open,2024-08-28,Grand Slam,Outdoor,Hard,2nd Round,5,Ruud C.,Monfils G.,8,45.0,3855,1155.0,6.0,4.0,6.0,2.0,2.0,6.0,7.0,6.0,,,3.0,1.0,Completed,1.5,2.63,1.56,2.58,1.56,2.68,1.51,2.56
51,New York,US Open,2024-08-29,Grand Slam,Outdoor,Hard,2nd Round,5,Fritz T.,Berrettini M.,12,44.0,3120,1160.0,6.0,3.0,7.0,6.0,6.0,1.0,,,,,3.0,0.0,Completed,1.53,2.5,1.57,2.57,1.57,2.57,1.54,2.47
51,New York,US Open,2024-08-29,Grand Slam,Outdoor,Hard,2nd Round,5,Djokovic N.,Djere L.,2,109.0,7460,531.0,6.0,4.0,6.0,4.0,2.0,0.0,,,,,2.0,0.0,Retired,1.02,21.0,1.02,31.6,1.02,31.6,1.02,20.55
51,New York,US Open,2024-08-29,Grand Slam,Outdoor,Hard,2nd Round,5,Arnaldi M.,Safiullin R.,30,57.0,1470,910.0,6.0,2.0,6.0,4.0,6.0,4.0,,,,,3.0,0.0,Completed,1.67,2.2,1.79,2.15,1.84,2.22,1.73,2.12
51,New York,US Open,2024-08-29,Grand Slam,Outdoor,Hard,2nd Round,5,Machac T.,Korda S.,39,16.0,1224,2545.0,6.0,4.0,6.0,2.0,6.0,4.0,,,,,3.0,0.0,Completed,3.4,1.33,3.69,1.33,3.69,1.34,3.48,1.31
51,New York,US Open,2024-08-29,Grand Slam,Outdoor,Hard,2nd Round,5,O Connell C.,Bellucci M.,87,101.0,671,555.0,6.0,3.0,6.0,4.0,3.0,6.0,6.0,3.0,,,3.0,1.0,Completed,3.0,1.4,3.1,1.42,3.11,1.42,2.98,1.4
51,New York,US Open,2024-08-29,Grand Slam,Outdoor,Hard,2nd Round,5,Thompson J.,Hurkacz H.,32,7.0,1376,4055.0,7.0,6.0,6.0,1.0,7.0,5.0,,,,,3.0,0.0,Completed,2.63,1.5,2.53,1.59,2.77,1.59,2.62,1.5
51,New York,US Open,2024-08-29,Grand Slam,Outdoor,Hard,2nd Round,5,Sinner J.,Michelsen A.,1,49.0,9360,1115.0,6.0,4.0,6.0,0.0,6.0,2.0,,,,,3.0,0.0,Completed,1.04,13.0,1.05,15.93,1.05,15.93,1.04,12.25
51,New York,US Open,2024-08-29,Grand Slam,Outdoor,Hard,2nd Round,5,Borges N.,Kokkinakis T.,34,86.0,1325,672.0,6.0,4.0,7.0,5.0,7.0,5.0,,,,,3.0,0.0,Completed,2.1,1.73,2.19,1.76,2.27,1.8,2.14,1.71
51,New York,US Open,2024-08-29,Grand Slam,Outdoor,Hard,2nd Round,5,Goffin D.,Mannarino A.,78,42.0,725,1170.0,6.0,7.0,6.0,3.0,6.0,2.0,7.0,6.0,,,3.0,1.0,Completed,1.36,3.2,1.38,3.35,1.39,3.43,1.35,3.23
51,New York,US Open,2024-08-29,Grand Slam,Outdoor,Hard,2nd Round,5,Draper J.,Diaz Acosta F.,25,64.0,1695,827.0,6.0,4.0,6.0,2.0,6.0,2.0,,,,,3.0,0.0,Completed,1.07,9.0,1.1,8.81,1.1,9.02,1.08,8.24
51,New York,US Open,2024-08-29,Grand Slam,Outdoor,Hard,2nd Round,5,De Minaur A.,Virtanen O.,10,125.0,3435,476.0,7.0,5.0,6.0,1.0,7.0,6.0,,,,,3.0,0.0,Completed,1.22,4.33,1.27,4.21,1.27,4.4,1.24,4.16
51,New York,US Open,2024-08-29,Grand Slam,Outdoor,Hard,2nd Round,5,Cobolli F.,Bergs Z.,31,80.0,1418,697.0,4.0,6.0,6.0,3.0,7.0,5.0,6.0,3.0,,,3.0,1.0,Completed,1.53,2.5,1.56,2.59,1.6,2.6,1.54,2.5
51,New York,US Open,2024-08-29,Grand Slam,Outdoor,Hard,2nd Round,5,Diallo G.,Fils A.,143,24.0,413,1770.0,7.0,5.0,6.0,7.0,6.0,4.0,6.0,4.0,,,3.0,1.0,Completed,3.4,1.33,3.45,1.36,3.5,1.36,3.33,1.34
51,New York,US Open,2024-08-29,Grand Slam,Outdoor,Hard,2nd Round,5,Mensik J.,Schoolkate T.,65,193.0,812,308.0,6.0,7.0,2.0,6.0,6.0,2.0,7.0,6.0,7.0,6.0,3.0,2.0,Completed,1.17,5.0,1.23,4.73,1.27,5.0,1.21,4.51
51,New York,US Open,2024-08-29,Grand Slam,Outdoor,Hard,2nd Round,5,Evans D.,Navone M.,184,36.0,324,1303.0,6.0,4.0,6.0,3.0,6.0,3.0,,,,,3.0,0.0,Completed,2.0,1.8,1.93,1.97,2.0,1.97,1.92,1.89
51,New York,US Open,2024-08-29,Grand Slam,Outdoor,Hard,2nd Round,5,Paul T.,Purcell M.,14,97.0,2985,585.0,7.0,5.0,6.0,0.0,1.0,0.0,,,,,2.0,0.0,Retired,1.08,8.0,1.11,8.34,1.13,8.5,1.1,7.28
51,New York,US Open,2024-08-30,Grand Slam,Outdoor,Hard,2nd Round,5,Medvedev D.,Marozsan F.,5,51.0,6275,1090.0,6.0,3.0,6.0,2.0,7.0,6.0,,,,,3.0,0.0,Completed,1.1,7.0,1.11,8.03,1.12,8.19,1.1,7.13
51,New York,US Open,2024-08-30,Grand Slam,Outdoor,Hard,2nd Round,5,Van De Zandschulp B.,Alcaraz C.,74,3.0,739,7360.0,6.0,1.0,7.0,5.0,6.0,4.0,,,,,3.0,0.0,Completed,29.0,1.01,32.02,1.02,33.86,1.03,19.07,1.01
51,New York,US Open,2024-08-30,Grand Slam,Outdoor,Hard,3rd Round,5,Tiafoe F.,Shelton B.,20,13.0,2120,3110.0,4.0,6.0,7.0,5.0,6.0,7.0,6.0,4.0,6.0,3.0,3.0,2.0,Completed,2.3,1.62,2.45,1.62,2.45,1.66,2.31,1.61
51,New York,US Open,2024-08-30,Grand Slam,Outdoor,Hard,3rd Round,5,Rublev A.,Lehecka J.,6,38.0,4805,1255.0,6.0,3.0,7.0,5.0,6.0,4.0,,,,,3.0,0.0,Completed,1.33,3.4,1.35,3.5,1.37,3.5,1.34,3.28
51,New York,US Open,2024-08-30,Grand Slam,Outdoor,Hard,3rd Round,5,Dimitrov G.,Griekspoor T.,9,40.0,3655,1210.0,6.0,3.0,6.0,3.0,6.0,1.0,,,,,3.0,0.0,Completed,1.2,4.5,1.21,5.05,1.24,5.05,1.21,4.52
51,New York,US Open,2024-08-30,Grand Slam,Outdoor,Hard,3rd Round,5,Fritz T.,Comesana F.,12,108.0,3120,532.0,6.0,3.0,6.0,4.0,6.0,2.0,,,,,3.0,0.0,Completed,1.03,15.0,1.05,15.33,1.05,15.33,1.03,12.79
51,New York,US Open,2024-08-30,Grand Slam,Outdoor,Hard,3rd Round,5,Ruud C.,Shang J.,8,72.0,3855,754.0,6.0,7.0,3.0,6.0,6.0,0.0,6.0,3.0,6.0,1.0,3.0,2.0,Completed,1.36,3.2,1.44,3.05,1.44,3.37,1.39,3.0
51,New York,US Open,2024-08-30,Grand Slam,Outdoor,Hard,3rd Round,5,Nakashima B.,Musetti L.,50,18.0,1105,2255.0,6.0,2.0,3.0,6.0,6.0,3.0,7.0,6.0,,,3.0,1.0,Completed,1.62,2.3,1.69,2.3,1.69,2.38,1.63,2.29
51,New York,US Open,2024-08-31,Grand Slam,Outdoor,Hard,3rd Round,5,Popyrin A.,Djokovic N.,28,2.0,1635,7460.0,6.0,4.0,6.0,4.0,2.0,6.0,6.0,4.0,,,3.0,1.0,Completed,6.0,1.13,6.25,1.16,6.46,1.16,5.97,1.14
51,New York,US Open,2024-08-31,Grand Slam,Outdoor,Hard,3rd Round,5,Zverev A.,Etcheverry T.,4,33.0,7035,1335.0,5.0,7.0,7.0,5.0,6.0,1.0,6.0,3.0,,,3.0,1.0,Completed,1.04,13.0,1.07,11.58,1.07,13.0,1.06,10.13
51,New York,US Open,2024-08-31,Grand Slam,Outdoor,Hard,3rd Round,5,Machac T.,Goffin D.,39,78.0,1224,725.0,6.0,3.0,6.0,1.0,6.0,2.0,,,,,3.0,0.0,Completed,1.53,2.5,1.65,2.4,1.67,2.51,1.58,2.39
51,New York,US Open,2024-08-31,Grand Slam,Outdoor,Hard,3rd Round,5,Draper J.,Van De Zandschulp B.,25,74.0,1695,739.0,6.0,3.0,6.0,4.0,6.0,2.0,,,,,3.0,0.0,Completed,1.25,4.0,1.28,4.11,1.31,4.25,1.27,3.86
51,New York,US Open,2024-08-31,Grand Slam,Outdoor,Hard,3rd Round,5,Sinner J.,O Connell C.,1,87.0,9360,671.0,6.0,1.0,6.0,4.0,6.0,2.0,,,,,3.0,0.0,Completed,1.01,26.0,1.03,21.16,1.03,26.0,1.02,16.87
51,New York,US Open,2024-08-31,Grand Slam,Outdoor,Hard,3rd Round,5,Paul T.,Diallo G.,14,143.0,2985,413.0,6.0,7.0,6.0,3.0,6.0,1.0,7.0,6.0,,,3.0,1.0,Completed,1.1,7.0,1.12,7.84,1.13,8.0,1.11,6.92
51,New York,US Open,2024-08-31,Grand Slam,Outdoor,Hard,3rd Round,5,Borges N.,Mensik J.,34,65.0,1325,812.0,6.0,7.0,6.0,1.0,3.0,6.0,7.0,6.0,6.0,0.0,3.0,2.0,Completed,1.57,2.38,1.63,2.44,1.63,2.44,1.59,2.36
51,New York,US Open,2024-08-31,Grand Slam,Outdoor,Hard,3rd Round,5,Thompson J.,Arnaldi M.,32,30.0,1376,1470.0,7.0,5.0,6.0,2.0,7.0,6.0,,,,,3.0,0.0,Completed,1.91,1.91,1.85,2.06,1.91,2.06,1.85,1.95
51,New York,US Open,2024-09-01,Grand Slam,Outdoor,Hard,3rd Round,5,De Minaur A.,Evans D.,10,184.0,3435,324.0,6.0,3.0,6.0,7.0,6.0,0.0,6.0,0.0,,,3.0,1.0,Completed,1.14,5.5,1.16,6.24,1.18,6.24,1.15,5.54
51,New York,US Open,2024-09-01,Grand Slam,Outdoor,Hard,3rd Round,5,Medvedev D.,Cobolli F.,5,31.0,6275,1418.0,6.0,3.0,6.0,4.0,6.0,3.0,,,,,3.0,0.0,Completed,1.13,6.0,1.11,8.01,1.17,8.01,1.12,6.48
51,New York,US Open,2024-09-01,Grand Slam,Outdoor,Hard,4th Round,5,Dimitrov G.,Rublev A.,9,6.0,3655,4805.0,6.0,3.0,7.0,6.0,1.0,6.0,3.0,6.0,6.0,3.0,3.0,2.0,Completed,2.0,1.8,2.03,1.88,2.14,1.91,2.01,1.81
51,New York,US Open,2024-09-01,Grand Slam,Outdoor,Hard,4th Round,5,Fritz T.,Ruud C.,12,8.0,3120,3855.0,3.0,6.0,6.0,4.0,6.0,3.0,6.0,2.0,,,3.0,1.0,Completed,1.36,3.2,1.35,3.52,1.4,3.52,1.34,3.26
51,New York,US Open,2024-09-01,Grand Slam,Outdoor,Hard,4th Round,5,Zverev A.,Nakashima B.,4,50.0,7035,1105.0,3.0,6.0,6.0,1.0,6.0,2.0,6.0,2.0,,,3.0,1.0,Completed,1.22,4.33,1.26,4.38,1.26,4.38,1.23,4.19
51,New York,US Open,2024-09-02,Grand Slam,Outdoor,Hard,4th Round,5,Tiafoe F.,Popyrin A.,20,28.0,2120,1635.0,6.0,4.0,7.0,6.0,2.0,6.0,6.0,3.0,,,3.0,1.0,Completed,1.91,1.91,2.01,1.89,2.01,2.02,1.93,1.89
51,New York,US Open,2024-09-02,Grand Slam,Outdoor,Hard,4th Round,5,Draper J.,Machac T.,25,39.0,1695,1224.0,6.0,3.0,6.0,1.0,6.0,2.0,,,,,3.0,0.0,Completed,1.44,2.75,1.45,2.98,1.52,2.98,1.45,2.77
51,New York,US Open,2024-09-02,Grand Slam,Outdoor,Hard,4th Round,5,Medvedev D.,Borges N.,5,34.0,6275,1325.0,6.0,0.0,6.0,1.0,6.0,3.0,,,,,3.0,0.0,Completed,1.1,7.0,1.1,8.9,1.11,8.9,1.09,7.61
51,New York,US Open,2024-09-02,Grand Slam,Outdoor,Hard,4th Round,5,De Minaur A.,Thompson J.,10,32.0,3435,1376.0,6.0,0.0,3.0,6.0,6.0,3.0,7.0,5.0,,,3.0,1.0,Completed,1.25,4.0,1.27,4.22,1.29,4.26,1.26,3.88
51,New York,US Open,2024-09-03,Grand Slam,Outdoor,Hard,4th Round,5,Sinner J.,Paul T.,1,14.0,9360,2985.0,7.0,6.0,7.0,6.0,6.0,1.0,,,,,3.0,0.0,Completed,1.14,5.5,1.15,6.57,1.17,6.61,1.14,5.82
51,New York,US Open,2024-09-03,Grand Slam,Outdoor,Hard,Quarterfinals,5,Fritz T.,Zverev A.,12,4.0,3120,7035.0,7.0,6.0,3.0,6.0,6.0,4.0,7.0,6.0,,,3.0,1.0,Completed,2.5,1.53,2.49,1.61,2.63,1.61,2.46,1.55
51,New York,US Open,2024-09-04,Grand Slam,Outdoor,Hard,Quarterfinals,5,Tiafoe F.,Dimitrov G.,20,9.0,2120,3655.0,6.0,3.0,6.0,7.0,6.0,3.0,4.0,1.0,,,2.0,1.0,Retired,2.38,1.57,2.44,1.63,2.44,1.66,2.31,1.62
51,New York,US Open,2024-09-04,Grand Slam,Outdoor,Hard,Quarterfinals,5,Draper J.,De Minaur A.,25,10.0,1695,3435.0,6.0,3.0,7.0,5.0,6.0,2.0,,,,,3.0,0.0,Completed,2.2,1.67,2.33,1.68,2.33,1.73,2.22,1.67
51,New York,US Open,2024-09-05,Grand Slam,Outdoor,Hard,Quarterfinals,5,Sinner J.,Medvedev D.,1,5.0,9360,6275.0,6.0,2.0,1.0,6.0,6.0,1.0,6.0,4.0,,,3.0,1.0,Completed,1.36,3.2,1.36,3.44,1.4,3.52,1.34,3.28
51,New York,US Open,2024-09-06,Grand Slam,Outdoor,Hard,Semifinals,5,Sinner J.,Draper J.,1,25.0,9360,1695.0,7.0,5.0,7.0,6.0,6.0,2.0,,,,,3.0,0.0,Completed,1.17,5.0,1.16,6.2,1.18,6.2,1.16,5.41
51,New York,US Open,2024-09-07,Grand Slam,Outdoor,Hard,Semifinals,5,Fritz T.,Tiafoe F.,12,20.0,3120,2120.0,4.0,6.0,7.0,5.0,4.0,6.0,6.0,4.0,6.0,1.0,3.0,2.0,Completed,1.33,3.4,1.34,3.6,1.37,3.6,1.34,3.29
51,New York,US Open,2024-09-08,Grand Slam,Outdoor,Hard,The Final,5,Sinner J.,Fritz T.,1,12.0,9360,3120.0,6.0,3.0,6.0,4.0,7.0,5.0,,,,,3.0,0.0,Completed,1.25,4.0,1.26,4.37,1.28,4.5,1.24,4.19
52,Chengdu,Chengdu Open,2024-09-18,ATP250,Outdoor,Hard,1st Round,3,Klein L.,Walton A.,127,94.0,468,604.0,7.0,6.0,6.0,4.0,,,,,,,2.0,0.0,Completed,1.73,2.1,1.71,2.23,1.74,2.27,1.68,2.15
52,Chengdu,Chengdu Open,2024-09-18,ATP250,Outdoor,Hard,1st Round,3,Daniel T.,Sonego L.,90,50.0,614,1081.0,6.0,4.0,7.0,5.0,,,,,,,2.0,0.0,Completed,3.5,1.3,3.48,1.34,3.53,1.34,3.38,1.31
52,Chengdu,Chengdu Open,2024-09-18,ATP250,Outdoor,Hard,1st Round,3,Mpetshi G.,Sun F.,51,359.0,1048,139.0,6.0,7.0,7.0,5.0,6.0,4.0,,,,,2.0,1.0,Completed,1.17,5.0,1.17,5.4,1.18,6.0,1.15,5.1
52,Chengdu,Chengdu Open,2024-09-19,ATP250,Outdoor,Hard,1st Round,3,Vukic A.,Coric B.,92,97.0,609,582.0,3.0,6.0,7.0,6.0,6.0,4.0,,,,,2.0,1.0,Completed,1.91,1.91,2.05,1.83,2.1,1.91,1.97,1.8
52,Chengdu,Chengdu Open,2024-09-19,ATP250,Outdoor,Hard,1st Round,3,Zhou Y.,Tseng C.H.,531,121.0,72,489.0,2.0,6.0,6.0,1.0,3.0,1.0,,,,,1.0,1.0,Retired,4.0,1.25,4.16,1.26,4.27,1.26,3.96,1.24
52,Chengdu,Chengdu Open,2024-09-19,ATP250,Outdoor,Hard,1st Round,3,Kachmazov A.,Kovacevic A.,252,72.0,226,740.0,6.0,4.0,7.0,6.0,,,,,,,2.0,0.0,Completed,2.63,1.5,2.45,1.6,2.63,1.61,2.45,1.53
52,Chengdu,Chengdu Open,2024-09-19,ATP250,Outdoor,Hard,1st Round,3,Shang J.,Nishikori K.,67,201.0,795,288.0,6.0,4.0,6.0,4.0,,,,,,,2.0,0.0,Completed,1.57,2.38,1.63,2.38,1.63,2.45,1.58,2.34
52,Chengdu,Chengdu Open,2024-09-19,ATP250,Outdoor,Hard,1st Round,3,Hanfmann Y.,Mochizuki S.,95,147.0,594,395.0,6.0,4.0,7.0,6.0,,,,,,,2.0,0.0,Completed,1.5,2.63,1.53,2.61,1.53,2.64,1.5,2.53
52,Chengdu,Chengdu Open,2024-09-19,ATP250,Outdoor,Hard,1st Round,3,O Connell C.,Kotov P.,75,61.0,720,864.0,6.0,4.0,7.0,5.0,,,,,,,2.0,0.0,Completed,1.67,2.2,1.7,2.24,1.7,2.28,1.66,2.19
52,Chengdu,Chengdu Open,2024-09-19,ATP250,Outdoor,Hard,1st Round,3,Safiullin R.,Fognini F.,56,79.0,915,694.0,6.0,3.0,4.0,6.0,6.0,4.0,,,,,2.0,1.0,Completed,1.2,4.5,1.23,4.47,1.25,4.5,1.21,4.25
52,Chengdu,Chengdu Open,2024-09-19,ATP250,Outdoor,Hard,1st Round,3,Gomez F.,Muller A.,174,70.0,346,755.0,6.0,4.0,7.0,5.0,,,,,,,2.0,0.0,Completed,3.2,1.36,3.34,1.36,3.43,1.36,3.19,1.34
52,Chengdu,Chengdu Open,2024-09-19,ATP250,Outdoor,Hard,1st Round,3,Mannarino A.,Atmane T.,46,164.0,1144,363.0,6.0,7.0,6.0,1.0,6.0,3.0,,,,,2.0,1.0,Completed,2.0,1.8,2.19,1.73,2.19,1.85,2.05,1.74
52,Chengdu,Chengdu Open,2024-09-20,ATP250,Outdoor,Hard,2nd Round,3,Kachmazov A.,Daniel T.,252,90.0,226,614.0,7.0,6.0,6.0,1.0,,,,,,,2.0,0.0,Completed,2.38,1.57,2.43,1.62,2.51,1.63,2.34,1.58
52,Chengdu,Chengdu Open,2024-09-20,ATP250,Outdoor,Hard,2nd Round,3,Hanfmann Y.,Mpetshi G.,95,51.0,594,1048.0,6.0,4.0,3.0,6.0,6.0,3.0,,,,,2.0,1.0,Completed,1.91,1.91,1.96,1.93,2.01,1.93,1.91,1.87
52,Chengdu,Chengdu Open,2024-09-20,ATP250,Outdoor,Hard,2nd Round,3,Jarry N.,Klein L.,28,127.0,1595,468.0,7.0,6.0,3.0,6.0,6.0,4.0,,,,,2.0,1.0,Completed,1.73,2.1,1.81,2.1,1.81,2.1,1.75,2.04
52,Chengdu,Chengdu Open,2024-09-20,ATP250,Outdoor,Hard,2nd Round,3,Martinez P.,Vukic A.,42,92.0,1167,609.0,6.0,3.0,6.0,4.0,,,,,,,2.0,0.0,Completed,2.75,1.44,2.93,1.45,2.95,1.5,2.75,1.43
52,Chengdu,Chengdu Open,2024-09-21,ATP250,Outdoor,Hard,2nd Round,3,Mannarino A.,Zhou Y.,46,531.0,1144,72.0,7.0,6.0,2.0,6.0,6.0,4.0,,,,,2.0,1.0,Completed,1.11,6.5,1.16,5.93,1.16,6.54,1.14,5.62
52,Chengdu,Chengdu Open,2024-09-21,ATP250,Outdoor,Hard,2nd Round,3,Musetti L.,O Connell C.,19,75.0,2345,720.0,6.0,7.0,6.0,4.0,7.0,6.0,,,,,2.0,1.0,Completed,1.67,2.2,1.8,2.11,1.8,2.44,1.65,2.2
52,Chengdu,Chengdu Open,2024-09-21,ATP250,Outdoor,Hard,2nd Round,3,Bublik A.,Gomez F.,27,174.0,1650,346.0,6.0,4.0,6.0,4.0,,,,,,,2.0,0.0,Completed,1.36,3.2,1.36,3.38,1.37,3.38,1.36,3.09
52,Chengdu,Chengdu Open,2024-09-21,ATP250,Outdoor,Hard,2nd Round,3,Shang J.,Safiullin R.,67,56.0,795,915.0,5.0,7.0,6.0,3.0,6.0,3.0,,,,,2.0,1.0,Completed,1.53,2.5,1.61,2.45,1.61,2.6,1.54,2.43
52,Chengdu,Chengdu Open,2024-09-22,ATP250,Outdoor,Hard,Quarterfinals,3,Kachmazov A.,Jarry N.,252,28.0,226,1595.0,6.0,3.0,6.0,4.0,,,,,,,2.0,0.0,Completed,2.38,1.57,2.42,1.64,2.45,1.64,2.34,1.58
52,Chengdu,Chengdu Open,2024-09-22,ATP250,Outdoor,Hard,Quarterfinals,3,Musetti L.,Mannarino A.,19,46.0,2345,1144.0,6.0,2.0,5.0,7.0,6.0,2.0,,,,,2.0,1.0,Completed,1.29,3.75,1.33,3.64,1.34,3.75,1.29,3.52
52,Chengdu,Chengdu Open,2024-09-22,ATP250,Outdoor,Hard,Quarterfinals,3,Hanfmann Y.,Martinez P.,95,42.0,594,1167.0,7.0,6.0,6.0,2.0,,,,,,,2.0,0.0,Completed,1.73,2.1,1.83,2.1,1.86,2.12,1.76,2.04
52,Chengdu,Chengdu Open,2024-09-22,ATP250,Outdoor,Hard,Quarterfinals,3,Shang J.,Bublik A.,67,27.0,795,1650.0,6.0,4.0,7.0,6.0,,,,,,,2.0,0.0,Completed,1.53,2.5,1.56,2.6,1.59,2.6,1.53,2.45
52,Chengdu,Chengdu Open,2024-09-23,ATP250,Outdoor,Hard,Semifinals,3,Musetti L.,Kachmazov A.,19,252.0,2345,226.0,6.0,4.0,6.0,2.0,,,,,,,2.0,0.0,Completed,1.25,4.0,1.26,4.28,1.29,4.4,1.24,3.92
52,Chengdu,Chengdu Open,2024-09-23,ATP250,Outdoor,Hard,Semifinals,3,Shang J.,Hanfmann Y.,67,95.0,795,594.0,6.0,4.0,6.0,4.0,,,,,,,2.0,0.0,Completed,1.33,3.4,1.36,3.46,1.37,3.46,1.33,3.27
52,Chengdu,Chengdu Open,2024-09-24,ATP250,Outdoor,Hard,The Final,3,Shang J.,Musetti L.,67,19.0,795,2345.0,7.0,6.0,6.0,1.0,,,,,,,2.0,0.0,Completed,1.91,1.91,1.95,1.95,2.0,1.95,1.93,1.86
53,Hangzhou,Hangzhou Open,2024-09-18,ATP250,Outdoor,Hard,1st Round,3,Marozsan F.,Nardi L.,49,87.0,1095,647.0,6.0,0.0,6.0,2.0,,,,,,,2.0,0.0,Completed,1.5,2.63,1.46,2.92,1.54,2.95,1.47,2.66
53,Hangzhou,Hangzhou Open,2024-09-18,ATP250,Outdoor,Hard,1st Round,3,Kukushkin M.,Darderi L.,112,41.0,515,1271.0,6.0,3.0,6.0,4.0,,,,,,,2.0,0.0,Completed,2.2,1.67,2.27,1.7,2.27,1.72,2.19,1.66
53,Hangzhou,Hangzhou Open,2024-09-18,ATP250,Outdoor,Hard,1st Round,3,Cilic M.,Svajda Z.,777,135.0,28,452.0,5.0,7.0,6.0,3.0,6.0,0.0,,,,,2.0,1.0,Completed,1.73,2.1,1.81,2.1,1.82,2.1,1.76,2.04
53,Hangzhou,Hangzhou Open,2024-09-19,ATP250,Outdoor,Hard,1st Round,3,Nishioka Y.,Marterer M.,54,105.0,974,543.0,6.0,4.0,6.0,2.0,,,,,,,2.0,0.0,Completed,1.36,3.2,1.39,3.21,1.4,3.21,1.37,3.05
53,Hangzhou,Hangzhou Open,2024-09-19,ATP250,Outdoor,Hard,1st Round,3,Hijikata R.,Dzumhur D.,81,86.0,681,655.0,2.0,6.0,7.0,6.0,6.0,2.0,,,,,2.0,1.0,Completed,1.73,2.1,1.85,2.05,1.85,2.14,1.74,2.08
53,Hangzhou,Hangzhou Open,2024-09-19,ATP250,Outdoor,Hard,1st Round,3,Bu Y.,Gaston H.,124,77.0,484,714.0,7.0,5.0,6.0,3.0,,,,,,,2.0,0.0,Completed,1.44,2.75,1.53,2.65,1.53,2.78,1.46,2.64
53,Hangzhou,Hangzhou Open,2024-09-19,ATP250,Outdoor,Hard,1st Round,3,Shevchenko A.,Trungelliti M.,58,138.0,870,423.0,6.0,1.0,6.0,1.0,,,,,,,2.0,0.0,Completed,1.73,2.1,1.78,2.14,1.78,2.29,1.68,2.14
53,Hangzhou,Hangzhou Open,2024-09-19,ATP250,Outdoor,Hard,1st Round,3,Carballes Baena R.,Moutet C.,55,69.0,921,771.0,7.0,6.0,6.0,1.0,,,,,,,2.0,0.0,Completed,2.3,1.62,2.4,1.63,2.4,1.8,2.22,1.64
53,Hangzhou,Hangzhou Open,2024-09-19,ATP250,Outdoor,Hard,1st Round,3,Uchiyama Y.,Mccabe J.,160,302.0,370,172.0,6.0,4.0,6.0,4.0,,,,,,,2.0,0.0,Completed,1.4,3.0,,,1.46,3.0,1.41,2.79
53,Hangzhou,Hangzhou Open,2024-09-19,ATP250,Outdoor,Hard,1st Round,3,Wong C.,Wu Y.,141,566.0,409,63.0,6.0,3.0,,,,,,,,,1.0,0.0,Retired,2.3,1.62,2.37,1.65,2.37,1.65,2.28,1.61
53,Hangzhou,Hangzhou Open,2024-09-19,ATP250,Outdoor,Hard,1st Round,3,Bellucci M.,Karatsev A.,108,115.0,529,508.0,6.0,4.0,6.0,0.0,,,,,,,2.0,0.0,Completed,1.73,2.1,1.77,2.16,1.77,2.18,1.71,2.1
53,Hangzhou,Hangzhou Open,2024-09-19,ATP250,Outdoor,Hard,1st Round,3,Zhang Zh.,Yevseyev D.,48,207.0,1105,282.0,6.0,2.0,1.0,6.0,6.0,4.0,,,,,2.0,1.0,Completed,1.14,5.5,1.21,4.9,1.22,5.5,1.18,4.81
53,Hangzhou,Hangzhou Open,2024-09-20,ATP250,Outdoor,Hard,2nd Round,3,Kukushkin M.,Shevchenko A.,112,58.0,515,870.0,6.0,4.0,7.0,6.0,,,,,,,2.0,0.0,Completed,2.3,1.62,2.24,1.73,2.44,1.75,2.21,1.64
53,Hangzhou,Hangzhou Open,2024-09-20,ATP250,Outdoor,Hard,2nd Round,3,Hijikata R.,Marozsan F.,81,49.0,681,1095.0,,,,,,,,,,,,,Walkover,3.0,1.4,3.05,1.43,3.05,1.44,2.91,1.4
53,Hangzhou,Hangzhou Open,2024-09-20,ATP250,Outdoor,Hard,2nd Round,3,Nakashima B.,Wong C.,39,141.0,1295,409.0,6.0,7.0,7.0,6.0,6.0,1.0,,,,,2.0,1.0,Completed,1.14,5.5,1.2,5.32,1.2,5.5,1.16,5.01
53,Hangzhou,Hangzhou Open,2024-09-20,ATP250,Outdoor,Hard,2nd Round,3,Bu Y.,Khachanov K.,124,23.0,484,1930.0,7.0,6.0,4.0,6.0,6.0,3.0,,,,,2.0,1.0,Completed,2.75,1.44,2.65,1.55,2.78,1.55,2.62,1.48
53,Hangzhou,Hangzhou Open,2024-09-21,ATP250,Outdoor,Hard,2nd Round,3,Cilic M.,Nishioka Y.,777,54.0,28,974.0,6.0,4.0,6.0,1.0,,,,,,,2.0,0.0,Completed,2.63,1.5,2.47,1.61,2.63,1.61,2.43,1.55
53,Hangzhou,Hangzhou Open,2024-09-21,ATP250,Outdoor,Hard,2nd Round,3,Carballes Baena R.,Krueger M.,55,140.0,921,409.0,3.0,6.0,6.0,3.0,6.0,4.0,,,,,2.0,1.0,Completed,1.62,2.3,1.83,2.09,1.83,2.32,1.64,2.24
53,Hangzhou,Hangzhou Open,2024-09-21,ATP250,Outdoor,Hard,2nd Round,3,Uchiyama Y.,Rune H.,160,14.0,370,2780.0,7.0,5.0,6.0,4.0,,,,,,,2.0,0.0,Completed,5.0,1.17,5.09,1.24,5.31,1.24,4.6,1.19
53,Hangzhou,Hangzhou Open,2024-09-21,ATP250,Outdoor,Hard,2nd Round,3,Zhang Zh.,Bellucci M.,48,108.0,1105,529.0,6.0,3.0,6.0,0.0,,,,,,,2.0,0.0,Completed,2.1,1.73,2.13,1.8,2.17,1.8,2.08,1.73
53,Hangzhou,Hangzhou Open,2024-09-22,ATP250,Outdoor,Hard,Quarterfinals,3,Nakashima B.,Hijikata R.,39,81.0,1295,681.0,7.0,5.0,6.0,3.0,,,,,,,2.0,0.0,Completed,1.17,5.0,1.22,4.88,1.22,5.05,1.19,4.58
53,Hangzhou,Hangzhou Open,2024-09-22,ATP250,Outdoor,Hard,Quarterfinals,3,Cilic M.,Uchiyama Y.,777,160.0,28,370.0,6.0,2.0,6.0,7.0,7.0,6.0,,,,,2.0,1.0,Completed,1.5,2.63,1.62,2.46,1.62,2.63,1.54,2.45
53,Hangzhou,Hangzhou Open,2024-09-22,ATP250,Outdoor,Hard,Quarterfinals,3,Bu Y.,Kukushkin M.,124,112.0,484,515.0,6.0,4.0,6.0,2.0,,,,,,,2.0,0.0,Completed,1.53,2.5,1.59,2.52,1.66,2.52,1.55,2.42
53,Hangzhou,Hangzhou Open,2024-09-22,ATP250,Outdoor,Hard,Quarterfinals,3,Zhang Zh.,Carballes Baena R.,48,55.0,1105,921.0,6.0,3.0,6.0,3.0,,,,,,,2.0,0.0,Completed,1.4,3.0,1.51,2.77,1.51,3.05,1.4,2.89
53,Hangzhou,Hangzhou Open,2024-09-23,ATP250,Outdoor,Hard,Semifinals,3,Cilic M.,Nakashima B.,777,39.0,28,1295.0,6.0,4.0,7.0,6.0,,,,,,,2.0,0.0,Completed,3.2,1.36,3.23,1.4,3.23,1.42,3.02,1.37
53,Hangzhou,Hangzhou Open,2024-09-23,ATP250,Outdoor,Hard,Semifinals,3,Zhang Zh.,Bu Y.,48,124.0,1105,484.0,7.0,6.0,6.0,4.0,,,,,,,2.0,0.0,Completed,1.57,2.38,1.68,2.33,1.68,2.46,1.57,2.37
53,Hangzhou,Hangzhou Open,2024-09-24,ATP250,Outdoor,Hard,The Final,3,Cilic M.,Zhang Zh.,777,48.0,28,1105.0,7.0,6.0,7.0,6.0,,,,,,,2.0,0.0,Completed,2.1,1.73,2.19,1.76,2.2,1.76,2.11,1.71
54,Beijing,China Open,2024-09-26,ATP500,Outdoor,Hard,1st Round,3,Mannarino A.,Sonego L.,44,50.0,1184,1081.0,1.0,6.0,6.0,2.0,6.0,3.0,,,,,2.0,1.0,Completed,2.5,1.53,2.46,1.61,2.55,1.61,2.44,1.54
54,Beijing,China Open,2024-09-26,ATP500,Outdoor,Hard,1st Round,3,Kotov P.,Zhou Y.,63,446.0,832,97.0,1.0,6.0,6.0,3.0,7.0,5.0,,,,,2.0,1.0,Completed,1.17,5.0,1.18,5.62,1.18,6.0,1.16,5.18
54,Beijing,China Open,2024-09-26,ATP500,Outdoor,Hard,1st Round,3,Sinner J.,Jarry N.,1,28.0,11180,1635.0,4.0,6.0,6.0,3.0,6.0,1.0,,,,,2.0,1.0,Completed,1.05,11.0,1.05,14.54,1.06,14.54,1.04,10.54
54,Beijing,China Open,2024-09-26,ATP500,Outdoor,Hard,1st Round,3,Griekspoor T.,Kecmanovic M.,39,54.0,1300,945.0,6.0,7.0,6.0,4.0,6.0,3.0,,,,,2.0,1.0,Completed,1.8,2.0,1.89,2.0,1.89,2.1,1.8,1.99
54,Beijing,China Open,2024-09-26,ATP500,Outdoor,Hard,1st Round,3,Lehecka J.,Martinez P.,37,42.0,1345,1207.0,7.0,6.0,6.0,2.0,,,,,,,2.0,0.0,Completed,1.3,3.5,1.34,3.54,1.34,3.6,1.31,3.4
54,Beijing,China Open,2024-09-26,ATP500,Outdoor,Hard,1st Round,3,Cobolli F.,Bublik A.,32,26.0,1482,1690.0,4.0,6.0,6.0,1.0,7.0,6.0,,,,,2.0,1.0,Completed,1.91,1.91,1.86,2.04,1.91,2.04,1.85,1.93
54,Beijing,China Open,2024-09-27,ATP500,Outdoor,Hard,1st Round,3,Cerundolo F.,Mensik J.,31,66.0,1500,797.0,7.0,6.0,6.0,1.0,,,,,,,2.0,0.0,Completed,2.0,1.8,2.06,1.84,2.1,1.84,2.01,1.79
54,Beijing,China Open,2024-09-27,ATP500,Outdoor,Hard,1st Round,3,Safiullin R.,Wawrinka S.,69,233.0,790,243.0,6.0,3.0,6.0,4.0,,,,,,,2.0,0.0,Completed,1.4,3.0,1.41,3.11,1.41,3.15,1.38,2.99
54,Beijing,China Open,2024-09-27,ATP500,Outdoor,Hard,1st Round,3,Bu Y.,Shang J.,96,55.0,584,895.0,6.0,7.0,6.0,2.0,6.0,4.0,,,,,2.0,1.0,Completed,3.5,1.3,2.87,1.47,3.53,1.47,3.1,1.36
54,Beijing,China Open,2024-09-27,ATP500,Outdoor,Hard,1st Round,3,Musetti L.,Bergs Z.,19,74.0,2355,738.0,7.0,5.0,4.0,6.0,6.0,3.0,,,,,2.0,1.0,Completed,1.62,2.3,1.65,2.36,1.67,2.49,1.6,2.3
54,Beijing,China Open,2024-09-27,ATP500,Outdoor,Hard,1st Round,3,Medvedev D.,Monfils G.,5,46.0,5475,1160.0,6.0,3.0,6.0,4.0,,,,,,,2.0,0.0,Completed,1.2,4.5,1.24,4.56,1.24,4.75,1.2,4.41
54,Beijing,China Open,2024-09-27,ATP500,Outdoor,Hard,1st Round,3,Bautista Agut R.,Rinderknech A.,61,60.0,841,843.0,6.0,3.0,6.0,4.0,,,,,,,2.0,0.0,Completed,1.67,2.2,1.78,2.14,1.78,2.2,1.71,2.1
54,Beijing,China Open,2024-09-27,ATP500,Outdoor,Hard,1st Round,3,Khachanov K.,Carballes Baena R.,27,53.0,1680,955.0,6.0,4.0,6.0,4.0,,,,,,,2.0,0.0,Completed,1.33,3.4,1.4,3.18,1.4,3.5,1.34,3.22
54,Beijing,China Open,2024-09-27,ATP500,Outdoor,Hard,1st Round,3,Alcaraz C.,Mpetshi G.,3,51.0,6690,1073.0,6.0,4.0,6.0,4.0,,,,,,,2.0,0.0,Completed,1.06,10.0,1.07,11.84,1.08,11.84,1.06,8.93
54,Beijing,China Open,2024-09-27,ATP500,Outdoor,Hard,1st Round,3,Davidovich Fokina A.,Zhang Zh.,64,43.0,820,1205.0,6.0,3.0,4.0,6.0,6.0,3.0,,,,,2.0,1.0,Completed,2.2,1.67,2.28,1.69,2.29,1.73,2.19,1.66
54,Beijing,China Open,2024-09-27,ATP500,Outdoor,Hard,1st Round,3,Rublev A.,Carreno Busta P.,6,201.0,4645,287.0,6.0,0.0,4.0,6.0,6.0,4.0,,,,,2.0,1.0,Completed,1.22,4.33,1.22,4.76,1.23,4.76,1.21,4.29
54,Beijing,China Open,2024-09-28,ATP500,Outdoor,Hard,2nd Round,3,Cobolli F.,Kotov P.,32,63.0,1482,832.0,6.0,4.0,6.0,2.0,,,,,,,2.0,0.0,Completed,1.53,2.5,1.56,2.62,1.56,2.65,1.52,2.51
54,Beijing,China Open,2024-09-28,ATP500,Outdoor,Hard,2nd Round,3,Lehecka J.,Bautista Agut R.,37,61.0,1345,841.0,3.0,6.0,6.0,2.0,6.0,1.0,,,,,2.0,1.0,Completed,1.62,2.3,1.67,2.35,1.67,2.44,1.6,2.31
54,Beijing,China Open,2024-09-28,ATP500,Outdoor,Hard,2nd Round,3,Sinner J.,Safiullin R.,1,69.0,11180,790.0,3.0,6.0,6.0,2.0,6.0,3.0,,,,,2.0,1.0,Completed,1.07,9.0,1.07,11.5,1.09,11.5,1.06,8.99
54,Beijing,China Open,2024-09-28,ATP500,Outdoor,Hard,2nd Round,3,Medvedev D.,Mannarino A.,5,44.0,5475,1184.0,7.0,6.0,6.0,2.0,,,,,,,2.0,0.0,Completed,1.1,7.0,1.11,8.54,1.11,8.54,1.09,7.12
54,Beijing,China Open,2024-09-29,ATP500,Outdoor,Hard,2nd Round,3,Bu Y.,Musetti L.,96,19.0,584,2355.0,6.0,2.0,6.0,4.0,,,,,,,2.0,0.0,Completed,2.75,1.44,2.94,1.46,2.94,1.48,2.71,1.45
54,Beijing,China Open,2024-09-29,ATP500,Outdoor,Hard,2nd Round,3,Khachanov K.,Cerundolo F.,27,31.0,1680,1500.0,7.0,6.0,7.0,6.0,,,,,,,2.0,0.0,Completed,1.67,2.2,1.73,2.24,1.73,2.24,1.68,2.16
54,Beijing,China Open,2024-09-29,ATP500,Outdoor,Hard,2nd Round,3,Alcaraz C.,Griekspoor T.,3,39.0,6690,1300.0,6.0,1.0,6.0,2.0,,,,,,,2.0,0.0,Completed,1.06,10.0,1.08,10.79,1.08,10.79,1.07,8.6
54,Beijing,China Open,2024-09-30,ATP500,Outdoor,Hard,2nd Round,3,Rublev A.,Davidovich Fokina A.,6,64.0,4645,820.0,6.0,4.0,7.0,5.0,,,,,,,2.0,0.0,Completed,1.29,3.75,1.31,3.81,1.33,3.81,1.29,3.5
54,Beijing,China Open,2024-09-30,ATP500,Outdoor,Hard,Quarterfinals,3,Alcaraz C.,Khachanov K.,3,27.0,6690,1680.0,7.0,5.0,6.0,2.0,,,,,,,2.0,0.0,Completed,1.07,9.0,1.09,9.43,1.09,9.43,1.08,8.04
54,Beijing,China Open,2024-09-30,ATP500,Outdoor,Hard,Quarterfinals,3,Medvedev D.,Cobolli F.,5,32.0,5475,1482.0,6.0,2.0,6.0,4.0,,,,,,,2.0,0.0,Completed,1.17,5.0,1.22,4.92,1.22,5.0,1.19,4.53
54,Beijing,China Open,2024-09-30,ATP500,Outdoor,Hard,Quarterfinals,3,Sinner J.,Lehecka J.,1,37.0,11180,1345.0,6.0,2.0,7.0,6.0,,,,,,,2.0,0.0,Completed,1.11,6.5,1.15,6.38,1.16,6.5,1.13,5.8
54,Beijing,China Open,2024-09-30,ATP500,Outdoor,Hard,Quarterfinals,3,Bu Y.,Rublev A.,96,6.0,584,4645.0,7.0,5.0,6.0,4.0,,,,,,,2.0,0.0,Completed,3.5,1.3,4.09,1.27,4.09,1.31,3.67,1.27
54,Beijing,China Open,2024-10-01,ATP500,Outdoor,Hard,Semifinals,3,Alcaraz C.,Medvedev D.,3,5.0,6690,5475.0,7.0,5.0,6.0,3.0,,,,,,,2.0,0.0,Completed,1.25,4.0,1.3,3.94,1.3,4.0,1.27,3.72
54,Beijing,China Open,2024-10-01,ATP500,Outdoor,Hard,Semifinals,3,Sinner J.,Bu Y.,1,96.0,11180,584.0,6.0,3.0,7.0,6.0,,,,,,,2.0,0.0,Completed,1.06,10.0,1.06,12.52,1.07,12.85,1.06,9.43
54,Beijing,China Open,2024-10-02,ATP500,Outdoor,Hard,The Final,3,Alcaraz C.,Sinner J.,3,1.0,6690,11180.0,6.0,7.0,6.0,4.0,7.0,6.0,,,,,2.0,1.0,Completed,1.73,2.1,1.85,2.07,1.85,2.23,1.74,2.08
55,Tokyo,Japan Open Tennis Championships,2024-09-25,ATP500,Outdoor,Hard,1st Round,3,Navone M.,Darderi L.,40,41.0,1278,1265.0,6.0,4.0,6.0,4.0,,,,,,,2.0,0.0,Completed,2.3,1.62,2.35,1.66,2.37,1.66,2.28,1.62
55,Tokyo,Japan Open Tennis Championships,2024-09-25,ATP500,Outdoor,Hard,1st Round,3,Berrettini M.,Van De Zandschulp B.,45,67.0,1165,794.0,6.0,3.0,6.0,4.0,,,,,,,2.0,0.0,Completed,1.25,4.0,1.3,3.82,1.3,4.0,1.27,3.69
55,Tokyo,Japan Open Tennis Championships,2024-09-25,ATP500,Outdoor,Hard,1st Round,3,Hurkacz H.,Giron M.,8,47.0,4060,1150.0,6.0,4.0,6.0,7.0,6.0,4.0,,,,,2.0,1.0,Completed,1.36,3.2,1.41,3.12,1.41,3.2,1.38,2.98
55,Tokyo,Japan Open Tennis Championships,2024-09-25,ATP500,Outdoor,Hard,1st Round,3,Humbert U.,Mochizuki S.,18,146.0,2370,408.0,6.0,1.0,6.0,2.0,,,,,,,2.0,0.0,Completed,1.2,4.5,1.2,5.04,1.21,5.11,1.19,4.55
55,Tokyo,Japan Open Tennis Championships,2024-09-26,ATP500,Outdoor,Hard,1st Round,3,Nishioka Y.,Auger-Aliassime F.,59,21.0,849,2170.0,7.0,6.0,3.0,6.0,7.0,6.0,,,,,2.0,1.0,Completed,3.2,1.36,3.15,1.4,3.4,1.4,3.07,1.37
55,Tokyo,Japan Open Tennis Championships,2024-09-26,ATP500,Outdoor,Hard,1st Round,3,Draper J.,Bellucci M.,20,103.0,2315,554.0,6.0,4.0,6.0,2.0,,,,,,,2.0,0.0,Completed,1.33,3.4,1.34,3.53,1.36,3.53,1.32,3.34
55,Tokyo,Japan Open Tennis Championships,2024-09-26,ATP500,Outdoor,Hard,1st Round,3,Paul T.,Arnaldi M.,13,33.0,3005,1390.0,6.0,3.0,6.0,2.0,,,,,,,2.0,0.0,Completed,1.33,3.4,1.38,3.29,1.38,3.4,1.34,3.2
55,Tokyo,Japan Open Tennis Championships,2024-09-26,ATP500,Outdoor,Hard,1st Round,3,Machac T.,Popyrin A.,34,23.0,1374,1825.0,6.0,3.0,6.0,7.0,7.0,5.0,,,,,2.0,1.0,Completed,2.38,1.57,2.54,1.57,2.6,1.59,2.46,1.53
55,Tokyo,Japan Open Tennis Championships,2024-09-26,ATP500,Outdoor,Hard,1st Round,3,Michelsen A.,Tsitsipas S.,49,12.0,1115,3390.0,4.0,6.0,6.0,1.0,6.0,2.0,,,,,2.0,1.0,Completed,2.5,1.53,2.46,1.61,2.51,1.62,2.4,1.55
55,Tokyo,Japan Open Tennis Championships,2024-09-26,ATP500,Outdoor,Hard,1st Round,3,Shelton B.,Opelka R.,17,306.0,2490,167.0,3.0,6.0,6.0,1.0,6.0,4.0,,,,,2.0,1.0,Completed,1.36,3.2,1.38,3.3,1.4,3.3,1.35,3.14
55,Tokyo,Japan Open Tennis Championships,2024-09-26,ATP500,Outdoor,Hard,1st Round,3,Nakashima B.,Tiafoe F.,36,15.0,1360,2560.0,7.0,5.0,6.0,3.0,,,,,,,2.0,0.0,Completed,2.1,1.73,2.18,1.75,2.25,1.75,2.12,1.7
55,Tokyo,Japan Open Tennis Championships,2024-09-26,ATP500,Outdoor,Hard,1st Round,3,O Connell C.,Etcheverry T.,79,35.0,700,1370.0,6.0,4.0,7.0,6.0,,,,,,,2.0,0.0,Completed,1.73,2.1,1.83,2.08,1.83,2.11,1.76,2.03
55,Tokyo,Japan Open Tennis Championships,2024-09-26,ATP500,Outdoor,Hard,1st Round,3,Rune H.,Tabilo A.,14,22.0,2780,1963.0,6.0,2.0,5.0,7.0,6.0,4.0,,,,,2.0,1.0,Completed,1.5,2.63,1.57,2.55,1.57,2.63,1.51,2.51
55,Tokyo,Japan Open Tennis Championships,2024-09-26,ATP500,Outdoor,Hard,1st Round,3,Fils A.,Fritz T.,24,7.0,1775,4060.0,6.0,4.0,3.0,6.0,6.0,3.0,,,,,2.0,1.0,Completed,3.5,1.3,3.27,1.38,3.53,1.38,3.34,1.32
55,Tokyo,Japan Open Tennis Championships,2024-09-26,ATP500,Outdoor,Hard,1st Round,3,Nishikori K.,Cilic M.,200,373.0,288,128.0,6.0,4.0,3.0,6.0,6.0,3.0,,,,,2.0,1.0,Completed,1.62,2.3,1.66,2.34,1.75,2.35,1.63,2.24
55,Tokyo,Japan Open Tennis Championships,2024-09-26,ATP500,Outdoor,Hard,1st Round,3,Thompson J.,Ruud C.,29,9.0,1566,4010.0,7.0,6.0,6.0,1.0,,,,,,,2.0,0.0,Completed,2.2,1.67,2.28,1.69,2.3,1.69,2.21,1.65
55,Tokyo,Japan Open Tennis Championships,2024-09-27,ATP500,Outdoor,Hard,2nd Round,3,Draper J.,Hurkacz H.,20,8.0,2315,4060.0,6.0,4.0,6.0,4.0,,,,,,,2.0,0.0,Completed,1.62,2.3,1.65,2.39,1.68,2.39,1.64,2.23
55,Tokyo,Japan Open Tennis Championships,2024-09-27,ATP500,Outdoor,Hard,2nd Round,3,Shelton B.,Navone M.,17,40.0,2490,1278.0,6.0,4.0,6.0,3.0,,,,,,,2.0,0.0,Completed,1.17,5.0,1.21,5.01,1.22,5.11,1.18,4.73
55,Tokyo,Japan Open Tennis Championships,2024-09-27,ATP500,Outdoor,Hard,2nd Round,3,Fils A.,Berrettini M.,24,45.0,1775,1165.0,6.0,7.0,,,,,,,,,0.0,1.0,Retired,2.38,1.57,2.32,1.68,2.4,1.68,2.3,1.6
55,Tokyo,Japan Open Tennis Championships,2024-09-27,ATP500,Outdoor,Hard,2nd Round,3,Humbert U.,Nakashima B.,18,36.0,2370,1360.0,6.0,3.0,6.0,2.0,,,,,,,2.0,0.0,Completed,1.8,2.0,1.95,1.95,1.95,2.0,1.83,1.96
55,Tokyo,Japan Open Tennis Championships,2024-09-28,ATP500,Outdoor,Hard,2nd Round,3,Machac T.,Paul T.,34,13.0,1374,3005.0,2.0,6.0,6.0,3.0,7.0,6.0,,,,,2.0,1.0,Completed,3.4,1.33,3.32,1.38,3.5,1.38,3.19,1.34
55,Tokyo,Japan Open Tennis Championships,2024-09-28,ATP500,Outdoor,Hard,2nd Round,3,Michelsen A.,O Connell C.,49,79.0,1115,700.0,6.0,1.0,6.0,4.0,,,,,,,2.0,0.0,Completed,1.53,2.5,1.59,2.53,1.59,2.6,1.53,2.5
55,Tokyo,Japan Open Tennis Championships,2024-09-28,ATP500,Outdoor,Hard,2nd Round,3,Nishikori K.,Thompson J.,200,29.0,288,1566.0,6.0,2.0,6.0,3.0,,,,,,,2.0,0.0,Completed,2.5,1.53,2.54,1.58,2.54,1.58,2.46,1.55
55,Tokyo,Japan Open Tennis Championships,2024-09-28,ATP500,Outdoor,Hard,2nd Round,3,Rune H.,Nishioka Y.,14,59.0,2780,849.0,6.0,2.0,6.0,4.0,,,,,,,2.0,0.0,Completed,1.57,2.38,1.54,2.66,1.65,2.66,1.58,2.37
55,Tokyo,Japan Open Tennis Championships,2024-09-29,ATP500,Outdoor,Hard,Quarterfinals,3,Machac T.,Michelsen A.,34,49.0,1374,1115.0,7.0,6.0,6.0,3.0,,,,,,,2.0,0.0,Completed,1.91,1.91,1.99,1.92,2.02,1.92,1.91,1.87
55,Tokyo,Japan Open Tennis Championships,2024-09-29,ATP500,Outdoor,Hard,Quarterfinals,3,Humbert U.,Draper J.,18,20.0,2370,2315.0,7.0,5.0,2.0,1.0,,,,,,,1.0,0.0,Retired,2.38,1.57,2.35,1.67,2.4,1.68,2.3,1.6
55,Tokyo,Japan Open Tennis Championships,2024-09-29,ATP500,Outdoor,Hard,Quarterfinals,3,Rune H.,Nishikori K.,14,200.0,2780,288.0,3.0,6.0,6.0,2.0,7.0,5.0,,,,,2.0,1.0,Completed,1.57,2.38,1.65,2.4,1.7,2.4,1.6,2.31
55,Tokyo,Japan Open Tennis Championships,2024-09-29,ATP500,Outdoor,Hard,Quarterfinals,3,Fils A.,Shelton B.,24,17.0,1775,2490.0,7.0,5.0,6.0,7.0,7.0,6.0,,,,,2.0,1.0,Completed,2.2,1.67,2.24,1.73,2.25,1.72,2.18,1.66
55,Tokyo,Japan Open Tennis Championships,2024-09-30,ATP500,Outdoor,Hard,Semifinals,3,Humbert U.,Machac T.,18,34.0,2370,1374.0,6.0,3.0,3.0,6.0,6.0,2.0,,,,,2.0,1.0,Completed,1.57,2.38,1.63,2.45,1.63,2.48,1.57,2.37
55,Tokyo,Japan Open Tennis Championships,2024-09-30,ATP500,Outdoor,Hard,Semifinals,3,Fils A.,Rune H.,24,14.0,1775,2780.0,7.0,6.0,7.0,6.0,,,,,,,2.0,0.0,Completed,2.2,1.67,2.2,1.76,2.23,1.76,2.16,1.69
55,Tokyo,Japan Open Tennis Championships,2024-10-01,ATP500,Outdoor,Hard,The Final,3,Fils A.,Humbert U.,24,18.0,1775,2370.0,5.0,7.0,7.0,6.0,6.0,3.0,,,,,2.0,1.0,Completed,2.38,1.57,2.33,1.68,2.5,1.68,2.33,1.59
56,Shanghai,Shanghai Masters,2024-10-02,Masters 1000,Outdoor,Hard,1st Round,3,Muller A.,Nardi L.,74,89.0,748,649.0,4.0,6.0,6.0,1.0,6.0,1.0,,,,,2.0,1.0,Completed,1.53,2.5,1.62,2.43,1.62,2.51,1.56,2.38
56,Shanghai,Shanghai Masters,2024-10-02,Masters 1000,Outdoor,Hard,1st Round,3,Rinderknech A.,Opelka R.,62,309.0,843,167.0,6.0,4.0,7.0,6.0,,,,,,,2.0,0.0,Completed,1.91,1.91,1.84,2.06,1.91,2.07,1.83,1.95
56,Shanghai,Shanghai Masters,2024-10-02,Masters 1000,Outdoor,Hard,1st Round,3,Wu Y.,Nagal S.,560,83.0,63,681.0,6.0,3.0,6.0,3.0,,,,,,,2.0,0.0,Completed,1.57,2.38,1.63,2.42,1.67,2.42,1.6,2.3
56,Shanghai,Shanghai Masters,2024-10-02,Masters 1000,Outdoor,Hard,1st Round,3,Van De Zandschulp B.,Carreno Busta P.,67,203.0,799,287.0,7.0,6.0,6.0,2.0,,,,,,,2.0,0.0,Completed,2.38,1.57,2.24,1.71,2.4,1.73,2.22,1.64
56,Shanghai,Shanghai Masters,2024-10-02,Masters 1000,Outdoor,Hard,1st Round,3,Monfils G.,Dzumhur D.,46,96.0,1160,599.0,6.0,4.0,6.0,3.0,,,,,,,2.0,0.0,Completed,1.25,4.0,1.26,4.23,1.29,4.25,1.25,3.88
56,Shanghai,Shanghai Masters,2024-10-02,Masters 1000,Outdoor,Hard,1st Round,3,Carballes Baena R.,Bautista Agut R.,54,57.0,955,896.0,3.0,6.0,6.0,3.0,6.0,2.0,,,,,2.0,1.0,Completed,2.75,1.44,2.66,1.53,2.75,1.53,2.6,1.48
56,Shanghai,Shanghai Masters,2024-10-02,Masters 1000,Outdoor,Hard,1st Round,3,Cazaux A.,Cilic M.,92,211.0,622,278.0,6.0,4.0,6.0,4.0,,,,,,,2.0,0.0,Completed,2.5,1.53,2.3,1.68,2.5,1.73,2.31,1.6
56,Shanghai,Shanghai Masters,2024-10-02,Masters 1000,Outdoor,Hard,1st Round,3,Fognini F.,Darderi L.,81,42.0,691,1265.0,6.0,4.0,6.0,7.0,6.0,4.0,,,,,2.0,1.0,Completed,2.1,1.73,2.11,1.8,2.11,1.92,2.02,1.77
56,Shanghai,Shanghai Masters,2024-10-02,Masters 1000,Outdoor,Hard,1st Round,3,Shapovalov D.,Sonego L.,102,49.0,568,1081.0,7.0,6.0,7.0,6.0,,,,,,,2.0,0.0,Completed,1.5,2.63,1.66,2.34,1.66,2.63,1.59,2.34
56,Shanghai,Shanghai Masters,2024-10-02,Masters 1000,Outdoor,Hard,1st Round,3,Vukic A.,Moutet C.,91,72.0,624,764.0,2.0,6.0,6.0,3.0,6.0,4.0,,,,,2.0,1.0,Completed,,,1.79,2.13,1.85,2.14,1.78,2.02
56,Shanghai,Shanghai Masters,2024-10-02,Masters 1000,Outdoor,Hard,1st Round,3,Svajda Z.,Mannarino A.,131,53.0,452,984.0,6.0,3.0,1.0,6.0,6.0,0.0,,,,,2.0,1.0,Completed,2.1,1.73,2.15,1.78,2.15,1.79,2.09,1.72
56,Shanghai,Shanghai Masters,2024-10-02,Masters 1000,Outdoor,Hard,1st Round,3,Shang J.,Wong C.,51,128.0,1045,460.0,6.0,4.0,6.0,4.0,,,,,,,2.0,0.0,Completed,1.22,4.33,1.23,4.61,1.26,4.61,1.22,4.15
56,Shanghai,Shanghai Masters,2024-10-02,Masters 1000,Outdoor,Hard,1st Round,3,Davidovich Fokina A.,Diallo G.,64,105.0,825,557.0,7.0,5.0,7.0,6.0,,,,,,,2.0,0.0,Completed,1.73,2.1,1.88,2.01,1.88,2.13,1.75,2.05
56,Shanghai,Shanghai Masters,2024-10-02,Masters 1000,Outdoor,Hard,1st Round,3,Daniel T.,Gerasimov E.,93,304.0,619,170.0,6.0,7.0,6.0,3.0,6.0,4.0,,,,,2.0,1.0,Completed,1.29,3.75,1.35,3.47,1.35,3.75,1.3,3.43
56,Shanghai,Shanghai Masters,2024-10-02,Masters 1000,Outdoor,Hard,1st Round,3,Seyboth Wild T.,Evans D.,88,170.0,656,341.0,6.0,2.0,4.0,6.0,7.0,6.0,,,,,2.0,1.0,Completed,2.5,1.53,2.43,1.62,2.5,1.64,2.37,1.57
56,Shanghai,Shanghai Masters,2024-10-02,Masters 1000,Outdoor,Hard,1st Round,3,Nishikori K.,Navone M.,153,38.0,388,1328.0,3.0,6.0,6.0,4.0,6.0,3.0,,,,,2.0,1.0,Completed,1.29,3.75,1.33,3.63,1.33,3.75,1.3,3.51
56,Shanghai,Shanghai Masters,2024-10-03,Masters 1000,Outdoor,Hard,1st Round,3,Kecmanovic M.,Hijikata R.,55,78.0,945,718.0,6.0,2.0,6.0,2.0,,,,,,,2.0,0.0,Completed,1.53,2.5,1.55,2.58,1.58,2.6,1.53,2.46
56,Shanghai,Shanghai Masters,2024-10-03,Masters 1000,Outdoor,Hard,1st Round,3,Munar J.,Gaston H.,63,80.0,839,703.0,6.0,3.0,6.0,3.0,,,,,,,2.0,0.0,Completed,1.44,2.75,1.52,2.7,1.52,2.8,1.46,2.68
56,Shanghai,Shanghai Masters,2024-10-03,Masters 1000,Outdoor,Hard,1st Round,3,Goffin D.,Duckworth J.,66,75.0,800,748.0,6.0,4.0,6.0,2.0,,,,,,,2.0,0.0,Completed,1.44,2.75,1.53,2.68,1.58,2.78,1.48,2.6
56,Shanghai,Shanghai Masters,2024-10-03,Masters 1000,Outdoor,Hard,1st Round,3,Zhou Y.,Nishioka Y.,440,60.0,97,854.0,2.0,4.0,,,,,,,,,0.0,0.0,Retired,5.5,1.14,5.34,1.19,5.6,1.19,5.15,1.15
56,Shanghai,Shanghai Masters,2024-10-03,Masters 1000,Outdoor,Hard,1st Round,3,Berrettini M.,O Connell C.,44,71.0,1215,765.0,7.0,6.0,7.0,6.0,,,,,,,2.0,0.0,Completed,1.36,3.2,1.4,3.19,1.4,3.3,1.35,3.15
56,Shanghai,Shanghai Masters,2024-10-03,Masters 1000,Outdoor,Hard,1st Round,3,Mensik J.,Martinez P.,65,45.0,822,1207.0,6.0,1.0,5.0,7.0,6.0,4.0,,,,,2.0,1.0,Completed,1.4,3.0,1.42,3.09,1.42,3.1,1.38,2.96
56,Shanghai,Shanghai Masters,2024-10-03,Masters 1000,Outdoor,Hard,1st Round,3,Griekspoor T.,Diaz Acosta F.,40,59.0,1305,865.0,6.0,4.0,6.0,7.0,6.0,3.0,,,,,2.0,1.0,Completed,1.2,4.5,1.27,4.14,1.27,4.5,1.24,4.03
56,Shanghai,Shanghai Masters,2024-10-03,Masters 1000,Outdoor,Hard,1st Round,3,Giron M.,Tu L.,47,191.0,1140,304.0,6.0,1.0,7.0,6.0,,,,,,,2.0,0.0,Completed,1.53,2.5,1.57,2.54,1.57,2.65,1.53,2.48
56,Shanghai,Shanghai Masters,2024-10-03,Masters 1000,Outdoor,Hard,1st Round,3,Watanuki Y.,Kotov P.,336,56.0,149,907.0,6.0,7.0,6.0,4.0,7.0,5.0,,,,,2.0,1.0,Completed,2.0,1.8,2.05,1.84,2.1,1.85,1.99,1.8
56,Shanghai,Shanghai Masters,2024-10-03,Masters 1000,Outdoor,Hard,1st Round,3,Shevchenko A.,Ramanathan R.,58,332.0,875,153.0,6.0,1.0,7.0,6.0,,,,,,,2.0,0.0,Completed,1.22,4.33,1.23,4.7,1.23,4.7,1.21,4.32
56,Shanghai,Shanghai Masters,2024-10-03,Masters 1000,Outdoor,Hard,1st Round,3,Safiullin R.,Zhukayev B.,61,196.0,853,298.0,7.0,6.0,6.0,4.0,,,,,,,2.0,0.0,Completed,1.2,4.5,1.23,4.64,1.24,4.64,1.21,4.29
56,Shanghai,Shanghai Masters,2024-10-03,Masters 1000,Outdoor,Hard,1st Round,3,Bergs Z.,Zhang Zh.,73,41.0,763,1270.0,6.0,4.0,6.0,3.0,,,,,,,2.0,0.0,Completed,2.1,1.73,2.17,1.76,2.25,1.76,2.13,1.69
56,Shanghai,Shanghai Masters,2024-10-03,Masters 1000,Outdoor,Hard,1st Round,3,Bellucci M.,Harris B.,101,106.0,574,552.0,6.0,3.0,6.0,4.0,,,,,,,2.0,0.0,Completed,1.4,3.0,1.46,2.89,1.49,3.0,1.42,2.81
56,Shanghai,Shanghai Masters,2024-10-03,Masters 1000,Outdoor,Hard,1st Round,3,Atmane T.,Kovacevic A.,161,76.0,369,740.0,6.0,4.0,7.0,6.0,,,,,,,2.0,0.0,Completed,1.73,2.1,1.75,2.18,1.76,2.32,1.69,2.14
56,Shanghai,Shanghai Masters,2024-10-03,Masters 1000,Outdoor,Hard,1st Round,3,Wawrinka S.,Mpetshi G.,236,50.0,243,1073.0,7.0,6.0,7.0,6.0,,,,,,,2.0,0.0,Completed,2.1,1.73,2.1,1.81,2.25,1.81,2.11,1.71
56,Shanghai,Shanghai Masters,2024-10-04,Masters 1000,Outdoor,Hard,1st Round,3,Michelsen A.,Bu Y.,43,69.0,1215,780.0,6.0,3.0,6.0,4.0,,,,,,,2.0,0.0,Completed,1.57,2.38,1.69,2.28,1.69,2.42,1.62,2.26
56,Shanghai,Shanghai Masters,2024-10-04,Masters 1000,Outdoor,Hard,2nd Round,3,Paul T.,Fognini F.,13,81.0,3045,691.0,6.0,1.0,6.0,3.0,,,,,,,2.0,0.0,Completed,1.07,9.0,1.07,10.77,1.09,10.77,1.06,8.67
56,Shanghai,Shanghai Masters,2024-10-04,Masters 1000,Outdoor,Hard,2nd Round,3,Tabilo A.,Rinderknech A.,23,62.0,1963,843.0,6.0,3.0,6.0,2.0,,,,,,,2.0,0.0,Completed,1.8,2.0,1.85,2.05,1.85,2.05,1.81,1.98
56,Shanghai,Shanghai Masters,2024-10-04,Masters 1000,Outdoor,Hard,2nd Round,3,Shelton B.,Shapovalov D.,16,102.0,2580,568.0,6.0,3.0,7.0,5.0,,,,,,,2.0,0.0,Completed,1.67,2.2,1.71,2.26,1.73,2.33,1.67,2.18
56,Shanghai,Shanghai Masters,2024-10-04,Masters 1000,Outdoor,Hard,2nd Round,3,Muller A.,Auger-Aliassime F.,74,22.0,748,2170.0,6.0,3.0,6.0,2.0,,,,,,,2.0,0.0,Completed,4.0,1.25,3.83,1.3,4.0,1.3,3.65,1.27
56,Shanghai,Shanghai Masters,2024-10-04,Masters 1000,Outdoor,Hard,2nd Round,3,Monfils G.,Baez S.,46,26.0,1160,1760.0,6.0,3.0,4.0,6.0,6.0,4.0,,,,,2.0,1.0,Completed,1.33,3.4,1.4,3.17,1.4,3.43,1.34,3.2
56,Shanghai,Shanghai Masters,2024-10-04,Masters 1000,Outdoor,Hard,2nd Round,3,Arnaldi M.,Svajda Z.,36,131.0,1350,452.0,6.0,7.0,6.0,2.0,6.0,4.0,,,,,2.0,1.0,Completed,1.44,2.75,1.53,2.65,1.53,2.75,1.48,2.62
56,Shanghai,Shanghai Masters,2024-10-04,Masters 1000,Outdoor,Hard,2nd Round,3,Tsitsipas S.,Nishikori K.,12,153.0,3390,388.0,7.0,6.0,6.0,4.0,,,,,,,2.0,0.0,Completed,1.5,2.63,1.54,2.64,1.55,2.64,1.5,2.55
56,Shanghai,Shanghai Masters,2024-10-04,Masters 1000,Outdoor,Hard,2nd Round,3,Humbert U.,Cazaux A.,15,92.0,2645,622.0,6.0,3.0,6.0,2.0,,,,,,,2.0,0.0,Completed,1.29,3.75,1.3,3.81,1.33,3.81,1.3,3.45
56,Shanghai,Shanghai Masters,2024-10-04,Masters 1000,Outdoor,Hard,2nd Round,3,Carballes Baena R.,Fils A.,54,21.0,955,2250.0,7.0,6.0,7.0,6.0,,,,,,,2.0,0.0,Completed,3.5,1.3,3.37,1.36,3.65,1.36,3.32,1.32
56,Shanghai,Shanghai Masters,2024-10-04,Masters 1000,Outdoor,Hard,2nd Round,3,Etcheverry T.,Van De Zandschulp B.,37,67.0,1335,799.0,7.0,6.0,3.0,6.0,7.0,5.0,,,,,2.0,1.0,Completed,1.91,1.91,1.94,1.94,1.94,1.98,1.87,1.91
56,Shanghai,Shanghai Masters,2024-10-04,Masters 1000,Outdoor,Hard,2nd Round,3,Machac T.,Davidovich Fokina A.,33,64.0,1449,825.0,1.0,6.0,7.0,6.0,6.0,4.0,,,,,2.0,1.0,Completed,1.57,2.38,1.64,2.39,1.64,2.58,1.56,2.38
56,Shanghai,Shanghai Masters,2024-10-04,Masters 1000,Outdoor,Hard,2nd Round,3,Medvedev D.,Seyboth Wild T.,5,88.0,5375,656.0,7.0,5.0,7.0,5.0,,,,,,,2.0,0.0,Completed,1.07,9.0,1.08,9.83,1.09,9.91,1.07,8.33
56,Shanghai,Shanghai Masters,2024-10-04,Masters 1000,Outdoor,Hard,2nd Round,3,Wu Y.,Jarry N.,560,29.0,63,1555.0,6.0,2.0,6.0,1.0,,,,,,,2.0,0.0,Completed,2.0,1.8,1.98,1.91,2.02,1.91,1.95,1.83
56,Shanghai,Shanghai Masters,2024-10-04,Masters 1000,Outdoor,Hard,2nd Round,3,Vukic A.,Ruud C.,91,9.0,624,3965.0,6.0,4.0,6.0,4.0,,,,,,,2.0,0.0,Completed,3.4,1.33,3.32,1.37,3.4,1.37,3.21,1.34
56,Shanghai,Shanghai Masters,2024-10-05,Masters 1000,Outdoor,Hard,2nd Round,3,Alcaraz C.,Shang J.,2,51.0,7010,1045.0,6.0,2.0,6.0,2.0,,,,,,,2.0,0.0,Completed,1.08,8.0,1.1,8.82,1.11,8.82,1.08,7.59
56,Shanghai,Shanghai Masters,2024-10-05,Masters 1000,Outdoor,Hard,2nd Round,3,Watanuki Y.,Nakashima B.,336,35.0,149,1375.0,7.0,6.0,6.0,3.0,,,,,,,2.0,0.0,Completed,3.75,1.29,3.61,1.33,3.75,1.33,3.55,1.29
56,Shanghai,Shanghai Masters,2024-10-05,Masters 1000,Outdoor,Hard,2nd Round,3,Mensik J.,Rublev A.,65,6.0,822,4700.0,6.0,7.0,6.0,4.0,6.0,3.0,,,,,2.0,1.0,Completed,3.5,1.3,3.61,1.33,3.61,1.33,3.41,1.31
56,Shanghai,Shanghai Masters,2024-10-05,Masters 1000,Outdoor,Hard,2nd Round,3,Shevchenko A.,Cerundolo F.,58,31.0,875,1550.0,7.0,6.0,7.0,5.0,,,,,,,2.0,0.0,Completed,3.0,1.4,2.92,1.46,3.1,1.46,2.86,1.41
56,Shanghai,Shanghai Masters,2024-10-05,Masters 1000,Outdoor,Hard,2nd Round,3,Sinner J.,Daniel T.,1,93.0,11010,619.0,6.0,1.0,6.0,4.0,,,,,,,2.0,0.0,Completed,1.02,21.0,1.02,27.06,1.02,27.06,1.01,16.19
56,Shanghai,Shanghai Masters,2024-10-05,Masters 1000,Outdoor,Hard,2nd Round,3,Lehecka J.,Munar J.,34,63.0,1400,839.0,7.0,6.0,6.0,4.0,,,,,,,2.0,0.0,Completed,1.33,3.4,1.4,3.19,1.4,3.46,1.36,3.17
56,Shanghai,Shanghai Masters,2024-10-05,Masters 1000,Outdoor,Hard,2nd Round,3,Popyrin A.,Kecmanovic M.,24,55.0,1825,945.0,6.0,3.0,6.0,2.0,,,,,,,2.0,0.0,Completed,1.57,2.38,1.65,2.38,1.71,2.4,1.61,2.29
56,Shanghai,Shanghai Masters,2024-10-05,Masters 1000,Outdoor,Hard,2nd Round,3,Djokovic N.,Michelsen A.,4,43.0,5560,1215.0,7.0,6.0,7.0,6.0,,,,,,,2.0,0.0,Completed,1.2,4.5,1.22,4.75,1.24,4.76,1.2,4.45
56,Shanghai,Shanghai Masters,2024-10-05,Masters 1000,Outdoor,Hard,2nd Round,3,Zverev A.,Bellucci M.,3,101.0,6705,574.0,6.0,4.0,6.0,2.0,,,,,,,2.0,0.0,Completed,1.17,5.0,1.21,4.93,1.21,5.0,1.18,4.73
56,Shanghai,Shanghai Masters,2024-10-07,Masters 1000,Outdoor,Hard,2nd Round,3,Fritz T.,Atmane T.,7,161.0,4060,369.0,7.0,6.0,7.0,6.0,,,,,,,2.0,0.0,Completed,1.1,7.0,1.13,6.94,1.2,7.0,1.13,5.86
56,Shanghai,Shanghai Masters,2024-10-07,Masters 1000,Outdoor,Hard,2nd Round,3,Safiullin R.,Bublik A.,61,27.0,853,1690.0,6.0,4.0,6.0,2.0,,,,,,,2.0,0.0,Completed,1.62,2.3,1.68,2.31,1.68,2.33,1.62,2.24
56,Shanghai,Shanghai Masters,2024-10-07,Masters 1000,Outdoor,Hard,2nd Round,3,Griekspoor T.,Thompson J.,40,28.0,1305,1571.0,6.0,3.0,6.0,2.0,,,,,,,2.0,0.0,Completed,2.1,1.73,2.18,1.75,2.21,1.75,2.13,1.7
56,Shanghai,Shanghai Masters,2024-10-07,Masters 1000,Outdoor,Hard,2nd Round,3,Dimitrov G.,Bergs Z.,10,73.0,3840,763.0,6.0,3.0,3.0,6.0,6.0,2.0,,,,,2.0,1.0,Completed,1.4,3.0,1.44,2.99,1.5,3.0,1.44,2.74
56,Shanghai,Shanghai Masters,2024-10-07,Masters 1000,Outdoor,Hard,2nd Round,3,Goffin D.,Musetti L.,66,18.0,800,2425.0,1.0,6.0,7.0,6.0,6.0,2.0,,,,,2.0,1.0,Completed,2.75,1.44,2.76,1.5,2.88,1.51,2.73,1.44
56,Shanghai,Shanghai Masters,2024-10-07,Masters 1000,Outdoor,Hard,2nd Round,3,Giron M.,Khachanov K.,47,25.0,1140,1780.0,6.0,4.0,6.0,3.0,,,,,,,2.0,0.0,Completed,2.63,1.5,2.65,1.53,2.77,1.53,2.59,1.49
56,Shanghai,Shanghai Masters,2024-10-07,Masters 1000,Outdoor,Hard,2nd Round,3,Tiafoe F.,Zhou Y.,17,440.0,2560,97.0,6.0,2.0,6.0,4.0,,,,,,,2.0,0.0,Completed,1.06,10.0,1.06,12.55,1.06,12.55,1.05,9.78
56,Shanghai,Shanghai Masters,2024-10-07,Masters 1000,Outdoor,Hard,2nd Round,3,Rune H.,Berrettini M.,14,44.0,2935,1215.0,4.0,6.0,6.0,4.0,6.0,3.0,,,,,2.0,1.0,Completed,1.8,2.0,1.86,2.03,1.91,2.03,1.84,1.93
56,Shanghai,Shanghai Masters,2024-10-07,Masters 1000,Outdoor,Hard,2nd Round,3,Cobolli F.,Wawrinka S.,30,236.0,1552,243.0,6.0,7.0,7.0,6.0,6.0,3.0,,,,,2.0,1.0,Completed,1.36,3.2,1.4,3.2,1.46,3.37,1.37,3.06
56,Shanghai,Shanghai Masters,2024-10-06,Masters 1000,Outdoor,Hard,3rd Round,3,Medvedev D.,Arnaldi M.,5,36.0,5375,1350.0,5.0,7.0,6.0,4.0,6.0,4.0,,,,,2.0,1.0,Completed,1.17,5.0,1.19,5.45,1.2,5.45,1.17,4.89
56,Shanghai,Shanghai Masters,2024-10-06,Masters 1000,Outdoor,Hard,3rd Round,3,Sinner J.,Etcheverry T.,1,37.0,11010,1335.0,6.0,7.0,6.0,4.0,6.0,2.0,,,,,2.0,1.0,Completed,1.03,15.0,1.05,14.72,1.05,16.0,1.03,12.58
56,Shanghai,Shanghai Masters,2024-10-06,Masters 1000,Outdoor,Hard,3rd Round,3,Alcaraz C.,Wu Y.,2,560.0,7010,63.0,7.0,6.0,6.0,3.0,,,,,,,2.0,0.0,Completed,1.03,15.0,1.03,20.68,1.03,20.68,1.02,13.2
56,Shanghai,Shanghai Masters,2024-10-06,Masters 1000,Outdoor,Hard,3rd Round,3,Paul T.,Tabilo A.,13,23.0,3045,1963.0,6.0,7.0,7.0,6.0,6.0,2.0,,,,,2.0,1.0,Completed,1.25,4.0,1.24,4.53,1.25,4.53,1.23,4.06
56,Shanghai,Shanghai Masters,2024-10-08,Masters 1000,Outdoor,Hard,3rd Round,3,Machac T.,Vukic A.,33,91.0,1449,624.0,6.0,4.0,6.0,2.0,,,,,,,2.0,0.0,Completed,1.4,3.0,1.42,3.1,1.46,3.12,1.4,2.92
56,Shanghai,Shanghai Masters,2024-10-08,Masters 1000,Outdoor,Hard,3rd Round,3,Monfils G.,Humbert U.,46,15.0,1160,2645.0,7.0,6.0,2.0,6.0,6.0,1.0,,,,,2.0,1.0,Completed,3.2,1.36,3.23,1.4,3.25,1.4,3.08,1.36
56,Shanghai,Shanghai Masters,2024-10-08,Masters 1000,Outdoor,Hard,3rd Round,3,Tsitsipas S.,Muller A.,12,74.0,3390,748.0,6.0,3.0,7.0,5.0,,,,,,,2.0,0.0,Completed,1.22,4.33,1.27,4.23,1.27,4.34,1.23,4.05
56,Shanghai,Shanghai Masters,2024-10-08,Masters 1000,Outdoor,Hard,3rd Round,3,Mensik J.,Shevchenko A.,65,58.0,822,875.0,6.0,1.0,6.0,7.0,6.0,2.0,,,,,2.0,1.0,Completed,1.36,3.2,1.41,3.16,1.43,3.2,1.38,2.98
56,Shanghai,Shanghai Masters,2024-10-08,Masters 1000,Outdoor,Hard,3rd Round,3,Fritz T.,Watanuki Y.,7,336.0,4060,149.0,6.0,3.0,6.0,4.0,,,,,,,2.0,0.0,Completed,1.2,4.5,1.17,5.98,1.21,6.06,1.17,4.9
56,Shanghai,Shanghai Masters,2024-10-08,Masters 1000,Outdoor,Hard,3rd Round,3,Shelton B.,Carballes Baena R.,16,54.0,2580,955.0,6.0,3.0,6.0,4.0,,,,,,,2.0,0.0,Completed,1.17,5.0,1.17,5.92,1.21,5.92,1.15,5.2
56,Shanghai,Shanghai Masters,2024-10-08,Masters 1000,Outdoor,Hard,3rd Round,3,Dimitrov G.,Popyrin A.,10,24.0,3840,1825.0,7.0,6.0,6.0,2.0,,,,,,,2.0,0.0,Completed,1.67,2.2,1.66,2.37,1.76,2.37,1.65,2.21
56,Shanghai,Shanghai Masters,2024-10-08,Masters 1000,Outdoor,Hard,3rd Round,3,Safiullin R.,Tiafoe F.,61,17.0,853,2560.0,5.0,7.0,7.0,5.0,7.0,6.0,,,,,2.0,1.0,Completed,2.2,1.67,2.27,1.7,2.29,1.7,2.19,1.66
56,Shanghai,Shanghai Masters,2024-10-08,Masters 1000,Outdoor,Hard,3rd Round,3,Rune H.,Lehecka J.,14,34.0,2935,1400.0,6.0,4.0,7.0,5.0,,,,,,,2.0,0.0,Completed,1.53,2.5,1.61,2.47,1.65,2.51,1.57,2.38
56,Shanghai,Shanghai Masters,2024-10-08,Masters 1000,Outdoor,Hard,3rd Round,3,Djokovic N.,Cobolli F.,4,30.0,5560,1552.0,6.0,1.0,6.0,2.0,,,,,,,2.0,0.0,Completed,1.1,7.0,1.13,7.07,1.14,7.07,1.11,6.49
56,Shanghai,Shanghai Masters,2024-10-08,Masters 1000,Outdoor,Hard,3rd Round,3,Goffin D.,Giron M.,66,47.0,800,1140.0,1.0,6.0,6.0,3.0,7.0,5.0,,,,,2.0,1.0,Completed,2.2,1.67,2.24,1.73,2.24,1.76,2.13,1.7
56,Shanghai,Shanghai Masters,2024-10-08,Masters 1000,Outdoor,Hard,3rd Round,3,Zverev A.,Griekspoor T.,3,40.0,6705,1305.0,7.0,6.0,2.0,6.0,7.0,6.0,,,,,2.0,1.0,Completed,1.22,4.33,1.2,5.18,1.24,5.33,1.2,4.51
56,Shanghai,Shanghai Masters,2024-10-09,Masters 1000,Outdoor,Hard,4th Round,3,Sinner J.,Shelton B.,1,16.0,11010,2580.0,6.0,4.0,7.0,6.0,,,,,,,2.0,0.0,Completed,1.17,5.0,1.18,5.73,1.2,5.78,1.16,5.03
56,Shanghai,Shanghai Masters,2024-10-09,Masters 1000,Outdoor,Hard,4th Round,3,Medvedev D.,Tsitsipas S.,5,12.0,5375,3390.0,7.0,6.0,6.0,3.0,,,,,,,2.0,0.0,Completed,1.4,3.0,1.42,3.14,1.46,3.14,1.41,2.86
56,Shanghai,Shanghai Masters,2024-10-09,Masters 1000,Outdoor,Hard,4th Round,3,Alcaraz C.,Monfils G.,2,46.0,7010,1160.0,6.0,4.0,7.0,5.0,,,,,,,2.0,0.0,Completed,1.06,10.0,1.06,13.8,1.07,14.01,1.05,9.97
56,Shanghai,Shanghai Masters,2024-10-09,Masters 1000,Outdoor,Hard,4th Round,3,Machac T.,Paul T.,33,13.0,1449,3045.0,3.0,6.0,6.0,4.0,6.0,3.0,,,,,2.0,1.0,Completed,2.5,1.53,2.53,1.59,2.87,1.59,2.47,1.53
56,Shanghai,Shanghai Masters,2024-10-09,Masters 1000,Outdoor,Hard,4th Round,3,Mensik J.,Dimitrov G.,65,10.0,822,3840.0,6.0,3.0,3.0,6.0,6.0,4.0,,,,,2.0,1.0,Completed,3.2,1.36,3.41,1.37,3.52,1.37,3.21,1.34
56,Shanghai,Shanghai Masters,2024-10-09,Masters 1000,Outdoor,Hard,4th Round,3,Djokovic N.,Safiullin R.,4,61.0,5560,853.0,6.0,3.0,6.0,2.0,,,,,,,2.0,0.0,Completed,1.1,7.0,1.1,8.93,1.13,8.93,1.1,6.84
56,Shanghai,Shanghai Masters,2024-10-09,Masters 1000,Outdoor,Hard,4th Round,3,Fritz T.,Rune H.,7,14.0,4060,2935.0,6.0,1.0,6.0,2.0,,,,,,,2.0,0.0,Completed,1.53,2.5,1.6,2.52,1.6,2.54,1.55,2.41
56,Shanghai,Shanghai Masters,2024-10-09,Masters 1000,Outdoor,Hard,4th Round,3,Goffin D.,Zverev A.,66,3.0,800,6705.0,6.0,4.0,7.0,5.0,,,,,,,2.0,0.0,Completed,5.5,1.14,6.87,1.14,6.87,1.16,5.8,1.14
56,Shanghai,Shanghai Masters,2024-10-10,Masters 1000,Outdoor,Hard,Quarterfinals,3,Sinner J.,Medvedev D.,1,5.0,11010,5375.0,6.0,1.0,6.0,4.0,,,,,,,2.0,0.0,Completed,1.29,3.75,1.32,3.73,1.34,3.75,1.3,3.51
56,Shanghai,Shanghai Masters,2024-10-10,Masters 1000,Outdoor,Hard,Quarterfinals,3,Machac T.,Alcaraz C.,33,2.0,1449,7010.0,7.0,6.0,7.0,5.0,,,,,,,2.0,0.0,Completed,8.0,1.08,9.53,1.09,9.53,1.09,7.91,1.08
56,Shanghai,Shanghai Masters,2024-10-11,Masters 1000,Outdoor,Hard,Quarterfinals,3,Fritz T.,Goffin D.,7,66.0,4060,800.0,6.0,3.0,6.0,4.0,,,,,,,2.0,0.0,Completed,1.14,5.5,1.19,5.46,1.2,5.64,1.16,5.14
56,Shanghai,Shanghai Masters,2024-10-11,Masters 1000,Outdoor,Hard,Quarterfinals,3,Djokovic N.,Mensik J.,4,65.0,5560,822.0,6.0,7.0,6.0,1.0,6.0,4.0,,,,,2.0,1.0,Completed,1.1,7.0,1.12,7.61,1.13,7.61,1.1,6.66
56,Shanghai,Shanghai Masters,2024-10-12,Masters 1000,Outdoor,Hard,Semifinals,3,Sinner J.,Machac T.,1,33.0,11010,1449.0,6.0,4.0,7.0,5.0,,,,,,,2.0,0.0,Completed,1.11,6.5,1.11,8.02,1.14,8.02,1.11,6.49
56,Shanghai,Shanghai Masters,2024-10-12,Masters 1000,Outdoor,Hard,Semifinals,3,Djokovic N.,Fritz T.,4,7.0,5560,4060.0,6.0,4.0,7.0,6.0,,,,,,,2.0,0.0,Completed,1.4,3.0,1.44,3.02,1.46,3.16,1.4,2.92
56,Shanghai,Shanghai Masters,2024-10-13,Masters 1000,Outdoor,Hard,The Final,3,Sinner J.,Djokovic N.,1,4.0,11010,5560.0,7.0,6.0,6.0,3.0,,,,,,,2.0,0.0,Completed,1.4,3.0,1.43,3.07,1.44,3.07,1.41,2.87
57,Almaty,Almaty Open,2024-10-14,ATP250,Indoor,Hard,1st Round,3,Engel J.,Wong C.,458,133.0,91,452.0,7.0,5.0,6.0,4.0,,,,,,,2.0,0.0,Completed,3.0,1.4,2.97,1.44,3.0,1.45,2.88,1.4
57,Almaty,Almaty Open,2024-10-14,ATP250,Indoor,Hard,1st Round,3,Marterer M.,Dzumhur D.,114,100.0,507,584.0,7.0,5.0,6.0,4.0,,,,,,,2.0,0.0,Completed,1.8,2.0,2.01,1.88,2.01,2.1,1.86,1.93
57,Almaty,Almaty Open,2024-10-14,ATP250,Indoor,Hard,1st Round,3,Coric B.,Marozsan F.,96,57.0,595,940.0,6.0,4.0,7.0,6.0,,,,,,,2.0,0.0,Completed,2.1,1.73,2.16,1.77,2.16,1.82,2.03,1.76
57,Almaty,Almaty Open,2024-10-15,ATP250,Indoor,Hard,1st Round,3,Diallo G.,O Connell C.,118,72.0,497,762.0,7.0,6.0,6.0,2.0,,,,,,,2.0,0.0,Completed,1.8,2.0,1.94,1.94,1.94,2.0,1.87,1.91
57,Almaty,Almaty Open,2024-10-15,ATP250,Indoor,Hard,1st Round,3,Mannarino A.,Safiullin R.,56,58.0,949,908.0,5.0,7.0,7.0,6.0,6.0,3.0,,,,,2.0,1.0,Completed,3.0,1.4,3.15,1.4,3.15,1.42,2.96,1.39
57,Almaty,Almaty Open,2024-10-15,ATP250,Indoor,Hard,1st Round,3,Virtanen O.,Fognini F.,116,76.0,499,721.0,6.0,3.0,7.0,6.0,,,,,,,2.0,0.0,Completed,1.57,2.38,1.58,2.57,1.64,2.6,1.54,2.44
57,Almaty,Almaty Open,2024-10-15,ATP250,Indoor,Hard,1st Round,3,Zhukayev B.,Hassan B.,213,245.0,272,227.0,6.0,4.0,6.0,1.0,,,,,,,2.0,0.0,Completed,1.8,2.0,1.85,2.04,1.87,2.1,1.8,1.99
57,Almaty,Almaty Open,2024-10-15,ATP250,Indoor,Hard,1st Round,3,Evans D.,Daniel T.,180,89.0,326,636.0,6.0,2.0,7.0,6.0,,,,,,,2.0,0.0,Completed,1.44,2.75,1.46,2.9,1.5,2.9,1.44,2.72
57,Almaty,Almaty Open,2024-10-15,ATP250,Indoor,Hard,1st Round,3,Karatsev A.,Zhang Zh.,139,46.0,425,1190.0,6.0,4.0,7.0,6.0,,,,,,,2.0,0.0,Completed,2.1,1.73,2.12,1.79,2.12,1.84,2.02,1.77
57,Almaty,Almaty Open,2024-10-15,ATP250,Indoor,Hard,1st Round,3,Shevchenko A.,Kukushkin M.,61,111.0,900,524.0,7.0,6.0,7.0,6.0,,,,,,,2.0,0.0,Completed,1.67,2.2,1.72,2.23,1.72,2.25,1.67,2.17
57,Almaty,Almaty Open,2024-10-16,ATP250,Indoor,Hard,1st Round,3,Vukic A.,Duckworth J.,85,63.0,669,848.0,6.0,4.0,7.0,5.0,,,,,,,2.0,0.0,Completed,1.5,2.63,1.68,2.3,1.68,2.63,1.54,2.43
57,Almaty,Almaty Open,2024-10-16,ATP250,Indoor,Hard,1st Round,3,Machac T.,Skatov T.,25,192.0,1749,299.0,6.0,3.0,6.0,4.0,,,,,,,2.0,0.0,Completed,1.11,6.5,1.16,6.12,1.16,6.5,1.13,5.81
57,Almaty,Almaty Open,2024-10-16,ATP250,Indoor,Hard,2nd Round,3,Cerundolo F.,Engel J.,31,458.0,1470,91.0,6.0,4.0,7.0,6.0,,,,,,,2.0,0.0,Completed,1.2,4.5,1.25,4.51,1.25,4.59,1.21,4.22
57,Almaty,Almaty Open,2024-10-16,ATP250,Indoor,Hard,2nd Round,3,Diallo G.,Coric B.,118,96.0,497,595.0,7.0,6.0,6.0,4.0,,,,,,,2.0,0.0,Completed,1.73,2.1,1.78,2.17,1.78,2.23,1.69,2.13
57,Almaty,Almaty Open,2024-10-16,ATP250,Indoor,Hard,2nd Round,3,Tabilo A.,Marterer M.,23,114.0,1983,507.0,6.0,2.0,6.0,4.0,,,,,,,2.0,0.0,Completed,1.44,2.75,1.42,3.14,1.46,3.14,1.42,2.79
57,Almaty,Almaty Open,2024-10-16,ATP250,Indoor,Hard,2nd Round,3,Shevchenko A.,Karatsev A.,61,139.0,900,425.0,6.0,1.0,6.0,7.0,7.0,5.0,,,,,2.0,1.0,Completed,2.0,1.8,2.09,1.83,2.13,1.92,2.01,1.78
57,Almaty,Almaty Open,2024-10-17,ATP250,Indoor,Hard,2nd Round,3,Zhukayev B.,Machac T.,213,25.0,272,1749.0,3.0,1.0,,,,,,,,,0.0,0.0,Retired,5.0,1.17,5.77,1.18,5.77,1.2,4.79,1.18
57,Almaty,Almaty Open,2024-10-17,ATP250,Indoor,Hard,2nd Round,3,Khachanov K.,Virtanen O.,26,116.0,1745,499.0,7.0,6.0,7.0,6.0,,,,,,,2.0,0.0,Completed,1.44,2.75,1.52,2.75,1.61,2.92,1.47,2.63
57,Almaty,Almaty Open,2024-10-17,ATP250,Indoor,Hard,2nd Round,3,Vukic A.,Mannarino A.,85,56.0,669,949.0,7.0,6.0,6.0,3.0,,,,,,,2.0,0.0,Completed,1.69,2.1,1.81,2.12,1.81,2.13,1.75,2.05
57,Almaty,Almaty Open,2024-10-17,ATP250,Indoor,Hard,2nd Round,3,Tiafoe F.,Evans D.,15,180.0,2600,326.0,6.0,7.0,7.0,6.0,6.0,3.0,,,,,2.0,1.0,Completed,1.4,3.0,1.43,3.06,1.45,3.1,1.39,2.93
57,Almaty,Almaty Open,2024-10-18,ATP250,Indoor,Hard,Quarterfinals,3,Diallo G.,Tabilo A.,118,23.0,497,1983.0,3.0,6.0,6.0,3.0,6.0,4.0,,,,,2.0,1.0,Completed,2.0,1.8,2.08,1.84,2.08,1.88,1.99,1.8
57,Almaty,Almaty Open,2024-10-18,ATP250,Indoor,Hard,Quarterfinals,3,Cerundolo F.,Shevchenko A.,31,61.0,1470,900.0,6.0,2.0,6.0,3.0,,,,,,,2.0,0.0,Completed,1.67,2.2,1.73,2.24,1.75,2.27,1.68,2.17
57,Almaty,Almaty Open,2024-10-18,ATP250,Indoor,Hard,Quarterfinals,3,Vukic A.,Tiafoe F.,85,15.0,669,2600.0,6.0,2.0,7.0,6.0,,,,,,,2.0,0.0,Completed,3.0,1.4,3.11,1.42,3.11,1.48,2.89,1.4
57,Almaty,Almaty Open,2024-10-18,ATP250,Indoor,Hard,Quarterfinals,3,Khachanov K.,Zhukayev B.,26,213.0,1745,272.0,6.0,2.0,6.0,4.0,,,,,,,2.0,0.0,Completed,1.29,3.75,1.28,4.07,1.29,4.1,1.25,3.87
57,Almaty,Almaty Open,2024-10-19,ATP250,Indoor,Hard,Semifinals,3,Diallo G.,Cerundolo F.,118,31.0,497,1470.0,6.0,4.0,6.0,2.0,,,,,,,2.0,0.0,Completed,1.8,2.0,1.88,2.02,1.92,2.07,1.82,1.96
57,Almaty,Almaty Open,2024-10-19,ATP250,Indoor,Hard,Semifinals,3,Khachanov K.,Vukic A.,26,85.0,1745,669.0,6.0,7.0,6.0,3.0,6.0,4.0,,,,,2.0,1.0,Completed,1.5,2.63,1.53,2.7,1.54,2.75,1.49,2.59
57,Almaty,Almaty Open,2024-10-20,ATP250,Indoor,Hard,The Final,3,Khachanov K.,Diallo G.,26,118.0,1745,497.0,6.0,2.0,5.0,7.0,6.0,3.0,,,,,2.0,1.0,Completed,1.62,2.3,1.74,2.22,1.75,2.46,2.24,2.25
58,Antwerp,European Open,2024-10-14,ATP250,Indoor,Hard,1st Round,3,Carballes Baena R.,Koepfer D.,54,81.0,980,686.0,6.0,4.0,6.0,0.0,,,,,,,2.0,0.0,Completed,1.8,2.0,1.87,2.02,1.87,2.1,1.8,1.99
58,Antwerp,European Open,2024-10-14,ATP250,Indoor,Hard,1st Round,3,Navone M.,Monteiro T.,43,88.0,1238,636.0,6.0,3.0,4.0,6.0,7.0,6.0,,,,,2.0,1.0,Completed,2.0,1.8,2.02,1.87,2.06,1.9,1.97,1.81
58,Antwerp,European Open,2024-10-14,ATP250,Indoor,Hard,1st Round,3,Etcheverry T.,Gasquet R.,35,135.0,1375,446.0,7.0,6.0,6.0,4.0,,,,,,,2.0,0.0,Completed,1.4,3.0,1.4,3.15,1.45,3.15,1.39,2.92
58,Antwerp,European Open,2024-10-14,ATP250,Indoor,Hard,1st Round,3,Fucsovics M.,Collignon R.,93,164.0,614,358.0,6.0,2.0,6.0,0.0,,,,,,,2.0,0.0,Completed,1.8,2.0,1.81,2.1,1.83,2.14,1.77,2.02
58,Antwerp,European Open,2024-10-15,ATP250,Indoor,Hard,1st Round,3,Lehecka J.,Munar J.,33,65.0,1440,844.0,6.0,1.0,6.0,4.0,,,,,,,2.0,0.0,Completed,1.25,4.0,1.32,3.67,1.33,4.01,1.28,3.59
58,Antwerp,European Open,2024-10-15,ATP250,Indoor,Hard,1st Round,3,Gaston H.,Vatutin A.,77,336.0,693,148.0,3.0,6.0,6.0,3.0,6.0,3.0,,,,,2.0,1.0,Completed,1.62,2.3,1.62,2.42,1.65,2.42,1.6,2.29
58,Antwerp,European Open,2024-10-15,ATP250,Indoor,Hard,1st Round,3,Giron M.,Van De Zandschulp B.,47,68.0,1165,804.0,6.0,4.0,6.0,1.0,,,,,,,2.0,0.0,Completed,1.91,1.91,1.93,1.96,1.93,2.01,1.87,1.91
58,Antwerp,European Open,2024-10-15,ATP250,Indoor,Hard,1st Round,3,Bautista Agut R.,Van Assche L.,60,119.0,906,496.0,6.0,2.0,6.0,1.0,,,,,,,2.0,0.0,Completed,1.91,1.91,1.97,1.92,1.97,1.95,1.89,1.88
58,Antwerp,European Open,2024-10-15,ATP250,Indoor,Hard,1st Round,3,Seyboth Wild T.,Mpetshi G.,80,48.0,686,1076.0,7.0,6.0,6.0,3.0,,,,,,,2.0,0.0,Completed,2.1,1.73,2.14,1.78,2.14,1.86,2.04,1.76
58,Antwerp,European Open,2024-10-15,ATP250,Indoor,Hard,1st Round,3,Bergs Z.,Diaz Acosta F.,69,67.0,793,830.0,7.0,5.0,6.0,4.0,,,,,,,2.0,0.0,Completed,1.17,5.0,1.23,4.61,1.24,5.0,1.2,4.45
58,Antwerp,European Open,2024-10-15,ATP250,Indoor,Hard,1st Round,3,Rinderknech A.,Blockx A.,62,231.0,860,247.0,6.0,3.0,6.0,1.0,,,,,,,2.0,0.0,Completed,1.62,2.3,1.68,2.31,1.75,2.31,1.63,2.24
58,Antwerp,European Open,2024-10-16,ATP250,Indoor,Hard,1st Round,3,Altmaier D.,Bailly G.,84,869.0,672,21.0,6.0,4.0,6.0,3.0,,,,,,,2.0,0.0,Completed,1.57,2.38,1.52,2.7,1.59,2.7,1.53,2.45
58,Antwerp,European Open,2024-10-16,ATP250,Indoor,Hard,2nd Round,3,Bautista Agut R.,Etcheverry T.,60,35.0,906,1375.0,7.0,6.0,6.0,4.0,,,,,,,2.0,0.0,Completed,2.0,1.8,2.12,1.81,2.12,1.89,1.98,1.81
58,Antwerp,European Open,2024-10-16,ATP250,Indoor,Hard,2nd Round,3,Gaston H.,Navone M.,77,43.0,693,1238.0,6.0,4.0,6.0,7.0,7.0,6.0,,,,,2.0,1.0,Completed,2.1,1.73,2.27,1.71,2.27,1.75,2.15,1.68
58,Antwerp,European Open,2024-10-16,ATP250,Indoor,Hard,2nd Round,3,De Minaur A.,Carballes Baena R.,9,54.0,3610,980.0,2.0,6.0,6.0,4.0,6.0,2.0,,,,,2.0,1.0,Completed,1.17,5.0,1.18,5.67,1.2,5.67,1.17,4.9
58,Antwerp,European Open,2024-10-16,ATP250,Indoor,Hard,2nd Round,3,Auger-Aliassime F.,Fucsovics M.,21,93.0,2155,614.0,6.0,7.0,6.0,4.0,6.0,2.0,,,,,2.0,1.0,Completed,1.44,2.75,1.51,2.77,1.53,2.9,1.46,2.66
58,Antwerp,European Open,2024-10-17,ATP250,Indoor,Hard,2nd Round,3,Lehecka J.,Altmaier D.,33,84.0,1440,672.0,6.0,4.0,6.0,3.0,,,,,,,2.0,0.0,Completed,1.17,5.0,1.19,5.56,1.19,5.56,1.17,4.85
58,Antwerp,European Open,2024-10-17,ATP250,Indoor,Hard,2nd Round,3,Giron M.,Rinderknech A.,47,62.0,1165,860.0,7.0,6.0,7.0,6.0,,,,,,,2.0,0.0,Completed,1.62,2.3,1.65,2.39,1.66,2.4,1.61,2.27
58,Antwerp,European Open,2024-10-17,ATP250,Indoor,Hard,2nd Round,3,Tsitsipas S.,Seyboth Wild T.,11,80.0,3445,686.0,7.0,6.0,4.0,6.0,7.0,5.0,,,,,2.0,1.0,Completed,1.25,4.0,1.27,4.17,1.28,4.25,1.25,3.9
58,Antwerp,European Open,2024-10-17,ATP250,Indoor,Hard,2nd Round,3,Bergs Z.,Baez S.,69,27.0,793,1725.0,6.0,3.0,6.0,4.0,,,,,,,2.0,0.0,Completed,1.25,4.0,1.27,4.2,1.29,4.2,1.25,3.87
58,Antwerp,European Open,2024-10-18,ATP250,Indoor,Hard,Quarterfinals,3,Bautista Agut R.,Auger-Aliassime F.,60,21.0,906,2155.0,3.0,6.0,6.0,2.0,7.0,6.0,,,,,2.0,1.0,Completed,3.4,1.33,3.39,1.37,3.44,1.37,3.24,1.33
58,Antwerp,European Open,2024-10-18,ATP250,Indoor,Hard,Quarterfinals,3,Gaston H.,De Minaur A.,77,9.0,693,3610.0,6.0,3.0,3.0,6.0,7.0,5.0,,,,,2.0,1.0,Completed,5.5,1.14,6.61,1.15,6.68,1.16,5.52,1.14
58,Antwerp,European Open,2024-10-18,ATP250,Indoor,Hard,Quarterfinals,3,Lehecka J.,Tsitsipas S.,33,11.0,1440,3445.0,6.0,4.0,6.0,4.0,,,,,,,2.0,0.0,Completed,1.8,2.0,1.9,2.0,1.9,2.0,1.82,1.96
58,Antwerp,European Open,2024-10-18,ATP250,Indoor,Hard,Quarterfinals,3,Giron M.,Bergs Z.,47,69.0,1165,793.0,6.0,2.0,6.0,2.0,,,,,,,2.0,0.0,Completed,2.1,1.69,2.21,1.75,2.23,1.75,2.13,1.69
58,Antwerp,European Open,2024-10-19,ATP250,Indoor,Hard,Semifinals,3,Bautista Agut R.,Gaston H.,60,77.0,906,693.0,6.0,3.0,6.0,4.0,,,,,,,2.0,0.0,Completed,1.4,3.0,1.4,3.22,1.44,3.22,1.39,2.94
58,Antwerp,European Open,2024-10-19,ATP250,Indoor,Hard,Semifinals,3,Lehecka J.,Giron M.,33,47.0,1440,1165.0,6.0,3.0,4.0,6.0,6.0,2.0,,,,,2.0,1.0,Completed,1.44,2.75,1.56,2.5,1.59,2.75,1.5,2.56
58,Antwerp,European Open,2024-10-20,ATP250,Indoor,Hard,The Final,3,Bautista Agut R.,Lehecka J.,60,33.0,906,1440.0,7.0,5.0,6.0,1.0,,,,,,,2.0,0.0,Completed,3.2,1.36,3.31,1.38,3.31,1.42,3.04,1.37
59,Stockholm,Nordic Open,2024-10-14,ATP250,Indoor,Hard,1st Round,3,Stricker D.,Kovacevic A.,317,90.0,162,624.0,6.0,4.0,5.0,7.0,6.0,4.0,,,,,2.0,1.0,Completed,1.8,2.0,1.96,1.93,1.96,2.02,1.87,1.91
59,Stockholm,Nordic Open,2024-10-14,ATP250,Indoor,Hard,1st Round,3,Sonego L.,Huesler M.A.,50,152.0,1046,383.0,7.0,6.0,7.0,5.0,,,,,,,2.0,0.0,Completed,1.8,2.0,1.88,2.0,1.88,2.12,1.81,1.98
59,Stockholm,Nordic Open,2024-10-14,ATP250,Indoor,Hard,1st Round,3,Griekspoor T.,Kotov P.,37,59.0,1345,907.0,6.0,4.0,6.0,3.0,,,,,,,2.0,0.0,Completed,1.44,2.75,1.51,2.74,1.53,2.78,1.47,2.65
59,Stockholm,Nordic Open,2024-10-14,ATP250,Indoor,Hard,1st Round,3,Berrettini M.,Darderi L.,42,44.0,1245,1228.0,6.0,4.0,6.0,3.0,,,,,,,2.0,0.0,Completed,1.13,6.0,1.14,6.83,1.15,6.83,1.13,5.86
59,Stockholm,Nordic Open,2024-10-15,ATP250,Indoor,Hard,1st Round,3,Fearnley J.,Moutet C.,99,71.0,588,764.0,6.0,2.0,7.0,6.0,,,,,,,2.0,0.0,Completed,1.4,3.0,1.42,3.09,1.44,3.09,1.4,2.9
59,Stockholm,Nordic Open,2024-10-15,ATP250,Indoor,Hard,1st Round,3,Kecmanovic M.,Norrie C.,55,52.0,965,989.0,6.0,4.0,6.0,4.0,,,,,,,2.0,0.0,Completed,1.8,2.0,1.88,2.02,1.95,2.02,1.84,1.94
59,Stockholm,Nordic Open,2024-10-15,ATP250,Indoor,Hard,1st Round,3,Djere L.,Martinez P.,113,39.0,516,1321.0,6.0,2.0,6.0,0.0,,,,,,,2.0,0.0,Completed,1.44,2.75,1.52,2.71,1.56,2.78,1.49,2.56
59,Stockholm,Nordic Open,2024-10-15,ATP250,Indoor,Hard,1st Round,3,Jarry N.,Ymer E.,34,252.0,1385,219.0,2.0,6.0,6.0,4.0,7.0,6.0,,,,,2.0,1.0,Completed,1.67,2.2,1.69,2.28,1.69,2.31,1.64,2.23
59,Stockholm,Nordic Open,2024-10-15,ATP250,Indoor,Hard,1st Round,3,Muller A.,Borg L.,70,590.0,785,57.0,6.0,3.0,7.0,6.0,,,,,,,2.0,0.0,Completed,1.1,7.0,1.13,7.1,1.13,7.6,1.1,6.8
59,Stockholm,Nordic Open,2024-10-16,ATP250,Indoor,Hard,1st Round,3,Davidovich Fokina A.,Tirante T.A.,64,121.0,845,484.0,7.0,6.0,6.0,2.0,,,,,,,2.0,0.0,Completed,1.2,4.5,1.28,4.05,1.28,4.54,1.22,4.1
59,Stockholm,Nordic Open,2024-10-16,ATP250,Indoor,Hard,1st Round,3,Wawrinka S.,Nakashima B.,217,38.0,263,1340.0,6.0,4.0,6.0,4.0,,,,,,,2.0,0.0,Completed,3.0,1.4,3.18,1.4,3.21,1.43,2.98,1.38
59,Stockholm,Nordic Open,2024-10-16,ATP250,Indoor,Hard,1st Round,3,Halys Q.,Nagal S.,95,78.0,603,691.0,6.0,0.0,6.0,4.0,,,,,,,2.0,0.0,Completed,1.2,4.5,1.27,4.18,1.27,4.5,1.23,4.01
59,Stockholm,Nordic Open,2024-10-16,ATP250,Indoor,Hard,2nd Round,3,Griekspoor T.,Fearnley J.,37,99.0,1345,588.0,7.0,6.0,6.0,3.0,,,,,,,2.0,0.0,Completed,1.73,2.1,1.72,2.25,1.73,2.27,1.69,2.14
59,Stockholm,Nordic Open,2024-10-16,ATP250,Indoor,Hard,2nd Round,3,Stricker D.,Berrettini M.,317,42.0,162,1245.0,7.0,6.0,6.0,4.0,,,,,,,2.0,0.0,Completed,4.5,1.2,4.84,1.22,4.84,1.23,4.31,1.21
59,Stockholm,Nordic Open,2024-10-16,ATP250,Indoor,Hard,2nd Round,3,Ruud C.,Sonego L.,8,50.0,3885,1046.0,6.0,3.0,7.0,6.0,,,,,,,2.0,0.0,Completed,1.57,2.38,1.63,2.43,1.63,2.54,1.57,2.37
59,Stockholm,Nordic Open,2024-10-16,ATP250,Indoor,Hard,2nd Round,3,Paul T.,Djere L.,13,113.0,3055,516.0,6.0,2.0,7.0,6.0,,,,,,,2.0,0.0,Completed,1.22,4.33,1.26,4.37,1.27,4.38,1.23,4.08
59,Stockholm,Nordic Open,2024-10-17,ATP250,Indoor,Hard,2nd Round,3,Kecmanovic M.,Jarry N.,55,34.0,965,1385.0,6.0,4.0,4.0,6.0,7.0,6.0,,,,,2.0,1.0,Completed,1.44,2.75,1.54,2.67,1.54,2.75,1.49,2.59
59,Stockholm,Nordic Open,2024-10-17,ATP250,Indoor,Hard,2nd Round,3,Wawrinka S.,Davidovich Fokina A.,217,64.0,263,845.0,6.0,4.0,3.0,6.0,7.0,5.0,,,,,2.0,1.0,Completed,2.38,1.57,2.4,1.65,2.4,1.66,2.31,1.6
59,Stockholm,Nordic Open,2024-10-17,ATP250,Indoor,Hard,2nd Round,3,Rublev A.,Muller A.,7,70.0,4110,785.0,6.0,4.0,6.0,1.0,,,,,,,2.0,0.0,Completed,1.2,4.5,1.2,5.25,1.22,5.25,1.19,4.53
59,Stockholm,Nordic Open,2024-10-17,ATP250,Indoor,Hard,2nd Round,3,Dimitrov G.,Halys Q.,10,95.0,3580,603.0,7.0,6.0,6.0,3.0,,,,,,,2.0,0.0,Completed,1.25,4.0,1.25,4.4,1.26,4.4,1.24,4.02
59,Stockholm,Nordic Open,2024-10-18,ATP250,Indoor,Hard,Quarterfinals,3,Paul T.,Kecmanovic M.,13,55.0,3055,965.0,7.0,6.0,6.0,2.0,,,,,,,2.0,0.0,Completed,1.29,3.75,1.31,3.86,1.34,3.86,1.28,3.58
59,Stockholm,Nordic Open,2024-10-18,ATP250,Indoor,Hard,Quarterfinals,3,Wawrinka S.,Rublev A.,217,7.0,263,4110.0,7.0,6.0,7.0,6.0,,,,,,,2.0,0.0,Completed,5.0,1.17,5.42,1.19,5.42,1.22,4.67,1.19
59,Stockholm,Nordic Open,2024-10-18,ATP250,Indoor,Hard,Quarterfinals,3,Griekspoor T.,Ruud C.,37,8.0,1345,3885.0,7.0,5.0,7.0,6.0,,,,,,,2.0,0.0,Completed,2.0,1.8,2.09,1.83,2.14,1.86,2.02,1.78
59,Stockholm,Nordic Open,2024-10-18,ATP250,Indoor,Hard,Quarterfinals,3,Dimitrov G.,Stricker D.,10,317.0,3580,162.0,6.0,3.0,6.0,2.0,,,,,,,2.0,0.0,Completed,1.2,4.5,1.24,4.58,1.24,4.58,1.22,4.25
59,Stockholm,Nordic Open,2024-10-19,ATP250,Indoor,Hard,Semifinals,3,Paul T.,Wawrinka S.,13,217.0,3055,263.0,6.0,3.0,6.0,2.0,,,,,,,2.0,0.0,Completed,1.2,4.5,1.24,4.66,1.25,4.66,1.21,4.28
59,Stockholm,Nordic Open,2024-10-19,ATP250,Indoor,Hard,Semifinals,3,Dimitrov G.,Griekspoor T.,10,37.0,3580,1345.0,2.0,6.0,7.0,5.0,6.0,4.0,,,,,2.0,1.0,Completed,1.4,3.0,1.43,3.05,1.45,3.05,1.41,2.88
59,Stockholm,Nordic Open,2024-10-20,ATP250,Indoor,Hard,The Final,3,Paul T.,Dimitrov G.,13,10.0,3055,3580.0,6.0,4.0,6.0,3.0,,,,,,,2.0,0.0,Completed,1.67,2.2,1.77,2.18,1.77,2.25,1.68,2.17
60,Basel,Swiss Indoors,2024-10-21,ATP500,Indoor,Hard,1st Round,3,Humbert U.,Kym J.,16,140.0,2515,421.0,6.0,4.0,6.0,7.0,7.0,5.0,,,,,2.0,1.0,Completed,1.33,3.4,1.37,3.35,1.4,3.4,1.34,3.18
60,Basel,Swiss Indoors,2024-10-21,ATP500,Indoor,Hard,1st Round,3,Goffin D.,Arnaldi M.,54,37.0,980,1355.0,6.0,7.0,6.0,3.0,6.0,2.0,,,,,2.0,1.0,Completed,2.2,1.67,1.93,1.93,2.25,1.94,2.13,1.69
60,Basel,Swiss Indoors,2024-10-21,ATP500,Indoor,Hard,1st Round,3,Fils A.,Altmaier D.,20,82.0,2090,690.0,7.0,6.0,6.0,3.0,,,,,,,2.0,0.0,Completed,1.29,3.75,1.28,3.93,1.3,3.94,1.28,3.65
60,Basel,Swiss Indoors,2024-10-21,ATP500,Indoor,Hard,1st Round,3,Mpetshi G.,Duckworth J.,50,69.0,1026,781.0,7.0,6.0,6.0,3.0,,,,,,,2.0,0.0,Completed,1.91,1.91,2.0,1.88,2.01,1.91,1.94,1.84
60,Basel,Swiss Indoors,2024-10-21,ATP500,Indoor,Hard,1st Round,3,Rublev A.,Borges N.,7,33.0,4150,1446.0,6.0,3.0,6.0,2.0,,,,,,,2.0,0.0,Completed,1.17,5.0,1.2,5.04,1.21,5.1,1.18,4.76
60,Basel,Swiss Indoors,2024-10-22,ATP500,Indoor,Hard,1st Round,3,Shapovalov D.,Shang J.,95,47.0,618,1075.0,6.0,1.0,6.0,4.0,,,,,,,2.0,0.0,Completed,2.0,1.8,2.02,1.88,2.06,1.88,1.97,1.81
60,Basel,Swiss Indoors,2024-10-22,ATP500,Indoor,Hard,1st Round,3,Stricker D.,Griekspoor T.,258,35.0,212,1400.0,6.0,4.0,6.0,4.0,,,,,,,2.0,0.0,Completed,2.75,1.44,2.85,1.47,2.85,1.5,2.69,1.45
60,Basel,Swiss Indoors,2024-10-22,ATP500,Indoor,Hard,1st Round,3,Van De Zandschulp B.,Bublik A.,67,32.0,804,1460.0,3.0,6.0,6.0,4.0,4.0,0.0,,,,,1.0,1.0,Retired,1.67,2.2,1.73,2.22,1.74,2.23,1.68,2.15
60,Basel,Swiss Indoors,2024-10-22,ATP500,Indoor,Hard,1st Round,3,Shelton B.,Etcheverry T.,23,36.0,2010,1375.0,6.0,3.0,6.0,4.0,,,,,,,2.0,0.0,Completed,1.36,3.2,1.38,3.27,1.38,3.27,1.35,3.1
60,Basel,Swiss Indoors,2024-10-22,ATP500,Indoor,Hard,1st Round,3,Tabilo A.,Cilic M.,21,202.0,2023,288.0,7.0,6.0,7.0,6.0,,,,,,,2.0,0.0,Completed,1.73,2.1,1.78,2.14,1.81,2.19,1.73,2.08
60,Basel,Swiss Indoors,2024-10-22,ATP500,Indoor,Hard,1st Round,3,Rune H.,Jarry N.,14,34.0,2985,1400.0,6.0,4.0,7.0,6.0,,,,,,,2.0,0.0,Completed,1.3,3.5,1.28,4.06,1.31,4.06,1.26,3.72
60,Basel,Swiss Indoors,2024-10-22,ATP500,Indoor,Hard,1st Round,3,Tsitsipas S.,Cerundolo F.,11,30.0,3405,1570.0,6.0,3.0,6.0,7.0,7.0,6.0,,,,,2.0,1.0,Completed,1.4,3.0,1.38,3.26,1.41,3.26,1.37,3.03
60,Basel,Swiss Indoors,2024-10-23,ATP500,Indoor,Hard,1st Round,3,Auger-Aliassime F.,Baez S.,19,26.0,2130,1725.0,7.0,5.0,6.0,1.0,,,,,,,2.0,0.0,Completed,1.1,7.0,1.13,6.97,1.13,7.03,1.11,6.21
60,Basel,Swiss Indoors,2024-10-23,ATP500,Indoor,Hard,1st Round,3,Martinez P.,Lehecka J.,39,28.0,1320,1605.0,6.0,2.0,6.0,2.0,,,,,,,2.0,0.0,Completed,5.0,1.17,5.81,1.17,5.81,1.18,5.08,1.16
60,Basel,Swiss Indoors,2024-10-23,ATP500,Indoor,Hard,1st Round,3,Bautista Agut R.,Ruud C.,45,8.0,1146,3890.0,6.0,3.0,3.0,6.0,6.0,3.0,,,,,2.0,1.0,Completed,2.75,1.44,2.78,1.5,2.78,1.51,2.65,1.47
60,Basel,Swiss Indoors,2024-10-23,ATP500,Indoor,Hard,1st Round,3,Wawrinka S.,Mannarino A.,169,57.0,343,929.0,6.0,3.0,3.0,6.0,7.0,5.0,,,,,2.0,1.0,Completed,1.57,2.38,1.65,2.37,1.7,2.4,1.59,2.31
60,Basel,Swiss Indoors,2024-10-23,ATP500,Indoor,Hard,2nd Round,3,Goffin D.,Humbert U.,54,16.0,980,2515.0,3.0,6.0,6.0,1.0,7.0,6.0,,,,,2.0,1.0,Completed,3.2,1.36,3.34,1.38,3.34,1.38,3.18,1.34
60,Basel,Swiss Indoors,2024-10-23,ATP500,Indoor,Hard,2nd Round,3,Rublev A.,Tabilo A.,7,21.0,4150,2023.0,7.0,6.0,6.0,1.0,,,,,,,2.0,0.0,Completed,1.25,4.0,1.29,4.04,1.29,4.25,1.25,3.88
60,Basel,Swiss Indoors,2024-10-24,ATP500,Indoor,Hard,2nd Round,3,Tsitsipas S.,Van De Zandschulp B.,11,67.0,3405,804.0,7.0,6.0,7.0,5.0,,,,,,,2.0,0.0,Completed,1.36,3.2,1.45,2.97,1.45,3.2,1.4,2.89
60,Basel,Swiss Indoors,2024-10-24,ATP500,Indoor,Hard,2nd Round,3,Fils A.,Martinez P.,20,39.0,2090,1320.0,7.0,5.0,6.0,3.0,,,,,,,2.0,0.0,Completed,1.2,4.5,1.25,4.63,1.25,4.69,1.21,4.28
60,Basel,Swiss Indoors,2024-10-24,ATP500,Indoor,Hard,2nd Round,3,Shelton B.,Wawrinka S.,23,169.0,2010,343.0,7.0,6.0,7.0,5.0,,,,,,,2.0,0.0,Completed,1.33,3.4,1.35,3.52,1.35,3.53,1.32,3.34
60,Basel,Swiss Indoors,2024-10-24,ATP500,Indoor,Hard,2nd Round,3,Shapovalov D.,Bautista Agut R.,95,45.0,618,1146.0,6.0,3.0,7.0,6.0,,,,,,,2.0,0.0,Completed,1.62,2.3,1.69,2.3,1.69,2.3,1.65,2.21
60,Basel,Swiss Indoors,2024-10-24,ATP500,Indoor,Hard,2nd Round,3,Rune H.,Stricker D.,14,258.0,2985,212.0,6.0,3.0,7.0,6.0,,,,,,,2.0,0.0,Completed,1.4,3.0,1.39,3.26,1.41,3.3,1.37,3.03
60,Basel,Swiss Indoors,2024-10-24,ATP500,Indoor,Hard,2nd Round,3,Mpetshi G.,Auger-Aliassime F.,50,19.0,1026,2130.0,6.0,1.0,7.0,6.0,,,,,,,2.0,0.0,Completed,3.5,1.3,3.84,1.31,3.95,1.33,3.62,1.28
60,Basel,Swiss Indoors,2024-10-25,ATP500,Indoor,Hard,Quarterfinals,3,Fils A.,Tsitsipas S.,20,11.0,2090,3405.0,7.0,6.0,6.0,3.0,,,,,,,2.0,0.0,Completed,1.73,2.1,1.77,2.18,1.8,2.2,1.73,2.07
60,Basel,Swiss Indoors,2024-10-25,ATP500,Indoor,Hard,Quarterfinals,3,Shelton B.,Rublev A.,23,7.0,2010,4150.0,7.0,5.0,6.0,7.0,6.0,4.0,,,,,2.0,1.0,Completed,2.1,1.73,2.16,1.78,2.21,1.78,2.11,1.71
60,Basel,Swiss Indoors,2024-10-25,ATP500,Indoor,Hard,Quarterfinals,3,Rune H.,Goffin D.,14,54.0,2985,980.0,6.0,2.0,6.0,4.0,,,,,,,2.0,0.0,Completed,1.36,3.2,1.41,3.16,1.42,3.2,1.36,3.08
60,Basel,Swiss Indoors,2024-10-25,ATP500,Indoor,Hard,Quarterfinals,3,Mpetshi G.,Shapovalov D.,50,95.0,1026,618.0,6.0,7.0,6.0,3.0,7.0,6.0,,,,,2.0,1.0,Completed,2.5,1.53,2.6,1.56,2.69,1.58,2.5,1.52
60,Basel,Swiss Indoors,2024-10-26,ATP500,Indoor,Hard,Semifinals,3,Shelton B.,Fils A.,23,20.0,2010,2090.0,6.0,3.0,7.0,6.0,,,,,,,2.0,0.0,Completed,1.91,1.91,2.05,1.86,2.05,2.01,1.95,1.84
60,Basel,Swiss Indoors,2024-10-26,ATP500,Indoor,Hard,Semifinals,3,Mpetshi G.,Rune H.,50,14.0,1026,2985.0,7.0,6.0,6.0,4.0,,,,,,,2.0,0.0,Completed,3.4,1.33,3.8,1.31,3.81,1.36,3.42,1.31
60,Basel,Swiss Indoors,2024-10-27,ATP500,Indoor,Hard,The Final,3,Mpetshi G.,Shelton B.,50,23.0,1026,2010.0,6.0,4.0,7.0,6.0,,,,,,,2.0,0.0,Completed,2.75,1.44,2.85,1.49,2.95,1.5,2.76,1.44
61,Vienna,Vienna Open,2024-10-21,ATP500,Indoor,Hard,1st Round,3,Cobolli F.,Davidovich Fokina A.,31,62.0,1482,860.0,7.0,6.0,6.0,3.0,,,,,,,2.0,0.0,Completed,2.1,1.73,2.22,1.72,2.27,1.82,2.1,1.71
61,Vienna,Vienna Open,2024-10-21,ATP500,Indoor,Hard,1st Round,3,Berrettini M.,Fucsovics M.,41,88.0,1270,639.0,7.0,5.0,6.0,4.0,,,,,,,2.0,0.0,Completed,1.33,3.4,1.42,3.05,1.44,3.4,1.38,2.98
61,Vienna,Vienna Open,2024-10-21,ATP500,Indoor,Hard,1st Round,3,Zverev A.,Schwaerzler J.,3,347.0,6795,141.0,6.0,2.0,6.0,2.0,,,,,,,2.0,0.0,Completed,1.03,15.0,1.02,27.44,1.03,27.44,1.02,14.29
61,Vienna,Vienna Open,2024-10-21,ATP500,Indoor,Hard,1st Round,3,Mensik J.,Popyrin A.,51,25.0,1022,1775.0,7.0,6.0,6.0,2.0,,,,,,,2.0,0.0,Completed,1.67,2.2,1.83,2.07,1.83,2.2,1.73,2.08
61,Vienna,Vienna Open,2024-10-22,ATP500,Indoor,Hard,1st Round,3,Kecmanovic M.,Navone M.,58,44.0,925,1188.0,6.0,2.0,6.0,4.0,,,,,,,2.0,0.0,Completed,1.29,3.75,1.33,3.62,1.31,3.75,1.29,3.48
61,Vienna,Vienna Open,2024-10-22,ATP500,Indoor,Hard,1st Round,3,De Minaur A.,Struff J.L.,10,40.0,3570,1285.0,2.0,6.0,6.0,2.0,6.0,2.0,,,,,2.0,1.0,Completed,1.36,3.2,1.38,3.3,1.41,3.3,1.35,3.13
61,Vienna,Vienna Open,2024-10-22,ATP500,Indoor,Hard,1st Round,3,Giron M.,Michelsen A.,48,43.0,1065,1220.0,7.0,6.0,6.0,3.0,,,,,,,2.0,0.0,Completed,2.0,1.8,2.0,1.89,2.12,1.89,1.98,1.8
61,Vienna,Vienna Open,2024-10-22,ATP500,Indoor,Hard,1st Round,3,Tiafoe F.,Norrie C.,15,53.0,2625,989.0,6.0,4.0,7.0,6.0,,,,,,,2.0,0.0,Completed,1.41,2.75,1.53,2.65,1.54,2.9,1.48,2.59
61,Vienna,Vienna Open,2024-10-22,ATP500,Indoor,Hard,1st Round,3,Monfils G.,Halys Q.,52,90.0,1010,628.0,7.0,6.0,6.0,3.0,,,,,,,2.0,0.0,Completed,1.62,2.3,1.67,2.33,1.69,2.33,1.63,2.25
61,Vienna,Vienna Open,2024-10-22,ATP500,Indoor,Hard,1st Round,3,Darderi L.,Thiem D.,42,318.0,1228,162.0,7.0,6.0,6.0,2.0,,,,,,,2.0,0.0,Completed,1.57,2.38,1.56,2.59,1.59,2.55,1.54,2.4
61,Vienna,Vienna Open,2024-10-22,ATP500,Indoor,Hard,1st Round,3,Musetti L.,Sonego L.,17,49.0,2425,1061.0,6.0,3.0,6.0,2.0,,,,,,,2.0,0.0,Completed,1.57,2.38,1.57,2.54,1.59,2.59,1.54,2.45
61,Vienna,Vienna Open,2024-10-22,ATP500,Indoor,Hard,1st Round,3,Draper J.,Nishikori K.,18,141.0,2310,418.0,7.0,6.0,7.0,5.0,,,,,,,2.0,0.0,Completed,1.3,3.5,1.32,3.7,1.33,3.71,1.29,3.47
61,Vienna,Vienna Open,2024-10-23,ATP500,Indoor,Hard,1st Round,3,Dimitrov G.,Zhang Zh.,9,46.0,3735,1145.0,6.0,4.0,7.0,5.0,,,,,,,2.0,0.0,Completed,1.2,4.5,1.22,4.73,1.23,4.73,1.2,4.4
61,Vienna,Vienna Open,2024-10-23,ATP500,Indoor,Hard,1st Round,3,Machac T.,Marozsan F.,27,56.0,1723,940.0,7.0,6.0,6.0,1.0,,,,,,,2.0,0.0,Completed,1.3,3.5,1.34,3.5,1.35,3.53,1.32,3.36
61,Vienna,Vienna Open,2024-10-23,ATP500,Indoor,Hard,1st Round,3,Khachanov K.,Seyboth Wild T.,24,78.0,1985,717.0,6.0,2.0,6.0,4.0,,,,,,,2.0,0.0,Completed,1.53,2.5,1.56,2.59,1.6,2.59,1.56,2.4
61,Vienna,Vienna Open,2024-10-23,ATP500,Indoor,Hard,1st Round,3,Nakashima B.,Paul T.,38,12.0,1340,3215.0,6.0,4.0,6.0,4.0,,,,,,,2.0,0.0,Completed,3.2,1.36,3.26,1.4,3.26,1.4,3.04,1.37
61,Vienna,Vienna Open,2024-10-23,ATP500,Indoor,Hard,2nd Round,3,Zverev A.,Giron M.,3,48.0,6795,1065.0,6.0,2.0,7.0,5.0,,,,,,,2.0,0.0,Completed,1.17,5.0,1.21,5.1,1.21,5.17,1.18,4.76
61,Vienna,Vienna Open,2024-10-23,ATP500,Indoor,Hard,2nd Round,3,Berrettini M.,Tiafoe F.,41,15.0,1270,2625.0,6.0,3.0,6.0,7.0,6.0,3.0,,,,,2.0,1.0,Completed,1.62,2.3,1.68,2.33,1.68,2.33,1.63,2.25
61,Vienna,Vienna Open,2024-10-24,ATP500,Indoor,Hard,2nd Round,3,Mensik J.,Kecmanovic M.,51,58.0,1022,925.0,6.0,3.0,7.0,6.0,,,,,,,2.0,0.0,Completed,1.53,2.5,1.61,2.48,1.64,2.65,1.54,2.44
61,Vienna,Vienna Open,2024-10-24,ATP500,Indoor,Hard,2nd Round,3,Draper J.,Darderi L.,18,42.0,2310,1228.0,7.0,5.0,6.0,1.0,,,,,,,2.0,0.0,Completed,1.07,9.0,1.11,8.09,1.11,9.0,1.08,7.59
61,Vienna,Vienna Open,2024-10-24,ATP500,Indoor,Hard,2nd Round,3,Musetti L.,Monfils G.,17,52.0,2425,1010.0,,,,,,,,,,,,,Walkover,1.67,2.2,1.67,2.35,1.69,2.35,1.65,2.22
61,Vienna,Vienna Open,2024-10-24,ATP500,Indoor,Hard,2nd Round,3,Machac T.,Dimitrov G.,27,9.0,1723,3735.0,6.0,7.0,6.0,4.0,6.0,3.0,,,,,2.0,1.0,Completed,2.3,1.62,2.47,1.61,2.48,1.63,2.34,1.58
61,Vienna,Vienna Open,2024-10-24,ATP500,Indoor,Hard,2nd Round,3,De Minaur A.,Cobolli F.,10,31.0,3570,1482.0,7.0,6.0,3.0,1.0,,,,,,,1.0,0.0,Retired,1.33,3.4,1.36,3.49,1.36,3.49,1.33,3.24
61,Vienna,Vienna Open,2024-10-24,ATP500,Indoor,Hard,2nd Round,3,Khachanov K.,Nakashima B.,24,38.0,1985,1340.0,1.0,6.0,6.0,3.0,6.0,4.0,,,,,2.0,1.0,Completed,1.67,2.2,1.78,2.17,1.78,2.2,1.72,2.11
61,Vienna,Vienna Open,2024-10-25,ATP500,Indoor,Hard,Quarterfinals,3,Draper J.,Machac T.,18,27.0,2310,1723.0,6.0,3.0,3.0,6.0,6.0,1.0,,,,,2.0,1.0,Completed,1.67,2.2,1.69,2.3,1.73,2.36,1.66,2.2
61,Vienna,Vienna Open,2024-10-25,ATP500,Indoor,Hard,Quarterfinals,3,Musetti L.,Zverev A.,17,3.0,2425,6795.0,2.0,6.0,7.0,6.0,6.0,4.0,,,,,2.0,1.0,Completed,4.33,1.22,4.27,1.27,4.33,1.28,4.0,1.24
61,Vienna,Vienna Open,2024-10-25,ATP500,Indoor,Hard,Quarterfinals,3,Khachanov K.,Berrettini M.,24,41.0,1985,1270.0,6.0,1.0,6.0,4.0,,,,,,,2.0,0.0,Completed,2.3,1.62,2.45,1.63,2.45,1.63,2.31,1.61
61,Vienna,Vienna Open,2024-10-25,ATP500,Indoor,Hard,Quarterfinals,3,De Minaur A.,Mensik J.,10,51.0,3570,1022.0,6.0,7.0,6.0,3.0,6.0,4.0,,,,,2.0,1.0,Completed,1.73,2.1,1.65,2.39,1.82,2.4,1.66,2.2
61,Vienna,Vienna Open,2024-10-26,ATP500,Indoor,Hard,Semifinals,3,Draper J.,Musetti L.,18,17.0,2310,2425.0,6.0,2.0,6.0,4.0,,,,,,,2.0,0.0,Completed,1.4,3.0,1.42,3.14,1.48,3.18,1.4,2.93
61,Vienna,Vienna Open,2024-10-26,ATP500,Indoor,Hard,Semifinals,3,Khachanov K.,De Minaur A.,24,10.0,1985,3570.0,6.0,2.0,6.0,4.0,,,,,,,2.0,0.0,Completed,2.1,1.73,2.26,1.72,2.3,1.73,2.16,1.67
61,Vienna,Vienna Open,2024-10-27,ATP500,Indoor,Hard,The Final,3,Draper J.,Khachanov K.,18,24.0,2310,1985.0,6.0,4.0,7.0,5.0,,,,,,,2.0,0.0,Completed,1.67,2.2,1.69,2.3,1.69,2.31,1.65,2.21
62,Paris,BNP Paribas Masters,2024-10-28,Masters 1000,Indoor,Hard,1st Round,3,Rinderknech A.,Machac T.,60,25.0,872,1758.0,6.0,7.0,5.0,3.0,,,,,,,0.0,1.0,Retired,3.75,1.29,3.5,1.34,3.75,1.34,3.45,1.31
62,Paris,BNP Paribas Masters,2024-10-28,Masters 1000,Indoor,Hard,1st Round,3,Griekspoor T.,Darderi L.,39,43.0,1320,1263.0,6.0,3.0,6.0,4.0,,,,,,,2.0,0.0,Completed,1.2,4.5,1.2,5.14,1.22,5.14,1.19,4.57
62,Paris,BNP Paribas Masters,2024-10-28,Masters 1000,Indoor,Hard,1st Round,3,Thompson J.,Martinez P.,28,41.0,1571,1270.0,6.0,4.0,6.0,4.0,,,,,,,2.0,0.0,Completed,1.33,3.4,1.38,3.27,1.38,3.4,1.35,3.16
62,Paris,BNP Paribas Masters,2024-10-28,Masters 1000,Indoor,Hard,1st Round,3,Cerundolo F.,Halys Q.,29,90.0,1570,653.0,7.0,6.0,6.0,3.0,,,,,,,2.0,0.0,Completed,2.0,1.8,1.98,1.91,2.04,1.97,1.96,1.83
62,Paris,BNP Paribas Masters,2024-10-28,Masters 1000,Indoor,Hard,1st Round,3,Etcheverry T.,Zhang Zh.,40,47.0,1310,1145.0,6.0,3.0,7.0,6.0,,,,,,,2.0,0.0,Completed,1.67,2.2,1.77,2.16,1.77,2.22,1.71,2.13
62,Paris,BNP Paribas Masters,2024-10-28,Masters 1000,Indoor,Hard,1st Round,3,Giron M.,Shang J.,49,51.0,1105,1075.0,7.0,6.0,7.0,6.0,,,,,,,2.0,0.0,Completed,1.62,2.3,1.72,2.23,1.72,2.3,1.65,2.23
62,Paris,BNP Paribas Masters,2024-10-28,Masters 1000,Indoor,Hard,1st Round,3,Humbert U.,Nakashima B.,18,35.0,2385,1375.0,6.0,3.0,4.0,6.0,6.0,4.0,,,,,2.0,1.0,Completed,1.53,2.5,1.6,2.47,1.6,2.65,1.53,2.47
62,Paris,BNP Paribas Masters,2024-10-28,Masters 1000,Indoor,Hard,1st Round,3,Kecmanovic M.,Baez S.,55,26.0,965,1690.0,6.0,4.0,6.0,7.0,7.0,5.0,,,,,2.0,1.0,Completed,1.4,3.0,,,1.4,3.0,1.4,3.0
62,Paris,BNP Paribas Masters,2024-10-28,Masters 1000,Indoor,Hard,1st Round,3,Bublik A.,Fognini F.,33,79.0,1460,721.0,7.0,5.0,7.0,5.0,,,,,,,2.0,0.0,Completed,1.67,2.2,1.67,2.34,1.73,2.34,1.67,2.2
62,Paris,BNP Paribas Masters,2024-10-28,Masters 1000,Indoor,Hard,1st Round,3,Tsitsipas S.,Carballes Baena R.,11,54.0,3325,980.0,4.0,6.0,6.0,3.0,6.0,3.0,,,,,2.0,1.0,Completed,1.17,5.0,1.19,5.39,1.21,5.39,1.18,4.81
62,Paris,BNP Paribas Masters,2024-10-28,Masters 1000,Indoor,Hard,1st Round,3,Jarry N.,Sonego L.,37,52.0,1365,1022.0,7.0,6.0,6.0,3.0,,,,,,,2.0,0.0,Completed,2.38,1.57,2.38,1.65,2.48,1.65,2.37,1.57
62,Paris,BNP Paribas Masters,2024-10-28,Masters 1000,Indoor,Hard,1st Round,3,Tabilo A.,Borges N.,22,34.0,2043,1446.0,3.0,6.0,7.0,6.0,6.0,3.0,,,,,2.0,1.0,Completed,1.57,2.38,1.63,2.42,1.63,2.43,1.59,2.33
62,Paris,BNP Paribas Masters,2024-10-28,Masters 1000,Indoor,Hard,1st Round,3,Mannarino A.,Paul T.,58,12.0,929,3180.0,6.0,3.0,7.0,5.0,,,,,,,2.0,0.0,Completed,6.0,1.13,6.97,1.13,7.05,1.14,6.09,1.12
62,Paris,BNP Paribas Masters,2024-10-29,Masters 1000,Indoor,Hard,1st Round,3,Struff J.L.,Musetti L.,42,16.0,1265,2600.0,6.0,4.0,6.0,2.0,,,,,,,2.0,0.0,Completed,2.63,1.5,2.68,1.52,2.68,1.54,2.56,1.5
62,Paris,BNP Paribas Masters,2024-10-29,Masters 1000,Indoor,Hard,1st Round,3,Michelsen A.,Hurkacz H.,44,14.0,1220,2810.0,6.0,1.0,6.0,3.0,,,,,,,2.0,0.0,Completed,2.2,1.67,2.17,1.76,2.22,1.76,2.14,1.69
62,Paris,BNP Paribas Masters,2024-10-29,Masters 1000,Indoor,Hard,1st Round,3,Fils A.,Cilic M.,20,201.0,2265,288.0,7.0,6.0,6.0,4.0,,,,,,,2.0,0.0,Completed,1.25,4.0,1.32,3.7,1.32,4.01,1.28,3.65
62,Paris,BNP Paribas Masters,2024-10-29,Masters 1000,Indoor,Hard,1st Round,3,Popyrin A.,Berrettini M.,24,36.0,1775,1370.0,7.0,5.0,7.0,6.0,,,,,,,2.0,0.0,Completed,2.5,1.53,2.46,1.61,2.55,1.61,2.43,1.55
62,Paris,BNP Paribas Masters,2024-10-29,Masters 1000,Indoor,Hard,1st Round,3,Mpetshi G.,Tiafoe F.,31,17.0,1519,2585.0,6.0,7.0,7.0,6.0,6.0,3.0,,,,,2.0,1.0,Completed,2.2,1.67,2.29,1.69,2.33,1.82,2.23,1.65
62,Paris,BNP Paribas Masters,2024-10-29,Masters 1000,Indoor,Hard,1st Round,3,Khachanov K.,O Connell C.,21,71.0,2225,755.0,6.0,4.0,3.0,6.0,7.0,6.0,,,,,2.0,1.0,Completed,1.29,3.75,1.29,3.88,1.29,4.0,1.27,3.74
62,Paris,BNP Paribas Masters,2024-10-29,Masters 1000,Indoor,Hard,1st Round,3,Rune H.,Arnaldi M.,13,38.0,3005,1335.0,6.0,4.0,6.0,4.0,,,,,,,2.0,0.0,Completed,1.25,3.75,1.25,4.35,1.35,4.35,1.28,3.61
62,Paris,BNP Paribas Masters,2024-10-29,Masters 1000,Indoor,Hard,1st Round,3,Bergs Z.,Gasquet R.,65,133.0,833,452.0,6.0,3.0,6.0,4.0,,,,,,,2.0,0.0,Completed,1.41,2.75,1.51,2.73,1.52,2.92,1.44,2.75
62,Paris,BNP Paribas Masters,2024-10-29,Masters 1000,Indoor,Hard,1st Round,3,De Minaur A.,Navone M.,10,45.0,3725,1188.0,7.0,5.0,6.0,1.0,,,,,,,2.0,0.0,Completed,1.08,8.0,1.11,7.99,1.11,8.5,1.09,7.18
62,Paris,BNP Paribas Masters,2024-10-29,Masters 1000,Indoor,Hard,1st Round,3,Shelton B.,Moutet C.,19,70.0,2330,764.0,6.0,3.0,6.0,7.0,6.0,3.0,,,,,2.0,1.0,Completed,1.29,3.75,1.33,3.64,1.33,3.85,1.28,3.65
62,Paris,BNP Paribas Masters,2024-10-29,Masters 1000,Indoor,Hard,1st Round,3,Draper J.,Lehecka J.,15,30.0,2800,1560.0,7.0,5.0,6.0,2.0,,,,,,,2.0,0.0,Completed,1.5,2.63,1.48,2.84,1.5,2.84,1.46,2.68
62,Paris,BNP Paribas Masters,2024-10-29,Masters 1000,Indoor,Hard,2nd Round,3,Cerundolo F.,Rublev A.,29,7.0,1570,4070.0,7.0,6.0,7.0,6.0,,,,,,,2.0,0.0,Completed,3.4,1.33,3.49,1.35,3.7,1.36,3.36,1.31
62,Paris,BNP Paribas Masters,2024-10-29,Masters 1000,Indoor,Hard,2nd Round,3,Alcaraz C.,Jarry N.,2,37.0,7120,1365.0,7.0,5.0,6.0,1.0,,,,,,,2.0,0.0,Completed,1.06,10.0,1.08,10.72,1.08,10.77,1.06,9.17
62,Paris,BNP Paribas Masters,2024-10-29,Masters 1000,Indoor,Hard,2nd Round,3,Tsitsipas S.,Tabilo A.,11,22.0,3325,2043.0,6.0,3.0,6.0,4.0,,,,,,,2.0,0.0,Completed,1.5,2.63,1.52,2.73,1.53,2.75,1.48,2.61
62,Paris,BNP Paribas Masters,2024-10-29,Masters 1000,Indoor,Hard,2nd Round,3,Thompson J.,Ruud C.,28,8.0,1571,3855.0,7.0,6.0,3.0,6.0,6.0,4.0,,,,,2.0,1.0,Completed,2.2,1.67,2.27,1.71,2.29,1.71,2.2,1.66
62,Paris,BNP Paribas Masters,2024-10-30,Masters 1000,Indoor,Hard,2nd Round,3,Dimitrov G.,Etcheverry T.,9,40.0,3740,1310.0,6.0,7.0,6.0,3.0,7.0,5.0,,,,,2.0,1.0,Completed,1.25,4.0,1.28,4.08,1.29,4.08,1.26,3.85
62,Paris,BNP Paribas Masters,2024-10-30,Masters 1000,Indoor,Hard,2nd Round,3,Rinderknech A.,Michelsen A.,60,44.0,872,1220.0,7.0,6.0,7.0,6.0,,,,,,,2.0,0.0,Completed,2.75,1.44,2.75,1.52,2.78,1.52,2.66,1.47
62,Paris,BNP Paribas Masters,2024-10-30,Masters 1000,Indoor,Hard,2nd Round,3,Popyrin A.,Medvedev D.,24,5.0,1775,5230.0,6.0,4.0,2.0,6.0,7.0,6.0,,,,,2.0,1.0,Completed,3.5,1.3,3.72,1.35,3.72,1.35,3.46,1.3
62,Paris,BNP Paribas Masters,2024-10-30,Masters 1000,Indoor,Hard,2nd Round,3,Mannarino A.,Bergs Z.,58,65.0,929,833.0,3.0,6.0,6.0,2.0,6.0,4.0,,,,,2.0,1.0,Completed,2.3,1.62,2.39,1.65,2.39,1.71,2.26,1.63
62,Paris,BNP Paribas Masters,2024-10-30,Masters 1000,Indoor,Hard,2nd Round,3,Fils A.,Struff J.L.,20,42.0,2265,1265.0,6.0,3.0,6.0,4.0,,,,,,,2.0,0.0,Completed,1.4,3.0,1.48,2.88,1.48,3.05,1.42,2.85
62,Paris,BNP Paribas Masters,2024-10-30,Masters 1000,Indoor,Hard,2nd Round,3,Humbert U.,Giron M.,18,49.0,2385,1105.0,6.0,3.0,6.0,2.0,,,,,,,2.0,0.0,Completed,1.33,3.4,1.37,3.31,1.37,3.4,1.34,3.19
62,Paris,BNP Paribas Masters,2024-10-30,Masters 1000,Indoor,Hard,2nd Round,3,Rune H.,Bublik A.,13,33.0,3005,1460.0,6.0,4.0,6.0,2.0,,,,,,,2.0,0.0,Completed,1.33,3.4,1.32,3.77,1.35,3.81,1.31,3.43
62,Paris,BNP Paribas Masters,2024-10-30,Masters 1000,Indoor,Hard,2nd Round,3,Khachanov K.,Mpetshi G.,21,31.0,2225,1519.0,6.0,7.0,6.0,1.0,6.0,4.0,,,,,2.0,1.0,Completed,1.73,2.1,1.8,2.13,1.8,2.19,1.73,2.08
62,Paris,BNP Paribas Masters,2024-10-30,Masters 1000,Indoor,Hard,2nd Round,3,De Minaur A.,Kecmanovic M.,10,55.0,3725,965.0,6.0,4.0,7.0,6.0,,,,,,,2.0,0.0,Completed,1.25,4.0,1.28,4.14,1.29,4.25,1.25,3.9
62,Paris,BNP Paribas Masters,2024-10-30,Masters 1000,Indoor,Hard,2nd Round,3,Zverev A.,Griekspoor T.,3,39.0,6805,1320.0,7.0,6.0,6.0,3.0,,,,,,,2.0,0.0,Completed,1.3,3.5,1.32,3.78,1.32,3.79,1.29,3.55
62,Paris,BNP Paribas Masters,2024-10-30,Masters 1000,Indoor,Hard,2nd Round,3,Draper J.,Fritz T.,15,6.0,2800,4335.0,7.0,6.0,4.0,6.0,6.0,4.0,,,,,2.0,1.0,Completed,1.8,2.0,1.88,2.03,1.96,2.03,1.86,1.93
62,Paris,BNP Paribas Masters,2024-10-30,Masters 1000,Indoor,Hard,2nd Round,3,Cazaux A.,Shelton B.,85,19.0,678,2330.0,6.0,3.0,7.0,6.0,,,,,,,2.0,0.0,Completed,4.0,1.25,4.03,1.29,4.03,1.29,3.77,1.27
62,Paris,BNP Paribas Masters,2024-10-31,Masters 1000,Indoor,Hard,3rd Round,3,Thompson J.,Mannarino A.,28,58.0,1571,929.0,7.0,5.0,7.0,6.0,,,,,,,2.0,0.0,Completed,1.57,2.38,1.58,2.55,1.62,2.55,1.55,2.41
62,Paris,BNP Paribas Masters,2024-10-31,Masters 1000,Indoor,Hard,3rd Round,3,Tsitsipas S.,Cerundolo F.,11,29.0,3325,1570.0,6.0,7.0,6.0,4.0,6.0,2.0,,,,,2.0,1.0,Completed,1.44,2.75,1.52,2.74,1.52,2.82,1.48,2.64
62,Paris,BNP Paribas Masters,2024-10-31,Masters 1000,Indoor,Hard,3rd Round,3,Khachanov K.,Popyrin A.,21,24.0,2225,1775.0,7.0,6.0,6.0,4.0,,,,,,,2.0,0.0,Completed,1.62,2.3,1.67,2.36,1.67,2.36,1.62,2.29
62,Paris,BNP Paribas Masters,2024-10-31,Masters 1000,Indoor,Hard,3rd Round,3,Zverev A.,Fils A.,3,20.0,6805,2265.0,6.0,4.0,3.0,6.0,6.0,3.0,,,,,2.0,1.0,Completed,1.44,2.75,1.47,2.92,1.5,2.92,1.46,2.7
62,Paris,BNP Paribas Masters,2024-10-31,Masters 1000,Indoor,Hard,3rd Round,3,De Minaur A.,Draper J.,10,15.0,3725,2800.0,5.0,7.0,6.0,2.0,6.0,3.0,,,,,2.0,1.0,Completed,2.2,1.67,2.35,1.67,2.35,1.7,2.22,1.65
62,Paris,BNP Paribas Masters,2024-10-31,Masters 1000,Indoor,Hard,3rd Round,3,Humbert U.,Alcaraz C.,18,2.0,2385,7120.0,6.0,1.0,3.0,6.0,7.0,5.0,,,,,2.0,1.0,Completed,5.0,1.17,5.56,1.18,5.56,1.22,4.87,1.17
62,Paris,BNP Paribas Masters,2024-10-31,Masters 1000,Indoor,Hard,3rd Round,3,Rune H.,Cazaux A.,13,85.0,3005,678.0,3.0,6.0,6.0,3.0,6.0,4.0,,,,,2.0,1.0,Completed,1.33,3.4,1.35,3.5,1.38,3.5,1.32,3.35
62,Paris,BNP Paribas Masters,2024-10-31,Masters 1000,Indoor,Hard,3rd Round,3,Dimitrov G.,Rinderknech A.,9,60.0,3740,872.0,6.0,2.0,4.0,6.0,7.0,6.0,,,,,2.0,1.0,Completed,1.2,4.5,1.24,4.62,1.24,4.62,1.22,4.27
62,Paris,BNP Paribas Masters,2024-11-01,Masters 1000,Indoor,Hard,Quarterfinals,3,Zverev A.,Tsitsipas S.,3,11.0,6805,3325.0,7.0,5.0,6.0,4.0,,,,,,,2.0,0.0,Completed,1.4,3.0,1.4,3.24,1.42,3.28,1.38,3.02
62,Paris,BNP Paribas Masters,2024-11-01,Masters 1000,Indoor,Hard,Quarterfinals,3,Rune H.,De Minaur A.,13,10.0,3005,3725.0,6.0,4.0,4.0,6.0,7.0,5.0,,,,,2.0,1.0,Completed,2.3,1.62,2.36,1.67,2.38,1.74,2.22,1.65
62,Paris,BNP Paribas Masters,2024-11-01,Masters 1000,Indoor,Hard,Quarterfinals,3,Humbert U.,Thompson J.,18,28.0,2385,1571.0,6.0,2.0,7.0,6.0,,,,,,,2.0,0.0,Completed,1.33,3.4,1.33,3.66,1.39,3.66,1.32,3.38
62,Paris,BNP Paribas Masters,2024-11-01,Masters 1000,Indoor,Hard,Quarterfinals,3,Khachanov K.,Dimitrov G.,21,9.0,2225,3740.0,6.0,2.0,6.0,3.0,,,,,,,2.0,0.0,Completed,2.1,1.73,2.13,1.8,2.21,1.8,2.11,1.73
62,Paris,BNP Paribas Masters,2024-11-02,Masters 1000,Indoor,Hard,Semifinals,3,Zverev A.,Rune H.,3,13.0,6805,3005.0,6.0,3.0,7.0,6.0,,,,,,,2.0,0.0,Completed,1.4,3.0,1.48,2.87,1.49,3.0,1.42,2.87
62,Paris,BNP Paribas Masters,2024-11-02,Masters 1000,Indoor,Hard,Semifinals,3,Humbert U.,Khachanov K.,18,21.0,2385,2225.0,6.0,7.0,6.0,4.0,6.0,3.0,,,,,2.0,1.0,Completed,1.67,2.2,1.78,2.16,1.78,2.22,1.72,2.12
62,Paris,BNP Paribas Masters,2024-11-03,Masters 1000,Indoor,Hard,The Final,3,Zverev A.,Humbert U.,3,18.0,6805,2385.0,6.0,2.0,6.0,2.0,,,,,,,2.0,0.0,Completed,1.4,3.0,1.47,2.93,1.47,3.01,1.41,2.91
63,Belgrade,Belgrade Open,2024-11-03,ATP250,Indoor,Hard,1st Round,3,Marozsan F.,Shang J.,59,50.0,930,1115.0,2.0,6.0,7.0,6.0,7.0,5.0,,,,,2.0,1.0,Completed,2.75,1.44,2.63,1.54,2.75,1.55,2.56,1.5
63,Belgrade,Belgrade Open,2024-11-03,ATP250,Indoor,Hard,1st Round,3,Medjedovic H.,Nakashima B.,156,37.0,378,1350.0,3.0,6.0,7.0,5.0,6.0,3.0,,,,,2.0,1.0,Completed,2.5,1.53,2.7,1.52,2.77,1.57,2.54,1.5
63,Belgrade,Belgrade Open,2024-11-04,ATP250,Indoor,Hard,1st Round,3,Altmaier D.,Darderi L.,93,43.0,625,1248.0,7.0,6.0,6.0,3.0,,,,,,,2.0,0.0,Completed,1.8,2.0,1.79,2.12,1.86,2.18,1.77,2.02
63,Belgrade,Belgrade Open,2024-11-04,ATP250,Indoor,Hard,1st Round,3,Cilic M.,Muller A.,196,68.0,298,790.0,7.0,6.0,6.0,3.0,,,,,,,2.0,0.0,Completed,1.44,2.75,1.54,2.63,1.54,2.78,1.47,2.65
63,Belgrade,Belgrade Open,2024-11-04,ATP250,Indoor,Hard,1st Round,3,Etcheverry T.,Kotov P.,39,75.0,1315,745.0,6.0,3.0,6.0,4.0,,,,,,,2.0,0.0,Completed,1.44,2.75,1.48,2.82,1.49,2.9,1.45,2.71
63,Belgrade,Belgrade Open,2024-11-04,ATP250,Indoor,Hard,1st Round,3,Kovacevic A.,Djuric B.,101,781.0,607,30.0,6.0,2.0,6.0,2.0,,,,,,,2.0,0.0,Completed,1.2,4.5,1.18,5.49,1.23,6.0,1.17,4.89
63,Belgrade,Belgrade Open,2024-11-04,ATP250,Indoor,Hard,1st Round,3,Klein L.,Duckworth J.,153,77.0,380,731.0,6.0,4.0,6.0,2.0,,,,,,,2.0,0.0,Completed,1.73,2.1,1.64,2.39,1.74,2.39,1.65,2.2
63,Belgrade,Belgrade Open,2024-11-04,ATP250,Indoor,Hard,1st Round,3,Lajovic D.,Navone M.,86,45.0,685,1198.0,6.0,0.0,7.0,6.0,,,,,,,2.0,0.0,Completed,1.8,2.0,1.75,2.18,1.82,2.18,1.73,2.07
63,Belgrade,Belgrade Open,2024-11-04,ATP250,Indoor,Hard,1st Round,3,Shapovalov D.,Fucsovics M.,78,91.0,718,629.0,6.0,7.0,7.0,5.0,6.0,1.0,,,,,2.0,1.0,Completed,1.57,2.38,1.66,2.35,1.66,2.45,1.58,2.34
63,Belgrade,Belgrade Open,2024-11-04,ATP250,Indoor,Hard,1st Round,3,O Connell C.,Kecmanovic M.,71,53.0,765,1021.0,6.0,1.0,6.0,1.0,,,,,,,2.0,0.0,Completed,3.0,1.4,2.89,1.46,3.0,1.47,2.78,1.43
63,Belgrade,Belgrade Open,2024-11-05,ATP250,Indoor,Hard,1st Round,3,Safiullin R.,Fognini F.,60,74.0,898,745.0,6.0,3.0,6.0,3.0,,,,,,,2.0,0.0,Completed,1.22,4.33,1.27,4.09,1.27,4.34,1.23,3.99
63,Belgrade,Belgrade Open,2024-11-05,ATP250,Indoor,Hard,1st Round,3,Djere L.,Wawrinka S.,141,148.0,419,391.0,6.0,4.0,6.0,4.0,,,,,,,2.0,0.0,Completed,2.2,1.67,2.21,1.74,2.21,1.74,2.15,1.68
63,Belgrade,Belgrade Open,2024-11-05,ATP250,Indoor,Hard,2nd Round,3,Medjedovic H.,Kovacevic A.,156,101.0,378,607.0,7.0,6.0,6.0,4.0,,,,,,,2.0,0.0,Completed,1.4,3.0,1.48,2.88,1.5,3.0,1.42,2.79
63,Belgrade,Belgrade Open,2024-11-05,ATP250,Indoor,Hard,2nd Round,3,Klein L.,Etcheverry T.,153,39.0,380,1315.0,6.0,4.0,7.0,6.0,,,,,,,2.0,0.0,Completed,2.5,1.53,2.47,1.61,2.6,1.61,2.45,1.53
63,Belgrade,Belgrade Open,2024-11-05,ATP250,Indoor,Hard,2nd Round,3,Lehecka J.,Cilic M.,31,196.0,1560,298.0,6.0,4.0,7.0,6.0,,,,,,,2.0,0.0,Completed,1.53,2.5,1.59,2.54,1.59,2.56,1.53,2.46
63,Belgrade,Belgrade Open,2024-11-06,ATP250,Indoor,Hard,2nd Round,3,Cerundolo F.,Safiullin R.,29,60.0,1580,898.0,6.0,4.0,6.0,4.0,,,,,,,2.0,0.0,Completed,2.5,1.53,2.48,1.61,2.5,1.64,2.38,1.57
63,Belgrade,Belgrade Open,2024-11-06,ATP250,Indoor,Hard,2nd Round,3,O Connell C.,Altmaier D.,71,93.0,765,625.0,6.0,3.0,6.0,1.0,,,,,,,2.0,0.0,Completed,1.53,2.5,1.55,2.64,1.55,2.64,1.51,2.51
63,Belgrade,Belgrade Open,2024-11-06,ATP250,Indoor,Hard,2nd Round,3,Shapovalov D.,Borges N.,78,33.0,718,1446.0,6.0,2.0,6.0,4.0,,,,,,,2.0,0.0,Completed,1.33,3.4,1.37,3.42,1.37,3.65,1.32,3.33
63,Belgrade,Belgrade Open,2024-11-06,ATP250,Indoor,Hard,2nd Round,3,Marozsan F.,Lajovic D.,59,86.0,930,685.0,6.0,3.0,7.0,5.0,,,,,,,2.0,0.0,Completed,1.73,2.1,1.74,2.23,1.74,2.23,1.68,2.15
63,Belgrade,Belgrade Open,2024-11-06,ATP250,Indoor,Hard,2nd Round,3,Djere L.,Ajdukovic D.,141,115.0,419,506.0,6.0,1.0,7.0,6.0,,,,,,,2.0,0.0,Completed,1.44,2.75,1.5,2.78,1.5,2.98,1.43,2.75
63,Belgrade,Belgrade Open,2024-11-07,ATP250,Indoor,Hard,Quarterfinals,3,Lehecka J.,Klein L.,31,153.0,1560,380.0,3.0,6.0,7.0,6.0,6.0,3.0,,,,,2.0,1.0,Completed,1.36,3.2,1.43,3.08,1.44,3.2,1.39,2.97
63,Belgrade,Belgrade Open,2024-11-07,ATP250,Indoor,Hard,Quarterfinals,3,Shapovalov D.,O Connell C.,78,71.0,718,765.0,6.0,2.0,6.0,2.0,,,,,,,2.0,0.0,Completed,1.5,2.63,1.52,2.71,1.55,2.71,1.5,2.55
63,Belgrade,Belgrade Open,2024-11-07,ATP250,Indoor,Hard,Quarterfinals,3,Djere L.,Marozsan F.,141,59.0,419,930.0,6.0,4.0,6.0,2.0,,,,,,,2.0,0.0,Completed,1.8,2.0,1.88,2.03,1.9,2.09,1.82,1.97
63,Belgrade,Belgrade Open,2024-11-07,ATP250,Indoor,Hard,Quarterfinals,3,Medjedovic H.,Cerundolo F.,156,29.0,378,1580.0,6.0,4.0,6.0,2.0,,,,,,,2.0,0.0,Completed,2.1,1.73,2.09,1.83,2.25,1.83,2.08,1.73
63,Belgrade,Belgrade Open,2024-11-08,ATP250,Indoor,Hard,Semifinals,3,Shapovalov D.,Lehecka J.,78,31.0,718,1560.0,6.0,2.0,6.0,1.0,,,,,,,2.0,0.0,Completed,1.67,2.2,1.74,2.23,1.76,2.24,1.68,2.16
63,Belgrade,Belgrade Open,2024-11-08,ATP250,Indoor,Hard,Semifinals,3,Medjedovic H.,Djere L.,156,141.0,378,419.0,6.0,2.0,3.0,6.0,7.0,6.0,,,,,2.0,1.0,Completed,1.62,2.3,1.71,2.26,1.74,2.32,1.64,2.22
63,Belgrade,Belgrade Open,2024-11-09,ATP250,Indoor,Hard,The Final,3,Shapovalov D.,Medjedovic H.,78,156.0,718,378.0,6.0,4.0,6.0,4.0,,,,,,,2.0,0.0,Completed,1.4,3.0,1.41,3.13,1.41,3.17,1.38,3.0
64,Metz,Open de Moselle,2024-11-03,ATP250,Indoor,Hard,1st Round,3,Moutet C.,Nagal S.,66,83.0,804,697.0,7.0,5.0,4.0,0.0,,,,,,,2.0,0.0,Completed,1.29,3.75,1.34,3.53,1.34,3.75,1.31,3.43
64,Metz,Open de Moselle,2024-11-03,ATP250,Indoor,Hard,1st Round,3,Michelsen A.,Mayot H.,44,107.0,1245,567.0,6.0,3.0,6.0,1.0,,,,,,,2.0,0.0,Completed,1.3,3.5,1.33,3.58,1.34,3.59,1.32,3.35
64,Metz,Open de Moselle,2024-11-04,ATP250,Indoor,Hard,1st Round,3,Sonego L.,Barrere G.,51,166.0,1046,362.0,6.0,4.0,7.0,5.0,,,,,,,2.0,0.0,Completed,3.5,1.3,,,1.42,2.8,1.42,2.8
64,Metz,Open de Moselle,2024-11-04,ATP250,Indoor,Hard,1st Round,3,Struff J.L.,Shevchenko A.,40,64.0,1290,840.0,3.0,6.0,6.0,4.0,6.0,4.0,,,,,2.0,1.0,Completed,1.44,2.75,1.44,2.97,1.5,2.97,1.45,2.7
64,Metz,Open de Moselle,2024-11-04,ATP250,Indoor,Hard,1st Round,3,Herbert P.H.,Martinez P.,127,42.0,471,1270.0,6.0,3.0,3.0,6.0,7.0,6.0,,,,,2.0,1.0,Completed,1.91,1.91,1.93,1.95,2.01,1.95,1.89,1.88
64,Metz,Open de Moselle,2024-11-04,ATP250,Indoor,Hard,1st Round,3,Halys Q.,Papamalamis T.,84,721.0,693,37.0,6.0,3.0,6.0,1.0,,,,,,,2.0,0.0,Completed,1.02,19.0,1.03,18.71,1.03,19.0,1.02,13.84
64,Metz,Open de Moselle,2024-11-04,ATP250,Indoor,Hard,1st Round,3,Gasquet R.,Monteiro T.,133,100.0,445,609.0,4.0,6.0,6.0,4.0,7.0,6.0,,,,,2.0,1.0,Completed,1.73,2.1,1.76,2.17,1.8,2.2,1.74,2.07
64,Metz,Open de Moselle,2024-11-04,ATP250,Indoor,Hard,1st Round,3,Norrie C.,Carballes Baena R.,57,56.0,962,981.0,3.0,6.0,6.0,4.0,6.0,3.0,,,,,2.0,1.0,Completed,1.62,2.3,1.68,2.31,1.69,2.38,1.64,2.23
64,Metz,Open de Moselle,2024-11-05,ATP250,Indoor,Hard,1st Round,3,Bergs Z.,Guinard M.,61,264.0,886,204.0,6.0,4.0,6.0,4.0,,,,,,,2.0,0.0,Completed,1.17,5.0,1.19,5.26,1.2,5.4,1.17,4.82
64,Metz,Open de Moselle,2024-11-05,ATP250,Indoor,Hard,1st Round,3,Gaston H.,Droguet T.,81,174.0,712,338.0,7.0,6.0,4.0,6.0,6.0,3.0,,,,,2.0,1.0,Completed,1.8,2.0,1.9,1.99,1.9,2.02,1.81,1.97
64,Metz,Open de Moselle,2024-11-05,ATP250,Indoor,Hard,1st Round,3,Bu Y.,Mannarino A.,72,54.0,749,1019.0,7.0,6.0,6.0,4.0,,,,,,,2.0,0.0,Completed,2.0,1.8,1.89,2.0,2.01,2.0,1.89,1.89
64,Metz,Open de Moselle,2024-11-05,ATP250,Indoor,Hard,1st Round,3,Bonzi B.,Bautista Agut R.,124,47.0,473,1151.0,7.0,6.0,6.0,3.0,,,,,,,2.0,0.0,Completed,1.8,2.0,1.89,1.99,1.94,2.14,1.84,1.95
64,Metz,Open de Moselle,2024-11-05,ATP250,Indoor,Hard,2nd Round,3,Rublev A.,Sonego L.,9,51.0,3720,1046.0,7.0,6.0,7.0,5.0,,,,,,,2.0,0.0,Completed,1.3,3.5,1.33,3.63,1.35,3.68,1.3,3.45
64,Metz,Open de Moselle,2024-11-05,ATP250,Indoor,Hard,2nd Round,3,Michelsen A.,Gasquet R.,44,133.0,1245,445.0,6.0,7.0,7.0,6.0,7.0,6.0,,,,,2.0,1.0,Completed,1.17,5.0,1.19,5.42,1.19,5.42,1.17,4.96
64,Metz,Open de Moselle,2024-11-05,ATP250,Indoor,Hard,2nd Round,3,Moutet C.,Struff J.L.,66,40.0,804,1290.0,7.0,6.0,5.0,7.0,6.0,3.0,,,,,2.0,1.0,Completed,2.5,1.53,2.74,1.52,2.74,1.59,2.43,1.54
64,Metz,Open de Moselle,2024-11-06,ATP250,Indoor,Hard,2nd Round,3,Halys Q.,Herbert P.H.,84,127.0,693,471.0,6.0,1.0,4.0,6.0,6.0,4.0,,,,,2.0,1.0,Completed,1.25,4.0,1.28,4.1,1.3,4.1,1.26,3.73
64,Metz,Open de Moselle,2024-11-06,ATP250,Indoor,Hard,2nd Round,3,Bergs Z.,Gaston H.,61,81.0,886,712.0,6.0,4.0,7.0,5.0,,,,,,,2.0,0.0,Completed,1.4,3.0,1.42,3.12,1.46,3.12,1.41,2.87
64,Metz,Open de Moselle,2024-11-06,ATP250,Indoor,Hard,2nd Round,3,Norrie C.,Van Assche L.,57,112.0,962,509.0,6.0,3.0,3.0,6.0,6.0,1.0,,,,,2.0,1.0,Completed,1.53,2.5,1.56,2.62,1.56,2.63,1.52,2.47
64,Metz,Open de Moselle,2024-11-06,ATP250,Indoor,Hard,2nd Round,3,Bonzi B.,Ruud C.,124,7.0,473,3855.0,6.0,4.0,6.0,4.0,,,,,,,2.0,0.0,Completed,1.91,1.91,1.98,1.93,1.98,1.96,1.89,1.88
64,Metz,Open de Moselle,2024-11-06,ATP250,Indoor,Hard,2nd Round,3,Bu Y.,De Jong J.,72,109.0,749,541.0,6.0,4.0,7.0,6.0,,,,,,,2.0,0.0,Completed,1.4,3.0,1.5,2.81,1.5,3.0,1.44,2.75
64,Metz,Open de Moselle,2024-11-07,ATP250,Indoor,Hard,Quarterfinals,3,Moutet C.,Rublev A.,66,9.0,804,3720.0,,,,,,,,,,,,,Walkover,,,,,,,,
64,Metz,Open de Moselle,2024-11-07,ATP250,Indoor,Hard,Quarterfinals,3,Norrie C.,Bergs Z.,57,61.0,962,886.0,6.0,3.0,6.0,7.0,6.0,1.0,,,,,2.0,1.0,Completed,2.2,1.67,2.41,1.64,2.41,1.74,2.27,1.62
64,Metz,Open de Moselle,2024-11-07,ATP250,Indoor,Hard,Quarterfinals,3,Bonzi B.,Halys Q.,124,84.0,473,693.0,6.0,3.0,7.0,6.0,,,,,,,2.0,0.0,Completed,1.73,2.1,1.8,2.13,1.8,2.23,1.72,2.11
64,Metz,Open de Moselle,2024-11-07,ATP250,Indoor,Hard,Quarterfinals,3,Michelsen A.,Bu Y.,44,72.0,1245,749.0,6.0,7.0,6.0,2.0,6.0,4.0,,,,,2.0,1.0,Completed,1.5,2.63,1.57,2.59,1.57,2.75,1.48,2.6
64,Metz,Open de Moselle,2024-11-08,ATP250,Indoor,Hard,Semifinals,3,Norrie C.,Moutet C.,57,66.0,962,804.0,6.0,2.0,7.0,6.0,,,,,,,2.0,0.0,Completed,1.8,2.0,1.89,2.02,1.92,2.14,1.81,1.98
64,Metz,Open de Moselle,2024-11-08,ATP250,Indoor,Hard,Semifinals,3,Bonzi B.,Michelsen A.,124,44.0,473,1245.0,4.0,6.0,6.0,0.0,7.0,5.0,,,,,2.0,1.0,Completed,1.91,1.91,2.0,1.89,2.06,2.03,1.92,1.85
64,Metz,Open de Moselle,2024-11-09,ATP250,Indoor,Hard,The Final,3,Bonzi B.,Norrie C.,124,57.0,473,962.0,7.0,6.0,6.0,4.0,,,,,,,2.0,0.0,Completed,1.91,1.91,1.89,2.0,1.94,2.0,1.87,1.91
65,Turin,Masters Cup,2024-11-10,Masters Cup,Indoor,Hard,Round Robin,3,Fritz T.,Medvedev D.,5,4.0,4300,4830.0,6.0,4.0,6.0,3.0,,,,,,,2.0,0.0,Completed,2.1,1.73,2.16,1.77,2.22,1.8,2.06,1.74
65,Turin,Masters Cup,2024-11-10,Masters Cup,Indoor,Hard,Round Robin,3,Sinner J.,De Minaur A.,1,9.0,10330,3745.0,6.0,3.0,6.0,4.0,,,,,,,2.0,0.0,Completed,1.11,6.5,1.11,8.24,1.16,8.24,1.11,6.57
65,Turin,Masters Cup,2024-11-11,Masters Cup,Indoor,Hard,Round Robin,3,Ruud C.,Alcaraz C.,7,3.0,3855,6810.0,6.0,1.0,7.0,5.0,,,,,,,2.0,0.0,Completed,10.0,1.06,10.08,1.08,10.08,1.09,8.71,1.06
65,Turin,Masters Cup,2024-11-11,Masters Cup,Indoor,Hard,Round Robin,3,Zverev A.,Rublev A.,2,8.0,7315,3760.0,6.0,4.0,6.0,4.0,,,,,,,2.0,0.0,Completed,1.3,3.5,1.31,3.75,1.34,3.76,1.3,3.48
65,Turin,Masters Cup,2024-11-12,Masters Cup,Indoor,Hard,Round Robin,3,Medvedev D.,De Minaur A.,4,9.0,4830,3745.0,6.0,2.0,6.0,4.0,,,,,,,2.0,0.0,Completed,1.91,1.91,2.03,1.86,2.03,1.94,1.9,1.88
65,Turin,Masters Cup,2024-11-12,Masters Cup,Indoor,Hard,Round Robin,3,Sinner J.,Fritz T.,1,5.0,10330,4300.0,6.0,4.0,6.0,4.0,,,,,,,2.0,0.0,Completed,1.14,5.5,1.18,5.43,1.2,5.8,1.16,5.04
65,Turin,Masters Cup,2024-11-13,Masters Cup,Indoor,Hard,Round Robin,3,Alcaraz C.,Rublev A.,3,8.0,6810,3760.0,6.0,3.0,7.0,6.0,,,,,,,2.0,0.0,Completed,1.53,2.5,1.58,2.52,1.6,2.6,1.54,2.46
65,Turin,Masters Cup,2024-11-13,Masters Cup,Indoor,Hard,Round Robin,3,Zverev A.,Ruud C.,2,7.0,7315,3855.0,7.0,6.0,6.0,3.0,,,,,,,2.0,0.0,Completed,1.13,6.0,1.18,5.56,1.18,6.0,1.15,5.46
65,Turin,Masters Cup,2024-11-14,Masters Cup,Indoor,Hard,Round Robin,3,De Minaur A.,Fritz T.,9,5.0,3745,4300.0,5.0,7.0,6.0,4.0,6.0,3.0,,,,,2.0,1.0,Completed,3.2,1.36,3.09,1.42,3.2,1.42,3.0,1.38
65,Turin,Masters Cup,2024-11-14,Masters Cup,Indoor,Hard,Round Robin,3,Sinner J.,Medvedev D.,1,4.0,10330,4830.0,6.0,3.0,6.0,4.0,,,,,,,2.0,0.0,Completed,1.17,5.0,1.19,5.29,1.22,5.6,1.17,4.85
65,Turin,Masters Cup,2024-11-15,Masters Cup,Indoor,Hard,Round Robin,3,Zverev A.,Alcaraz C.,2,3.0,7315,6810.0,7.0,6.0,6.0,4.0,,,,,,,2.0,0.0,Completed,1.91,1.91,2.02,1.87,2.02,1.92,1.91,1.87
65,Turin,Masters Cup,2024-11-15,Masters Cup,Indoor,Hard,Round Robin,3,Ruud C.,Rublev A.,7,8.0,3855,3760.0,6.0,4.0,5.0,7.0,6.0,2.0,,,,,2.0,1.0,Completed,2.5,1.53,2.59,1.56,2.63,1.64,2.43,1.55
65,Turin,Masters Cup,2024-11-16,Masters Cup,Indoor,Hard,Semifinals,3,Fritz T.,Zverev A.,5,2.0,4300,7315.0,6.0,3.0,3.0,6.0,7.0,6.0,,,,,2.0,1.0,Completed,3.0,1.4,2.85,1.48,3.11,1.49,2.94,1.4
65,Turin,Masters Cup,2024-11-16,Masters Cup,Indoor,Hard,Semifinals,3,Sinner J.,Ruud C.,1,7.0,10330,3855.0,6.0,1.0,6.0,2.0,,,,,,,2.0,0.0,Completed,1.05,11.0,1.06,12.48,1.07,12.48,1.05,9.58
65,Turin,Masters Cup,2024-11-17,Masters Cup,Indoor,Hard,The Final,3,Sinner J.,Fritz T.,1,5.0,10330,4300.0,6.0,4.0,6.0,4.0,,,,,,,2.0,0.0,Completed,1.14,5.5,1.17,5.24,1.2,5.7,1.15,5.22
