ATP,Location,Tournament,Date,Series,Court,Surface,Round,Best of,Winner,Loser,WRank,LRank,WPts,LPts,W1,L1,W2,L2,W3,L3,W4,L4,W5,L5,Wsets,Lsets,Comment,B365W,B365L,PSW,PSL,MaxW,MaxL,AvgW,AvgL,BFEW,BFEL
1,Brisbane,Brisbane International,2024-12-29,ATP250,Outdoor,Hard,1st Round,3,Vukic A.,Goffin D.,68,52.0,778,1037.0,6.0,2.0,6.0,3.0,,,,,,,2.0,0.0,Completed,2.0,1.8,2.08,1.83,2.14,1.83,2.03,1.78,,
1,Brisbane,Brisbane International,2024-12-30,ATP250,Outdoor,Hard,1st Round,3,Michelsen A.,O Connell C.,41,64.0,1245,795.0,6.0,4.0,4.0,6.0,7.0,6.0,,,,,2.0,1.0,Completed,1.44,2.75,1.48,2.85,1.48,2.9,1.43,2.74,,
1,Brisbane,Brisbane International,2024-12-30,ATP250,Outdoor,Hard,1st Round,3,Bonzi B.,Tabilo A.,75,23.0,730,1943.0,6.0,7.0,7.0,6.0,6.0,4.0,,,,,2.0,1.0,Completed,1.67,2.2,1.73,2.22,1.73,2.25,1.67,2.18,,
1,Brisbane,Brisbane International,2024-12-30,ATP250,Outdoor,Hard,1st Round,3,Nishioka Y.,Rinderknech A.,69,59.0,776,927.0,6.0,3.0,6.0,4.0,,,,,,,2.0,0.0,Completed,1.53,2.5,1.64,2.39,1.65,2.5,1.59,2.36,,
1,Brisbane,Brisbane International,2024-12-30,ATP250,Outdoor,Hard,1st Round,3,Thompson J.,Berrettini M.,26,34.0,1745,1380.0,3.0,6.0,6.0,3.0,6.0,4.0,,,,,2.0,1.0,Completed,2.63,1.5,2.47,1.6,2.63,1.6,2.48,1.54,,
1,Brisbane,Brisbane International,2024-12-30,ATP250,Outdoor,Hard,1st Round,3,Jarry N.,Navone M.,35,47.0,1370,1148.0,7.0,5.0,7.0,6.0,,,,,,,2.0,0.0,Completed,1.36,3.2,1.4,3.16,1.4,3.3,1.36,3.13,,
1,Brisbane,Brisbane International,2024-12-30,ATP250,Outdoor,Hard,1st Round,3,Dimitrov G.,Hanfmann Y.,10,96.0,3350,627.0,7.0,6.0,6.0,3.0,,,,,,,2.0,0.0,Completed,1.14,5.5,1.15,6.43,1.17,6.43,1.14,5.58,,
1,Brisbane,Brisbane International,2024-12-30,ATP250,Outdoor,Hard,1st Round,3,Lehecka J.,Rune H.,28,13.0,1660,3025.0,7.0,5.0,6.0,3.0,,,,,,,2.0,0.0,Completed,2.5,1.53,2.55,1.57,2.55,1.57,2.44,1.54,,
1,Brisbane,Brisbane International,2024-12-31,ATP250,Outdoor,Hard,1st Round,3,Opelka R.,Gomez F.,293,137.0,176,442.0,7.0,5.0,6.0,4.0,,,,,,,2.0,0.0,Completed,1.5,2.63,1.54,2.62,1.54,2.75,1.5,2.57,,
1,Brisbane,Brisbane International,2024-12-31,ATP250,Outdoor,Hard,1st Round,3,Arnaldi M.,Popyrin A.,37,24.0,1345,1865.0,6.0,3.0,6.0,2.0,,,,,,,2.0,0.0,Completed,2.5,1.53,2.46,1.61,2.51,1.61,2.41,1.56,,
1,Brisbane,Brisbane International,2024-12-31,ATP250,Outdoor,Hard,1st Round,3,Tiafoe F.,Walton A.,18,93.0,2585,636.0,7.0,6.0,6.0,3.0,,,,,,,2.0,0.0,Completed,1.22,4.33,1.29,3.93,1.29,4.33,1.24,3.93,,
1,Brisbane,Brisbane International,2024-12-31,ATP250,Outdoor,Hard,1st Round,3,Mensik J.,Kukushkin M.,48,113.0,1136,542.0,7.0,6.0,6.0,4.0,,,,,,,2.0,0.0,Completed,1.29,3.75,1.31,3.77,1.33,3.77,1.29,3.54,,
1,Brisbane,Brisbane International,2024-12-31,ATP250,Outdoor,Hard,1st Round,3,Lajovic D.,Cazaux A.,81,63.0,710,807.0,6.0,4.0,6.0,4.0,,,,,,,2.0,0.0,Completed,,,,,1.27,3.7,1.27,3.7,,
1,Brisbane,Brisbane International,2024-12-31,ATP250,Outdoor,Hard,1st Round,3,Mpetshi G.,Kyrgios N.,31,,1561,,7.0,6.0,6.0,7.0,7.0,6.0,,,,,2.0,1.0,Completed,1.91,1.91,1.96,1.93,2.0,1.97,1.89,1.89,,
1,Brisbane,Brisbane International,2024-12-31,ATP250,Outdoor,Hard,1st Round,3,Monfils G.,Basavareddy N.,55,138.0,1005,440.0,6.0,4.0,4.0,6.0,6.0,1.0,,,,,2.0,1.0,Completed,1.62,2.3,1.72,2.23,1.74,2.3,1.67,2.16,,
1,Brisbane,Brisbane International,2024-12-31,ATP250,Outdoor,Hard,1st Round,3,Djokovic N.,Hijikata R.,7,73.0,3910,746.0,6.0,3.0,6.0,3.0,,,,,,,2.0,0.0,Completed,1.04,13.0,1.05,13.89,1.06,13.89,1.04,10.93,,
1,Brisbane,Brisbane International,2025-01-01,ATP250,Outdoor,Hard,2nd Round,3,Lehecka J.,Nishioka Y.,28,69.0,1660,776.0,6.0,2.0,6.0,7.0,6.0,4.0,,,,,2.0,1.0,Completed,1.36,3.2,1.44,3.01,1.44,3.2,1.4,2.92,,
1,Brisbane,Brisbane International,2025-01-01,ATP250,Outdoor,Hard,2nd Round,3,Jarry N.,Bonzi B.,35,75.0,1370,730.0,6.0,2.0,6.0,3.0,,,,,,,2.0,0.0,Completed,2.63,1.5,2.61,1.56,2.63,1.57,2.52,1.52,,
1,Brisbane,Brisbane International,2025-01-01,ATP250,Outdoor,Hard,2nd Round,3,Dimitrov G.,Vukic A.,10,68.0,3350,778.0,6.0,2.0,7.0,6.0,,,,,,,2.0,0.0,Completed,1.2,4.5,1.21,5.06,1.22,5.06,1.2,4.42,,
1,Brisbane,Brisbane International,2025-01-01,ATP250,Outdoor,Hard,2nd Round,3,Thompson J.,Michelsen A.,26,41.0,1745,1245.0,7.0,5.0,6.0,3.0,,,,,,,2.0,0.0,Completed,1.67,2.2,1.8,2.13,1.8,2.33,1.68,2.16,,
1,Brisbane,Brisbane International,2025-01-02,ATP250,Outdoor,Hard,2nd Round,3,Mensik J.,Lajovic D.,48,81.0,1136,710.0,6.0,3.0,6.0,2.0,,,,,,,2.0,0.0,Completed,1.25,4.0,1.28,4.15,1.28,4.15,1.25,3.87,,
1,Brisbane,Brisbane International,2025-01-02,ATP250,Outdoor,Hard,2nd Round,3,Opelka R.,Arnaldi M.,293,37.0,176,1345.0,7.0,6.0,7.0,6.0,,,,,,,2.0,0.0,Completed,2.5,1.53,2.55,1.58,2.67,1.62,2.46,1.54,,
1,Brisbane,Brisbane International,2025-01-02,ATP250,Outdoor,Hard,2nd Round,3,Mpetshi G.,Tiafoe F.,31,18.0,1561,2585.0,6.0,4.0,7.0,6.0,,,,,,,2.0,0.0,Completed,2.0,1.8,2.2,1.76,2.2,1.8,2.11,1.72,,
1,Brisbane,Brisbane International,2025-01-02,ATP250,Outdoor,Hard,2nd Round,3,Djokovic N.,Monfils G.,7,55.0,3910,1005.0,6.0,3.0,6.0,3.0,,,,,,,2.0,0.0,Completed,1.06,10.0,1.09,9.51,1.09,10.0,1.07,8.22,,
1,Brisbane,Brisbane International,2025-01-03,ATP250,Outdoor,Hard,Quarterfinals,3,Lehecka J.,Jarry N.,28,35.0,1660,1370.0,6.0,4.0,6.0,4.0,,,,,,,2.0,0.0,Completed,1.36,3.2,1.44,3.03,1.44,3.2,1.39,3.0,,
1,Brisbane,Brisbane International,2025-01-03,ATP250,Outdoor,Hard,Quarterfinals,3,Dimitrov G.,Thompson J.,10,26.0,3350,1745.0,6.0,1.0,2.0,1.0,,,,,,,1.0,0.0,Retired,1.3,3.5,1.36,3.49,1.36,3.53,1.33,3.3,,
1,Brisbane,Brisbane International,2025-01-03,ATP250,Outdoor,Hard,Quarterfinals,3,Mpetshi G.,Mensik J.,31,48.0,1561,1136.0,7.0,5.0,7.0,6.0,,,,,,,2.0,0.0,Completed,1.73,2.1,1.88,2.03,1.88,2.18,1.78,2.02,,
1,Brisbane,Brisbane International,2025-01-03,ATP250,Outdoor,Hard,Quarterfinals,3,Opelka R.,Djokovic N.,293,7.0,176,3910.0,7.0,6.0,6.0,3.0,,,,,,,2.0,0.0,Completed,11.0,1.05,12.64,1.06,12.64,1.06,9.96,1.05,,
1,Brisbane,Brisbane International,2025-01-04,ATP250,Outdoor,Hard,Semifinals,3,Lehecka J.,Dimitrov G.,28,10.0,1660,3350.0,6.0,4.0,4.0,4.0,,,,,,,1.0,0.0,Retired,2.63,1.5,2.62,1.56,2.63,1.57,2.52,1.52,,
1,Brisbane,Brisbane International,2025-01-04,ATP250,Outdoor,Hard,Semifinals,3,Opelka R.,Mpetshi G.,293,31.0,176,1561.0,6.0,3.0,7.0,6.0,,,,,,,2.0,0.0,Completed,2.2,1.67,2.3,1.69,2.4,1.7,2.21,1.65,,
1,Brisbane,Brisbane International,2025-01-05,ATP250,Outdoor,Hard,The Final,3,Lehecka J.,Opelka R.,28,293.0,1660,176.0,4.0,1.0,,,,,,,,,0.0,0.0,Retired,1.67,2.2,1.72,2.25,1.8,2.25,1.69,2.16,,
2,Hong Kong,Hong Kong Tennis Open,2024-12-30,ATP250,Outdoor,Hard,1st Round,3,Kecmanovic M.,Darderi L.,54,44.0,1021,1198.0,6.0,3.0,6.0,3.0,,,,,,,2.0,0.0,Completed,1.3,3.5,1.37,3.36,1.37,3.53,1.32,3.27,,
2,Hong Kong,Hong Kong Tennis Open,2024-12-30,ATP250,Outdoor,Hard,1st Round,3,Marozsan F.,Safiullin R.,58,60.0,935,923.0,6.0,1.0,7.0,6.0,,,,,,,2.0,0.0,Completed,2.63,1.5,2.44,1.61,2.63,1.61,2.54,1.53,,
2,Hong Kong,Hong Kong Tennis Open,2024-12-30,ATP250,Outdoor,Hard,1st Round,3,Sonego L.,Nakashima B.,53,38.0,1026,1335.0,7.0,6.0,6.0,3.0,,,,,,,2.0,0.0,Completed,2.38,1.57,2.6,1.55,2.6,1.59,2.43,1.54,,
2,Hong Kong,Hong Kong Tennis Open,2024-12-30,ATP250,Outdoor,Hard,1st Round,3,Norrie C.,Tien L.,49,122.0,1119,493.0,6.0,3.0,7.0,5.0,,,,,,,2.0,0.0,Completed,1.67,2.2,1.68,2.31,1.74,2.32,1.63,2.22,,
2,Hong Kong,Hong Kong Tennis Open,2024-12-31,ATP250,Outdoor,Hard,1st Round,3,Bergs Z.,Moro Canas A.,71,169.0,768,345.0,6.0,4.0,6.0,4.0,,,,,,,2.0,0.0,Completed,1.44,2.75,1.48,2.82,1.51,2.82,1.46,2.66,,
2,Hong Kong,Hong Kong Tennis Open,2024-12-31,ATP250,Outdoor,Hard,1st Round,3,Muller A.,Huesler M.A.,67,159.0,778,376.0,2.0,6.0,6.0,4.0,6.0,3.0,,,,,2.0,1.0,Completed,2.2,1.67,2.43,1.62,2.43,1.68,2.25,1.62,,
2,Hong Kong,Hong Kong Tennis Open,2024-12-31,ATP250,Outdoor,Hard,1st Round,3,Borges N.,Bu Y.,36,65.0,1355,784.0,3.0,6.0,6.0,3.0,7.0,6.0,,,,,2.0,1.0,Completed,2.0,1.8,2.2,1.74,2.2,1.82,2.07,1.73,,
2,Hong Kong,Hong Kong Tennis Open,2024-12-31,ATP250,Outdoor,Hard,1st Round,3,Munar J.,Davidovich Fokina A.,62,61.0,832,845.0,4.0,6.0,6.0,3.0,6.0,3.0,,,,,2.0,1.0,Completed,3.2,1.36,3.47,1.35,3.47,1.4,3.12,1.35,,
2,Hong Kong,Hong Kong Tennis Open,2024-12-31,ATP250,Outdoor,Hard,1st Round,3,Martinez P.,Passaro F.,43,108.0,1205,570.0,6.0,4.0,6.0,4.0,,,,,,,2.0,0.0,Completed,1.8,2.0,1.92,1.97,1.95,2.02,1.83,1.95,,
2,Hong Kong,Hong Kong Tennis Open,2024-12-31,ATP250,Outdoor,Hard,1st Round,3,Nishikori K.,Shapovalov D.,106,56.0,578,981.0,6.0,2.0,6.0,3.0,,,,,,,2.0,0.0,Completed,2.5,1.53,2.37,1.65,2.51,1.65,2.39,1.56,,
2,Hong Kong,Hong Kong Tennis Open,2024-12-31,ATP250,Outdoor,Hard,1st Round,3,Diallo G.,Carballes Baena R.,87,57.0,643,981.0,4.0,6.0,7.0,6.0,7.0,5.0,,,,,2.0,1.0,Completed,1.4,3.0,1.43,3.02,1.45,3.02,1.41,2.86,,
2,Hong Kong,Hong Kong Tennis Open,2024-12-31,ATP250,Outdoor,Hard,1st Round,3,Shang J.,Wong C.,50,170.0,1115,340.0,7.0,6.0,6.0,4.0,,,,,,,2.0,0.0,Completed,1.3,3.5,1.33,3.62,1.33,3.62,1.3,3.43,,
2,Hong Kong,Hong Kong Tennis Open,2025-01-01,ATP250,Outdoor,Hard,2nd Round,3,Muller A.,Kecmanovic M.,67,54.0,778,1021.0,5.0,7.0,7.0,6.0,7.0,6.0,,,,,2.0,1.0,Completed,3.0,1.4,2.84,1.49,3.0,1.49,2.83,1.42,,
2,Hong Kong,Hong Kong Tennis Open,2025-01-01,ATP250,Outdoor,Hard,2nd Round,3,Norrie C.,Sonego L.,49,53.0,1119,1026.0,6.0,2.0,4.0,6.0,6.0,1.0,,,,,2.0,1.0,Completed,1.57,2.38,1.72,2.26,1.72,2.42,1.6,2.32,,
2,Hong Kong,Hong Kong Tennis Open,2025-01-01,ATP250,Outdoor,Hard,2nd Round,3,Fils A.,Bergs Z.,20,71.0,2355,768.0,7.0,6.0,6.0,4.0,,,,,,,2.0,0.0,Completed,1.44,2.75,1.5,2.8,1.5,2.85,1.45,2.71,,
2,Hong Kong,Hong Kong Tennis Open,2025-01-01,ATP250,Outdoor,Hard,2nd Round,3,Nishikori K.,Khachanov K.,106,19.0,578,2410.0,4.0,6.0,6.0,3.0,7.0,5.0,,,,,2.0,1.0,Completed,2.2,1.67,2.21,1.75,2.21,1.76,2.16,1.67,,
2,Hong Kong,Hong Kong Tennis Open,2025-01-02,ATP250,Outdoor,Hard,2nd Round,3,Munar J.,Borges N.,62,36.0,832,1355.0,6.0,3.0,7.0,5.0,,,,,,,2.0,0.0,Completed,2.5,1.53,2.59,1.56,2.62,1.61,2.44,1.54,,
2,Hong Kong,Hong Kong Tennis Open,2025-01-02,ATP250,Outdoor,Hard,2nd Round,3,Musetti L.,Diallo G.,17,87.0,2600,643.0,6.0,4.0,6.0,3.0,,,,,,,2.0,0.0,Completed,1.62,2.3,1.78,2.16,1.78,2.35,1.64,2.23,,
2,Hong Kong,Hong Kong Tennis Open,2025-01-02,ATP250,Outdoor,Hard,2nd Round,3,Shang J.,Martinez P.,50,43.0,1115,1205.0,6.0,3.0,6.0,1.0,,,,,,,2.0,0.0,Completed,1.3,3.5,1.33,3.7,1.36,3.7,1.31,3.4,,
2,Hong Kong,Hong Kong Tennis Open,2025-01-02,ATP250,Outdoor,Hard,2nd Round,3,Marozsan F.,Rublev A.,58,8.0,935,3760.0,7.0,5.0,3.0,6.0,6.0,3.0,,,,,2.0,1.0,Completed,4.0,1.25,3.97,1.29,4.1,1.29,3.81,1.26,,
2,Hong Kong,Hong Kong Tennis Open,2025-01-03,ATP250,Outdoor,Hard,Quarterfinals,3,Muller A.,Fils A.,67,20.0,778,2355.0,3.0,6.0,6.0,3.0,6.0,1.0,,,,,2.0,1.0,Completed,4.0,1.25,3.61,1.34,4.01,1.34,3.61,1.28,,
2,Hong Kong,Hong Kong Tennis Open,2025-01-03,ATP250,Outdoor,Hard,Quarterfinals,3,Munar J.,Musetti L.,62,17.0,832,2600.0,2.0,6.0,7.0,6.0,7.0,5.0,,,,,2.0,1.0,Completed,3.5,1.3,3.49,1.35,3.5,1.36,3.3,1.32,,
2,Hong Kong,Hong Kong Tennis Open,2025-01-03,ATP250,Outdoor,Hard,Quarterfinals,3,Shang J.,Marozsan F.,50,58.0,1115,935.0,1.0,6.0,6.0,3.0,6.0,4.0,,,,,2.0,1.0,Completed,1.62,2.3,1.58,2.55,1.62,2.55,1.57,2.35,,
2,Hong Kong,Hong Kong Tennis Open,2025-01-03,ATP250,Outdoor,Hard,Quarterfinals,3,Nishikori K.,Norrie C.,106,49.0,578,1119.0,6.0,3.0,3.0,6.0,6.0,2.0,,,,,2.0,1.0,Completed,1.73,2.1,1.73,2.24,1.73,2.25,1.7,2.13,,
2,Hong Kong,Hong Kong Tennis Open,2025-01-04,ATP250,Outdoor,Hard,Semifinals,3,Muller A.,Munar J.,67,62.0,778,832.0,7.0,6.0,6.0,4.0,,,,,,,2.0,0.0,Completed,2.0,1.8,2.08,1.84,2.1,1.84,1.99,1.79,,
2,Hong Kong,Hong Kong Tennis Open,2025-01-04,ATP250,Outdoor,Hard,Semifinals,3,Nishikori K.,Shang J.,106,50.0,578,1115.0,4.0,3.0,,,,,,,,,0.0,0.0,Retired,1.8,2.0,1.88,2.03,1.88,2.1,1.8,1.98,,
2,Hong Kong,Hong Kong Tennis Open,2025-01-05,ATP250,Outdoor,Hard,The Final,3,Muller A.,Nishikori K.,67,106.0,778,578.0,2.0,6.0,6.0,1.0,6.0,3.0,,,,,2.0,1.0,Completed,3.5,1.3,3.64,1.33,3.64,1.36,3.36,1.32,,
3,Adelaide,Adelaide International,2025-01-06,ATP250,Outdoor,Hard,1st Round,3,Shapovalov D.,Zhang Zh.,58,47.0,981,1140.0,6.0,3.0,6.0,4.0,,,,,,,2.0,0.0,Completed,1.62,2.3,1.66,2.35,1.67,2.35,1.61,2.29,,
3,Adelaide,Adelaide International,2025-01-06,ATP250,Outdoor,Hard,1st Round,3,Davidovich Fokina A.,Bautista Agut R.,68,51.0,775,1067.0,7.0,5.0,6.0,2.0,,,,,,,2.0,0.0,Completed,1.73,2.1,1.81,2.09,1.81,2.13,1.74,2.07,,
3,Adelaide,Adelaide International,2025-01-06,ATP250,Outdoor,Hard,1st Round,3,O Connell C.,Rinderknech A.,64,60.0,795,927.0,7.0,5.0,7.0,6.0,,,,,,,2.0,0.0,Completed,1.62,2.3,1.63,2.42,1.63,2.42,1.61,2.29,,
3,Adelaide,Adelaide International,2025-01-06,ATP250,Outdoor,Hard,1st Round,3,Kokkinakis T.,Nishioka Y.,77,63.0,716,807.0,6.0,3.0,3.0,6.0,6.0,3.0,,,,,2.0,1.0,Completed,1.57,2.38,1.68,2.3,1.7,2.4,1.62,2.27,,
3,Adelaide,Adelaide International,2025-01-07,ATP250,Outdoor,Hard,1st Round,3,Tu L.,Duckworth J.,179,94.0,323,624.0,6.0,1.0,7.0,5.0,,,,,,,2.0,0.0,Completed,2.2,1.67,2.25,1.71,2.28,1.71,2.18,1.67,,
3,Adelaide,Adelaide International,2025-01-07,ATP250,Outdoor,Hard,1st Round,3,Guinard M.,Safiullin R.,261,62.0,209,823.0,7.0,6.0,2.0,6.0,6.0,1.0,,,,,2.0,1.0,Completed,5.0,1.17,5.02,1.21,5.1,1.21,4.77,1.18,,
3,Adelaide,Adelaide International,2025-01-07,ATP250,Outdoor,Hard,1st Round,3,Giron M.,Vukic A.,45,67.0,1150,778.0,6.0,2.0,3.0,6.0,6.0,3.0,,,,,2.0,1.0,Completed,2.0,1.8,1.99,1.9,2.02,1.9,1.96,1.83,,
3,Adelaide,Adelaide International,2025-01-07,ATP250,Outdoor,Hard,1st Round,3,Kecmanovic M.,Bublik A.,55,33.0,1021,1420.0,6.0,4.0,6.0,2.0,,,,,,,2.0,0.0,Completed,1.62,2.3,1.67,2.33,1.73,2.41,1.62,2.28,,
3,Adelaide,Adelaide International,2025-01-07,ATP250,Outdoor,Hard,1st Round,3,Cazaux A.,Walton A.,80,91.0,707,636.0,7.0,5.0,6.0,1.0,,,,,,,2.0,0.0,Completed,1.57,2.38,1.68,2.3,1.68,2.4,1.6,2.31,,
3,Adelaide,Adelaide International,2025-01-07,ATP250,Outdoor,Hard,1st Round,3,Nakashima B.,Hanfmann Y.,37,98.0,1335,615.0,6.0,1.0,2.0,6.0,6.0,3.0,,,,,2.0,1.0,Completed,1.3,3.5,1.32,3.65,1.33,3.74,1.31,3.43,,
3,Adelaide,Adelaide International,2025-01-07,ATP250,Outdoor,Hard,1st Round,3,Hijikata R.,Goffin D.,79,53.0,712,1029.0,6.0,1.0,6.0,2.0,,,,,,,2.0,0.0,Completed,2.3,1.62,2.25,1.71,2.44,1.71,2.25,1.63,,
3,Adelaide,Adelaide International,2025-01-07,ATP250,Outdoor,Hard,1st Round,3,Etcheverry T.,Schoolkate T.,39,173.0,1315,336.0,7.0,6.0,6.0,3.0,,,,,,,2.0,0.0,Completed,1.3,3.5,1.38,3.26,1.38,3.5,1.32,3.35,,
3,Adelaide,Adelaide International,2025-01-08,ATP250,Outdoor,Hard,2nd Round,3,Auger-Aliassime F.,Cazaux A.,29,80.0,1680,707.0,1.0,6.0,6.0,4.0,7.0,5.0,,,,,2.0,1.0,Completed,1.44,2.75,1.52,2.72,1.54,2.78,1.48,2.61,,
3,Adelaide,Adelaide International,2025-01-08,ATP250,Outdoor,Hard,2nd Round,3,Giron M.,Shapovalov D.,45,58.0,1150,981.0,7.0,5.0,6.0,2.0,,,,,,,2.0,0.0,Completed,2.75,1.44,2.77,1.51,2.78,1.54,2.65,1.47,,
3,Adelaide,Adelaide International,2025-01-08,ATP250,Outdoor,Hard,2nd Round,3,Kecmanovic M.,O Connell C.,55,64.0,1021,795.0,7.0,6.0,6.0,2.0,,,,,,,2.0,0.0,Completed,1.91,1.91,1.89,2.02,1.91,2.02,1.84,1.94,,
3,Adelaide,Adelaide International,2025-01-08,ATP250,Outdoor,Hard,2nd Round,3,Hijikata R.,Nakashima B.,79,37.0,712,1335.0,6.0,2.0,3.0,6.0,7.0,6.0,,,,,2.0,1.0,Completed,3.0,1.4,3.18,1.41,3.2,1.41,2.99,1.38,,
3,Adelaide,Adelaide International,2025-01-08,ATP250,Outdoor,Hard,2nd Round,3,Bonzi B.,Tu L.,70,179.0,762,323.0,6.0,3.0,6.0,3.0,,,,,,,2.0,0.0,Completed,1.44,2.75,1.5,2.8,1.5,2.8,1.46,2.68,,
3,Adelaide,Adelaide International,2025-01-08,ATP250,Outdoor,Hard,2nd Round,3,Korda S.,Davidovich Fokina A.,22,68.0,1985,775.0,6.0,3.0,6.0,3.0,,,,,,,2.0,0.0,Completed,2.2,1.67,2.26,1.71,2.26,1.71,2.17,1.67,,
3,Adelaide,Adelaide International,2025-01-08,ATP250,Outdoor,Hard,2nd Round,3,Paul T.,Guinard M.,12,261.0,3145,209.0,6.0,4.0,3.0,6.0,6.0,3.0,,,,,2.0,1.0,Completed,1.07,9.0,1.08,10.77,1.09,10.77,1.07,8.42,,
3,Adelaide,Adelaide International,2025-01-08,ATP250,Outdoor,Hard,2nd Round,3,Kokkinakis T.,Etcheverry T.,77,39.0,716,1315.0,7.0,5.0,4.0,6.0,7.0,6.0,,,,,2.0,1.0,Completed,1.57,2.38,1.61,2.48,1.62,2.48,1.57,2.37,,
3,Adelaide,Adelaide International,2025-01-09,ATP250,Outdoor,Hard,Quarterfinals,3,Paul T.,Hijikata R.,12,79.0,3145,712.0,6.0,3.0,6.0,4.0,,,,,,,2.0,0.0,Completed,1.3,3.5,1.28,4.07,1.3,4.07,1.27,3.65,,
3,Adelaide,Adelaide International,2025-01-09,ATP250,Outdoor,Hard,Quarterfinals,3,Auger-Aliassime F.,Giron M.,29,45.0,1680,1150.0,7.0,6.0,6.0,3.0,,,,,,,2.0,0.0,Completed,1.62,2.3,1.66,2.37,1.66,2.37,1.61,2.27,,
3,Adelaide,Adelaide International,2025-01-09,ATP250,Outdoor,Hard,Quarterfinals,3,Kecmanovic M.,Bonzi B.,55,70.0,1021,762.0,6.0,2.0,6.0,3.0,,,,,,,2.0,0.0,Completed,1.62,2.3,1.63,2.44,1.67,2.44,1.63,2.26,,
3,Adelaide,Adelaide International,2025-01-09,ATP250,Outdoor,Hard,Quarterfinals,3,Korda S.,Kokkinakis T.,22,77.0,1985,716.0,,,,,,,,,,,,,Walkover,1.67,2.2,1.67,2.35,1.69,2.35,1.65,2.22,,
3,Adelaide,Adelaide International,2025-01-10,ATP250,Outdoor,Hard,Semifinals,3,Auger-Aliassime F.,Paul T.,29,12.0,1680,3145.0,7.0,6.0,3.0,6.0,6.0,4.0,,,,,2.0,1.0,Completed,2.2,1.67,2.27,1.71,2.3,1.71,2.2,1.66,,
3,Adelaide,Adelaide International,2025-01-10,ATP250,Outdoor,Hard,Semifinals,3,Korda S.,Kecmanovic M.,22,55.0,1985,1021.0,6.0,3.0,7.0,6.0,,,,,,,2.0,0.0,Completed,1.8,2.0,1.8,2.13,1.83,2.13,1.8,1.99,,
3,Adelaide,Adelaide International,2025-01-11,ATP250,Outdoor,Hard,The Final,3,Auger-Aliassime F.,Korda S.,29,22.0,1680,1985.0,6.0,3.0,3.0,6.0,6.0,1.0,,,,,2.0,1.0,Completed,2.1,1.73,2.19,1.76,2.19,1.76,2.1,1.72,,
4,Auckland,ASB Classic,2025-01-05,ATP250,Outdoor,Hard,1st Round,3,Borges N.,Darderi L.,36,44.0,1370,1198.0,5.0,7.0,6.0,3.0,7.0,5.0,,,,,2.0,1.0,Completed,1.36,3.2,1.4,3.15,1.47,3.2,1.39,2.96,,
4,Auckland,ASB Classic,2025-01-06,ATP250,Outdoor,Hard,1st Round,3,Carballes Baena R.,Altmaier D.,59,93.0,981,625.0,6.0,3.0,3.0,6.0,7.0,5.0,,,,,2.0,1.0,Completed,1.3,3.5,,,1.31,3.6,1.29,3.44,,
4,Auckland,ASB Classic,2025-01-06,ATP250,Outdoor,Hard,1st Round,3,Bergs Z.,Becroft I.,66,980.0,783,15.0,6.0,3.0,7.0,5.0,,,,,,,2.0,0.0,Completed,1.03,17.0,1.03,23.4,1.03,23.4,1.02,15.63,,
4,Auckland,ASB Classic,2025-01-06,ATP250,Outdoor,Hard,1st Round,3,Michelsen A.,Nagal S.,41,96.0,1245,622.0,6.0,7.0,6.0,4.0,6.0,2.0,,,,,2.0,1.0,Completed,1.17,5.0,1.24,4.53,1.24,5.17,1.18,4.7,,
4,Auckland,ASB Classic,2025-01-06,ATP250,Outdoor,Hard,1st Round,3,Navone M.,Mannarino A.,46,73.0,1148,744.0,7.0,6.0,6.0,7.0,6.0,1.0,,,,,2.0,1.0,Completed,2.63,1.5,2.5,1.59,2.72,1.59,2.53,1.51,,
4,Auckland,ASB Classic,2025-01-06,ATP250,Outdoor,Hard,1st Round,3,Nardi L.,Cobolli F.,90,32.0,637,1512.0,6.0,2.0,1.0,1.0,,,,,,,1.0,0.0,Retired,2.75,1.44,2.71,1.52,2.81,1.53,2.65,1.47,,
4,Auckland,ASB Classic,2025-01-06,ATP250,Outdoor,Hard,1st Round,3,Sonego L.,Diallo G.,54,87.0,1026,646.0,7.0,6.0,2.0,6.0,7.0,6.0,,,,,2.0,1.0,Completed,2.0,1.8,1.98,1.91,2.01,1.91,1.93,1.85,,
4,Auckland,ASB Classic,2025-01-06,ATP250,Outdoor,Hard,1st Round,3,Diaz Acosta F.,Norrie C.,78,48.0,714,1124.0,6.0,2.0,6.0,3.0,,,,,,,2.0,0.0,Completed,4.5,1.2,4.29,1.26,5.36,1.26,4.4,1.2,,
4,Auckland,ASB Classic,2025-01-07,ATP250,Outdoor,Hard,1st Round,3,Monfils G.,Martinez P.,52,43.0,1030,1220.0,1.0,6.0,7.0,6.0,6.0,3.0,,,,,2.0,1.0,Completed,1.25,4.0,1.28,3.99,1.29,4.01,1.27,3.72,,
4,Auckland,ASB Classic,2025-01-07,ATP250,Outdoor,Hard,1st Round,3,Struff J.L.,Bu Y.,42,65.0,1225,784.0,6.0,3.0,6.0,4.0,,,,,,,2.0,0.0,Completed,1.8,2.0,1.71,2.25,1.8,2.25,1.71,2.11,,
4,Auckland,ASB Classic,2025-01-07,ATP250,Outdoor,Hard,1st Round,3,Basavareddy N.,Comesana F.,133,85.0,453,661.0,6.0,2.0,6.0,2.0,,,,,,,2.0,0.0,Completed,1.22,4.33,1.28,4.03,1.28,4.36,1.22,4.12,,
4,Auckland,ASB Classic,2025-01-07,ATP250,Outdoor,Hard,1st Round,3,Mensik J.,Carreno Busta P.,49,184.0,1122,317.0,6.0,0.0,4.0,6.0,7.0,5.0,,,,,2.0,1.0,Completed,1.25,4.0,,,1.33,4.01,1.25,3.73,,
4,Auckland,ASB Classic,2025-01-07,ATP250,Outdoor,Hard,2nd Round,3,Basavareddy N.,Tabilo A.,133,23.0,453,1943.0,6.0,4.0,5.0,7.0,6.0,4.0,,,,,2.0,1.0,Completed,1.8,2.0,1.82,2.11,1.91,2.11,1.81,1.97,,
4,Auckland,ASB Classic,2025-01-07,ATP250,Outdoor,Hard,2nd Round,3,Bergs Z.,Nardi L.,66,90.0,783,637.0,6.0,1.0,6.0,4.0,,,,,,,2.0,0.0,Completed,1.62,2.3,1.65,2.4,1.72,2.42,1.63,2.24,,
4,Auckland,ASB Classic,2025-01-08,ATP250,Outdoor,Hard,2nd Round,3,Michelsen A.,Sonego L.,41,54.0,1245,1026.0,7.0,6.0,6.0,2.0,,,,,,,2.0,0.0,Completed,1.57,2.38,1.59,2.53,1.6,2.54,1.56,2.4,,
4,Auckland,ASB Classic,2025-01-08,ATP250,Outdoor,Hard,2nd Round,3,Diaz Acosta F.,Baez S.,78,28.0,714,1690.0,6.0,4.0,7.0,6.0,,,,,,,2.0,0.0,Completed,1.8,2.0,1.84,2.08,1.84,2.08,1.78,2.01,,
4,Auckland,ASB Classic,2025-01-08,ATP250,Outdoor,Hard,2nd Round,3,Carballes Baena R.,Cerundolo F.,59,31.0,981,1620.0,6.0,2.0,7.0,5.0,,,,,,,2.0,0.0,Completed,2.63,1.5,2.68,1.54,2.68,1.54,2.57,1.5,,
4,Auckland,ASB Classic,2025-01-08,ATP250,Outdoor,Hard,2nd Round,3,Monfils G.,Struff J.L.,52,42.0,1030,1225.0,6.0,1.0,7.0,6.0,,,,,,,2.0,0.0,Completed,2.2,1.67,2.21,1.75,2.21,1.75,2.11,1.71,,
4,Auckland,ASB Classic,2025-01-08,ATP250,Outdoor,Hard,2nd Round,3,Borges N.,Navone M.,36,46.0,1370,1148.0,4.0,6.0,7.0,5.0,6.0,4.0,,,,,2.0,1.0,Completed,1.4,3.0,1.47,2.89,1.41,2.95,1.41,2.95,,
4,Auckland,ASB Classic,2025-01-08,ATP250,Outdoor,Hard,2nd Round,3,Mensik J.,Shelton B.,49,21.0,1122,2330.0,7.0,6.0,4.0,6.0,7.0,5.0,,,,,2.0,1.0,Completed,2.1,1.73,2.22,1.75,2.22,1.75,2.14,1.7,,
4,Auckland,ASB Classic,2025-01-08,ATP250,Outdoor,Hard,Quarterfinals,3,Basavareddy N.,Michelsen A.,133,41.0,453,1245.0,2.0,6.0,6.0,2.0,6.0,4.0,,,,,2.0,1.0,Completed,2.5,1.53,2.63,1.55,2.63,1.7,2.41,1.55,,
4,Auckland,ASB Classic,2025-01-09,ATP250,Outdoor,Hard,Quarterfinals,3,Monfils G.,Diaz Acosta F.,52,78.0,1030,714.0,6.0,3.0,6.0,1.0,,,,,,,2.0,0.0,Completed,1.3,3.5,1.35,3.54,1.35,3.63,1.31,3.4,,
4,Auckland,ASB Classic,2025-01-09,ATP250,Outdoor,Hard,Quarterfinals,3,Bergs Z.,Carballes Baena R.,66,59.0,783,981.0,1.0,6.0,6.0,2.0,6.0,3.0,,,,,2.0,1.0,Completed,1.62,2.3,1.66,2.37,1.66,2.5,1.6,2.31,,
4,Auckland,ASB Classic,2025-01-09,ATP250,Outdoor,Hard,Quarterfinals,3,Borges N.,Mensik J.,36,49.0,1370,1122.0,6.0,7.0,6.0,2.0,7.0,6.0,,,,,2.0,1.0,Completed,2.75,1.44,2.93,1.47,2.93,1.47,2.78,1.42,,
4,Auckland,ASB Classic,2025-01-10,ATP250,Outdoor,Hard,Semifinals,3,Monfils G.,Basavareddy N.,52,133.0,1030,453.0,7.0,6.0,6.0,4.0,,,,,,,2.0,0.0,Completed,1.67,2.2,1.71,2.27,1.76,2.27,1.68,2.15,,
4,Auckland,ASB Classic,2025-01-10,ATP250,Outdoor,Hard,Semifinals,3,Bergs Z.,Borges N.,66,36.0,783,1370.0,6.0,2.0,3.0,6.0,7.0,5.0,,,,,2.0,1.0,Completed,1.91,1.91,1.92,1.99,2.03,1.99,1.9,1.89,,
4,Auckland,ASB Classic,2025-01-11,ATP250,Outdoor,Hard,The Final,3,Monfils G.,Bergs Z.,52,66.0,1030,783.0,6.0,3.0,6.0,4.0,,,,,,,2.0,0.0,Completed,1.53,2.5,1.62,2.45,1.62,2.5,1.57,2.37,,
5,Melbourne,Australian Open,2025-01-12,Grand Slam,Outdoor,Hard,1st Round,5,Gaston H.,Jasika O.,81,179.0,703,323.0,6.0,2.0,3.0,6.0,6.0,2.0,6.0,2.0,,,3.0,1.0,Completed,1.36,3.2,1.38,3.31,1.38,3.31,1.36,3.11,,
5,Melbourne,Australian Open,2025-01-12,Grand Slam,Outdoor,Hard,1st Round,5,Fils A.,Virtanen O.,21,93.0,2280,627.0,3.0,6.0,7.0,6.0,6.0,4.0,6.0,4.0,,,3.0,1.0,Completed,1.13,6.0,1.13,7.31,1.14,7.31,1.12,6.15,,
5,Melbourne,Australian Open,2025-01-12,Grand Slam,Outdoor,Hard,1st Round,5,Nishikori K.,Monteiro T.,76,105.0,743,566.0,4.0,6.0,6.0,7.0,7.0,5.0,6.0,2.0,6.0,3.0,3.0,2.0,Completed,1.2,4.5,1.22,4.82,1.25,4.82,1.21,4.41,,
5,Melbourne,Australian Open,2025-01-12,Grand Slam,Outdoor,Hard,1st Round,5,Ruud C.,Munar J.,6,62.0,4210,922.0,6.0,3.0,1.0,6.0,7.0,5.0,2.0,6.0,6.0,1.0,3.0,2.0,Completed,1.17,5.0,1.18,5.66,1.18,5.66,1.17,5.12,,
5,Melbourne,Australian Open,2025-01-12,Grand Slam,Outdoor,Hard,1st Round,5,Habib H.,Bu Y.,219,67.0,264,784.0,7.0,6.0,6.0,4.0,7.0,6.0,,,,,3.0,0.0,Completed,3.2,1.36,3.39,1.37,3.39,1.38,3.16,1.36,,
5,Melbourne,Australian Open,2025-01-12,Grand Slam,Outdoor,Hard,1st Round,5,Lehecka J.,Tu L.,29,168.0,1660,342.0,6.0,1.0,3.0,6.0,6.0,3.0,7.0,6.0,,,3.0,1.0,Completed,1.07,9.0,1.11,8.2,1.12,9.0,1.09,7.54,,
5,Melbourne,Australian Open,2025-01-12,Grand Slam,Outdoor,Hard,1st Round,5,Machac T.,Nagal S.,25,91.0,1805,635.0,6.0,3.0,6.0,1.0,7.0,5.0,,,,,3.0,0.0,Completed,1.04,13.0,1.06,12.67,1.07,13.0,1.05,10.52,,
5,Melbourne,Australian Open,2025-01-12,Grand Slam,Outdoor,Hard,1st Round,5,Martinez P.,Darderi L.,44,45.0,1220,1198.0,6.0,3.0,4.0,1.0,,,,,,,1.0,0.0,Retired,1.62,2.3,1.63,2.45,1.63,2.45,1.61,2.32,,
5,Melbourne,Australian Open,2025-01-12,Grand Slam,Outdoor,Hard,1st Round,5,Humbert U.,Gigante M.,14,145.0,2765,403.0,7.0,6.0,7.0,5.0,6.0,4.0,,,,,3.0,0.0,Completed,1.08,8.0,1.11,8.5,1.11,8.5,1.09,7.38,,
5,Melbourne,Australian Open,2025-01-12,Grand Slam,Outdoor,Hard,1st Round,5,Opelka R.,Onclin G.,170,239.0,341,242.0,3.0,6.0,7.0,6.0,6.0,3.0,6.0,2.0,,,3.0,1.0,Completed,1.29,3.75,1.33,3.68,1.33,3.75,1.29,3.59,,
5,Melbourne,Australian Open,2025-01-12,Grand Slam,Outdoor,Hard,1st Round,5,Halys Q.,Walton A.,74,90.0,756,636.0,4.0,6.0,4.0,6.0,6.0,4.0,7.0,6.0,7.0,5.0,3.0,2.0,Completed,2.0,1.8,2.01,1.9,2.01,1.91,1.94,1.87,,
5,Melbourne,Australian Open,2025-01-12,Grand Slam,Outdoor,Hard,1st Round,5,Zverev A.,Pouille L.,2,103.0,7635,575.0,6.0,4.0,6.0,4.0,6.0,4.0,,,,,3.0,0.0,Completed,1.02,19.0,1.03,20.73,1.04,20.73,1.02,14.24,,
5,Melbourne,Australian Open,2025-01-13,Grand Slam,Outdoor,Hard,1st Round,5,Tiafoe F.,Rinderknech A.,16,61.0,2560,927.0,7.0,6.0,6.0,3.0,4.0,6.0,6.0,7.0,6.0,3.0,3.0,2.0,Completed,1.25,4.0,1.27,4.18,1.3,4.18,1.27,3.8,,
5,Melbourne,Australian Open,2025-01-13,Grand Slam,Outdoor,Hard,1st Round,5,Carballes Baena R.,Tabilo A.,57,26.0,981,1705.0,1.0,6.0,6.0,2.0,6.0,3.0,7.0,6.0,,,3.0,1.0,Completed,2.63,1.5,2.79,1.5,2.79,1.53,2.61,1.5,,
5,Melbourne,Australian Open,2025-01-13,Grand Slam,Outdoor,Hard,1st Round,5,Mensik J.,Basilashvili N.,48,206.0,1162,273.0,6.0,1.0,6.0,7.0,6.0,3.0,6.0,3.0,,,3.0,1.0,Completed,1.17,5.0,1.16,6.32,1.18,6.32,1.16,5.16,,
5,Melbourne,Australian Open,2025-01-13,Grand Slam,Outdoor,Hard,1st Round,5,Michelsen A.,Tsitsipas S.,42,12.0,1270,3195.0,7.0,5.0,6.0,3.0,2.0,6.0,6.0,4.0,,,3.0,1.0,Completed,2.5,1.53,2.44,1.63,2.53,1.63,2.41,1.57,,
5,Melbourne,Australian Open,2025-01-13,Grand Slam,Outdoor,Hard,1st Round,5,Borges N.,Muller A.,33,58.0,1445,965.0,6.0,7.0,6.0,3.0,6.0,2.0,7.0,5.0,,,3.0,1.0,Completed,1.67,2.2,1.7,2.3,1.7,2.3,1.67,2.21,,
5,Melbourne,Australian Open,2025-01-13,Grand Slam,Outdoor,Hard,1st Round,5,Marozsan F.,Seyboth Wild T.,59,79.0,960,732.0,6.0,3.0,6.0,7.0,7.0,5.0,5.0,7.0,7.0,5.0,3.0,2.0,Completed,1.4,3.0,1.43,3.1,1.44,3.1,1.41,2.91,,
5,Melbourne,Australian Open,2025-01-13,Grand Slam,Outdoor,Hard,1st Round,5,Duckworth J.,Stricker D.,89,304.0,637,173.0,6.0,2.0,6.0,4.0,6.0,2.0,,,,,3.0,0.0,Completed,1.73,2.1,1.83,2.08,1.83,2.12,1.73,2.09,,
5,Melbourne,Australian Open,2025-01-13,Grand Slam,Outdoor,Hard,1st Round,5,Mccabe J.,Landaluce M.,258,142.0,216,414.0,6.0,4.0,6.0,3.0,6.0,4.0,,,,,3.0,0.0,Completed,3.5,1.3,3.92,1.3,3.92,1.32,3.56,1.3,,
5,Melbourne,Australian Open,2025-01-13,Grand Slam,Outdoor,Hard,1st Round,5,Sinner J.,Jarry N.,1,36.0,11830,1340.0,7.0,6.0,7.0,6.0,6.0,1.0,,,,,3.0,0.0,Completed,1.01,26.0,1.02,29.95,1.02,29.95,1.02,17.25,,
5,Melbourne,Australian Open,2025-01-13,Grand Slam,Outdoor,Hard,1st Round,5,Thompson J.,Koepfer D.,27,124.0,1695,485.0,7.0,6.0,6.0,4.0,4.0,6.0,6.0,3.0,,,3.0,1.0,Completed,1.36,3.2,1.39,3.26,1.42,3.26,1.37,3.09,,
5,Melbourne,Australian Open,2025-01-13,Grand Slam,Outdoor,Hard,1st Round,5,Schoolkate T.,Daniel T.,173,113.0,336,519.0,6.0,7.0,7.0,6.0,6.0,1.0,6.0,4.0,,,3.0,1.0,Completed,2.0,1.8,1.97,1.93,2.02,1.93,1.96,1.84,,
5,Melbourne,Australian Open,2025-01-13,Grand Slam,Outdoor,Hard,1st Round,5,Vukic A.,Dzumhur D.,68,82.0,778,679.0,6.0,7.0,6.0,0.0,3.0,6.0,6.0,3.0,6.0,4.0,3.0,2.0,Completed,1.29,3.75,1.34,3.56,1.34,3.75,1.3,3.51,,
5,Melbourne,Australian Open,2025-01-13,Grand Slam,Outdoor,Hard,1st Round,5,Draper J.,Navone M.,18,47.0,2530,1173.0,4.0,6.0,6.0,3.0,3.0,6.0,6.0,3.0,6.0,2.0,3.0,2.0,Completed,1.05,11.0,1.08,11.12,1.11,11.12,1.06,9.71,,
5,Melbourne,Australian Open,2025-01-13,Grand Slam,Outdoor,Hard,1st Round,5,Kokkinakis T.,Safiullin R.,71,63.0,766,823.0,3.0,6.0,6.0,3.0,6.0,3.0,7.0,6.0,,,3.0,1.0,Completed,1.57,2.38,1.65,2.4,1.67,2.4,1.6,2.33,,
5,Melbourne,Australian Open,2025-01-13,Grand Slam,Outdoor,Hard,1st Round,5,Cazaux A.,Baez S.,78,28.0,732,1690.0,6.0,3.0,5.0,7.0,3.0,6.0,6.0,0.0,6.0,3.0,3.0,2.0,Completed,1.4,3.0,1.42,3.13,1.42,3.13,1.4,2.96,,
5,Melbourne,Australian Open,2025-01-13,Grand Slam,Outdoor,Hard,1st Round,5,Nishioka Y.,Dougaz A.,65,231.0,807,254.0,3.0,6.0,6.0,4.0,7.0,6.0,6.0,3.0,,,3.0,1.0,Completed,1.14,5.5,1.18,5.67,1.18,5.67,1.16,5.18,,
5,Melbourne,Australian Open,2025-01-13,Grand Slam,Outdoor,Hard,1st Round,5,Korda S.,Klein L.,22,144.0,2065,405.0,6.0,3.0,0.0,6.0,6.0,3.0,7.0,6.0,,,3.0,1.0,Completed,1.33,3.4,1.36,3.47,1.36,3.47,1.34,3.24,,
5,Melbourne,Australian Open,2025-01-13,Grand Slam,Outdoor,Hard,1st Round,5,Faria J.,Kotov P.,125,97.0,481,612.0,6.0,1.0,6.0,1.0,7.0,5.0,,,,,3.0,0.0,Completed,2.38,1.57,2.4,1.65,2.4,1.65,2.33,1.6,,
5,Melbourne,Australian Open,2025-01-13,Grand Slam,Outdoor,Hard,1st Round,5,Auger-Aliassime F.,Struff J.L.,23,43.0,1905,1240.0,6.0,3.0,6.0,0.0,4.0,6.0,6.0,1.0,,,3.0,1.0,Completed,1.44,2.75,1.49,2.85,1.5,2.94,1.45,2.75,,
5,Melbourne,Australian Open,2025-01-13,Grand Slam,Outdoor,Hard,1st Round,5,Davidovich Fokina A.,Shang J.,66,50.0,790,1115.0,7.0,6.0,5.0,2.0,,,,,,,1.0,0.0,Retired,2.0,1.8,2.09,1.83,2.1,1.83,2.03,1.79,,
5,Melbourne,Australian Open,2025-01-13,Grand Slam,Outdoor,Hard,1st Round,5,Alcaraz C.,Shevchenko A.,3,77.0,7010,743.0,6.0,1.0,7.0,5.0,6.0,1.0,,,,,3.0,0.0,Completed,1.01,29.0,1.02,35.12,1.02,35.12,1.01,20.74,,
5,Melbourne,Australian Open,2025-01-13,Grand Slam,Outdoor,Hard,1st Round,5,Djokovic N.,Basavareddy N.,7,107.0,3900,566.0,4.0,6.0,6.0,3.0,6.0,4.0,6.0,2.0,,,3.0,1.0,Completed,1.04,13.0,1.05,14.3,1.07,14.3,1.04,11.02,,
5,Melbourne,Australian Open,2025-01-13,Grand Slam,Outdoor,Hard,1st Round,5,Fearnley J.,Kyrgios N.,92,,632,,7.0,6.0,6.0,3.0,7.0,6.0,,,,,3.0,0.0,Completed,2.0,1.8,2.09,1.83,2.14,1.86,2.01,1.79,,
5,Melbourne,Australian Open,2025-01-13,Grand Slam,Outdoor,Hard,1st Round,5,Bonzi B.,Goffin D.,64,54.0,819,1029.0,6.0,1.0,6.0,2.0,7.0,6.0,,,,,3.0,0.0,Completed,1.5,2.63,1.65,2.4,1.65,2.63,1.53,2.49,,
5,Melbourne,Australian Open,2025-01-13,Grand Slam,Outdoor,Hard,1st Round,5,Passaro F.,Dimitrov G.,104,10.0,571,3200.0,7.0,5.0,2.0,1.0,,,,,,,1.0,0.0,Retired,11.0,1.05,11.77,1.07,11.86,1.07,10.21,1.05,,
5,Melbourne,Australian Open,2025-01-13,Grand Slam,Outdoor,Hard,1st Round,5,Paul T.,O Connell C.,11,70.0,3195,770.0,6.0,2.0,3.0,6.0,6.0,1.0,6.0,7.0,7.0,5.0,3.0,2.0,Completed,1.17,5.0,1.18,5.64,1.18,5.64,1.17,5.04,,
5,Melbourne,Australian Open,2025-01-14,Grand Slam,Outdoor,Hard,1st Round,5,Berrettini M.,Norrie C.,34,52.0,1380,1082.0,6.0,7.0,6.0,4.0,6.0,1.0,6.0,3.0,,,3.0,1.0,Completed,1.36,3.2,1.42,3.11,1.45,3.2,1.39,2.97,,
5,Melbourne,Australian Open,2025-01-14,Grand Slam,Outdoor,Hard,1st Round,5,Kecmanovic M.,Lajovic D.,51,80.0,1096,717.0,7.0,5.0,3.0,6.0,6.0,3.0,3.0,6.0,6.0,3.0,3.0,2.0,Completed,1.17,5.0,1.25,4.48,1.25,5.05,1.21,4.45,,
5,Melbourne,Australian Open,2025-01-14,Grand Slam,Outdoor,Hard,1st Round,5,Khachanov K.,Mannarino A.,19,75.0,2410,751.0,7.0,6.0,6.0,3.0,6.0,3.0,,,,,3.0,0.0,Completed,1.1,7.0,1.14,6.81,1.14,7.03,1.11,6.44,,
5,Melbourne,Australian Open,2025-01-14,Grand Slam,Outdoor,Hard,1st Round,5,Diallo G.,Nardi L.,86,83.0,646,675.0,6.0,7.0,7.0,6.0,5.0,7.0,6.0,1.0,6.0,2.0,3.0,2.0,Completed,1.44,2.75,1.47,2.92,1.5,2.92,1.45,2.75,,
5,Melbourne,Australian Open,2025-01-14,Grand Slam,Outdoor,Hard,1st Round,5,Rune H.,Zhang Zh.,13,49.0,2910,1140.0,4.0,6.0,6.0,3.0,6.0,4.0,3.0,6.0,6.0,4.0,3.0,2.0,Completed,1.3,3.5,1.33,3.68,1.36,3.68,1.31,3.46,,
5,Melbourne,Australian Open,2025-01-14,Grand Slam,Outdoor,Hard,1st Round,5,Fritz T.,Brooksby J.,4,,5350,,6.0,2.0,6.0,0.0,6.0,3.0,,,,,3.0,0.0,Completed,1.03,17.0,1.05,14.34,1.05,17.0,1.03,12.99,,
5,Melbourne,Australian Open,2025-01-14,Grand Slam,Outdoor,Hard,1st Round,5,Garin C.,Coric B.,150,87.0,382,639.0,7.0,5.0,6.0,1.0,6.0,2.0,,,,,3.0,0.0,Completed,2.1,1.73,2.01,1.89,2.1,1.9,2.0,1.81,,
5,Melbourne,Australian Open,2025-01-14,Grand Slam,Outdoor,Hard,1st Round,5,Tien L.,Ugo Carabelli C.,121,94.0,493,624.0,4.0,6.0,7.0,6.0,6.0,3.0,5.0,7.0,6.0,4.0,3.0,2.0,Completed,1.14,5.5,1.19,5.49,1.19,6.12,1.15,5.36,,
5,Melbourne,Australian Open,2025-01-14,Grand Slam,Outdoor,Hard,1st Round,5,Cerundolo F.,Bublik A.,31,37.0,1620,1330.0,7.0,6.0,6.0,3.0,6.0,2.0,,,,,3.0,0.0,Completed,1.57,2.38,1.63,2.44,1.63,2.45,1.59,2.37,,
5,Melbourne,Australian Open,2025-01-14,Grand Slam,Outdoor,Hard,1st Round,5,Monfils G.,Mpetshi G.,41,30.0,1280,1651.0,7.0,6.0,6.0,3.0,6.0,7.0,6.0,7.0,6.0,4.0,3.0,2.0,Completed,2.3,1.62,2.13,1.81,2.3,1.81,2.1,1.74,,
5,Melbourne,Australian Open,2025-01-14,Grand Slam,Outdoor,Hard,1st Round,5,Hurkacz H.,Griekspoor T.,17,40.0,2555,1280.0,7.0,5.0,6.0,4.0,6.0,4.0,,,,,3.0,0.0,Completed,1.36,3.2,1.4,3.2,1.42,3.25,1.37,3.13,,
5,Melbourne,Australian Open,2025-01-14,Grand Slam,Outdoor,Hard,1st Round,5,Diaz Acosta F.,Bergs Z.,73,60.0,758,948.0,6.0,7.0,6.0,4.0,1.0,6.0,6.0,3.0,6.0,4.0,3.0,2.0,Completed,2.75,1.44,2.86,1.48,2.86,1.5,2.73,1.46,,
5,Melbourne,Australian Open,2025-01-14,Grand Slam,Outdoor,Hard,1st Round,5,Medvedev D.,Samrej K.,5,418.0,5030,109.0,6.0,2.0,4.0,6.0,3.0,6.0,6.0,1.0,6.0,2.0,3.0,2.0,Completed,1.0,51.0,1.01,42.16,1.01,51.0,1.01,23.91,,
5,Melbourne,Australian Open,2025-01-14,Grand Slam,Outdoor,Hard,1st Round,5,Altmaier D.,Comesana F.,101,85.0,582,662.0,6.0,2.0,3.0,6.0,7.0,6.0,4.0,6.0,6.0,4.0,3.0,2.0,Completed,1.8,2.0,1.93,2.0,1.93,2.01,1.83,1.98,,
5,Melbourne,Australian Open,2025-01-14,Grand Slam,Outdoor,Hard,1st Round,5,Musetti L.,Arnaldi M.,15,39.0,2600,1305.0,7.0,6.0,4.0,6.0,7.0,6.0,6.0,3.0,,,3.0,1.0,Completed,1.57,2.38,1.6,2.5,1.6,2.5,1.57,2.39,,
5,Melbourne,Australian Open,2025-01-14,Grand Slam,Outdoor,Hard,1st Round,5,Shelton B.,Nakashima B.,20,35.0,2280,1355.0,7.0,6.0,7.0,5.0,7.0,5.0,,,,,3.0,0.0,Completed,1.44,2.75,1.51,2.75,1.53,2.75,1.48,2.67,,
5,Melbourne,Australian Open,2025-01-14,Grand Slam,Outdoor,Hard,1st Round,5,Sonego L.,Wawrinka S.,55,156.0,1026,371.0,6.0,4.0,5.0,7.0,7.0,5.0,7.0,5.0,,,3.0,1.0,Completed,1.4,3.0,1.48,2.88,1.49,3.0,1.42,2.87,,
5,Melbourne,Australian Open,2025-01-14,Grand Slam,Outdoor,Hard,1st Round,5,Boyer T.,Coria F.,136,96.0,448,617.0,6.0,3.0,6.0,7.0,4.0,6.0,7.0,5.0,6.0,1.0,3.0,2.0,Completed,1.14,5.5,1.17,5.93,1.17,6.22,1.15,5.56,,
5,Melbourne,Australian Open,2025-01-14,Grand Slam,Outdoor,Hard,1st Round,5,Krueger M.,Hijikata R.,146,72.0,396,759.0,6.0,4.0,6.0,4.0,6.0,3.0,,,,,3.0,0.0,Completed,3.0,1.4,2.99,1.45,3.1,1.54,2.94,1.41,,
5,Melbourne,Australian Open,2025-01-14,Grand Slam,Outdoor,Hard,1st Round,5,Etcheverry T.,Cobolli F.,38,32.0,1315,1512.0,6.0,7.0,6.0,3.0,7.0,5.0,6.0,1.0,,,3.0,1.0,Completed,1.57,2.38,1.62,2.46,1.63,2.52,1.57,2.41,,
5,Melbourne,Australian Open,2025-01-14,Grand Slam,Outdoor,Hard,1st Round,5,Giron M.,Hanfmann Y.,46,95.0,1175,618.0,2.0,6.0,7.0,5.0,6.0,1.0,7.0,5.0,,,3.0,1.0,Completed,1.25,4.0,1.28,4.13,1.28,4.13,1.25,3.98,,
5,Melbourne,Australian Open,2025-01-14,Grand Slam,Outdoor,Hard,1st Round,5,Shapovalov D.,Bautista Agut R.,56,53.0,1006,1067.0,3.0,6.0,6.0,4.0,6.0,4.0,7.0,6.0,,,3.0,1.0,Completed,1.36,3.2,1.37,3.41,1.38,3.41,1.35,3.17,,
5,Melbourne,Australian Open,2025-01-14,Grand Slam,Outdoor,Hard,1st Round,5,Moutet C.,Popyrin A.,69,24.0,772,1840.0,4.0,6.0,6.0,3.0,6.0,4.0,6.0,4.0,,,3.0,1.0,Completed,4.33,1.22,4.67,1.24,4.67,1.28,4.21,1.23,,
5,Melbourne,Australian Open,2025-01-14,Grand Slam,Outdoor,Hard,1st Round,5,De Minaur A.,Van De Zandschulp B.,8,84.0,3535,672.0,6.0,1.0,7.0,5.0,6.0,4.0,,,,,3.0,0.0,Completed,1.06,10.0,1.08,10.59,1.08,10.59,1.07,8.89,,
5,Melbourne,Australian Open,2025-01-14,Grand Slam,Outdoor,Hard,1st Round,5,Carreno Busta P.,Majchrzak K.,182,122.0,317,491.0,6.0,4.0,6.0,4.0,6.0,3.0,,,,,3.0,0.0,Completed,1.62,2.3,1.77,2.18,1.77,2.34,1.68,2.19,,
5,Melbourne,Australian Open,2025-01-14,Grand Slam,Outdoor,Hard,1st Round,5,Fonseca J.,Rublev A.,112,9.0,520,3520.0,7.0,6.0,6.0,3.0,7.0,6.0,,,,,3.0,0.0,Completed,2.3,1.62,2.48,1.61,2.48,1.66,2.3,1.62,,
5,Melbourne,Australian Open,2025-01-15,Grand Slam,Outdoor,Hard,2nd Round,5,Machac T.,Opelka R.,25,170.0,1805,341.0,3.0,6.0,7.0,6.0,6.0,7.0,7.0,6.0,6.0,4.0,3.0,2.0,Completed,1.33,3.4,1.35,3.5,1.38,3.5,1.35,3.23,,
5,Melbourne,Australian Open,2025-01-15,Grand Slam,Outdoor,Hard,2nd Round,5,Lehecka J.,Gaston H.,29,81.0,1660,703.0,6.0,3.0,3.0,1.0,,,,,,,1.0,0.0,Retired,1.05,11.0,1.09,9.71,1.09,11.4,1.06,9.38,,
5,Melbourne,Australian Open,2025-01-15,Grand Slam,Outdoor,Hard,2nd Round,5,Alcaraz C.,Nishioka Y.,3,65.0,7010,807.0,6.0,0.0,6.0,1.0,6.0,4.0,,,,,3.0,0.0,Completed,1.02,19.0,1.02,29.55,1.02,29.55,1.02,15.68,,
5,Melbourne,Australian Open,2025-01-15,Grand Slam,Outdoor,Hard,2nd Round,5,Bonzi B.,Passaro F.,64,104.0,819,571.0,6.0,2.0,6.0,4.0,3.0,6.0,6.0,4.0,,,3.0,1.0,Completed,1.25,4.0,1.28,4.1,1.32,4.1,1.29,3.69,,
5,Melbourne,Australian Open,2025-01-15,Grand Slam,Outdoor,Hard,2nd Round,5,Borges N.,Thompson J.,33,27.0,1445,1695.0,6.0,3.0,6.0,2.0,6.0,4.0,,,,,3.0,0.0,Completed,1.91,1.91,1.95,1.95,1.95,2.04,1.88,1.93,,
5,Melbourne,Australian Open,2025-01-15,Grand Slam,Outdoor,Hard,2nd Round,5,Carballes Baena R.,Duckworth J.,57,89.0,981,637.0,6.0,4.0,6.0,2.0,7.0,5.0,,,,,3.0,0.0,Completed,1.57,2.38,1.63,2.45,1.63,2.45,1.61,2.32,,
5,Melbourne,Australian Open,2025-01-15,Grand Slam,Outdoor,Hard,2nd Round,5,Djokovic N.,Faria J.,7,125.0,3900,481.0,6.0,1.0,6.0,7.0,6.0,3.0,6.0,2.0,,,3.0,1.0,Completed,1.01,23.0,1.02,29.32,1.03,29.32,1.02,16.15,,
5,Melbourne,Australian Open,2025-01-15,Grand Slam,Outdoor,Hard,2nd Round,5,Fils A.,Halys Q.,21,74.0,2280,756.0,6.0,2.0,4.0,6.0,7.0,6.0,7.0,5.0,,,3.0,1.0,Completed,1.22,4.33,1.25,4.51,1.25,4.51,1.23,4.15,,
5,Melbourne,Australian Open,2025-01-15,Grand Slam,Outdoor,Hard,2nd Round,5,Vukic A.,Korda S.,68,22.0,778,2065.0,6.0,4.0,3.0,6.0,2.0,6.0,6.0,3.0,7.0,5.0,3.0,2.0,Completed,4.33,1.22,4.15,1.28,4.33,1.28,4.03,1.24,,
5,Melbourne,Australian Open,2025-01-15,Grand Slam,Outdoor,Hard,2nd Round,5,Fearnley J.,Cazaux A.,92,78.0,632,732.0,3.0,6.0,7.0,5.0,6.0,2.0,6.0,3.0,,,3.0,1.0,Completed,1.62,2.3,1.65,2.4,1.68,2.4,1.64,2.26,,
5,Melbourne,Australian Open,2025-01-15,Grand Slam,Outdoor,Hard,2nd Round,5,Mensik J.,Ruud C.,48,6.0,1162,4210.0,6.0,2.0,3.0,6.0,6.0,1.0,6.0,4.0,,,3.0,1.0,Completed,2.1,1.73,2.17,1.78,2.23,1.78,2.1,1.74,,
5,Melbourne,Australian Open,2025-01-15,Grand Slam,Outdoor,Hard,2nd Round,5,Draper J.,Kokkinakis T.,18,71.0,2530,766.0,6.0,7.0,6.0,3.0,3.0,6.0,7.0,5.0,6.0,3.0,3.0,2.0,Completed,1.44,2.75,1.47,2.92,1.56,2.92,1.44,2.77,,
5,Melbourne,Australian Open,2025-01-15,Grand Slam,Outdoor,Hard,2nd Round,5,Davidovich Fokina A.,Auger-Aliassime F.,66,23.0,790,1905.0,6.0,7.0,6.0,7.0,6.0,4.0,6.0,1.0,6.0,3.0,3.0,2.0,Completed,3.75,1.29,3.84,1.31,3.84,1.33,3.57,1.3,,
5,Melbourne,Australian Open,2025-01-15,Grand Slam,Outdoor,Hard,2nd Round,5,Humbert U.,Habib H.,14,219.0,2765,264.0,6.0,3.0,6.0,4.0,6.0,4.0,,,,,3.0,0.0,Completed,1.08,8.0,1.13,7.35,1.13,8.0,1.1,6.99,,
5,Melbourne,Australian Open,2025-01-15,Grand Slam,Outdoor,Hard,2nd Round,5,Zverev A.,Martinez P.,2,44.0,7635,1220.0,6.0,1.0,6.0,4.0,6.0,1.0,,,,,3.0,0.0,Completed,1.02,21.0,1.02,28.08,1.02,28.08,1.01,16.29,,
5,Melbourne,Australian Open,2025-01-15,Grand Slam,Outdoor,Hard,2nd Round,5,Paul T.,Nishikori K.,11,76.0,3195,743.0,6.0,7.0,6.0,0.0,6.0,3.0,6.0,1.0,,,3.0,1.0,Completed,1.4,3.0,1.45,2.97,1.47,3.0,1.41,2.88,,
5,Melbourne,Australian Open,2025-01-16,Grand Slam,Outdoor,Hard,2nd Round,5,Kecmanovic M.,Hurkacz H.,51,17.0,1096,2555.0,6.0,4.0,6.0,4.0,6.0,2.0,,,,,3.0,0.0,Completed,3.75,1.29,3.52,1.35,3.75,1.35,3.47,1.31,,
5,Melbourne,Australian Open,2025-01-16,Grand Slam,Outdoor,Hard,2nd Round,5,Khachanov K.,Diallo G.,19,86.0,2410,646.0,7.0,6.0,4.0,6.0,6.0,3.0,6.0,3.0,,,3.0,1.0,Completed,1.33,3.4,1.31,3.85,1.33,3.85,1.32,3.41,,
5,Melbourne,Australian Open,2025-01-16,Grand Slam,Outdoor,Hard,2nd Round,5,Monfils G.,Altmaier D.,41,101.0,1280,582.0,7.0,5.0,6.0,3.0,7.0,6.0,,,,,3.0,0.0,Completed,1.2,4.5,1.24,4.46,1.26,4.54,1.22,4.38,,
5,Melbourne,Australian Open,2025-01-16,Grand Slam,Outdoor,Hard,2nd Round,5,Musetti L.,Shapovalov D.,15,56.0,2600,1006.0,7.0,6.0,7.0,6.0,6.0,2.0,,,,,3.0,0.0,Completed,2.1,1.73,2.08,1.84,2.1,1.87,2.01,1.81,,
5,Melbourne,Australian Open,2025-01-16,Grand Slam,Outdoor,Hard,2nd Round,5,Cerundolo F.,Diaz Acosta F.,31,73.0,1620,758.0,6.0,2.0,1.0,0.0,,,,,,,1.0,0.0,Retired,1.4,3.0,1.36,3.48,1.42,3.48,1.39,3.0,,
5,Melbourne,Australian Open,2025-01-16,Grand Slam,Outdoor,Hard,2nd Round,5,Shelton B.,Carreno Busta P.,20,182.0,2280,317.0,6.0,3.0,6.0,3.0,6.0,7.0,6.0,4.0,,,3.0,1.0,Completed,1.3,3.5,1.32,3.77,1.35,3.77,1.31,3.45,,
5,Melbourne,Australian Open,2025-01-16,Grand Slam,Outdoor,Hard,2nd Round,5,De Minaur A.,Boyer T.,8,136.0,3535,448.0,6.0,2.0,6.0,4.0,6.0,3.0,,,,,3.0,0.0,Completed,1.03,15.0,1.04,17.5,1.05,17.5,1.03,12.57,,
5,Melbourne,Australian Open,2025-01-16,Grand Slam,Outdoor,Hard,2nd Round,5,Moutet C.,Krueger M.,69,146.0,772,396.0,4.0,6.0,6.0,4.0,7.0,6.0,6.0,4.0,,,3.0,1.0,Completed,1.5,2.63,1.56,2.61,1.56,2.75,1.5,2.6,,
5,Melbourne,Australian Open,2025-01-16,Grand Slam,Outdoor,Hard,2nd Round,5,Fritz T.,Garin C.,4,150.0,5350,382.0,6.0,2.0,6.0,1.0,6.0,0.0,,,,,3.0,0.0,Completed,1.04,13.0,1.04,18.2,1.04,18.2,1.03,13.02,,
5,Melbourne,Australian Open,2025-01-16,Grand Slam,Outdoor,Hard,2nd Round,5,Giron M.,Etcheverry T.,46,38.0,1175,1315.0,7.0,5.0,3.0,6.0,7.0,5.0,3.0,6.0,6.0,4.0,3.0,2.0,Completed,1.91,1.91,2.0,1.91,2.0,1.94,1.92,1.89,,
5,Melbourne,Australian Open,2025-01-16,Grand Slam,Outdoor,Hard,2nd Round,5,Michelsen A.,Mccabe J.,42,258.0,1270,216.0,7.0,5.0,6.0,3.0,7.0,6.0,,,,,3.0,0.0,Completed,1.11,6.5,1.14,7.05,1.15,7.05,1.12,6.27,,
5,Melbourne,Australian Open,2025-01-16,Grand Slam,Outdoor,Hard,2nd Round,5,Marozsan F.,Tiafoe F.,59,16.0,960,2560.0,6.0,7.0,6.0,4.0,3.0,6.0,6.0,4.0,6.0,1.0,3.0,2.0,Completed,2.75,1.44,2.56,1.58,2.75,1.58,2.6,1.5,,
5,Melbourne,Australian Open,2025-01-16,Grand Slam,Outdoor,Hard,2nd Round,5,Sonego L.,Fonseca J.,55,112.0,1026,520.0,6.0,7.0,6.0,3.0,6.0,1.0,3.0,6.0,6.0,3.0,3.0,2.0,Completed,5.0,1.17,4.82,1.22,5.2,1.23,4.72,1.2,,
5,Melbourne,Australian Open,2025-01-16,Grand Slam,Outdoor,Hard,2nd Round,5,Rune H.,Berrettini M.,13,34.0,2910,1380.0,7.0,6.0,2.0,6.0,6.0,3.0,7.0,6.0,,,3.0,1.0,Completed,2.2,1.67,2.25,1.72,2.25,1.77,2.13,1.71,,
5,Melbourne,Australian Open,2025-01-16,Grand Slam,Outdoor,Hard,2nd Round,5,Sinner J.,Schoolkate T.,1,173.0,11830,336.0,4.0,6.0,6.0,4.0,6.0,1.0,6.0,3.0,,,3.0,1.0,Completed,1.01,34.0,1.01,51.48,1.02,51.48,1.01,20.26,,
5,Melbourne,Australian Open,2025-01-16,Grand Slam,Outdoor,Hard,2nd Round,5,Tien L.,Medvedev D.,121,5.0,493,5030.0,6.0,3.0,7.0,6.0,6.0,7.0,1.0,6.0,7.0,6.0,3.0,2.0,Completed,5.0,1.17,6.77,1.14,6.77,1.19,5.36,1.16,,
5,Melbourne,Australian Open,2025-01-17,Grand Slam,Outdoor,Hard,3rd Round,5,Paul T.,Carballes Baena R.,11,57.0,3195,981.0,7.0,6.0,6.0,2.0,6.0,0.0,,,,,3.0,0.0,Completed,1.13,6.0,1.16,6.23,1.17,6.23,1.14,5.67,,
5,Melbourne,Australian Open,2025-01-17,Grand Slam,Outdoor,Hard,3rd Round,5,Alcaraz C.,Borges N.,3,33.0,7010,1445.0,6.0,2.0,6.0,4.0,6.0,7.0,6.0,2.0,,,3.0,1.0,Completed,1.03,17.0,1.03,23.4,1.04,23.4,1.03,13.97,,
5,Melbourne,Australian Open,2025-01-17,Grand Slam,Outdoor,Hard,3rd Round,5,Zverev A.,Fearnley J.,2,92.0,7635,632.0,6.0,3.0,6.0,4.0,6.0,4.0,,,,,3.0,0.0,Completed,1.07,9.0,1.08,10.86,1.08,10.86,1.07,8.72,,
5,Melbourne,Australian Open,2025-01-17,Grand Slam,Outdoor,Hard,3rd Round,5,Davidovich Fokina A.,Mensik J.,66,48.0,790,1162.0,3.0,6.0,4.0,6.0,7.0,6.0,6.0,4.0,6.0,2.0,3.0,2.0,Completed,2.63,1.5,2.65,1.55,2.72,1.55,2.6,1.5,,
5,Melbourne,Australian Open,2025-01-17,Grand Slam,Outdoor,Hard,3rd Round,5,Humbert U.,Fils A.,14,21.0,2765,2280.0,4.0,6.0,7.0,5.0,6.0,4.0,1.0,0.0,,,2.0,1.0,Retired,1.57,2.38,1.65,2.39,1.66,2.48,1.58,2.38,,
5,Melbourne,Australian Open,2025-01-17,Grand Slam,Outdoor,Hard,3rd Round,5,Djokovic N.,Machac T.,7,25.0,3900,1805.0,6.0,1.0,6.0,4.0,6.0,4.0,,,,,3.0,0.0,Completed,1.22,4.33,1.22,4.85,1.28,4.85,1.24,4.03,,
5,Melbourne,Australian Open,2025-01-17,Grand Slam,Outdoor,Hard,3rd Round,5,Lehecka J.,Bonzi B.,29,64.0,1660,819.0,6.0,2.0,6.0,3.0,6.0,3.0,,,,,3.0,0.0,Completed,1.29,3.75,1.29,4.01,1.3,4.01,1.29,3.65,,
5,Melbourne,Australian Open,2025-01-17,Grand Slam,Outdoor,Hard,3rd Round,5,Draper J.,Vukic A.,18,68.0,2530,778.0,6.0,4.0,2.0,6.0,5.0,7.0,7.0,6.0,7.0,6.0,3.0,2.0,Completed,1.22,4.33,1.2,5.29,1.24,5.29,1.22,4.36,,
5,Melbourne,Australian Open,2025-01-18,Grand Slam,Outdoor,Hard,3rd Round,5,Michelsen A.,Khachanov K.,42,19.0,1270,2410.0,6.0,3.0,7.0,6.0,6.0,2.0,,,,,3.0,0.0,Completed,2.5,1.53,2.5,1.6,2.5,1.66,2.37,1.58,,
5,Melbourne,Australian Open,2025-01-18,Grand Slam,Outdoor,Hard,3rd Round,5,Monfils G.,Fritz T.,41,4.0,1280,5350.0,3.0,6.0,7.0,5.0,7.0,6.0,6.0,4.0,,,3.0,1.0,Completed,7.0,1.1,7.4,1.13,7.4,1.15,6.44,1.12,,
5,Melbourne,Australian Open,2025-01-18,Grand Slam,Outdoor,Hard,3rd Round,5,De Minaur A.,Cerundolo F.,8,31.0,3535,1620.0,5.0,7.0,7.0,6.0,6.0,3.0,6.0,3.0,,,3.0,1.0,Completed,1.08,8.0,1.11,8.45,1.13,8.45,1.1,7.3,,
5,Melbourne,Australian Open,2025-01-18,Grand Slam,Outdoor,Hard,3rd Round,5,Sonego L.,Marozsan F.,55,59.0,1026,960.0,6.0,7.0,7.0,6.0,6.0,1.0,6.0,2.0,,,3.0,1.0,Completed,1.8,2.0,1.85,2.07,1.85,2.1,1.79,2.02,,
5,Melbourne,Australian Open,2025-01-18,Grand Slam,Outdoor,Hard,3rd Round,5,Tien L.,Moutet C.,121,69.0,493,772.0,7.0,6.0,6.0,3.0,6.0,3.0,,,,,3.0,0.0,Completed,1.91,1.91,1.93,1.98,1.93,2.01,1.87,1.93,,
5,Melbourne,Australian Open,2025-01-18,Grand Slam,Outdoor,Hard,3rd Round,5,Shelton B.,Musetti L.,20,15.0,2280,2600.0,6.0,3.0,3.0,6.0,6.0,4.0,7.0,6.0,,,3.0,1.0,Completed,1.62,2.3,1.63,2.43,1.69,2.43,1.63,2.27,,
5,Melbourne,Australian Open,2025-01-18,Grand Slam,Outdoor,Hard,3rd Round,5,Sinner J.,Giron M.,1,46.0,11830,1175.0,6.0,3.0,6.0,4.0,6.0,2.0,,,,,3.0,0.0,Completed,1.01,23.0,1.02,32.69,1.03,32.69,1.02,16.82,,
5,Melbourne,Australian Open,2025-01-18,Grand Slam,Outdoor,Hard,3rd Round,5,Rune H.,Kecmanovic M.,13,51.0,2910,1096.0,6.0,7.0,6.0,3.0,4.0,6.0,6.0,4.0,6.0,4.0,3.0,2.0,Completed,1.44,2.75,1.5,2.78,1.5,2.85,1.46,2.73,,
5,Melbourne,Australian Open,2025-01-19,Grand Slam,Outdoor,Hard,4th Round,5,Paul T.,Davidovich Fokina A.,11,66.0,3195,790.0,6.0,1.0,6.0,1.0,6.0,1.0,,,,,3.0,0.0,Completed,1.25,4.0,1.25,4.5,1.28,4.5,1.24,3.99,,
5,Melbourne,Australian Open,2025-01-19,Grand Slam,Outdoor,Hard,4th Round,5,Alcaraz C.,Draper J.,3,18.0,7010,2530.0,7.0,5.0,6.0,1.0,,,,,,,2.0,0.0,Retired,1.08,8.0,1.09,10.06,1.12,10.06,1.08,8.12,,
5,Melbourne,Australian Open,2025-01-19,Grand Slam,Outdoor,Hard,4th Round,5,Zverev A.,Humbert U.,2,14.0,7635,2765.0,6.0,1.0,2.0,6.0,6.0,3.0,6.0,2.0,,,3.0,1.0,Completed,1.17,5.0,1.17,5.89,1.21,5.89,1.17,4.97,,
5,Melbourne,Australian Open,2025-01-19,Grand Slam,Outdoor,Hard,4th Round,5,Djokovic N.,Lehecka J.,7,29.0,3900,1660.0,6.0,3.0,6.0,4.0,7.0,6.0,,,,,3.0,0.0,Completed,1.25,4.0,1.23,4.68,1.28,4.68,1.25,3.96,,
5,Melbourne,Australian Open,2025-01-20,Grand Slam,Outdoor,Hard,4th Round,5,Sinner J.,Rune H.,1,13.0,11830,2910.0,6.0,3.0,3.0,6.0,6.0,3.0,6.0,2.0,,,3.0,1.0,Completed,1.08,8.0,1.07,11.23,1.09,11.23,1.08,8.31,,
5,Melbourne,Australian Open,2025-01-20,Grand Slam,Outdoor,Hard,4th Round,5,Sonego L.,Tien L.,55,121.0,1026,493.0,6.0,3.0,6.0,2.0,3.0,6.0,6.0,1.0,,,3.0,1.0,Completed,1.67,2.2,1.74,2.22,1.86,2.22,1.74,2.1,,
5,Melbourne,Australian Open,2025-01-20,Grand Slam,Outdoor,Hard,4th Round,5,Shelton B.,Monfils G.,20,41.0,2280,1280.0,7.0,6.0,6.0,7.0,7.0,6.0,1.0,0.0,,,2.0,1.0,Retired,1.62,2.3,1.6,2.5,1.63,2.5,1.61,2.33,,
5,Melbourne,Australian Open,2025-01-20,Grand Slam,Outdoor,Hard,4th Round,5,De Minaur A.,Michelsen A.,8,42.0,3535,1270.0,6.0,0.0,7.0,6.0,6.0,3.0,,,,,3.0,0.0,Completed,1.25,4.0,1.28,4.12,1.29,4.12,1.26,3.83,,
5,Melbourne,Australian Open,2025-01-21,Grand Slam,Outdoor,Hard,Quarterfinals,5,Zverev A.,Paul T.,2,11.0,7635,3195.0,7.0,6.0,7.0,6.0,2.0,6.0,6.0,1.0,,,3.0,1.0,Completed,1.33,3.4,1.36,3.4,1.37,3.48,1.35,3.26,,
5,Melbourne,Australian Open,2025-01-21,Grand Slam,Outdoor,Hard,Quarterfinals,5,Djokovic N.,Alcaraz C.,7,3.0,3900,7010.0,4.0,6.0,6.0,4.0,6.0,3.0,6.0,4.0,,,3.0,1.0,Completed,2.5,1.53,2.62,1.56,2.7,1.56,2.57,1.52,,
5,Melbourne,Australian Open,2025-01-22,Grand Slam,Outdoor,Hard,Quarterfinals,5,Shelton B.,Sonego L.,20,55.0,2280,1026.0,6.0,4.0,7.0,5.0,4.0,6.0,7.0,6.0,,,3.0,1.0,Completed,1.36,3.2,1.4,3.22,1.4,3.3,1.37,3.15,,
5,Melbourne,Australian Open,2025-01-22,Grand Slam,Outdoor,Hard,Quarterfinals,5,Sinner J.,De Minaur A.,1,8.0,11830,3535.0,6.0,3.0,6.0,2.0,6.0,1.0,,,,,3.0,0.0,Completed,1.17,5.0,1.19,5.34,1.19,5.5,1.17,5.1,,
5,Melbourne,Australian Open,2025-01-24,Grand Slam,Outdoor,Hard,Semifinals,5,Zverev A.,Djokovic N.,2,7.0,7635,3900.0,7.0,6.0,,,,,,,,,1.0,0.0,Retired,2.3,1.62,2.45,1.63,2.45,1.7,2.31,1.63,,
5,Melbourne,Australian Open,2025-01-24,Grand Slam,Outdoor,Hard,Semifinals,5,Sinner J.,Shelton B.,1,20.0,11830,2280.0,7.0,6.0,6.0,2.0,6.0,2.0,,,,,3.0,0.0,Completed,1.05,11.0,1.09,10.06,1.09,11.0,1.06,9.51,,
5,Melbourne,Australian Open,2025-01-26,Grand Slam,Outdoor,Hard,The Final,5,Sinner J.,Zverev A.,1,2.0,11830,7635.0,6.0,3.0,7.0,6.0,6.0,3.0,,,,,3.0,0.0,Completed,1.33,3.4,1.34,3.6,1.39,3.4,1.35,3.31,,
6,Montpellier,Open Sud de France,2025-01-27,ATP250,Indoor,Hard,1st Round,3,Bu Y.,Altmaier D.,71,91.0,787,622.0,7.0,6.0,6.0,3.0,,,,,,,2.0,0.0,Completed,1.57,2.38,1.73,2.22,1.73,2.4,1.62,2.28,,
6,Montpellier,Open Sud de France,2025-01-27,ATP250,Indoor,Hard,1st Round,3,Cazaux A.,Wawrinka S.,101,154.0,582,361.0,6.0,4.0,6.0,3.0,,,,,,,2.0,0.0,Completed,1.53,2.5,1.56,2.56,1.62,2.6,1.54,2.44,,
6,Montpellier,Open Sud de France,2025-01-27,ATP250,Indoor,Hard,1st Round,3,Koepfer D.,Barrere G.,118,144.0,515,406.0,6.0,4.0,7.0,6.0,,,,,,,2.0,0.0,Completed,2.1,1.73,2.04,1.85,2.1,1.96,1.97,1.81,,
6,Montpellier,Open Sud de France,2025-01-28,ATP250,Indoor,Hard,1st Round,3,Eubanks C.,Kachmazov A.,111,199.0,548,299.0,7.0,5.0,6.0,4.0,,,,,,,2.0,0.0,Completed,1.8,2.0,1.85,2.05,1.85,2.12,1.77,2.02,,
6,Montpellier,Open Sud de France,2025-01-28,ATP250,Indoor,Hard,1st Round,3,Lestienne C.,Coric B.,177,103.0,323,575.0,6.0,3.0,7.0,5.0,,,,,,,2.0,0.0,Completed,2.0,1.8,1.94,1.94,2.0,1.94,1.94,1.84,,
6,Montpellier,Open Sud de France,2025-01-28,ATP250,Indoor,Hard,1st Round,3,Griekspoor T.,Van De Zandschulp B.,46,84.0,1190,672.0,7.0,5.0,6.0,3.0,,,,,,,2.0,0.0,Completed,1.57,2.38,1.66,2.35,1.66,2.53,1.58,2.35,,
6,Montpellier,Open Sud de France,2025-01-28,ATP250,Indoor,Hard,1st Round,3,Bellucci M.,Pouille L.,98,104.0,605,575.0,6.0,4.0,6.0,4.0,,,,,,,2.0,0.0,Completed,2.1,1.73,2.04,1.85,2.25,1.85,2.08,1.73,,
6,Montpellier,Open Sud de France,2025-01-28,ATP250,Indoor,Hard,1st Round,3,Gasquet R.,Mannarino A.,132,108.0,460,561.0,6.0,3.0,6.0,2.0,,,,,,,2.0,0.0,Completed,2.1,1.73,2.09,1.82,2.12,1.82,2.08,1.74,,
6,Montpellier,Open Sud de France,2025-01-28,ATP250,Indoor,Hard,1st Round,3,Rinderknech A.,Mayot H.,61,130.0,924,472.0,7.0,6.0,2.0,6.0,6.0,1.0,,,,,2.0,1.0,Completed,1.44,2.75,1.45,2.93,1.48,2.93,1.44,2.74,,
6,Montpellier,Open Sud de France,2025-01-29,ATP250,Indoor,Hard,1st Round,3,Basilashvili N.,Kukushkin M.,178,112.0,323,541.0,6.0,3.0,3.0,6.0,5.0,0.0,,,,,1.0,1.0,Retired,1.57,2.38,1.7,2.27,1.7,2.4,1.6,2.31,,
6,Montpellier,Open Sud de France,2025-01-29,ATP250,Indoor,Hard,1st Round,3,De Jong J.,Halys Q.,131,74.0,466,756.0,7.0,6.0,2.0,0.0,,,,,,,1.0,0.0,Retired,2.63,1.5,2.59,1.56,2.65,1.56,2.57,1.49,,
6,Montpellier,Open Sud de France,2025-01-29,ATP250,Indoor,Hard,1st Round,3,Kovacevic A.,Goffin D.,102,56.0,577,994.0,6.0,2.0,3.0,6.0,6.0,4.0,,,,,2.0,1.0,Completed,1.62,2.3,1.65,2.37,1.65,2.38,1.6,2.29,,
6,Montpellier,Open Sud de France,2025-01-29,ATP250,Indoor,Hard,2nd Round,3,Rublev A.,Eubanks C.,10,111.0,3130,548.0,6.0,4.0,6.0,3.0,,,,,,,2.0,0.0,Completed,1.25,4.0,1.26,4.29,1.26,4.29,1.23,4.01,,
6,Montpellier,Open Sud de France,2025-01-29,ATP250,Indoor,Hard,2nd Round,3,Bu Y.,Lestienne C.,71,177.0,787,323.0,6.0,2.0,6.0,1.0,,,,,,,2.0,0.0,Completed,1.62,2.3,1.61,2.49,1.67,2.49,1.61,2.28,,
6,Montpellier,Open Sud de France,2025-01-29,ATP250,Indoor,Hard,2nd Round,3,Auger-Aliassime F.,Cazaux A.,23,101.0,1855,582.0,6.0,4.0,7.0,6.0,,,,,,,2.0,0.0,Completed,1.44,2.75,1.43,3.08,1.46,3.08,1.43,2.79,,
6,Montpellier,Open Sud de France,2025-01-29,ATP250,Indoor,Hard,2nd Round,3,Bublik A.,Koepfer D.,39,118.0,1330,515.0,6.0,4.0,6.0,2.0,,,,,,,2.0,0.0,Completed,1.67,2.2,1.77,2.18,1.77,2.25,1.69,2.14,,
6,Montpellier,Open Sud de France,2025-01-30,ATP250,Indoor,Hard,2nd Round,3,De Jong J.,Cobolli F.,131,34.0,466,1392.0,6.0,3.0,7.0,6.0,,,,,,,2.0,0.0,Completed,2.63,1.5,2.59,1.57,2.63,1.57,2.53,1.51,,
6,Montpellier,Open Sud de France,2025-01-30,ATP250,Indoor,Hard,2nd Round,3,Kovacevic A.,Bellucci M.,102,98.0,577,605.0,7.0,5.0,7.0,6.0,,,,,,,2.0,0.0,Completed,1.8,2.0,1.76,2.19,1.82,2.19,1.77,2.03,,
6,Montpellier,Open Sud de France,2025-01-30,ATP250,Indoor,Hard,2nd Round,3,Griekspoor T.,Gasquet R.,46,132.0,1190,460.0,6.0,3.0,3.0,6.0,7.0,5.0,,,,,2.0,1.0,Completed,1.36,3.2,1.44,3.04,1.44,3.2,1.38,3.0,,
6,Montpellier,Open Sud de France,2025-01-30,ATP250,Indoor,Hard,2nd Round,3,Basilashvili N.,Rinderknech A.,178,61.0,323,924.0,6.0,0.0,7.0,6.0,,,,,,,2.0,0.0,Completed,2.3,1.62,2.3,1.69,2.38,1.69,2.27,1.63,,
6,Montpellier,Open Sud de France,2025-01-31,ATP250,Indoor,Hard,Quarterfinals,3,Auger-Aliassime F.,Bu Y.,23,71.0,1855,787.0,6.0,3.0,6.0,4.0,,,,,,,2.0,0.0,Completed,1.25,4.0,1.26,4.3,1.29,4.3,1.25,3.82,,
6,Montpellier,Open Sud de France,2025-01-31,ATP250,Indoor,Hard,Quarterfinals,3,De Jong J.,Griekspoor T.,131,46.0,466,1190.0,7.0,6.0,6.0,4.0,,,,,,,2.0,0.0,Completed,2.75,1.44,3.0,1.45,3.0,1.46,2.82,1.42,,
6,Montpellier,Open Sud de France,2025-01-31,ATP250,Indoor,Hard,Quarterfinals,3,Rublev A.,Basilashvili N.,10,178.0,3130,323.0,5.0,2.0,,,,,,,,,0.0,0.0,Retired,1.2,4.5,1.24,4.53,1.25,4.6,1.21,4.29,,
6,Montpellier,Open Sud de France,2025-01-31,ATP250,Indoor,Hard,Quarterfinals,3,Kovacevic A.,Bublik A.,102,39.0,577,1330.0,6.0,3.0,6.0,2.0,,,,,,,2.0,0.0,Completed,2.2,1.67,2.27,1.71,2.27,1.73,2.19,1.67,,
6,Montpellier,Open Sud de France,2025-02-01,ATP250,Indoor,Hard,Semifinals,3,Auger-Aliassime F.,De Jong J.,23,131.0,1855,466.0,6.0,4.0,7.0,6.0,,,,,,,2.0,0.0,Completed,1.17,5.0,1.21,5.13,1.21,5.16,1.18,4.81,,
6,Montpellier,Open Sud de France,2025-02-01,ATP250,Indoor,Hard,Semifinals,3,Kovacevic A.,Rublev A.,102,10.0,577,3130.0,7.0,5.0,6.0,4.0,,,,,,,2.0,0.0,Completed,4.0,1.25,3.94,1.3,4.0,1.3,3.85,1.26,,
6,Montpellier,Open Sud de France,2025-02-02,ATP250,Indoor,Hard,The Final,3,Auger-Aliassime F.,Kovacevic A.,23,102.0,1855,577.0,6.0,2.0,6.0,7.0,7.0,6.0,,,,,2.0,1.0,Completed,1.25,4.0,1.29,3.98,1.29,4.0,1.26,3.83,,
7,Dallas,Dallas Open,2025-02-03,ATP500,Indoor,Hard,1st Round,3,Davidovich Fokina A.,Holt B.,59,179.0,940,324.0,6.0,1.0,7.0,5.0,,,,,,,2.0,0.0,Completed,1.4,3.0,1.43,3.03,1.45,3.07,1.4,2.9,,
7,Dallas,Dallas Open,2025-02-03,ATP500,Indoor,Hard,1st Round,3,Arnaldi M.,Eubanks C.,39,104.0,1265,567.0,6.0,3.0,6.0,4.0,,,,,,,2.0,0.0,Completed,1.8,2.0,1.79,2.12,1.85,2.12,1.79,2.0,,
7,Dallas,Dallas Open,2025-02-03,ATP500,Indoor,Hard,1st Round,3,Hijikata R.,Mannarino A.,73,107.0,759,561.0,7.0,5.0,6.0,3.0,,,,,,,2.0,0.0,Completed,1.73,2.1,1.76,2.17,1.8,2.36,1.71,2.13,,
7,Dallas,Dallas Open,2025-02-04,ATP500,Indoor,Hard,1st Round,3,Tiafoe F.,Daniel T.,18,117.0,2560,519.0,6.0,1.0,3.0,6.0,6.0,4.0,,,,,2.0,1.0,Completed,1.17,5.0,1.19,5.28,1.26,5.28,1.19,4.73,,
7,Dallas,Dallas Open,2025-02-04,ATP500,Indoor,Hard,1st Round,3,Quinn E.,Svajda T.,199,669.0,307,43.0,6.0,4.0,6.0,2.0,,,,,,,2.0,0.0,Completed,1.2,4.5,1.24,4.53,1.25,4.53,1.21,4.25,,
7,Dallas,Dallas Open,2025-02-04,ATP500,Indoor,Hard,1st Round,3,Paul T.,Brooksby J.,9,1093.0,3495,10.0,6.0,7.0,6.0,3.0,6.0,4.0,,,,,2.0,1.0,Completed,1.05,11.0,1.09,9.59,1.09,11.3,1.06,9.08,,
7,Dallas,Dallas Open,2025-02-04,ATP500,Indoor,Hard,1st Round,3,Norrie C.,Michelsen A.,63,36.0,892,1370.0,2.0,6.0,7.0,6.0,6.0,1.0,,,,,2.0,1.0,Completed,2.75,1.44,2.66,1.56,2.75,1.56,2.57,1.5,,
7,Dallas,Dallas Open,2025-02-05,ATP500,Indoor,Hard,1st Round,3,Shelton B.,Vukic A.,13,66.0,2980,868.0,6.0,3.0,6.0,3.0,,,,,,,2.0,0.0,Completed,1.2,4.5,1.23,4.68,1.23,4.68,1.22,4.22,,
7,Dallas,Dallas Open,2025-02-05,ATP500,Indoor,Hard,1st Round,3,Ruud C.,Duckworth J.,5,86.0,4160,665.0,7.0,5.0,4.0,6.0,6.0,2.0,,,,,2.0,1.0,Completed,,,,,1.1,6.75,1.1,6.75,,
7,Dallas,Dallas Open,2025-02-05,ATP500,Indoor,Hard,1st Round,3,Munar J.,Bu Y.,64,68.0,882,830.0,7.0,5.0,6.0,2.0,,,,,,,2.0,0.0,Completed,2.5,1.53,2.37,1.65,2.6,1.65,2.4,1.56,,
7,Dallas,Dallas Open,2025-02-05,ATP500,Indoor,Hard,1st Round,3,Nishioka Y.,Nakashima B.,67,42.0,847,1250.0,6.0,4.0,7.0,6.0,,,,,,,2.0,0.0,Completed,2.63,1.5,2.59,1.56,2.63,1.58,2.46,1.54,,
7,Dallas,Dallas Open,2025-02-05,ATP500,Indoor,Hard,1st Round,3,Mmoh M.,Carballes Baena R.,422,51.0,106,1071.0,6.0,1.0,3.0,6.0,6.0,4.0,,,,,2.0,1.0,Completed,2.3,1.62,2.33,1.67,2.49,1.67,2.26,1.62,,
7,Dallas,Dallas Open,2025-02-05,ATP500,Indoor,Hard,1st Round,3,Machac T.,Nishikori K.,25,71.0,1805,793.0,6.0,2.0,6.0,2.0,,,,,,,2.0,0.0,Completed,1.5,2.63,1.52,2.68,1.53,2.68,1.5,2.56,,
7,Dallas,Dallas Open,2025-02-05,ATP500,Indoor,Hard,1st Round,3,Opelka R.,Shevchenko A.,145,82.0,391,693.0,7.0,6.0,6.0,4.0,,,,,,,2.0,0.0,Completed,1.4,3.0,1.4,3.16,1.41,3.16,1.38,3.0,,
7,Dallas,Dallas Open,2025-02-06,ATP500,Indoor,Hard,1st Round,3,Fritz T.,Rinderknech A.,4,60.0,5050,936.0,6.0,4.0,6.0,2.0,,,,,,,2.0,0.0,Completed,1.08,8.0,1.12,7.57,1.12,8.0,1.1,7.01,,
7,Dallas,Dallas Open,2025-02-06,ATP500,Indoor,Hard,1st Round,3,Shapovalov D.,Kecmanovic M.,54,55.0,1021,996.0,6.0,3.0,6.0,7.0,6.0,3.0,,,,,2.0,1.0,Completed,1.57,2.38,1.68,2.32,1.68,2.39,1.62,2.26,,
7,Dallas,Dallas Open,2025-02-06,ATP500,Indoor,Hard,2nd Round,3,Nishioka Y.,Tiafoe F.,67,18.0,847,2560.0,3.0,6.0,6.0,4.0,6.0,3.0,,,,,2.0,1.0,Completed,2.5,1.53,2.61,1.56,2.61,1.57,2.48,1.53,,
7,Dallas,Dallas Open,2025-02-06,ATP500,Indoor,Hard,2nd Round,3,Arnaldi M.,Davidovich Fokina A.,39,59.0,1265,940.0,6.0,1.0,6.0,3.0,,,,,,,2.0,0.0,Completed,2.2,1.67,2.28,1.71,2.28,1.71,2.18,1.66,,
7,Dallas,Dallas Open,2025-02-06,ATP500,Indoor,Hard,2nd Round,3,Munar J.,Shelton B.,64,13.0,882,2980.0,6.0,2.0,7.0,6.0,,,,,,,2.0,0.0,Completed,7.0,1.1,7.74,1.12,7.74,1.13,6.68,1.1,,
7,Dallas,Dallas Open,2025-02-06,ATP500,Indoor,Hard,2nd Round,3,Machac T.,Hijikata R.,25,73.0,1805,759.0,6.0,4.0,7.0,6.0,,,,,,,2.0,0.0,Completed,1.14,5.5,1.15,6.37,1.16,6.37,1.14,5.45,,
7,Dallas,Dallas Open,2025-02-06,ATP500,Indoor,Hard,2nd Round,3,Ruud C.,Mmoh M.,5,422.0,4160,106.0,6.0,1.0,6.0,4.0,,,,,,,2.0,0.0,Completed,1.2,4.5,1.21,5.19,1.22,5.19,1.2,4.48,,
7,Dallas,Dallas Open,2025-02-06,ATP500,Indoor,Hard,2nd Round,3,Opelka R.,Norrie C.,145,63.0,391,892.0,4.0,6.0,7.0,6.0,6.0,4.0,,,,,2.0,1.0,Completed,1.73,2.1,1.75,2.22,1.75,2.22,1.72,2.09,,
7,Dallas,Dallas Open,2025-02-07,ATP500,Indoor,Hard,2nd Round,3,Paul T.,Quinn E.,9,199.0,3495,307.0,6.0,4.0,5.0,7.0,6.0,4.0,,,,,2.0,1.0,Completed,1.14,5.5,1.18,5.75,1.18,5.75,1.16,5.21,,
7,Dallas,Dallas Open,2025-02-07,ATP500,Indoor,Hard,2nd Round,3,Shapovalov D.,Fritz T.,54,4.0,1021,5050.0,2.0,6.0,6.0,3.0,7.0,6.0,,,,,2.0,1.0,Completed,3.75,1.29,3.89,1.3,3.89,1.31,3.52,1.29,,
7,Dallas,Dallas Open,2025-02-07,ATP500,Indoor,Hard,Quarterfinals,3,Munar J.,Arnaldi M.,64,39.0,882,1265.0,6.0,4.0,3.0,6.0,6.0,3.0,,,,,2.0,1.0,Completed,2.3,1.62,2.53,1.59,2.62,1.65,2.34,1.59,,
7,Dallas,Dallas Open,2025-02-07,ATP500,Indoor,Hard,Quarterfinals,3,Ruud C.,Nishioka Y.,5,67.0,4160,847.0,7.0,5.0,3.0,2.0,,,,,,,1.0,0.0,Retired,1.4,3.0,1.4,3.24,1.4,3.24,1.37,3.03,,
7,Dallas,Dallas Open,2025-02-08,ATP500,Indoor,Hard,Quarterfinals,3,Paul T.,Opelka R.,9,145.0,3495,391.0,7.0,6.0,6.0,2.0,,,,,,,2.0,0.0,Completed,1.53,2.5,1.58,2.55,1.58,2.75,1.52,2.5,,
7,Dallas,Dallas Open,2025-02-08,ATP500,Indoor,Hard,Quarterfinals,3,Shapovalov D.,Machac T.,54,25.0,1021,1805.0,7.0,6.0,6.0,0.0,,,,,,,2.0,0.0,Completed,2.2,1.67,2.17,1.78,2.2,1.78,2.11,1.71,,
7,Dallas,Dallas Open,2025-02-08,ATP500,Indoor,Hard,Semifinals,3,Ruud C.,Munar J.,5,64.0,4160,882.0,6.0,2.0,2.0,6.0,7.0,6.0,,,,,2.0,1.0,Completed,1.33,3.4,1.38,3.31,1.38,3.4,1.34,3.2,,
7,Dallas,Dallas Open,2025-02-08,ATP500,Indoor,Hard,Semifinals,3,Shapovalov D.,Paul T.,54,9.0,1021,3495.0,7.0,5.0,6.0,3.0,,,,,,,2.0,0.0,Completed,2.63,1.5,2.6,1.54,2.63,1.54,2.55,1.51,,
7,Dallas,Dallas Open,2025-02-09,ATP500,Indoor,Hard,The Final,3,Shapovalov D.,Ruud C.,54,5.0,1021,4160.0,7.0,6.0,6.0,3.0,,,,,,,2.0,0.0,Completed,1.62,2.3,1.7,2.28,1.71,2.3,1.66,2.22,,
8,Rotterdam,ABN AMRO World Tennis Tournament,2025-02-03,ATP500,Indoor,Hard,1st Round,3,Hurkacz H.,Cobolli F.,21,35.0,2205,1372.0,6.0,3.0,6.0,2.0,,,,,,,2.0,0.0,Completed,1.29,3.75,1.32,3.66,1.33,3.75,1.3,3.49,,
8,Rotterdam,ABN AMRO World Tennis Tournament,2025-02-03,ATP500,Indoor,Hard,1st Round,3,Tsitsipas S.,Mayot H.,12,138.0,3005,428.0,6.0,1.0,7.0,5.0,,,,,,,2.0,0.0,Completed,1.3,3.5,1.32,3.67,1.36,3.67,1.3,3.48,,
8,Rotterdam,ABN AMRO World Tennis Tournament,2025-02-03,ATP500,Indoor,Hard,1st Round,3,Medvedev D.,Wawrinka S.,7,155.0,3780,361.0,6.0,7.0,6.0,4.0,6.0,1.0,,,,,2.0,1.0,Completed,1.14,5.5,1.17,5.94,1.18,5.94,1.16,5.26,,
8,Rotterdam,ABN AMRO World Tennis Tournament,2025-02-03,ATP500,Indoor,Hard,1st Round,3,Bellucci M.,Rottgering M.,92,839.0,624,24.0,6.0,3.0,6.0,2.0,,,,,,,2.0,0.0,Completed,1.05,11.0,1.07,11.24,1.08,11.24,1.06,9.27,,
8,Rotterdam,ABN AMRO World Tennis Tournament,2025-02-04,ATP500,Indoor,Hard,1st Round,3,Lehecka J.,Popyrin A.,24,26.0,1810,1800.0,7.0,5.0,6.0,2.0,,,,,,,2.0,0.0,Completed,1.4,3.0,1.41,3.11,1.45,3.15,1.4,2.95,,
8,Rotterdam,ABN AMRO World Tennis Tournament,2025-02-04,ATP500,Indoor,Hard,1st Round,3,De Minaur A.,Goffin D.,8,56.0,3735,994.0,6.0,2.0,6.0,4.0,,,,,,,2.0,0.0,Completed,1.06,10.0,1.09,9.57,1.09,10.51,1.06,8.78,,
8,Rotterdam,ABN AMRO World Tennis Tournament,2025-02-04,ATP500,Indoor,Hard,1st Round,3,Mensik J.,Bublik A.,47,49.0,1182,1130.0,6.0,4.0,6.0,4.0,,,,,,,2.0,0.0,Completed,1.4,3.0,1.42,3.06,1.46,3.06,1.42,2.83,,
8,Rotterdam,ABN AMRO World Tennis Tournament,2025-02-04,ATP500,Indoor,Hard,1st Round,3,Rublev A.,Zhang Zh.,10,50.0,3220,1100.0,6.0,3.0,6.0,4.0,,,,,,,2.0,0.0,Completed,1.22,4.33,1.25,4.37,1.28,4.49,1.23,4.15,,
8,Rotterdam,ABN AMRO World Tennis Tournament,2025-02-04,ATP500,Indoor,Hard,1st Round,3,Martinez P.,Bautista Agut R.,44,52.0,1205,1067.0,6.0,3.0,6.0,2.0,,,,,,,2.0,0.0,Completed,2.2,1.67,2.39,1.64,2.39,1.69,2.25,1.64,,
8,Rotterdam,ABN AMRO World Tennis Tournament,2025-02-04,ATP500,Indoor,Hard,1st Round,3,Alcaraz C.,Van De Zandschulp B.,3,84.0,7010,672.0,7.0,6.0,3.0,6.0,6.0,1.0,,,,,2.0,1.0,Completed,1.07,9.0,1.07,10.79,1.09,10.79,1.06,8.77,,
8,Rotterdam,ABN AMRO World Tennis Tournament,2025-02-04,ATP500,Indoor,Hard,1st Round,3,Rune H.,Sonego L.,14,34.0,2970,1376.0,7.0,6.0,6.0,4.0,,,,,,,2.0,0.0,Completed,1.36,3.2,1.35,3.46,1.4,3.46,1.36,3.09,,
8,Rotterdam,ABN AMRO World Tennis Tournament,2025-02-05,ATP500,Indoor,Hard,1st Round,3,Fils A.,Lestienne C.,19,169.0,2330,336.0,6.0,7.0,6.0,2.0,6.0,1.0,,,,,2.0,1.0,Completed,1.2,4.5,1.22,4.81,1.23,4.81,1.2,4.43,,
8,Rotterdam,ABN AMRO World Tennis Tournament,2025-02-05,ATP500,Indoor,Hard,1st Round,3,Altmaier D.,Kovacevic A.,93,75.0,622,748.0,1.0,6.0,6.0,4.0,6.0,3.0,,,,,2.0,1.0,Completed,,,,,6.25,1.13,5.78,1.13,,
8,Rotterdam,ABN AMRO World Tennis Tournament,2025-02-05,ATP500,Indoor,Hard,1st Round,3,Marozsan F.,Struff J.L.,57,45.0,960,1200.0,6.0,3.0,4.0,6.0,7.0,6.0,,,,,2.0,1.0,Completed,2.2,1.67,2.34,1.66,2.34,1.68,2.24,1.64,,
8,Rotterdam,ABN AMRO World Tennis Tournament,2025-02-05,ATP500,Indoor,Hard,1st Round,3,Vavassori A.,Auger-Aliassime F.,317,23.0,163,2005.0,6.0,7.0,6.0,4.0,,,,,,,1.0,1.0,Retired,8.0,1.08,7.82,1.11,8.01,1.11,7.14,1.09,,
8,Rotterdam,ABN AMRO World Tennis Tournament,2025-02-05,ATP500,Indoor,Hard,1st Round,3,Griekspoor T.,Berrettini M.,43,33.0,1230,1430.0,6.0,3.0,6.0,7.0,7.0,6.0,,,,,2.0,1.0,Completed,2.38,1.57,2.54,1.57,2.54,1.61,2.37,1.57,,
8,Rotterdam,ABN AMRO World Tennis Tournament,2025-02-05,ATP500,Indoor,Hard,2nd Round,3,Bellucci M.,Medvedev D.,92,7.0,624,3780.0,6.0,3.0,6.0,7.0,6.0,3.0,,,,,2.0,1.0,Completed,3.5,1.3,3.66,1.31,4.66,1.36,3.47,1.3,,
8,Rotterdam,ABN AMRO World Tennis Tournament,2025-02-05,ATP500,Indoor,Hard,2nd Round,3,Hurkacz H.,Lehecka J.,21,24.0,2205,1810.0,7.0,5.0,2.0,0.0,,,,,,,1.0,0.0,Retired,2.1,1.73,2.16,1.78,2.16,1.8,2.07,1.73,,
8,Rotterdam,ABN AMRO World Tennis Tournament,2025-02-06,ATP500,Indoor,Hard,2nd Round,3,De Minaur A.,Mensik J.,8,47.0,3735,1182.0,6.0,4.0,6.0,4.0,,,,,,,2.0,0.0,Completed,1.4,3.0,1.4,3.3,1.41,3.3,1.38,2.99,,
8,Rotterdam,ABN AMRO World Tennis Tournament,2025-02-06,ATP500,Indoor,Hard,2nd Round,3,Altmaier D.,Fils A.,93,19.0,622,2330.0,6.0,4.0,3.0,6.0,7.0,5.0,,,,,2.0,1.0,Completed,4.0,1.25,4.46,1.25,4.46,1.27,3.98,1.24,,
8,Rotterdam,ABN AMRO World Tennis Tournament,2025-02-06,ATP500,Indoor,Hard,2nd Round,3,Rublev A.,Marozsan F.,10,57.0,3220,960.0,7.0,6.0,7.0,6.0,,,,,,,2.0,0.0,Completed,1.25,4.0,1.28,4.14,1.32,4.14,1.26,3.81,,
8,Rotterdam,ABN AMRO World Tennis Tournament,2025-02-06,ATP500,Indoor,Hard,2nd Round,3,Tsitsipas S.,Griekspoor T.,12,43.0,3005,1230.0,6.0,7.0,7.0,6.0,7.0,5.0,,,,,2.0,1.0,Completed,1.73,2.1,1.78,2.16,1.78,2.17,1.73,2.07,,
8,Rotterdam,ABN AMRO World Tennis Tournament,2025-02-06,ATP500,Indoor,Hard,2nd Round,3,Alcaraz C.,Vavassori A.,3,317.0,7010,163.0,6.0,2.0,6.0,1.0,,,,,,,2.0,0.0,Completed,1.07,9.0,1.08,7.11,1.09,15.2,1.07,8.13,,
8,Rotterdam,ABN AMRO World Tennis Tournament,2025-02-06,ATP500,Indoor,Hard,2nd Round,3,Martinez P.,Rune H.,44,14.0,1205,2970.0,6.0,4.0,6.0,1.0,,,,,,,2.0,0.0,Completed,4.5,1.2,3.85,1.23,6.43,1.25,4.56,1.19,,
8,Rotterdam,ABN AMRO World Tennis Tournament,2025-02-07,ATP500,Indoor,Hard,Quarterfinals,3,De Minaur A.,Altmaier D.,8,93.0,3735,622.0,6.0,1.0,6.0,4.0,,,,,,,2.0,0.0,Completed,1.06,10.0,1.08,10.47,1.09,10.82,1.06,9.05,,
8,Rotterdam,ABN AMRO World Tennis Tournament,2025-02-07,ATP500,Indoor,Hard,Quarterfinals,3,Bellucci M.,Tsitsipas S.,92,12.0,624,3005.0,6.0,4.0,6.0,2.0,,,,,,,2.0,0.0,Completed,2.75,1.44,2.62,1.45,3.01,1.5,2.72,1.44,,
8,Rotterdam,ABN AMRO World Tennis Tournament,2025-02-07,ATP500,Indoor,Hard,Quarterfinals,3,Alcaraz C.,Martinez P.,3,44.0,7010,1205.0,6.0,2.0,6.0,1.0,,,,,,,2.0,0.0,Completed,1.05,11.0,1.08,7.35,1.08,12.9,1.05,9.83,,
8,Rotterdam,ABN AMRO World Tennis Tournament,2025-02-07,ATP500,Indoor,Hard,Quarterfinals,3,Hurkacz H.,Rublev A.,21,10.0,2205,3220.0,6.0,7.0,6.0,3.0,6.0,4.0,,,,,2.0,1.0,Completed,2.1,1.73,2.1,1.83,2.13,1.83,2.07,1.74,,
8,Rotterdam,ABN AMRO World Tennis Tournament,2025-02-08,ATP500,Indoor,Hard,Semifinals,3,De Minaur A.,Bellucci M.,8,92.0,3735,624.0,6.0,1.0,6.0,2.0,,,,,,,2.0,0.0,Completed,1.17,4.5,1.2,5.25,1.21,5.25,1.18,4.7,,
8,Rotterdam,ABN AMRO World Tennis Tournament,2025-02-08,ATP500,Indoor,Hard,Semifinals,3,Alcaraz C.,Hurkacz H.,3,21.0,7010,2205.0,6.0,4.0,6.0,7.0,6.0,3.0,,,,,2.0,1.0,Completed,1.25,4.0,1.26,4.36,1.26,4.4,1.23,4.09,,
8,Rotterdam,ABN AMRO World Tennis Tournament,2025-02-09,ATP500,Indoor,Hard,The Final,3,Alcaraz C.,De Minaur A.,3,8.0,7010,3735.0,6.0,4.0,3.0,6.0,6.0,2.0,,,,,2.0,1.0,Completed,1.36,3.2,1.4,3.24,1.4,3.55,1.35,3.16,,
9,Buenos Aires,Argentina Open,2025-02-10,ATP250,Outdoor,Clay,1st Round,3,Lajovic D.,Carballes Baena R.,81,50.0,717,1071.0,7.0,6.0,7.0,5.0,,,,,,,2.0,0.0,Completed,2.5,1.53,2.48,1.6,2.59,1.6,2.44,1.55,,
9,Buenos Aires,Argentina Open,2025-02-10,ATP250,Outdoor,Clay,1st Round,3,Djere L.,Muller A.,112,58.0,525,953.0,6.0,3.0,6.0,3.0,,,,,,,2.0,0.0,Completed,1.57,2.38,1.6,2.47,1.6,2.47,1.56,2.39,,
9,Buenos Aires,Argentina Open,2025-02-10,ATP250,Outdoor,Clay,1st Round,3,Seyboth Wild T.,Diaz Acosta F.,77,75.0,732,748.0,3.0,6.0,6.0,2.0,6.0,3.0,,,,,2.0,1.0,Completed,2.2,1.67,2.19,1.75,2.22,1.75,2.13,1.7,,
9,Buenos Aires,Argentina Open,2025-02-11,ATP250,Outdoor,Clay,1st Round,3,Navone M.,Comesana F.,47,84.0,1158,674.0,6.0,4.0,6.0,4.0,,,,,,,2.0,0.0,Completed,1.4,3.0,1.44,2.98,1.45,3.0,1.41,2.88,,
9,Buenos Aires,Argentina Open,2025-02-11,ATP250,Outdoor,Clay,1st Round,3,Baez S.,Ugo Carabelli C.,31,87.0,1535,672.0,6.0,4.0,6.0,4.0,,,,,,,2.0,0.0,Completed,1.4,3.0,1.46,2.91,1.46,3.23,1.39,2.95,,
9,Buenos Aires,Argentina Open,2025-02-11,ATP250,Outdoor,Clay,1st Round,3,Cerundolo J.M.,Burruchaga R.,139,141.0,432,428.0,7.0,6.0,5.0,7.0,7.0,5.0,,,,,2.0,1.0,Completed,2.0,1.8,2.14,1.78,2.14,1.83,2.03,1.76,,
9,Buenos Aires,Argentina Open,2025-02-11,ATP250,Outdoor,Clay,1st Round,3,Cerundolo F.,Darderi L.,28,59.0,1670,945.0,6.0,4.0,6.0,4.0,,,,,,,2.0,0.0,Completed,1.36,3.2,1.37,3.36,1.37,3.36,1.34,3.18,,
9,Buenos Aires,Argentina Open,2025-02-12,ATP250,Outdoor,Clay,1st Round,3,Fonseca J.,Etcheverry T.,99,44.0,600,1240.0,6.0,3.0,6.0,3.0,,,,,,,2.0,0.0,Completed,1.8,2.0,1.81,2.1,1.82,2.1,1.78,2.01,,
9,Buenos Aires,Argentina Open,2025-02-12,ATP250,Outdoor,Clay,1st Round,3,Coria F.,Gaston H.,115,91.0,501,649.0,6.0,3.0,6.0,2.0,,,,,,,2.0,0.0,Completed,1.67,2.2,1.68,2.3,1.68,2.3,1.65,2.2,,
9,Buenos Aires,Argentina Open,2025-02-12,ATP250,Outdoor,Clay,1st Round,3,Martinez P.,Dzumhur D.,41,90.0,1295,654.0,0.0,6.0,6.0,2.0,7.0,6.0,,,,,2.0,1.0,Completed,1.36,3.2,1.41,3.12,1.42,3.21,1.38,3.01,,
9,Buenos Aires,Argentina Open,2025-02-12,ATP250,Outdoor,Clay,1st Round,3,Schwartzman D.,Jarry N.,386,40.0,124,1340.0,7.0,6.0,4.0,6.0,6.0,3.0,,,,,2.0,1.0,Completed,4.33,1.22,4.23,1.26,4.33,1.29,4.01,1.23,,
9,Buenos Aires,Argentina Open,2025-02-12,ATP250,Outdoor,Clay,1st Round,3,Moutet C.,Nagal S.,66,129.0,872,473.0,7.0,5.0,6.0,2.0,,,,,,,2.0,0.0,Completed,1.44,2.75,1.44,2.98,1.47,3.01,1.42,2.8,,
9,Buenos Aires,Argentina Open,2025-02-12,ATP250,Outdoor,Clay,2nd Round,3,Djere L.,Tabilo A.,112,27.0,525,1705.0,2.0,6.0,6.0,1.0,7.0,6.0,,,,,2.0,1.0,Completed,1.53,2.5,1.56,2.6,1.57,2.6,1.53,2.46,,
9,Buenos Aires,Argentina Open,2025-02-12,ATP250,Outdoor,Clay,2nd Round,3,Zverev A.,Lajovic D.,2,81.0,8135,717.0,6.0,4.0,6.0,4.0,,,,,,,2.0,0.0,Completed,1.11,6.5,1.11,8.14,1.12,8.27,1.09,7.14,,
9,Buenos Aires,Argentina Open,2025-02-12,ATP250,Outdoor,Clay,2nd Round,3,Seyboth Wild T.,Baez S.,77,31.0,732,1535.0,6.0,3.0,6.0,4.0,,,,,,,2.0,0.0,Completed,2.63,1.5,2.74,1.52,2.75,1.52,2.63,1.47,,
9,Buenos Aires,Argentina Open,2025-02-12,ATP250,Outdoor,Clay,2nd Round,3,Cerundolo F.,Cerundolo J.M.,28,139.0,1670,432.0,6.0,2.0,6.0,3.0,,,,,,,2.0,0.0,Completed,1.17,5.0,1.23,4.73,1.23,5.0,1.2,4.43,,
9,Buenos Aires,Argentina Open,2025-02-13,ATP250,Outdoor,Clay,2nd Round,3,Fonseca J.,Coria F.,99,115.0,600,501.0,2.0,6.0,6.0,4.0,6.0,2.0,,,,,2.0,1.0,Completed,1.13,6.0,1.18,5.78,1.18,6.05,1.15,5.37,,
9,Buenos Aires,Argentina Open,2025-02-13,ATP250,Outdoor,Clay,2nd Round,3,Martinez P.,Schwartzman D.,41,386.0,1295,124.0,6.0,2.0,6.0,2.0,,,,,,,2.0,0.0,Completed,1.36,3.2,1.41,3.17,1.41,3.22,1.37,3.01,,
9,Buenos Aires,Argentina Open,2025-02-13,ATP250,Outdoor,Clay,2nd Round,3,Navone M.,Rune H.,47,12.0,1158,3010.0,6.0,1.0,7.0,6.0,,,,,,,2.0,0.0,Completed,2.38,1.57,2.26,1.6,2.65,1.61,2.4,1.54,,
9,Buenos Aires,Argentina Open,2025-02-13,ATP250,Outdoor,Clay,2nd Round,3,Musetti L.,Moutet C.,16,66.0,2650,872.0,6.0,2.0,6.0,3.0,,,,,,,2.0,0.0,Completed,1.3,3.5,1.35,3.49,1.36,3.5,1.32,3.28,,
9,Buenos Aires,Argentina Open,2025-02-14,ATP250,Outdoor,Clay,Quarterfinals,3,Djere L.,Seyboth Wild T.,112,77.0,525,732.0,7.0,6.0,6.0,3.0,,,,,,,2.0,0.0,Completed,1.73,2.1,1.76,2.18,1.76,2.22,1.72,2.1,,
9,Buenos Aires,Argentina Open,2025-02-14,ATP250,Outdoor,Clay,Quarterfinals,3,Fonseca J.,Navone M.,99,47.0,600,1158.0,3.0,6.0,6.0,4.0,7.0,5.0,,,,,2.0,1.0,Completed,1.57,2.38,1.65,2.41,1.65,2.47,1.58,2.36,,
9,Buenos Aires,Argentina Open,2025-02-14,ATP250,Outdoor,Clay,Quarterfinals,3,Cerundolo F.,Zverev A.,28,2.0,1670,8135.0,3.0,6.0,6.0,3.0,6.0,2.0,,,,,2.0,1.0,Completed,3.5,1.3,3.17,1.41,3.5,1.41,3.11,1.35,,
9,Buenos Aires,Argentina Open,2025-02-15,ATP250,Outdoor,Clay,Quarterfinals,3,Martinez P.,Musetti L.,41,16.0,1295,2650.0,,,,,,,,,,,,,Walkover,3.4,1.33,3.72,1.32,3.72,1.35,3.43,1.3,,
9,Buenos Aires,Argentina Open,2025-02-15,ATP250,Outdoor,Clay,Semifinals,3,Fonseca J.,Djere L.,99,112.0,600,525.0,7.0,6.0,5.0,7.0,6.0,1.0,,,,,2.0,1.0,Completed,1.62,2.3,1.71,2.27,1.72,2.46,1.64,2.24,,
9,Buenos Aires,Argentina Open,2025-02-15,ATP250,Outdoor,Clay,Semifinals,3,Cerundolo F.,Martinez P.,28,41.0,1670,1295.0,6.0,2.0,6.0,4.0,,,,,,,2.0,0.0,Completed,1.3,3.5,1.32,3.76,1.34,3.76,1.3,3.46,,
9,Buenos Aires,Argentina Open,2025-02-16,ATP250,Outdoor,Clay,The Final,3,Fonseca J.,Cerundolo F.,99,28.0,600,1670.0,6.0,4.0,7.0,6.0,,,,,,,2.0,0.0,Completed,2.3,1.62,2.31,1.69,2.32,1.75,2.25,1.63,,
10,Delray Beach,Delray Beach Open,2025-02-10,ATP250,Outdoor,Hard,1st Round,3,Kecmanovic M.,Gojo B.,56,414.0,996,111.0,6.0,4.0,6.0,4.0,,,,,,,2.0,0.0,Completed,1.36,3.2,1.39,3.23,1.4,3.3,1.35,3.13,,
10,Delray Beach,Delray Beach Open,2025-02-10,ATP250,Outdoor,Hard,1st Round,3,Norrie C.,Svajda Z.,61,169.0,934,339.0,7.0,5.0,6.0,4.0,,,,,,,2.0,0.0,Completed,1.44,2.75,1.47,2.67,1.52,3.35,1.41,2.83,,
10,Delray Beach,Delray Beach Open,2025-02-10,ATP250,Outdoor,Hard,1st Round,3,Quinn E.,Boyer T.,150,113.0,382,524.0,6.0,2.0,6.0,7.0,7.0,6.0,,,,,2.0,1.0,Completed,2.0,1.8,2.0,1.88,2.06,1.88,1.97,1.81,,
10,Delray Beach,Delray Beach Open,2025-02-10,ATP250,Outdoor,Hard,1st Round,3,Mmoh M.,Shevchenko A.,328,88.0,156,668.0,7.0,5.0,7.0,6.0,,,,,,,2.0,0.0,Completed,1.91,1.91,1.92,1.97,1.92,2.08,1.85,1.93,,
10,Delray Beach,Delray Beach Open,2025-02-11,ATP250,Outdoor,Hard,1st Round,3,Nakashima B.,Trotter J.K.,43,182.0,1250,321.0,7.0,6.0,6.0,1.0,,,,,,,2.0,0.0,Completed,1.33,3.4,1.37,3.35,1.37,3.57,1.33,3.28,,
10,Delray Beach,Delray Beach Open,2025-02-11,ATP250,Outdoor,Hard,1st Round,3,Nishioka Y.,Vukic A.,63,67.0,922,868.0,6.0,3.0,6.0,4.0,,,,,,,2.0,0.0,Completed,1.67,2.2,1.77,2.15,1.79,2.2,1.73,2.07,,
10,Delray Beach,Delray Beach Open,2025-02-11,ATP250,Outdoor,Hard,1st Round,3,Davidovich Fokina A.,Daniel T.,60,119.0,940,494.0,6.0,2.0,7.0,6.0,,,,,,,2.0,0.0,Completed,1.3,3.5,1.34,3.48,1.34,3.53,1.3,3.41,,
10,Delray Beach,Delray Beach Open,2025-02-11,ATP250,Outdoor,Hard,1st Round,3,Bu Y.,Hijikata R.,69,72.0,830,784.0,6.0,2.0,6.0,0.0,,,,,,,2.0,0.0,Completed,1.67,2.2,1.71,2.25,1.71,2.26,1.66,2.19,,
10,Delray Beach,Delray Beach Open,2025-02-11,ATP250,Outdoor,Hard,1st Round,3,Rinderknech A.,Popko D.,65,208.0,899,289.0,6.0,2.0,6.0,4.0,,,,,,,2.0,0.0,Completed,1.13,6.0,,,1.15,7.0,1.12,6.01,,
10,Delray Beach,Delray Beach Open,2025-02-11,ATP250,Outdoor,Hard,1st Round,3,McDonald M.,Nishikori K.,123,71.0,488,793.0,7.0,6.0,4.0,6.0,7.0,5.0,,,,,2.0,1.0,Completed,2.63,1.5,2.67,1.53,2.67,1.58,2.51,1.51,,
10,Delray Beach,Delray Beach Open,2025-02-12,ATP250,Outdoor,Hard,1st Round,3,Opelka R.,Eubanks C.,121,104.0,491,567.0,6.0,3.0,7.0,6.0,,,,,,,2.0,0.0,Completed,1.44,2.75,1.51,2.74,1.51,2.75,1.46,2.63,,
10,Delray Beach,Delray Beach Open,2025-02-12,ATP250,Outdoor,Hard,1st Round,3,Tien L.,Walton A.,82,89.0,707,655.0,6.0,4.0,6.0,3.0,,,,,,,2.0,0.0,Completed,1.4,3.0,1.47,2.85,1.47,3.0,1.41,2.85,,
10,Delray Beach,Delray Beach Open,2025-02-12,ATP250,Outdoor,Hard,2nd Round,3,Kecmanovic M.,Nishioka Y.,56,63.0,996,922.0,,,,,,,,,,,,,Walkover,1.57,2.38,1.63,2.44,1.63,2.44,1.58,2.34,,
10,Delray Beach,Delray Beach Open,2025-02-12,ATP250,Outdoor,Hard,2nd Round,3,Norrie C.,Rinderknech A.,61,65.0,934,899.0,7.0,6.0,6.0,2.0,,,,,,,2.0,0.0,Completed,1.4,3.0,1.46,2.95,1.48,3.0,1.42,2.8,,
10,Delray Beach,Delray Beach Open,2025-02-12,ATP250,Outdoor,Hard,2nd Round,3,Giron M.,Quinn E.,49,150.0,1125,382.0,6.0,3.0,6.0,4.0,,,,,,,2.0,0.0,Completed,1.36,3.2,1.43,3.06,1.45,3.2,1.4,2.93,,
10,Delray Beach,Delray Beach Open,2025-02-13,ATP250,Outdoor,Hard,2nd Round,3,Michelsen A.,Mmoh M.,37,328.0,1370,156.0,6.0,7.0,3.0,0.0,,,,,,,0.0,1.0,Retired,1.22,4.33,1.27,4.18,1.27,4.45,1.23,4.06,,
10,Delray Beach,Delray Beach Open,2025-02-13,ATP250,Outdoor,Hard,2nd Round,3,Nakashima B.,Opelka R.,43,121.0,1250,491.0,3.0,6.0,7.0,5.0,6.0,2.0,,,,,2.0,1.0,Completed,2.0,1.8,2.07,1.85,2.07,1.86,1.98,1.8,,
10,Delray Beach,Delray Beach Open,2025-02-13,ATP250,Outdoor,Hard,2nd Round,3,Davidovich Fokina A.,McDonald M.,60,123.0,940,488.0,6.0,2.0,5.0,7.0,6.0,0.0,,,,,2.0,1.0,Completed,1.5,2.63,1.6,2.5,1.62,2.63,1.54,2.43,,
10,Delray Beach,Delray Beach Open,2025-02-13,ATP250,Outdoor,Hard,2nd Round,3,Arnaldi M.,Tien L.,38,82.0,1355,707.0,7.0,6.0,4.0,6.0,7.0,6.0,,,,,2.0,1.0,Completed,1.73,2.1,1.75,2.22,1.75,2.22,1.71,2.11,,
10,Delray Beach,Delray Beach Open,2025-02-14,ATP250,Outdoor,Hard,2nd Round,3,Fritz T.,Bu Y.,4,69.0,5100,830.0,7.0,6.0,6.0,2.0,,,,,,,2.0,0.0,Completed,1.08,8.0,1.12,7.87,1.12,8.0,1.1,6.86,,
10,Delray Beach,Delray Beach Open,2025-02-14,ATP250,Outdoor,Hard,Quarterfinals,3,Kecmanovic M.,Giron M.,56,49.0,996,1125.0,2.0,6.0,6.0,4.0,6.0,2.0,,,,,2.0,1.0,Completed,2.0,1.8,2.11,1.82,2.11,1.82,2.03,1.77,,
10,Delray Beach,Delray Beach Open,2025-02-14,ATP250,Outdoor,Hard,Quarterfinals,3,Michelsen A.,Norrie C.,37,61.0,1370,934.0,7.0,6.0,7.0,5.0,,,,,,,2.0,0.0,Completed,1.67,2.2,1.67,2.35,1.73,2.35,1.65,2.19,,
10,Delray Beach,Delray Beach Open,2025-02-14,ATP250,Outdoor,Hard,Quarterfinals,3,Arnaldi M.,Nakashima B.,38,43.0,1355,1250.0,7.0,6.0,6.0,4.0,,,,,,,2.0,0.0,Completed,2.3,1.62,2.29,1.7,2.3,1.7,2.24,1.64,,
10,Delray Beach,Delray Beach Open,2025-02-15,ATP250,Outdoor,Hard,Quarterfinals,3,Davidovich Fokina A.,Fritz T.,60,4.0,940,5100.0,7.0,6.0,7.0,6.0,,,,,,,2.0,0.0,Completed,4.5,1.2,5.53,1.19,5.53,1.21,4.81,1.18,,
10,Delray Beach,Delray Beach Open,2025-02-15,ATP250,Outdoor,Hard,Semifinals,3,Kecmanovic M.,Michelsen A.,56,37.0,996,1370.0,7.0,6.0,6.0,3.0,,,,,,,2.0,0.0,Completed,2.3,1.62,2.24,1.73,2.32,1.73,2.21,1.65,,
10,Delray Beach,Delray Beach Open,2025-02-16,ATP250,Outdoor,Hard,Semifinals,3,Davidovich Fokina A.,Arnaldi M.,60,38.0,940,1355.0,6.0,4.0,6.0,4.0,,,,,,,2.0,0.0,Completed,2.2,1.67,2.32,1.68,2.32,1.73,2.19,1.66,,
10,Delray Beach,Delray Beach Open,2025-02-16,ATP250,Outdoor,Hard,The Final,3,Kecmanovic M.,Davidovich Fokina A.,56,60.0,996,940.0,3.0,6.0,6.0,1.0,7.0,5.0,,,,,2.0,1.0,Completed,1.8,2.0,1.84,2.08,1.84,2.12,1.76,2.04,,
11,Marseille,Open 13,2025-02-10,ATP250,Indoor,Hard,1st Round,3,Medjedovic H.,Collignon R.,96,122.0,617,491.0,6.0,3.0,6.0,4.0,,,,,,,2.0,0.0,Completed,1.33,3.4,1.35,3.46,1.36,3.46,1.33,3.25,,
11,Marseille,Open 13,2025-02-10,ATP250,Indoor,Hard,1st Round,3,Virtanen O.,Korda S.,98,23.0,614,2000.0,6.0,7.0,7.0,6.0,6.0,4.0,,,,,2.0,1.0,Completed,3.2,1.36,3.29,1.38,3.3,1.38,3.14,1.34,,
11,Marseille,Open 13,2025-02-10,ATP250,Indoor,Hard,1st Round,3,Sonego L.,Van De Zandschulp B.,35,85.0,1376,672.0,6.0,1.0,3.0,6.0,6.0,3.0,,,,,2.0,1.0,Completed,1.8,2.0,1.85,2.05,1.85,2.05,1.81,1.98,,
11,Marseille,Open 13,2025-02-11,ATP250,Indoor,Hard,1st Round,3,Altmaier D.,Nardi L.,80,83.0,728,681.0,6.0,2.0,6.0,2.0,,,,,,,2.0,0.0,Completed,2.0,1.8,2.07,1.83,2.11,1.84,1.99,1.79,,
11,Marseille,Open 13,2025-02-11,ATP250,Indoor,Hard,1st Round,3,Bublik A.,Gasquet R.,48,128.0,1130,478.0,6.0,4.0,6.0,4.0,,,,,,,2.0,0.0,Completed,1.62,2.3,1.75,2.18,1.76,2.36,1.65,2.21,,
11,Marseille,Open 13,2025-02-11,ATP250,Indoor,Hard,1st Round,3,Van Assche L.,Bonzi B.,164,64.0,346,911.0,3.0,6.0,6.0,3.0,7.0,6.0,,,,,2.0,1.0,Completed,2.63,1.5,2.82,1.48,2.82,1.5,2.66,1.47,,
11,Marseille,Open 13,2025-02-11,ATP250,Indoor,Hard,1st Round,3,Struff J.L.,Guinard M.,46,280.0,1200,191.0,7.0,5.0,7.0,6.0,,,,,,,2.0,0.0,Completed,1.2,4.5,1.23,4.64,1.23,4.64,1.21,4.37,,
11,Marseille,Open 13,2025-02-11,ATP250,Indoor,Hard,1st Round,3,Borges N.,Wawrinka S.,39,158.0,1345,361.0,6.0,7.0,7.0,6.0,6.0,3.0,,,,,2.0,1.0,Completed,1.57,2.38,1.59,2.5,1.62,2.5,1.57,2.34,,
11,Marseille,Open 13,2025-02-11,ATP250,Indoor,Hard,1st Round,3,Bergs Z.,Chidekh C.,62,189.0,932,317.0,6.0,4.0,6.0,4.0,,,,,,,2.0,0.0,Completed,1.36,3.2,1.4,3.18,1.42,3.2,1.38,2.95,,
11,Marseille,Open 13,2025-02-11,ATP250,Indoor,Hard,1st Round,3,Zhang Zh.,Halys Q.,52,74.0,1050,756.0,6.0,3.0,6.0,7.0,7.0,6.0,,,,,2.0,1.0,Completed,1.73,2.1,1.76,2.17,1.82,2.17,1.74,2.05,,
11,Marseille,Open 13,2025-02-12,ATP250,Indoor,Hard,1st Round,3,Grenier H.,Gea A.,202,306.0,306,171.0,7.0,5.0,6.0,4.0,,,,,,,2.0,0.0,Completed,2.1,1.73,2.17,1.76,2.17,1.77,2.08,1.72,,
11,Marseille,Open 13,2025-02-12,ATP250,Indoor,Hard,1st Round,3,Herbert P.,Mayot H.,192,136.0,315,447.0,2.0,6.0,7.0,5.0,6.0,3.0,,,,,2.0,1.0,Completed,1.91,1.91,1.94,1.94,1.94,1.96,1.88,1.89,,
11,Marseille,Open 13,2025-02-12,ATP250,Indoor,Hard,2nd Round,3,Sonego L.,Van Assche L.,35,164.0,1376,346.0,,,,,,,,,,,,,Walkover,1.44,2.75,1.5,2.79,1.53,2.83,1.46,2.68,,
11,Marseille,Open 13,2025-02-12,ATP250,Indoor,Hard,2nd Round,3,Altmaier D.,Virtanen O.,80,98.0,728,614.0,6.0,4.0,6.0,3.0,,,,,,,2.0,0.0,Completed,2.1,1.73,2.2,1.76,2.2,1.82,2.11,1.71,,
11,Marseille,Open 13,2025-02-12,ATP250,Indoor,Hard,2nd Round,3,Medjedovic H.,Khachanov K.,96,21.0,617,2210.0,6.0,2.0,6.0,3.0,,,,,,,2.0,0.0,Completed,2.3,1.62,2.32,1.68,2.34,1.68,2.25,1.61,,
11,Marseille,Open 13,2025-02-12,ATP250,Indoor,Hard,2nd Round,3,Humbert U.,Bublik A.,17,48.0,2625,1130.0,7.0,6.0,6.0,4.0,,,,,,,2.0,0.0,Completed,1.29,3.75,1.32,3.75,1.32,3.75,1.28,3.54,,
11,Marseille,Open 13,2025-02-13,ATP250,Indoor,Hard,2nd Round,3,Bergs Z.,Borges N.,62,39.0,932,1345.0,6.0,2.0,6.0,7.0,6.0,2.0,,,,,2.0,1.0,Completed,1.73,2.1,1.77,2.18,1.77,2.18,1.7,2.11,,
11,Marseille,Open 13,2025-02-13,ATP250,Indoor,Hard,2nd Round,3,Zhang Zh.,Hurkacz H.,52,20.0,1050,2305.0,6.0,4.0,6.0,7.0,6.0,3.0,,,,,2.0,1.0,Completed,4.0,1.25,4.24,1.27,4.24,1.28,3.89,1.24,,
11,Marseille,Open 13,2025-02-13,ATP250,Indoor,Hard,2nd Round,3,Medvedev D.,Herbert P.,8,192.0,3830,315.0,6.0,2.0,6.0,4.0,,,,,,,2.0,0.0,Completed,1.14,5.5,1.16,6.2,1.17,6.31,1.14,5.57,,
11,Marseille,Open 13,2025-02-13,ATP250,Indoor,Hard,2nd Round,3,Struff J.L.,Grenier H.,46,202.0,1200,306.0,6.0,4.0,5.0,7.0,6.0,4.0,,,,,2.0,1.0,Completed,1.36,3.2,1.39,3.29,1.39,3.29,1.35,3.13,,
11,Marseille,Open 13,2025-02-14,ATP250,Indoor,Hard,Quarterfinals,3,Bergs Z.,Zhang Zh.,62,52.0,932,1050.0,7.0,5.0,,,,,,,,,1.0,0.0,Retired,1.67,2.2,1.67,2.36,1.74,2.36,1.67,2.17,,
11,Marseille,Open 13,2025-02-14,ATP250,Indoor,Hard,Quarterfinals,3,Humbert U.,Sonego L.,17,35.0,2625,1376.0,6.0,4.0,6.0,4.0,,,,,,,2.0,0.0,Completed,1.36,3.2,1.4,3.2,1.43,3.2,1.37,3.02,,
11,Marseille,Open 13,2025-02-14,ATP250,Indoor,Hard,Quarterfinals,3,Medvedev D.,Struff J.L.,8,46.0,3830,1200.0,6.0,3.0,6.0,2.0,,,,,,,2.0,0.0,Completed,1.19,4.33,1.25,4.45,1.25,4.45,1.22,4.15,,
11,Marseille,Open 13,2025-02-14,ATP250,Indoor,Hard,Quarterfinals,3,Medjedovic H.,Altmaier D.,96,80.0,617,728.0,7.0,5.0,6.0,7.0,6.0,4.0,,,,,2.0,1.0,Completed,1.44,2.75,1.45,3.0,1.49,3.0,1.43,2.78,,
11,Marseille,Open 13,2025-02-15,ATP250,Indoor,Hard,Semifinals,3,Humbert U.,Bergs Z.,17,62.0,2625,932.0,6.0,4.0,6.0,4.0,,,,,,,2.0,0.0,Completed,1.36,3.2,1.4,3.24,1.4,3.3,1.36,3.08,,
11,Marseille,Open 13,2025-02-15,ATP250,Indoor,Hard,Semifinals,3,Medjedovic H.,Medvedev D.,96,8.0,617,3830.0,6.0,3.0,6.0,2.0,,,,,,,2.0,0.0,Completed,3.75,1.29,3.86,1.31,3.91,1.32,3.55,1.28,,
11,Marseille,Open 13,2025-02-16,ATP250,Indoor,Hard,The Final,3,Humbert U.,Medjedovic H.,17,96.0,2625,617.0,7.0,6.0,6.0,4.0,,,,,,,2.0,0.0,Completed,1.4,3.0,1.41,3.18,1.45,3.18,1.39,2.95,,
12,Doha,Qatar Exxon Mobil Open,2025-02-17,ATP500,Outdoor,Hard,1st Round,3,O Connell C.,Habib H.,82,166.0,730,341.0,7.0,6.0,7.0,6.0,,,,,,,2.0,0.0,Completed,1.3,3.5,1.35,3.44,1.36,3.53,1.31,3.36,,
12,Doha,Qatar Exxon Mobil Open,2025-02-17,ATP500,Outdoor,Hard,1st Round,3,Lehecka J.,Dimitrov G.,25,15.0,1835,2745.0,6.0,4.0,6.0,4.0,,,,,,,2.0,0.0,Completed,1.73,2.1,1.71,2.24,1.77,2.29,1.71,2.12,,
12,Doha,Qatar Exxon Mobil Open,2025-02-17,ATP500,Outdoor,Hard,1st Round,3,Marozsan F.,Dougaz A.,57,216.0,1010,265.0,7.0,5.0,6.0,3.0,,,,,,,2.0,0.0,Completed,1.17,5.0,1.18,5.62,1.18,6.0,1.15,5.26,,
12,Doha,Qatar Exxon Mobil Open,2025-02-17,ATP500,Outdoor,Hard,1st Round,3,Alcaraz C.,Cilic M.,3,192.0,7410,313.0,6.0,4.0,6.0,4.0,,,,,,,2.0,0.0,Completed,1.03,17.0,1.04,16.61,1.05,17.37,1.03,12.75,,
12,Doha,Qatar Exxon Mobil Open,2025-02-17,ATP500,Outdoor,Hard,1st Round,3,Draper J.,Popyrin A.,16,27.0,2680,1800.0,6.0,2.0,7.0,6.0,,,,,,,2.0,0.0,Completed,1.4,3.0,1.44,2.97,1.44,3.0,1.41,2.85,,
12,Doha,Qatar Exxon Mobil Open,2025-02-18,ATP500,Outdoor,Hard,1st Round,3,De Minaur A.,Safiullin R.,8,71.0,3735,823.0,6.0,1.0,7.0,5.0,,,,,,,2.0,0.0,Completed,1.08,8.0,1.12,7.39,1.12,8.01,1.09,6.92,,
12,Doha,Qatar Exxon Mobil Open,2025-02-18,ATP500,Outdoor,Hard,1st Round,3,Van De Zandschulp B.,Shelbayh A.,87,267.0,672,201.0,7.0,5.0,6.0,3.0,,,,,,,2.0,0.0,Completed,1.2,4.5,1.21,4.9,1.21,4.93,1.19,4.51,,
12,Doha,Qatar Exxon Mobil Open,2025-02-18,ATP500,Outdoor,Hard,1st Round,3,Nardi L.,Zhang Zh.,85,49.0,674,1100.0,6.0,4.0,6.0,3.0,,,,,,,2.0,0.0,Completed,2.3,1.62,2.34,1.66,2.34,1.73,2.21,1.65,,
12,Doha,Qatar Exxon Mobil Open,2025-02-18,ATP500,Outdoor,Hard,1st Round,3,Borges N.,Virtanen O.,39,92.0,1345,639.0,7.0,6.0,6.0,3.0,,,,,,,2.0,0.0,Completed,1.4,3.0,1.46,2.9,1.46,3.1,1.41,2.87,,
12,Doha,Qatar Exxon Mobil Open,2025-02-18,ATP500,Outdoor,Hard,1st Round,3,Bergs Z.,Bautista Agut R.,58,54.0,1007,1052.0,6.0,4.0,7.0,6.0,,,,,,,2.0,0.0,Completed,1.73,2.1,1.74,2.2,1.74,2.26,1.69,2.13,,
12,Doha,Qatar Exxon Mobil Open,2025-02-18,ATP500,Outdoor,Hard,1st Round,3,Griekspoor T.,Struff J.L.,51,44.0,1080,1200.0,7.0,6.0,7.0,6.0,,,,,,,2.0,0.0,Completed,1.57,2.38,1.65,2.36,1.65,2.45,1.57,2.35,,
12,Doha,Qatar Exxon Mobil Open,2025-02-18,ATP500,Outdoor,Hard,1st Round,3,Rublev A.,Bublik A.,10,48.0,3220,1105.0,6.0,3.0,6.0,4.0,,,,,,,2.0,0.0,Completed,1.29,3.75,1.26,4.29,1.3,4.3,1.25,3.85,,
12,Doha,Qatar Exxon Mobil Open,2025-02-18,ATP500,Outdoor,Hard,1st Round,3,Medvedev D.,Khachanov K.,6,21.0,3930,2210.0,4.0,6.0,7.0,5.0,6.0,3.0,,,,,2.0,1.0,Completed,1.57,2.38,1.57,2.55,1.58,2.55,1.55,2.41,,
12,Doha,Qatar Exxon Mobil Open,2025-02-18,ATP500,Outdoor,Hard,1st Round,3,Auger-Aliassime F.,Halys Q.,23,79.0,1965,734.0,4.0,6.0,6.0,4.0,7.0,6.0,,,,,2.0,1.0,Completed,1.25,4.0,1.27,4.13,1.27,4.2,1.24,3.88,,
12,Doha,Qatar Exxon Mobil Open,2025-02-18,ATP500,Outdoor,Hard,1st Round,3,Berrettini M.,Djokovic N.,35,7.0,1430,3900.0,7.0,6.0,6.0,2.0,,,,,,,2.0,0.0,Completed,3.75,1.29,3.84,1.3,4.01,1.3,3.74,1.27,,
12,Doha,Qatar Exxon Mobil Open,2025-02-18,ATP500,Outdoor,Hard,1st Round,3,Medjedovic H.,Tsitsipas S.,73,11.0,782,3095.0,7.0,6.0,5.0,7.0,7.0,6.0,,,,,2.0,1.0,Completed,2.75,1.44,2.72,1.51,2.75,1.52,2.62,1.47,,
12,Doha,Qatar Exxon Mobil Open,2025-02-19,ATP500,Outdoor,Hard,2nd Round,3,De Minaur A.,Van De Zandschulp B.,8,87.0,3735,672.0,6.0,4.0,6.0,4.0,,,,,,,2.0,0.0,Completed,1.14,5.5,1.17,6.04,1.18,6.04,1.15,5.33,,
12,Doha,Qatar Exxon Mobil Open,2025-02-19,ATP500,Outdoor,Hard,2nd Round,3,Rublev A.,Borges N.,10,39.0,3220,1345.0,6.0,3.0,6.0,4.0,,,,,,,2.0,0.0,Completed,1.3,3.5,1.31,3.8,1.33,3.85,1.29,3.52,,
12,Doha,Qatar Exxon Mobil Open,2025-02-19,ATP500,Outdoor,Hard,2nd Round,3,Draper J.,O Connell C.,16,82.0,2680,730.0,6.0,2.0,6.0,1.0,,,,,,,2.0,0.0,Completed,1.2,4.5,1.24,4.61,1.24,4.61,1.21,4.33,,
12,Doha,Qatar Exxon Mobil Open,2025-02-19,ATP500,Outdoor,Hard,2nd Round,3,Medvedev D.,Bergs Z.,6,58.0,3930,1007.0,6.0,2.0,6.0,1.0,,,,,,,2.0,0.0,Completed,1.36,3.2,1.37,3.44,1.37,3.44,1.34,3.22,,
12,Doha,Qatar Exxon Mobil Open,2025-02-19,ATP500,Outdoor,Hard,2nd Round,3,Lehecka J.,Marozsan F.,25,57.0,1835,1010.0,6.0,4.0,6.0,2.0,,,,,,,2.0,0.0,Completed,1.3,3.5,1.37,3.39,1.37,3.6,1.32,3.33,,
12,Doha,Qatar Exxon Mobil Open,2025-02-19,ATP500,Outdoor,Hard,2nd Round,3,Auger-Aliassime F.,Medjedovic H.,23,73.0,1965,782.0,,,,,,,,,,,,,Walkover,1.2,4.5,1.25,4.45,1.25,4.5,1.22,4.22,,
12,Doha,Qatar Exxon Mobil Open,2025-02-19,ATP500,Outdoor,Hard,2nd Round,3,Alcaraz C.,Nardi L.,3,85.0,7410,674.0,6.0,1.0,4.0,6.0,6.0,3.0,,,,,2.0,1.0,Completed,1.03,15.0,1.03,20.74,1.04,20.74,1.02,14.0,,
12,Doha,Qatar Exxon Mobil Open,2025-02-19,ATP500,Outdoor,Hard,2nd Round,3,Berrettini M.,Griekspoor T.,35,51.0,1430,1080.0,7.0,6.0,6.0,7.0,6.0,4.0,,,,,2.0,1.0,Completed,1.4,3.0,1.47,2.9,1.47,3.17,1.38,2.97,,
12,Doha,Qatar Exxon Mobil Open,2025-02-20,ATP500,Outdoor,Hard,Quarterfinals,3,Rublev A.,De Minaur A.,10,8.0,3220,3735.0,6.0,1.0,3.0,6.0,7.0,6.0,,,,,2.0,1.0,Completed,2.2,1.67,2.38,1.65,2.38,1.71,2.21,1.65,,
12,Doha,Qatar Exxon Mobil Open,2025-02-20,ATP500,Outdoor,Hard,Quarterfinals,3,Auger-Aliassime F.,Medvedev D.,23,6.0,1965,3930.0,6.0,3.0,,,,,,,,,1.0,0.0,Retired,2.75,1.44,2.77,1.51,2.8,1.51,2.69,1.46,,
12,Doha,Qatar Exxon Mobil Open,2025-02-20,ATP500,Outdoor,Hard,Quarterfinals,3,Lehecka J.,Alcaraz C.,25,3.0,1835,7410.0,6.0,3.0,3.0,6.0,6.0,4.0,,,,,2.0,1.0,Completed,4.0,1.25,4.05,1.27,4.5,1.28,4.08,1.23,,
12,Doha,Qatar Exxon Mobil Open,2025-02-20,ATP500,Outdoor,Hard,Quarterfinals,3,Draper J.,Berrettini M.,16,35.0,2680,1430.0,4.0,6.0,6.0,4.0,6.0,3.0,,,,,2.0,1.0,Completed,1.67,2.2,1.69,2.3,1.71,2.3,1.66,2.21,,
12,Doha,Qatar Exxon Mobil Open,2025-02-21,ATP500,Outdoor,Hard,Semifinals,3,Rublev A.,Auger-Aliassime F.,10,23.0,3220,1965.0,7.0,5.0,4.0,6.0,7.0,6.0,,,,,2.0,1.0,Completed,1.67,2.2,1.69,2.31,1.74,2.31,1.67,2.18,,
12,Doha,Qatar Exxon Mobil Open,2025-02-21,ATP500,Outdoor,Hard,Semifinals,3,Draper J.,Lehecka J.,16,25.0,2680,1835.0,3.0,6.0,7.0,6.0,6.0,3.0,,,,,2.0,1.0,Completed,1.67,2.2,1.78,2.17,1.79,2.2,1.71,2.12,,
12,Doha,Qatar Exxon Mobil Open,2025-02-22,ATP500,Outdoor,Hard,The Final,3,Rublev A.,Draper J.,10,16.0,3220,2680.0,7.0,5.0,5.0,7.0,6.0,1.0,,,,,2.0,1.0,Completed,2.0,1.8,2.15,1.79,2.15,1.82,2.04,1.76,,
13,Rio de Janeiro,Rio Open,2025-02-17,ATP500,Outdoor,Clay,1st Round,3,Shevchenko A.,Meligeni Alves F.,103,149.0,568,382.0,6.0,4.0,6.0,2.0,,,,,,,2.0,0.0,Completed,2.2,1.67,2.12,1.79,2.22,1.79,2.09,1.72,,
13,Rio de Janeiro,Rio Open,2025-02-17,ATP500,Outdoor,Clay,1st Round,3,Jarry N.,Cerundolo J.M.,47,127.0,1175,464.0,4.0,6.0,6.0,3.0,6.0,4.0,,,,,2.0,1.0,Completed,1.4,3.0,1.51,2.72,1.51,3.0,1.42,2.8,,
13,Rio de Janeiro,Rio Open,2025-02-17,ATP500,Outdoor,Clay,1st Round,3,Comesana F.,Heide G.,86,162.0,673,359.0,7.0,6.0,6.0,7.0,6.0,3.0,,,,,2.0,1.0,Completed,1.62,2.3,1.75,2.19,1.75,2.3,1.67,2.17,,
13,Rio de Janeiro,Rio Open,2025-02-17,ATP500,Outdoor,Clay,1st Round,3,Monteiro T.,Diaz Acosta F.,99,119.0,590,498.0,3.0,6.0,6.0,3.0,7.0,6.0,,,,,2.0,1.0,Completed,1.8,2.0,2.06,1.84,2.06,2.12,1.88,1.91,,
13,Rio de Janeiro,Rio Open,2025-02-18,ATP500,Outdoor,Clay,1st Round,3,Munar J.,Seyboth Wild T.,55,75.0,1032,757.0,6.0,4.0,3.0,6.0,6.0,0.0,,,,,2.0,1.0,Completed,1.73,2.1,1.74,2.21,1.74,2.21,1.7,2.13,,
13,Rio de Janeiro,Rio Open,2025-02-18,ATP500,Outdoor,Clay,1st Round,3,Tseng C.H.,Tabilo A.,125,28.0,480,1690.0,6.0,2.0,7.0,5.0,,,,,,,2.0,0.0,Completed,4.0,1.25,3.7,1.32,4.01,1.33,3.57,1.29,,
13,Rio de Janeiro,Rio Open,2025-02-18,ATP500,Outdoor,Clay,1st Round,3,Baez S.,Burruchaga R.,31,137.0,1510,435.0,6.0,3.0,7.0,5.0,,,,,,,2.0,0.0,Completed,,,,,1.37,3.55,1.34,3.39,,
13,Rio de Janeiro,Rio Open,2025-02-18,ATP500,Outdoor,Clay,1st Round,3,Darderi L.,Dellien H.,61,108.0,945,553.0,7.0,6.0,2.0,2.0,,,,,,,1.0,0.0,Retired,1.91,1.91,1.98,1.91,2.04,1.95,1.9,1.88,,
13,Rio de Janeiro,Rio Open,2025-02-18,ATP500,Outdoor,Clay,1st Round,3,Dzumhur D.,Lajovic D.,97,83.0,619,692.0,6.0,3.0,6.0,4.0,,,,,,,2.0,0.0,Completed,2.75,1.44,2.91,1.46,2.95,1.5,2.77,1.44,,
13,Rio de Janeiro,Rio Open,2025-02-18,ATP500,Outdoor,Clay,1st Round,3,Etcheverry T.,Moutet C.,43,66.0,1215,897.0,6.0,3.0,7.0,6.0,,,,,,,2.0,0.0,Completed,1.36,3.2,1.42,3.09,1.42,3.3,1.37,3.03,,
13,Rio de Janeiro,Rio Open,2025-02-18,ATP500,Outdoor,Clay,1st Round,3,Navone M.,Carballes Baena R.,46,53.0,1195,1071.0,6.0,4.0,6.0,3.0,,,,,,,2.0,0.0,Completed,1.53,2.5,1.61,2.44,1.63,2.5,1.55,2.41,,
13,Rio de Janeiro,Rio Open,2025-02-18,ATP500,Outdoor,Clay,1st Round,3,Faria J.,Barrios M.,107,139.0,561,432.0,6.0,2.0,7.0,5.0,,,,,,,2.0,0.0,Completed,2.3,1.62,2.38,1.63,2.41,1.64,2.3,1.59,,
13,Rio de Janeiro,Rio Open,2025-02-18,ATP500,Outdoor,Clay,1st Round,3,Cerundolo F.,Gaston H.,26,93.0,1825,636.0,7.0,6.0,6.0,0.0,,,,,,,2.0,0.0,Completed,1.14,5.5,1.17,5.79,1.18,5.9,1.15,5.24,,
13,Rio de Janeiro,Rio Open,2025-02-18,ATP500,Outdoor,Clay,1st Round,3,Zverev A.,Bu Y.,2,69.0,8135,847.0,7.0,6.0,6.0,4.0,,,,,,,2.0,0.0,Completed,1.04,13.0,1.04,16.21,1.05,16.31,1.03,11.64,,
13,Rio de Janeiro,Rio Open,2025-02-18,ATP500,Outdoor,Clay,1st Round,3,Ugo Carabelli C.,Martinez P.,91,37.0,644,1385.0,4.0,6.0,6.0,3.0,6.0,3.0,,,,,2.0,1.0,Completed,2.75,1.44,2.45,1.61,2.75,1.65,2.35,1.58,,
13,Rio de Janeiro,Rio Open,2025-02-19,ATP500,Outdoor,Clay,1st Round,3,Muller A.,Fonseca J.,60,68.0,953,850.0,6.0,1.0,7.0,6.0,,,,,,,2.0,0.0,Completed,5.0,1.17,5.05,1.2,5.05,1.23,4.61,1.19,,
13,Rio de Janeiro,Rio Open,2025-02-19,ATP500,Outdoor,Clay,2nd Round,3,Comesana F.,Jarry N.,86,47.0,673,1175.0,7.0,6.0,6.0,7.0,7.0,6.0,,,,,2.0,1.0,Completed,2.5,1.53,2.49,1.61,2.61,1.61,2.43,1.54,,
13,Rio de Janeiro,Rio Open,2025-02-19,ATP500,Outdoor,Clay,2nd Round,3,Baez S.,Navone M.,31,46.0,1510,1195.0,6.0,4.0,1.0,6.0,6.0,3.0,,,,,2.0,1.0,Completed,2.1,1.73,2.16,1.79,2.16,1.8,2.07,1.74,,
13,Rio de Janeiro,Rio Open,2025-02-19,ATP500,Outdoor,Clay,2nd Round,3,Zverev A.,Shevchenko A.,2,103.0,8135,568.0,7.0,6.0,7.0,6.0,,,,,,,2.0,0.0,Completed,1.08,8.0,1.08,10.98,1.09,10.98,1.07,8.15,,
13,Rio de Janeiro,Rio Open,2025-02-20,ATP500,Outdoor,Clay,2nd Round,3,Tseng C.H.,Monteiro T.,125,99.0,480,590.0,6.0,7.0,6.0,3.0,7.0,6.0,,,,,2.0,1.0,Completed,2.75,1.44,2.79,1.5,2.95,1.5,2.71,1.45,,
13,Rio de Janeiro,Rio Open,2025-02-20,ATP500,Outdoor,Clay,2nd Round,3,Faria J.,Munar J.,107,55.0,561,1032.0,6.0,4.0,2.0,6.0,6.0,3.0,,,,,2.0,1.0,Completed,3.4,1.33,3.32,1.34,3.4,1.38,3.08,1.35,,
13,Rio de Janeiro,Rio Open,2025-02-20,ATP500,Outdoor,Clay,2nd Round,3,Ugo Carabelli C.,Dzumhur D.,91,97.0,644,619.0,6.0,4.0,6.0,4.0,,,,,,,2.0,0.0,Completed,1.62,2.3,1.64,2.41,1.64,2.45,1.61,2.31,,
13,Rio de Janeiro,Rio Open,2025-02-20,ATP500,Outdoor,Clay,2nd Round,3,Cerundolo F.,Darderi L.,26,61.0,1825,945.0,6.0,7.0,6.0,3.0,6.0,2.0,,,,,2.0,1.0,Completed,1.29,3.75,1.29,3.8,1.32,3.8,1.29,3.5,,
13,Rio de Janeiro,Rio Open,2025-02-21,ATP500,Outdoor,Clay,2nd Round,3,Muller A.,Etcheverry T.,60,43.0,953,1215.0,7.0,5.0,7.0,6.0,,,,,,,2.0,0.0,Completed,2.75,1.44,2.62,1.56,2.78,1.56,2.62,1.48,,
13,Rio de Janeiro,Rio Open,2025-02-21,ATP500,Outdoor,Clay,Quarterfinals,3,Baez S.,Tseng C.H.,31,125.0,1510,480.0,6.0,4.0,6.0,1.0,,,,,,,2.0,0.0,Completed,1.36,3.2,1.41,2.78,1.41,3.65,1.33,3.25,,
13,Rio de Janeiro,Rio Open,2025-02-21,ATP500,Outdoor,Clay,Quarterfinals,3,Ugo Carabelli C.,Faria J.,91,107.0,644,561.0,7.0,6.0,6.0,4.0,,,,,,,2.0,0.0,Completed,1.67,2.2,1.64,2.42,1.68,2.42,1.61,2.29,,
13,Rio de Janeiro,Rio Open,2025-02-21,ATP500,Outdoor,Clay,Quarterfinals,3,Comesana F.,Zverev A.,86,2.0,673,8135.0,4.0,6.0,6.0,3.0,6.0,4.0,,,,,2.0,1.0,Completed,6.0,1.13,6.86,1.14,7.16,1.15,5.91,1.13,,
13,Rio de Janeiro,Rio Open,2025-02-22,ATP500,Outdoor,Clay,Quarterfinals,3,Muller A.,Cerundolo F.,60,26.0,953,1825.0,7.0,5.0,6.0,1.0,,,,,,,2.0,0.0,Completed,2.63,1.5,2.73,1.52,3.1,1.52,2.67,1.47,,
13,Rio de Janeiro,Rio Open,2025-02-22,ATP500,Outdoor,Clay,Semifinals,3,Baez S.,Ugo Carabelli C.,31,91.0,1510,644.0,3.0,6.0,6.0,1.0,6.0,1.0,,,,,2.0,1.0,Completed,1.36,3.2,1.41,3.18,1.42,3.22,1.37,3.08,,
13,Rio de Janeiro,Rio Open,2025-02-22,ATP500,Outdoor,Clay,Semifinals,3,Muller A.,Comesana F.,60,86.0,953,673.0,7.0,5.0,6.0,7.0,6.0,3.0,,,,,2.0,1.0,Completed,1.53,2.5,1.63,2.45,1.63,2.63,1.53,2.48,,
13,Rio de Janeiro,Rio Open,2025-02-23,ATP500,Outdoor,Clay,The Final,3,Baez S.,Muller A.,31,60.0,1510,953.0,6.0,2.0,6.0,3.0,,,,,,,2.0,0.0,Completed,1.73,2.1,1.77,2.13,1.82,2.23,1.72,2.11,,
14,Acapulco,Abierto Mexicano,2025-02-25,ATP500,Outdoor,Hard,1st Round,3,Ruud C.,Rinderknech A.,5,61.0,4325,911.0,6.0,4.0,6.0,3.0,,,,,,,2.0,0.0,Completed,1.2,4.5,1.22,4.75,1.22,4.75,1.2,4.4,,
14,Acapulco,Abierto Mexicano,2025-02-25,ATP500,Outdoor,Hard,1st Round,3,Machac T.,Mensik J.,25,54.0,1855,1042.0,6.0,4.0,2.0,6.0,6.0,3.0,,,,,2.0,1.0,Completed,1.67,2.2,1.72,2.23,1.73,2.24,1.68,2.16,,
14,Acapulco,Abierto Mexicano,2025-02-25,ATP500,Outdoor,Hard,1st Round,3,Altmaier D.,Kecmanovic M.,76,44.0,768,1236.0,4.0,6.0,6.0,4.0,6.0,3.0,,,,,2.0,1.0,Completed,2.75,1.44,2.55,1.48,3.5,1.5,2.84,1.41,,
14,Acapulco,Abierto Mexicano,2025-02-25,ATP500,Outdoor,Hard,1st Round,3,Shelton B.,Cobolli F.,14,39.0,2930,1345.0,7.0,6.0,7.0,6.0,,,,,,,2.0,0.0,Completed,1.29,3.75,1.31,3.74,1.31,3.85,1.28,3.61,,
14,Acapulco,Abierto Mexicano,2025-02-25,ATP500,Outdoor,Hard,1st Round,3,Giron M.,Walton A.,52,97.0,1060,616.0,7.0,6.0,6.0,2.0,,,,,,,2.0,0.0,Completed,1.44,2.75,1.5,2.75,1.53,2.78,1.48,2.64,,
14,Acapulco,Abierto Mexicano,2025-02-25,ATP500,Outdoor,Hard,1st Round,3,Goffin D.,Hijikata R.,63,82.0,906,735.0,6.0,2.0,6.0,3.0,,,,,,,2.0,0.0,Completed,1.67,2.2,1.72,2.23,1.73,2.25,1.67,2.18,,
14,Acapulco,Abierto Mexicano,2025-02-25,ATP500,Outdoor,Hard,1st Round,3,Tien L.,Norrie C.,83,74.0,732,784.0,7.0,6.0,6.0,3.0,,,,,,,2.0,0.0,Completed,2.0,1.8,2.1,1.81,2.1,1.87,2.01,1.79,,
14,Acapulco,Abierto Mexicano,2025-02-25,ATP500,Outdoor,Hard,1st Round,3,Paul T.,Diallo G.,10,89.0,3280,665.0,6.0,2.0,6.0,2.0,,,,,,,2.0,0.0,Completed,1.3,3.5,1.35,3.45,1.36,3.5,1.33,3.3,,
14,Acapulco,Abierto Mexicano,2025-02-26,ATP500,Outdoor,Hard,1st Round,3,Pacheco Mendez R.,Vukic A.,356,66.0,142,868.0,7.0,5.0,4.0,6.0,7.0,6.0,,,,,2.0,1.0,Completed,4.33,1.22,4.28,1.26,4.34,1.26,4.07,1.23,,
14,Acapulco,Abierto Mexicano,2025-02-26,ATP500,Outdoor,Hard,1st Round,3,Davidovich Fokina A.,Bellucci M.,48,70.0,1095,833.0,1.0,6.0,7.0,6.0,6.0,2.0,,,,,2.0,1.0,Completed,1.53,2.5,1.61,2.45,1.61,2.51,1.54,2.43,,
14,Acapulco,Abierto Mexicano,2025-02-26,ATP500,Outdoor,Hard,1st Round,3,Rune H.,Carballes Baena R.,13,50.0,2970,1071.0,7.0,6.0,6.0,3.0,,,,,,,2.0,0.0,Completed,1.33,3.4,1.38,3.3,1.38,3.53,1.33,3.3,,
14,Acapulco,Abierto Mexicano,2025-02-26,ATP500,Outdoor,Hard,1st Round,3,Zverev A.,Arnaldi M.,2,33.0,8135,1430.0,6.0,7.0,6.0,3.0,6.0,4.0,,,,,2.0,1.0,Completed,1.29,3.75,1.32,3.7,1.32,3.75,1.29,3.56,,
14,Acapulco,Abierto Mexicano,2025-02-26,ATP500,Outdoor,Hard,1st Round,3,Nakashima B.,Bonzi B.,42,62.0,1265,910.0,7.0,6.0,7.0,5.0,,,,,,,2.0,0.0,Completed,1.44,2.75,1.48,2.84,1.48,2.84,1.45,2.72,,
14,Acapulco,Abierto Mexicano,2025-02-26,ATP500,Outdoor,Hard,1st Round,3,Shapovalov D.,Basavareddy N.,32,106.0,1496,562.0,7.0,5.0,6.0,2.0,,,,,,,2.0,0.0,Completed,1.73,2.1,1.74,2.21,1.74,2.25,1.69,2.16,,
14,Acapulco,Abierto Mexicano,2025-02-26,ATP500,Outdoor,Hard,1st Round,3,Michelsen A.,Bu Y.,34,68.0,1420,847.0,2.0,6.0,7.0,6.0,7.0,6.0,,,,,2.0,1.0,Completed,1.4,3.0,1.45,2.95,1.45,3.07,1.4,2.92,,
14,Acapulco,Abierto Mexicano,2025-02-26,ATP500,Outdoor,Hard,1st Round,3,Tiafoe F.,Muller A.,18,41.0,2485,1270.0,6.0,4.0,6.0,2.0,,,,,,,2.0,0.0,Completed,1.3,3.5,1.34,3.56,1.35,3.56,1.3,3.46,,
14,Acapulco,Abierto Mexicano,2025-02-27,ATP500,Outdoor,Hard,2nd Round,3,Giron M.,Paul T.,52,10.0,1060,3280.0,,,,,,,,,,,,,Walkover,3.2,1.36,3.31,1.38,3.31,1.38,3.15,1.35,,
14,Acapulco,Abierto Mexicano,2025-02-27,ATP500,Outdoor,Hard,2nd Round,3,Machac T.,Altmaier D.,25,76.0,1855,768.0,7.0,6.0,6.0,1.0,,,,,,,2.0,0.0,Completed,1.29,3.75,1.3,3.95,1.3,4.0,1.27,3.7,,
14,Acapulco,Abierto Mexicano,2025-02-27,ATP500,Outdoor,Hard,2nd Round,3,Goffin D.,Shelton B.,63,14.0,906,2930.0,7.0,6.0,6.0,3.0,,,,,,,2.0,0.0,Completed,3.5,1.3,3.52,1.35,3.6,1.35,3.39,1.31,,
14,Acapulco,Abierto Mexicano,2025-02-27,ATP500,Outdoor,Hard,2nd Round,3,Shapovalov D.,Michelsen A.,32,34.0,1496,1420.0,6.0,4.0,6.0,3.0,,,,,,,2.0,0.0,Completed,1.53,2.5,1.62,2.46,1.67,2.6,1.55,2.44,,
14,Acapulco,Abierto Mexicano,2025-02-27,ATP500,Outdoor,Hard,2nd Round,3,Nakashima B.,Rune H.,42,13.0,1265,2970.0,3.0,0.0,,,,,,,,,0.0,0.0,Retired,2.2,1.67,2.25,1.72,2.3,1.72,2.2,1.66,,
14,Acapulco,Abierto Mexicano,2025-02-27,ATP500,Outdoor,Hard,2nd Round,3,Tien L.,Zverev A.,83,2.0,732,8135.0,6.0,3.0,6.0,4.0,,,,,,,2.0,0.0,Completed,4.33,1.22,4.06,1.29,4.5,1.29,4.02,1.24,,
14,Acapulco,Abierto Mexicano,2025-02-27,ATP500,Outdoor,Hard,2nd Round,3,Pacheco Mendez R.,Ruud C.,356,5.0,142,4325.0,,,,,,,,,,,,,Walkover,13.0,1.04,14.67,1.05,14.67,1.05,11.45,1.04,,
14,Acapulco,Abierto Mexicano,2025-02-27,ATP500,Outdoor,Hard,2nd Round,3,Davidovich Fokina A.,Tiafoe F.,48,18.0,1095,2485.0,6.0,3.0,6.0,7.0,6.0,3.0,,,,,2.0,1.0,Completed,1.91,1.91,1.86,2.05,2.0,2.05,1.89,1.89,,
14,Acapulco,Abierto Mexicano,2025-02-28,ATP500,Outdoor,Hard,Quarterfinals,3,Machac T.,Tien L.,25,83.0,1855,732.0,6.0,3.0,7.0,5.0,,,,,,,2.0,0.0,Completed,1.53,2.5,1.56,2.59,1.59,2.59,1.54,2.47,,
14,Acapulco,Abierto Mexicano,2025-02-28,ATP500,Outdoor,Hard,Quarterfinals,3,Nakashima B.,Goffin D.,42,63.0,1265,906.0,7.0,6.0,6.0,2.0,,,,,,,2.0,0.0,Completed,1.53,2.5,1.61,2.48,1.61,2.51,1.55,2.43,,
14,Acapulco,Abierto Mexicano,2025-02-28,ATP500,Outdoor,Hard,Quarterfinals,3,Shapovalov D.,Giron M.,32,52.0,1496,1060.0,4.0,6.0,6.0,3.0,6.0,2.0,,,,,2.0,1.0,Completed,1.44,2.75,1.53,2.71,1.53,2.78,1.47,2.65,,
14,Acapulco,Abierto Mexicano,2025-02-28,ATP500,Outdoor,Hard,Quarterfinals,3,Davidovich Fokina A.,Pacheco Mendez R.,48,356.0,1095,142.0,6.0,2.0,6.0,2.0,,,,,,,2.0,0.0,Completed,1.08,8.0,1.12,7.54,1.13,8.26,1.09,7.23,,
14,Acapulco,Abierto Mexicano,2025-03-01,ATP500,Outdoor,Hard,Semifinals,3,Machac T.,Nakashima B.,25,42.0,1855,1265.0,6.0,4.0,1.0,6.0,6.0,4.0,,,,,2.0,1.0,Completed,1.53,2.5,1.55,2.63,1.58,2.63,1.54,2.47,,
14,Acapulco,Abierto Mexicano,2025-03-01,ATP500,Outdoor,Hard,Semifinals,3,Davidovich Fokina A.,Shapovalov D.,48,32.0,1095,1496.0,7.0,6.0,7.0,6.0,,,,,,,2.0,0.0,Completed,2.5,1.53,2.45,1.62,2.5,1.63,2.42,1.56,,
14,Acapulco,Abierto Mexicano,2025-03-02,ATP500,Outdoor,Hard,The Final,3,Machac T.,Davidovich Fokina A.,25,48.0,1855,1095.0,7.0,6.0,6.0,2.0,,,,,,,2.0,0.0,Completed,1.67,2.2,1.75,2.21,1.8,2.3,1.68,2.18,,
15,Dubai ,Dubai Tennis Championships,2025-02-24,ATP500,Outdoor,Hard,1st Round,3,Bautista Agut R.,Marozsan F.,53,55.0,1052,1035.0,3.0,6.0,6.0,3.0,7.0,6.0,,,,,2.0,1.0,Completed,2.63,1.5,2.41,1.63,2.63,1.63,2.53,1.51,,
15,Dubai ,Dubai Tennis Championships,2025-02-24,ATP500,Outdoor,Hard,1st Round,3,Popyrin A.,Habib H.,27,168.0,1700,339.0,6.0,2.0,6.0,4.0,,,,,,,2.0,0.0,Completed,1.4,3.0,1.43,2.78,1.43,3.1,1.4,2.87,,
15,Dubai ,Dubai Tennis Championships,2025-02-24,ATP500,Outdoor,Hard,1st Round,3,Khachanov K.,Evans D.,24,178.0,1960,321.0,6.0,1.0,6.0,3.0,,,,,,,2.0,0.0,Completed,1.2,4.5,1.22,4.84,1.24,5.0,1.2,4.43,,
15,Dubai ,Dubai Tennis Championships,2025-02-24,ATP500,Outdoor,Hard,1st Round,3,Bergs Z.,Dougaz A.,56,212.0,1035,265.0,6.0,3.0,6.0,3.0,,,,,,,2.0,0.0,Completed,1.13,6.0,1.17,5.76,1.17,7.41,1.14,5.65,,
15,Dubai ,Dubai Tennis Championships,2025-02-24,ATP500,Outdoor,Hard,1st Round,3,Tsitsipas S.,Sonego L.,11,35.0,3005,1401.0,7.0,6.0,6.0,3.0,,,,,,,2.0,0.0,Completed,1.53,2.5,1.55,2.61,1.64,2.66,1.54,2.45,,
15,Dubai ,Dubai Tennis Championships,2025-02-24,ATP500,Outdoor,Hard,1st Round,3,Mpetshi G.,Zhang Zh.,29,49.0,1580,1075.0,6.0,3.0,7.0,6.0,,,,,,,2.0,0.0,Completed,1.73,2.1,1.8,2.11,1.8,2.15,1.74,2.07,,
15,Dubai ,Dubai Tennis Championships,2025-02-25,ATP500,Outdoor,Hard,1st Round,3,Borges N.,Fils A.,38,19.0,1345,2355.0,6.0,2.0,6.0,1.0,,,,,,,2.0,0.0,Completed,2.3,1.62,2.32,1.68,2.46,1.68,2.3,1.6,,
15,Dubai ,Dubai Tennis Championships,2025-02-25,ATP500,Outdoor,Hard,1st Round,3,Nardi L.,Fucsovics M.,79,88.0,749,666.0,1.0,6.0,6.0,2.0,6.0,3.0,,,,,2.0,1.0,Completed,2.63,1.5,2.65,1.47,2.65,1.57,2.52,1.5,,
15,Dubai ,Dubai Tennis Championships,2025-02-25,ATP500,Outdoor,Hard,1st Round,3,Cilic M.,De Minaur A.,187,8.0,313,3785.0,6.0,2.0,3.0,6.0,6.0,3.0,,,,,2.0,1.0,Completed,7.0,1.1,7.1,1.13,7.75,1.13,6.69,1.1,,
15,Dubai ,Dubai Tennis Championships,2025-02-25,ATP500,Outdoor,Hard,1st Round,3,Auger-Aliassime F.,Bublik A.,21,51.0,2155,1065.0,7.0,6.0,6.0,7.0,6.0,3.0,,,,,2.0,1.0,Completed,1.29,3.75,1.29,3.94,1.34,3.98,1.28,3.59,,
15,Dubai ,Dubai Tennis Championships,2025-02-25,ATP500,Outdoor,Hard,1st Round,3,Griekspoor T.,Safiullin R.,47,72.0,1120,823.0,5.0,7.0,7.0,6.0,7.0,6.0,,,,,2.0,1.0,Completed,1.73,2.1,1.79,2.12,1.79,2.3,1.71,2.11,,
15,Dubai ,Dubai Tennis Championships,2025-02-25,ATP500,Outdoor,Hard,1st Round,3,Halys Q.,Rublev A.,77,9.0,751,3670.0,3.0,6.0,6.0,4.0,7.0,6.0,,,,,2.0,1.0,Completed,3.75,1.29,3.87,1.3,3.87,1.3,3.62,1.27,,
15,Dubai ,Dubai Tennis Championships,2025-02-25,ATP500,Outdoor,Hard,1st Round,3,Humbert U.,Lehecka J.,15,22.0,2825,2035.0,6.0,3.0,6.0,0.0,,,,,,,2.0,0.0,Completed,1.8,2.0,1.81,2.09,1.9,2.12,1.83,1.95,,
15,Dubai ,Dubai Tennis Championships,2025-02-25,ATP500,Outdoor,Hard,1st Round,3,Medvedev D.,Struff J.L.,6,46.0,4030,1200.0,6.0,4.0,7.0,6.0,,,,,,,2.0,0.0,Completed,1.17,5.0,1.2,5.04,1.2,5.2,1.17,4.83,,
15,Dubai ,Dubai Tennis Championships,2025-02-25,ATP500,Outdoor,Hard,1st Round,3,O Connell C.,Dimitrov G.,75,16.0,780,2745.0,6.0,0.0,,,,,,,,,1.0,0.0,Retired,3.2,1.36,2.74,1.42,3.57,1.45,2.94,1.39,,
15,Dubai ,Dubai Tennis Championships,2025-02-25,ATP500,Outdoor,Hard,1st Round,3,Berrettini M.,Monfils G.,30,40.0,1530,1280.0,7.0,5.0,6.0,4.0,,,,,,,2.0,0.0,Completed,1.5,2.63,1.53,2.66,1.53,2.71,1.49,2.57,,
15,Dubai ,Dubai Tennis Championships,2025-02-26,ATP500,Outdoor,Hard,2nd Round,3,Auger-Aliassime F.,Borges N.,21,38.0,2155,1345.0,4.0,6.0,6.0,3.0,7.0,5.0,,,,,2.0,1.0,Completed,1.5,2.63,1.51,2.76,1.53,2.79,1.48,2.62,,
15,Dubai ,Dubai Tennis Championships,2025-02-26,ATP500,Outdoor,Hard,2nd Round,3,Cilic M.,Popyrin A.,187,27.0,313,1700.0,5.0,7.0,6.0,3.0,6.0,4.0,,,,,2.0,1.0,Completed,2.2,1.67,2.25,1.72,2.25,1.74,2.16,1.68,,
15,Dubai ,Dubai Tennis Championships,2025-02-26,ATP500,Outdoor,Hard,2nd Round,3,Nardi L.,Bergs Z.,79,56.0,749,1035.0,6.0,4.0,7.0,6.0,,,,,,,2.0,0.0,Completed,2.63,1.5,2.64,1.55,2.7,1.55,2.59,1.49,,
15,Dubai ,Dubai Tennis Championships,2025-02-26,ATP500,Outdoor,Hard,2nd Round,3,Griekspoor T.,Humbert U.,47,15.0,1120,2825.0,4.0,6.0,6.0,3.0,6.0,2.0,,,,,2.0,1.0,Completed,3.75,1.29,3.88,1.3,3.96,1.3,3.58,1.28,,
15,Dubai ,Dubai Tennis Championships,2025-02-26,ATP500,Outdoor,Hard,2nd Round,3,Halys Q.,Bautista Agut R.,77,53.0,751,1052.0,7.0,6.0,6.0,4.0,,,,,,,2.0,0.0,Completed,1.8,2.0,1.88,2.04,1.88,2.04,1.8,1.98,,
15,Dubai ,Dubai Tennis Championships,2025-02-26,ATP500,Outdoor,Hard,2nd Round,3,Medvedev D.,Mpetshi G.,6,29.0,4030,1580.0,6.0,4.0,6.0,4.0,,,,,,,2.0,0.0,Completed,1.4,3.0,1.43,3.06,1.44,3.06,1.4,2.89,,
15,Dubai ,Dubai Tennis Championships,2025-02-26,ATP500,Outdoor,Hard,2nd Round,3,Berrettini M.,O Connell C.,30,75.0,1530,780.0,7.0,6.0,6.0,2.0,,,,,,,2.0,0.0,Completed,1.29,3.75,1.3,3.91,1.3,3.91,1.28,3.69,,
15,Dubai ,Dubai Tennis Championships,2025-02-26,ATP500,Outdoor,Hard,2nd Round,3,Tsitsipas S.,Khachanov K.,11,24.0,3005,1960.0,7.0,6.0,2.0,6.0,6.0,4.0,,,,,2.0,1.0,Completed,1.73,2.1,1.85,2.06,1.85,2.12,1.76,2.04,,
15,Dubai ,Dubai Tennis Championships,2025-02-27,ATP500,Outdoor,Hard,Quarterfinals,3,Auger-Aliassime F.,Cilic M.,21,187.0,2155,313.0,6.0,4.0,3.0,6.0,6.0,2.0,,,,,2.0,1.0,Completed,1.4,3.0,1.45,2.97,1.45,3.05,1.41,2.89,,
15,Dubai ,Dubai Tennis Championships,2025-02-27,ATP500,Outdoor,Hard,Quarterfinals,3,Halys Q.,Nardi L.,77,79.0,751,749.0,2.0,6.0,6.0,3.0,7.0,6.0,,,,,2.0,1.0,Completed,1.8,2.0,1.87,2.05,1.87,2.12,1.79,2.0,,
15,Dubai ,Dubai Tennis Championships,2025-02-27,ATP500,Outdoor,Hard,Quarterfinals,3,Griekspoor T.,Medvedev D.,47,6.0,1120,4030.0,2.0,6.0,7.0,6.0,7.0,5.0,,,,,2.0,1.0,Completed,3.75,1.29,3.9,1.3,3.92,1.3,3.7,1.27,,
15,Dubai ,Dubai Tennis Championships,2025-02-27,ATP500,Outdoor,Hard,Quarterfinals,3,Tsitsipas S.,Berrettini M.,11,30.0,3005,1530.0,7.0,6.0,1.0,6.0,6.0,4.0,,,,,2.0,1.0,Completed,2.38,1.57,2.52,1.59,2.52,1.66,2.37,1.58,,
15,Dubai ,Dubai Tennis Championships,2025-02-28,ATP500,Outdoor,Hard,Semifinals,3,Auger-Aliassime F.,Halys Q.,21,77.0,2155,751.0,5.0,7.0,6.0,4.0,6.0,3.0,,,,,2.0,1.0,Completed,1.29,3.75,1.28,4.09,1.3,4.09,1.27,3.76,,
15,Dubai ,Dubai Tennis Championships,2025-02-28,ATP500,Outdoor,Hard,Semifinals,3,Tsitsipas S.,Griekspoor T.,11,47.0,3005,1120.0,6.0,4.0,6.0,4.0,,,,,,,2.0,0.0,Completed,1.57,2.38,1.67,2.35,1.67,2.54,1.59,2.35,,
15,Dubai ,Dubai Tennis Championships,2025-03-01,ATP500,Outdoor,Hard,The Final,3,Tsitsipas S.,Auger-Aliassime F.,11,21.0,3005,2155.0,6.0,3.0,6.0,3.0,,,,,,,2.0,0.0,Completed,1.73,2.1,1.72,2.25,1.86,2.27,1.7,2.14,,
16,Santiago,Chile Open,2025-02-24,ATP250,Indoor,Clay,1st Round,3,Hanfmann Y.,Diaz Acosta F.,109,130.0,534,448.0,7.0,5.0,6.0,3.0,,,,,,,2.0,0.0,Completed,2.38,1.57,2.33,1.67,2.4,1.74,2.29,1.61,,
16,Santiago,Chile Open,2025-02-24,ATP250,Indoor,Clay,1st Round,3,Djere L.,Buse I.,103,227.0,571,245.0,6.0,3.0,6.0,4.0,,,,,,,2.0,0.0,Completed,1.2,4.5,1.19,5.22,1.22,5.3,1.19,4.59,,
16,Santiago,Chile Open,2025-02-24,ATP250,Indoor,Clay,1st Round,3,Heide G.,Seyboth Wild T.,160,86.0,359,682.0,7.0,5.0,6.0,2.0,,,,,,,2.0,0.0,Completed,2.5,1.53,2.39,1.64,2.5,1.64,2.42,1.55,,
16,Santiago,Chile Open,2025-02-24,ATP250,Indoor,Clay,1st Round,3,Garin C.,Ficovich J.P.,147,175.0,402,330.0,2.0,6.0,6.0,4.0,6.0,4.0,,,,,2.0,1.0,Completed,1.5,2.63,1.56,2.59,1.56,2.63,1.51,2.52,,
16,Santiago,Chile Open,2025-02-25,ATP250,Indoor,Clay,1st Round,3,Etcheverry T.,Gaston H.,43,92.0,1240,636.0,6.0,2.0,6.0,3.0,,,,,,,2.0,0.0,Completed,1.22,4.33,1.26,4.22,1.26,4.55,1.23,4.08,,
16,Santiago,Chile Open,2025-02-25,ATP250,Indoor,Clay,1st Round,3,Dzumhur D.,Moutet C.,90,65.0,662,872.0,6.0,2.0,3.0,6.0,6.0,2.0,,,,,2.0,1.0,Completed,2.75,1.44,2.69,1.52,2.78,1.52,2.7,1.46,,
16,Santiago,Chile Open,2025-02-25,ATP250,Indoor,Clay,1st Round,3,Monteiro T.,Cerundolo J.M.,108,123.0,540,476.0,6.0,3.0,3.0,6.0,7.0,6.0,,,,,2.0,1.0,Completed,1.8,2.0,1.9,1.99,1.91,2.0,1.84,1.95,,
16,Santiago,Chile Open,2025-02-25,ATP250,Indoor,Clay,1st Round,3,Ugo Carabelli C.,Jarry N.,69,45.0,847,1225.0,5.0,7.0,6.0,3.0,7.0,6.0,,,,,2.0,1.0,Completed,2.75,1.44,2.92,1.46,2.92,1.46,2.73,1.44,,
16,Santiago,Chile Open,2025-02-25,ATP250,Indoor,Clay,1st Round,3,Faria J.,Darderi L.,87,59.0,674,985.0,6.0,3.0,6.0,4.0,,,,,,,2.0,0.0,Completed,2.38,1.57,2.55,1.57,2.55,1.58,2.43,1.54,,
16,Santiago,Chile Open,2025-02-25,ATP250,Indoor,Clay,1st Round,3,Navone M.,Shevchenko A.,64,95.0,890,618.0,6.0,2.0,6.0,2.0,,,,,,,2.0,0.0,Completed,1.3,3.5,1.36,3.42,1.36,3.5,1.32,3.3,,
16,Santiago,Chile Open,2025-02-26,ATP250,Indoor,Clay,1st Round,3,Coria F.,Barrios M.,136,145.0,433,407.0,6.0,1.0,6.0,0.0,,,,,,,2.0,0.0,Completed,2.2,1.67,2.18,1.75,2.2,1.75,2.14,1.67,,
16,Santiago,Chile Open,2025-02-26,ATP250,Indoor,Clay,1st Round,3,Comesana F.,Meligeni Alves F.,67,194.0,848,307.0,7.0,6.0,7.0,6.0,,,,,,,2.0,0.0,Completed,1.73,2.1,1.77,2.16,1.8,2.16,1.73,2.07,,
16,Santiago,Chile Open,2025-02-26,ATP250,Indoor,Clay,2nd Round,3,Djere L.,Martinez P.,103,36.0,571,1385.0,6.0,1.0,6.0,4.0,,,,,,,2.0,0.0,Completed,1.44,2.75,1.54,2.66,1.54,2.78,1.47,2.66,,
16,Santiago,Chile Open,2025-02-26,ATP250,Indoor,Clay,2nd Round,3,Faria J.,Heide G.,87,160.0,674,359.0,6.0,7.0,7.0,6.0,6.0,4.0,,,,,2.0,1.0,Completed,2.0,1.8,2.0,1.9,2.04,1.9,1.96,1.83,,
16,Santiago,Chile Open,2025-02-26,ATP250,Indoor,Clay,2nd Round,3,Cerundolo F.,Hanfmann Y.,26,109.0,1725,534.0,6.0,2.0,4.0,6.0,7.0,6.0,,,,,2.0,1.0,Completed,1.33,3.4,1.38,3.36,1.38,3.4,1.34,3.18,,
16,Santiago,Chile Open,2025-02-26,ATP250,Indoor,Clay,2nd Round,3,Etcheverry T.,Garin C.,43,147.0,1240,402.0,6.0,2.0,6.0,4.0,,,,,,,2.0,0.0,Completed,1.44,2.75,1.43,3.09,1.5,3.13,1.42,2.83,,
16,Santiago,Chile Open,2025-02-27,ATP250,Indoor,Clay,2nd Round,3,Dzumhur D.,Navone M.,90,64.0,662,890.0,6.0,4.0,3.0,6.0,6.0,3.0,,,,,2.0,1.0,Completed,4.5,1.2,5.03,1.21,5.03,1.23,4.45,1.2,,
16,Santiago,Chile Open,2025-02-27,ATP250,Indoor,Clay,2nd Round,3,Baez S.,Comesana F.,31,67.0,1510,848.0,6.0,3.0,5.0,7.0,7.0,6.0,,,,,2.0,1.0,Completed,1.4,3.0,1.43,3.05,1.43,3.15,1.37,2.99,,
16,Santiago,Chile Open,2025-02-27,ATP250,Indoor,Clay,2nd Round,3,Ugo Carabelli C.,Monteiro T.,69,108.0,847,540.0,4.0,6.0,7.0,6.0,6.0,3.0,,,,,2.0,1.0,Completed,1.91,1.91,1.97,1.93,2.0,1.94,1.91,1.88,,
16,Santiago,Chile Open,2025-02-27,ATP250,Indoor,Clay,2nd Round,3,Coria F.,Tabilo A.,136,28.0,433,1690.0,7.0,6.0,4.0,6.0,6.0,3.0,,,,,2.0,1.0,Completed,2.38,1.57,2.37,1.66,2.4,1.66,2.31,1.59,,
16,Santiago,Chile Open,2025-02-28,ATP250,Indoor,Clay,Quarterfinals,3,Djere L.,Faria J.,103,87.0,571,674.0,7.0,6.0,4.0,6.0,6.0,4.0,,,,,2.0,1.0,Completed,1.3,3.5,1.32,3.74,1.35,3.79,1.29,3.5,,
16,Santiago,Chile Open,2025-02-28,ATP250,Indoor,Clay,Quarterfinals,3,Cerundolo F.,Etcheverry T.,26,43.0,1725,1240.0,4.0,6.0,6.0,3.0,7.0,5.0,,,,,2.0,1.0,Completed,1.91,1.91,1.9,2.01,1.93,2.01,1.87,1.92,,
16,Santiago,Chile Open,2025-02-28,ATP250,Indoor,Clay,Quarterfinals,3,Ugo Carabelli C.,Coria F.,69,136.0,847,433.0,6.0,4.0,6.0,3.0,,,,,,,2.0,0.0,Completed,1.67,2.2,1.81,2.12,1.81,2.33,1.71,2.12,,
16,Santiago,Chile Open,2025-03-01,ATP250,Indoor,Clay,Quarterfinals,3,Baez S.,Dzumhur D.,31,90.0,1510,662.0,6.0,4.0,6.0,4.0,,,,,,,2.0,0.0,Completed,1.25,4.0,1.29,4.04,1.29,4.04,1.26,3.82,,
16,Santiago,Chile Open,2025-03-01,ATP250,Indoor,Clay,Semifinals,3,Djere L.,Cerundolo F.,103,26.0,571,1725.0,6.0,1.0,4.0,6.0,6.0,3.0,,,,,2.0,1.0,Completed,2.3,1.62,2.36,1.67,2.43,1.67,2.25,1.62,,
16,Santiago,Chile Open,2025-03-01,ATP250,Indoor,Clay,Semifinals,3,Baez S.,Ugo Carabelli C.,31,69.0,1510,847.0,6.0,1.0,3.0,6.0,6.0,2.0,,,,,2.0,1.0,Completed,1.4,3.0,1.37,3.41,1.44,3.41,1.4,2.93,,
16,Santiago,Chile Open,2025-03-02,ATP250,Indoor,Clay,The Final,3,Djere L.,Baez S.,103,31.0,571,1510.0,6.0,4.0,3.0,6.0,7.0,5.0,,,,,2.0,1.0,Completed,2.2,1.67,2.24,1.74,2.34,1.74,2.16,1.69,,
17,Indian Wells,BNP Paribas Open,2025-03-05,Masters 1000,Outdoor,Hard,1st Round,3,Nishikori K.,Munar J.,76,58.0,793,992.0,6.0,2.0,5.0,7.0,7.0,6.0,,,,,2.0,1.0,Completed,1.8,2.0,1.79,2.13,1.83,2.13,1.79,2.01,,
17,Indian Wells,BNP Paribas Open,2025-03-05,Masters 1000,Outdoor,Hard,1st Round,3,Boyer T.,Vukic A.,117,64.0,501,868.0,4.0,6.0,6.0,2.0,7.0,6.0,,,,,2.0,1.0,Completed,2.0,1.8,2.07,1.83,2.09,1.83,2.02,1.8,,
17,Indian Wells,BNP Paribas Open,2025-03-05,Masters 1000,Outdoor,Hard,1st Round,3,Seyboth Wild T.,Muller A.,91,44.0,657,1270.0,4.0,6.0,7.0,5.0,7.0,6.0,,,,,2.0,1.0,Completed,2.2,1.67,2.41,1.63,2.41,1.68,2.29,1.62,,
17,Indian Wells,BNP Paribas Open,2025-03-05,Masters 1000,Outdoor,Hard,1st Round,3,O Connell C.,Carballes Baena R.,75,52.0,805,1071.0,6.0,3.0,0.0,6.0,6.0,1.0,,,,,2.0,1.0,Completed,1.67,2.2,1.82,2.08,1.82,2.2,1.76,2.06,,
17,Indian Wells,BNP Paribas Open,2025-03-05,Masters 1000,Outdoor,Hard,1st Round,3,Griekspoor T.,Kecmanovic M.,43,49.0,1270,1146.0,6.0,7.0,6.0,4.0,6.0,3.0,,,,,2.0,1.0,Completed,2.1,1.73,2.07,1.83,2.12,1.83,2.05,1.77,,
17,Indian Wells,BNP Paribas Open,2025-03-05,Masters 1000,Outdoor,Hard,1st Round,3,Bu Y.,Basavareddy N.,71,101.0,833,587.0,7.0,5.0,6.0,4.0,,,,,,,2.0,0.0,Completed,2.75,1.44,2.73,1.51,2.75,1.54,2.6,1.5,,
17,Indian Wells,BNP Paribas Open,2025-03-05,Masters 1000,Outdoor,Hard,1st Round,3,Marozsan F.,Martinez P.,54,41.0,1035,1295.0,6.0,3.0,6.0,2.0,,,,,,,2.0,0.0,Completed,1.41,2.75,1.53,2.65,1.53,2.75,1.48,2.64,,
17,Indian Wells,BNP Paribas Open,2025-03-05,Masters 1000,Outdoor,Hard,1st Round,3,Smith C.,Cobolli F.,261,40.0,209,1295.0,3.0,6.0,6.0,2.0,6.0,2.0,,,,,2.0,1.0,Completed,2.2,1.63,2.21,1.74,2.25,1.74,2.18,1.7,,
17,Indian Wells,BNP Paribas Open,2025-03-05,Masters 1000,Outdoor,Hard,1st Round,3,Dzumhur D.,Bautista Agut R.,84,50.0,712,1089.0,6.0,4.0,1.0,6.0,7.0,6.0,,,,,2.0,1.0,Completed,2.37,1.54,2.23,1.72,2.4,1.72,2.27,1.64,,
17,Indian Wells,BNP Paribas Open,2025-03-05,Masters 1000,Outdoor,Hard,1st Round,3,Safiullin R.,Opelka R.,69,114.0,848,516.0,7.0,5.0,6.0,4.0,,,,,,,2.0,0.0,Completed,2.0,1.8,2.03,1.86,2.04,1.87,1.98,1.83,,
17,Indian Wells,BNP Paribas Open,2025-03-06,Masters 1000,Outdoor,Hard,1st Round,3,Giron M.,Basilashvili N.,48,152.0,1150,383.0,7.0,5.0,7.0,6.0,,,,,,,2.0,0.0,Completed,1.4,3.0,1.4,3.17,1.41,3.22,1.4,2.96,,
17,Indian Wells,BNP Paribas Open,2025-03-06,Masters 1000,Outdoor,Hard,1st Round,3,Bergs Z.,Quinn E.,53,137.0,1060,432.0,7.0,6.0,6.0,3.0,,,,,,,2.0,0.0,Completed,1.57,2.38,1.62,2.43,1.67,2.43,1.62,2.31,,
17,Indian Wells,BNP Paribas Open,2025-03-06,Masters 1000,Outdoor,Hard,1st Round,3,Moutet C.,Thompson J.,79,38.0,759,1375.0,6.0,4.0,4.0,6.0,6.0,3.0,,,,,2.0,1.0,Completed,1.91,1.91,1.88,2.01,1.91,2.03,1.87,1.93,,
17,Indian Wells,BNP Paribas Open,2025-03-06,Masters 1000,Outdoor,Hard,1st Round,3,Norrie C.,Nardi L.,77,67.0,784,862.0,6.0,0.0,6.0,3.0,,,,,,,2.0,0.0,Completed,1.53,2.5,1.58,2.52,1.58,2.52,1.55,2.46,,
17,Indian Wells,BNP Paribas Open,2025-03-06,Masters 1000,Outdoor,Hard,1st Round,3,Watanuki Y.,Bublik A.,349,82.0,144,745.0,6.0,3.0,3.0,6.0,6.0,3.0,,,,,2.0,1.0,Completed,2.3,1.62,2.27,1.7,2.3,1.77,2.18,1.68,,
17,Indian Wells,BNP Paribas Open,2025-03-06,Masters 1000,Outdoor,Hard,1st Round,3,Hijikata R.,Shevchenko A.,83,98.0,732,618.0,6.0,1.0,6.0,3.0,,,,,,,2.0,0.0,Completed,2.2,1.67,2.26,1.7,2.26,1.7,2.2,1.67,,
17,Indian Wells,BNP Paribas Open,2025-03-06,Masters 1000,Outdoor,Hard,1st Round,3,Fonseca J.,Fearnley J.,80,81.0,750,747.0,6.0,2.0,1.0,6.0,6.0,3.0,,,,,2.0,1.0,Completed,1.29,3.75,1.32,3.68,1.33,3.75,1.3,3.54,,
17,Indian Wells,BNP Paribas Open,2025-03-06,Masters 1000,Outdoor,Hard,1st Round,3,Brooksby J.,Bonzi B.,937,62.0,17,910.0,1.0,6.0,7.0,5.0,7.0,5.0,,,,,2.0,1.0,Completed,1.91,1.91,1.87,2.02,2.01,2.02,1.88,1.91,,
17,Indian Wells,BNP Paribas Open,2025-03-06,Masters 1000,Outdoor,Hard,1st Round,3,Mensik J.,Etcheverry T.,57,45.0,992,1265.0,6.0,4.0,7.0,6.0,,,,,,,2.0,0.0,Completed,1.5,2.63,1.57,2.55,1.57,2.63,1.53,2.52,,
17,Indian Wells,BNP Paribas Open,2025-03-06,Masters 1000,Outdoor,Hard,1st Round,3,McDonald M.,Davidovich Fokina A.,109,39.0,555,1325.0,2.0,6.0,6.0,3.0,6.0,2.0,,,,,2.0,1.0,Completed,2.75,1.44,2.79,1.49,2.83,1.51,2.74,1.45,,
17,Indian Wells,BNP Paribas Open,2025-03-06,Masters 1000,Outdoor,Hard,1st Round,3,Diallo G.,Zhang Zh.,88,51.0,690,1075.0,2.0,6.0,6.0,2.0,7.0,6.0,,,,,2.0,1.0,Completed,1.91,1.91,,,1.91,2.11,1.83,1.99,,
17,Indian Wells,BNP Paribas Open,2025-03-06,Masters 1000,Outdoor,Hard,1st Round,3,Gigante M.,Baez S.,217,34.0,256,1425.0,3.0,6.0,6.0,1.0,6.0,4.0,,,,,2.0,1.0,Completed,2.0,1.8,2.15,1.78,2.15,1.9,2.05,1.77,,
17,Indian Wells,BNP Paribas Open,2025-03-06,Masters 1000,Outdoor,Hard,1st Round,3,Arnaldi M.,Kovacevic A.,35,94.0,1390,630.0,6.0,3.0,5.0,7.0,6.0,4.0,,,,,2.0,1.0,Completed,1.4,3.0,1.39,3.22,1.4,3.22,1.39,3.02,,
17,Indian Wells,BNP Paribas Open,2025-03-06,Masters 1000,Outdoor,Hard,1st Round,3,Monfils G.,Struff J.L.,42,46.0,1280,1200.0,6.0,4.0,6.0,4.0,,,,,,,2.0,0.0,Completed,1.62,2.3,1.57,2.54,1.63,2.55,1.55,2.45,,
17,Indian Wells,BNP Paribas Open,2025-03-07,Masters 1000,Outdoor,Hard,1st Round,3,Gaston H.,Darderi L.,93,60.0,636,945.0,6.0,3.0,6.0,3.0,,,,,,,2.0,0.0,Completed,1.53,2.5,1.56,2.57,1.56,2.6,1.52,2.54,,
17,Indian Wells,BNP Paribas Open,2025-03-07,Masters 1000,Outdoor,Hard,1st Round,3,Borges N.,Rinderknech A.,36,73.0,1385,824.0,6.0,1.0,5.0,7.0,6.0,2.0,,,,,2.0,1.0,Completed,1.4,3.0,1.37,3.33,1.4,3.33,1.36,3.16,,
17,Indian Wells,BNP Paribas Open,2025-03-07,Masters 1000,Outdoor,Hard,1st Round,3,Goffin D.,Sonego L.,56,37.0,1006,1376.0,6.0,4.0,7.0,5.0,,,,,,,2.0,0.0,Completed,2.1,1.73,2.1,1.81,2.12,1.81,2.09,1.74,,
17,Indian Wells,BNP Paribas Open,2025-03-07,Masters 1000,Outdoor,Hard,1st Round,3,Walton A.,Zeppieri G.,96,394.0,629,125.0,7.0,5.0,6.0,1.0,,,,,,,2.0,0.0,Completed,1.62,2.3,1.72,2.23,1.74,2.3,1.66,2.23,,
17,Indian Wells,BNP Paribas Open,2025-03-07,Masters 1000,Outdoor,Hard,1st Round,3,Van De Zandschulp B.,Kyrgios N.,85,1099.0,710,10.0,7.0,6.0,3.0,0.0,,,,,,,1.0,0.0,Retired,1.4,3.0,1.38,3.27,1.42,3.27,1.4,2.98,,
17,Indian Wells,BNP Paribas Open,2025-03-07,Masters 1000,Outdoor,Hard,1st Round,3,Lajovic D.,Tu L.,108,177.0,555,326.0,6.0,2.0,6.0,0.0,,,,,,,2.0,0.0,Completed,1.8,2.0,1.9,1.98,1.9,2.04,1.83,1.97,,
17,Indian Wells,BNP Paribas Open,2025-03-07,Masters 1000,Outdoor,Hard,1st Round,3,Halys Q.,Carreno Busta P.,59,112.0,976,524.0,6.0,3.0,6.0,4.0,,,,,,,2.0,0.0,Completed,2.3,1.62,2.5,1.59,2.6,1.69,2.4,1.6,,
17,Indian Wells,BNP Paribas Open,2025-03-07,Masters 1000,Outdoor,Hard,1st Round,3,Navone M.,Tien L.,63,68.0,905,857.0,7.0,5.0,6.0,4.0,,,,,,,2.0,0.0,Completed,3.5,1.3,3.4,1.36,3.5,1.36,3.3,1.33,,
17,Indian Wells,BNP Paribas Open,2025-03-07,Masters 1000,Outdoor,Hard,2nd Round,3,Humbert U.,Nishikori K.,19,76.0,2375,793.0,6.0,4.0,6.0,3.0,,,,,,,2.0,0.0,Completed,1.3,3.5,1.39,3.25,1.39,3.53,1.33,3.31,,
17,Indian Wells,BNP Paribas Open,2025-03-07,Masters 1000,Outdoor,Hard,2nd Round,3,Griekspoor T.,Zverev A.,43,2.0,1270,8135.0,4.0,6.0,7.0,6.0,7.0,6.0,,,,,2.0,1.0,Completed,4.0,1.25,3.76,1.31,4.01,1.31,3.87,1.26,,
17,Indian Wells,BNP Paribas Open,2025-03-07,Masters 1000,Outdoor,Hard,2nd Round,3,Paul T.,Boyer T.,11,117.0,3330,501.0,6.0,3.0,6.0,1.0,,,,,,,2.0,0.0,Completed,1.08,8.0,1.11,8.07,1.11,8.07,1.1,7.3,,
17,Indian Wells,BNP Paribas Open,2025-03-07,Masters 1000,Outdoor,Hard,2nd Round,3,Mpetshi G.,Marozsan F.,30,54.0,1616,1035.0,6.0,4.0,,,,,,,,,1.0,0.0,Retired,2.1,1.73,2.14,1.78,2.2,1.78,2.11,1.72,,
17,Indian Wells,BNP Paribas Open,2025-03-07,Masters 1000,Outdoor,Hard,2nd Round,3,Popyrin A.,Bergs Z.,27,53.0,1750,1060.0,7.0,6.0,7.0,5.0,,,,,,,2.0,0.0,Completed,1.91,1.91,1.92,1.97,1.92,1.98,1.86,1.93,,
17,Indian Wells,BNP Paribas Open,2025-03-07,Masters 1000,Outdoor,Hard,2nd Round,3,Norrie C.,Lehecka J.,77,24.0,784,1935.0,3.0,6.0,6.0,4.0,7.0,5.0,,,,,2.0,1.0,Completed,2.5,1.53,2.4,1.63,2.51,1.63,2.41,1.57,,
17,Indian Wells,BNP Paribas Open,2025-03-07,Masters 1000,Outdoor,Hard,2nd Round,3,Giron M.,Ruud C.,48,5.0,1150,4045.0,7.0,6.0,3.0,6.0,6.0,2.0,,,,,2.0,1.0,Completed,2.38,1.57,2.45,1.61,2.5,1.61,2.42,1.55,,
17,Indian Wells,BNP Paribas Open,2025-03-07,Masters 1000,Outdoor,Hard,2nd Round,3,Berrettini M.,O Connell C.,29,75.0,1620,805.0,6.0,2.0,7.0,6.0,,,,,,,2.0,0.0,Completed,1.2,4.5,1.23,4.68,1.25,4.68,1.21,4.34,,
17,Indian Wells,BNP Paribas Open,2025-03-07,Masters 1000,Outdoor,Hard,2nd Round,3,Musetti L.,Safiullin R.,16,69.0,2650,848.0,7.0,5.0,5.0,7.0,6.0,2.0,,,,,2.0,1.0,Completed,1.91,1.91,1.87,2.03,1.93,2.03,1.87,1.92,,
17,Indian Wells,BNP Paribas Open,2025-03-07,Masters 1000,Outdoor,Hard,2nd Round,3,Michelsen A.,Smith C.,32,261.0,1445,209.0,6.0,3.0,6.0,4.0,,,,,,,2.0,0.0,Completed,1.4,3.0,1.43,3.01,1.44,3.01,1.41,2.88,,
17,Indian Wells,BNP Paribas Open,2025-03-08,Masters 1000,Outdoor,Hard,2nd Round,3,Rune H.,Moutet C.,13,79.0,2820,759.0,6.0,2.0,6.0,4.0,,,,,,,2.0,0.0,Completed,1.36,3.2,1.4,3.11,1.4,3.2,1.37,3.05,,
17,Indian Wells,BNP Paribas Open,2025-03-08,Masters 1000,Outdoor,Hard,2nd Round,3,Tsitsipas S.,Seyboth Wild T.,9,91.0,3405,657.0,6.0,2.0,6.0,4.0,,,,,,,2.0,0.0,Completed,1.25,4.0,1.26,4.2,1.27,4.2,1.25,3.9,,
17,Indian Wells,BNP Paribas Open,2025-03-08,Masters 1000,Outdoor,Hard,2nd Round,3,Fils A.,Diallo G.,21,88.0,2330,690.0,6.0,2.0,6.0,2.0,,,,,,,2.0,0.0,Completed,1.62,2.3,1.67,2.31,1.7,2.42,1.66,2.23,,
17,Indian Wells,BNP Paribas Open,2025-03-08,Masters 1000,Outdoor,Hard,2nd Round,3,Medvedev D.,Bu Y.,6,71.0,3930,833.0,6.0,2.0,6.0,2.0,,,,,,,2.0,0.0,Completed,1.22,4.33,1.24,4.44,1.25,4.44,1.23,4.2,,
17,Indian Wells,BNP Paribas Open,2025-03-08,Masters 1000,Outdoor,Hard,2nd Round,3,Watanuki Y.,Machac T.,349,20.0,144,2330.0,4.0,6.0,4.0,2.0,,,,,,,0.0,1.0,Retired,4.0,1.25,4.26,1.26,4.26,1.26,3.96,1.25,,
17,Indian Wells,BNP Paribas Open,2025-03-08,Masters 1000,Outdoor,Hard,2nd Round,3,Tiafoe F.,Dzumhur D.,17,84.0,2485,712.0,7.0,6.0,7.0,6.0,,,,,,,2.0,0.0,Completed,1.29,3.75,1.27,4.14,1.3,4.14,1.28,3.7,,
17,Indian Wells,BNP Paribas Open,2025-03-08,Masters 1000,Outdoor,Hard,2nd Round,3,Fritz T.,Gigante M.,4,217.0,4900,256.0,6.0,3.0,7.0,5.0,,,,,,,2.0,0.0,Completed,1.08,8.0,1.09,9.06,1.1,9.98,1.08,7.92,,
17,Indian Wells,BNP Paribas Open,2025-03-08,Masters 1000,Outdoor,Hard,2nd Round,3,Brooksby J.,Auger-Aliassime F.,937,18.0,17,2455.0,6.0,4.0,6.0,2.0,,,,,,,2.0,0.0,Completed,3.75,1.29,3.82,1.3,3.82,1.32,3.58,1.3,,
17,Indian Wells,BNP Paribas Open,2025-03-08,Masters 1000,Outdoor,Hard,2nd Round,3,Tabilo A.,Lajovic D.,31,108.0,1535,555.0,6.0,3.0,7.0,5.0,,,,,,,2.0,0.0,Completed,2.0,1.8,2.09,1.82,2.09,1.84,2.0,1.81,,
17,Indian Wells,BNP Paribas Open,2025-03-08,Masters 1000,Outdoor,Hard,2nd Round,3,Draper J.,Fonseca J.,14,80.0,2810,750.0,6.0,4.0,6.0,0.0,,,,,,,2.0,0.0,Completed,1.53,2.5,1.6,2.48,1.62,2.65,1.54,2.48,,
17,Indian Wells,BNP Paribas Open,2025-03-08,Masters 1000,Outdoor,Hard,2nd Round,3,Arnaldi M.,Rublev A.,35,8.0,1390,3480.0,6.0,4.0,7.0,5.0,,,,,,,2.0,0.0,Completed,3.0,1.4,2.89,1.47,3.01,1.48,2.84,1.42,,
17,Indian Wells,BNP Paribas Open,2025-03-08,Masters 1000,Outdoor,Hard,2nd Round,3,Shapovalov D.,Walton A.,28,96.0,1696,629.0,6.0,3.0,6.0,2.0,,,,,,,2.0,0.0,Completed,1.25,4.0,1.3,3.81,1.3,4.0,1.28,3.68,,
17,Indian Wells,BNP Paribas Open,2025-03-08,Masters 1000,Outdoor,Hard,2nd Round,3,Cerundolo F.,McDonald M.,26,109.0,1775,555.0,4.0,6.0,7.0,6.0,6.0,1.0,,,,,2.0,1.0,Completed,1.8,2.0,1.78,2.14,1.8,2.14,1.75,2.07,,
17,Indian Wells,BNP Paribas Open,2025-03-08,Masters 1000,Outdoor,Hard,2nd Round,3,Alcaraz C.,Halys Q.,3,59.0,7510,976.0,6.0,4.0,6.0,2.0,,,,,,,2.0,0.0,Completed,1.08,8.0,1.07,11.28,1.09,11.69,1.06,9.16,,
17,Indian Wells,BNP Paribas Open,2025-03-08,Masters 1000,Outdoor,Hard,2nd Round,3,Van De Zandschulp B.,Djokovic N.,85,7.0,710,3900.0,6.0,2.0,3.0,6.0,6.0,1.0,,,,,2.0,1.0,Completed,7.0,1.1,8.0,1.11,8.0,1.11,6.91,1.1,,
17,Indian Wells,BNP Paribas Open,2025-03-08,Masters 1000,Outdoor,Hard,2nd Round,3,Hurkacz H.,Gaston H.,22,93.0,2165,636.0,7.0,5.0,6.0,3.0,,,,,,,2.0,0.0,Completed,1.22,4.33,1.26,4.28,1.26,4.33,1.23,4.1,,
17,Indian Wells,BNP Paribas Open,2025-03-08,Masters 1000,Outdoor,Hard,2nd Round,3,Nakashima B.,Hijikata R.,33,83.0,1430,732.0,7.0,5.0,6.0,1.0,,,,,,,2.0,0.0,Completed,1.22,4.33,1.26,4.2,1.26,4.33,1.24,4.08,,
17,Indian Wells,BNP Paribas Open,2025-03-09,Masters 1000,Outdoor,Hard,2nd Round,3,Khachanov K.,Mensik J.,23,57.0,1960,992.0,3.0,6.0,6.0,0.0,6.0,3.0,,,,,2.0,1.0,Completed,1.69,2.1,1.78,2.15,1.78,2.15,1.72,2.11,,
17,Indian Wells,BNP Paribas Open,2025-03-09,Masters 1000,Outdoor,Hard,2nd Round,3,Dimitrov G.,Borges N.,15,36.0,2745,1385.0,6.0,3.0,6.0,4.0,,,,,,,2.0,0.0,Completed,2.2,1.67,2.26,1.7,2.26,1.73,2.14,1.69,,
17,Indian Wells,BNP Paribas Open,2025-03-09,Masters 1000,Outdoor,Hard,2nd Round,3,Shelton B.,Navone M.,12,63.0,2880,905.0,6.0,3.0,6.0,2.0,,,,,,,2.0,0.0,Completed,1.3,3.5,1.29,3.92,1.3,3.92,1.29,3.64,,
17,Indian Wells,BNP Paribas Open,2025-03-09,Masters 1000,Outdoor,Hard,2nd Round,3,De Minaur A.,Goffin D.,10,56.0,3335,1006.0,6.0,2.0,6.0,2.0,,,,,,,2.0,0.0,Completed,1.14,5.5,1.17,5.69,1.18,5.69,1.16,5.25,,
17,Indian Wells,BNP Paribas Open,2025-03-09,Masters 1000,Outdoor,Hard,2nd Round,3,Monfils G.,Korda S.,42,25.0,1280,1900.0,7.0,6.0,7.0,6.0,,,,,,,2.0,0.0,Completed,1.67,2.2,1.76,2.18,1.77,2.22,1.7,2.14,,
17,Indian Wells,BNP Paribas Open,2025-03-09,Masters 1000,Outdoor,Hard,3rd Round,3,Paul T.,Norrie C.,11,77.0,3330,784.0,6.0,3.0,7.0,5.0,,,,,,,2.0,0.0,Completed,1.3,3.5,1.31,3.8,1.31,3.81,1.29,3.57,,
17,Indian Wells,BNP Paribas Open,2025-03-09,Masters 1000,Outdoor,Hard,3rd Round,3,Griekspoor T.,Mpetshi G.,43,30.0,1270,1616.0,7.0,6.0,6.0,3.0,,,,,,,2.0,0.0,Completed,1.62,2.3,1.72,2.25,1.72,2.32,1.65,2.24,,
17,Indian Wells,BNP Paribas Open,2025-03-09,Masters 1000,Outdoor,Hard,3rd Round,3,Giron M.,Popyrin A.,48,27.0,1150,1750.0,5.0,7.0,6.0,3.0,6.0,3.0,,,,,2.0,1.0,Completed,1.73,2.1,1.76,2.18,1.76,2.18,1.73,2.09,,
17,Indian Wells,BNP Paribas Open,2025-03-09,Masters 1000,Outdoor,Hard,3rd Round,3,Tsitsipas S.,Berrettini M.,9,29.0,3405,1620.0,6.0,3.0,6.0,3.0,,,,,,,2.0,0.0,Completed,1.91,1.91,2.03,1.88,2.03,1.91,1.94,1.85,,
17,Indian Wells,BNP Paribas Open,2025-03-09,Masters 1000,Outdoor,Hard,3rd Round,3,Medvedev D.,Michelsen A.,6,32.0,3930,1445.0,2.0,0.0,,,,,,,,,0.0,0.0,Retired,1.33,3.4,1.34,3.58,1.39,3.58,1.34,3.26,,
17,Indian Wells,BNP Paribas Open,2025-03-09,Masters 1000,Outdoor,Hard,3rd Round,3,Rune H.,Humbert U.,13,19.0,2820,2375.0,5.0,7.0,6.0,4.0,7.0,5.0,,,,,2.0,1.0,Completed,2.0,1.8,2.03,1.88,2.11,1.88,2.0,1.81,,
17,Indian Wells,BNP Paribas Open,2025-03-10,Masters 1000,Outdoor,Hard,3rd Round,3,Fils A.,Musetti L.,21,16.0,2330,2650.0,3.0,6.0,7.0,6.0,6.0,3.0,,,,,2.0,1.0,Completed,1.73,2.1,1.8,2.13,1.97,2.17,1.75,2.07,,
17,Indian Wells,BNP Paribas Open,2025-03-10,Masters 1000,Outdoor,Hard,3rd Round,3,Watanuki Y.,Tiafoe F.,349,17.0,144,2485.0,6.0,4.0,7.0,6.0,,,,,,,2.0,0.0,Completed,3.2,1.36,3.09,1.43,3.2,1.44,2.99,1.39,,
17,Indian Wells,BNP Paribas Open,2025-03-10,Masters 1000,Outdoor,Hard,3rd Round,3,Cerundolo F.,Van De Zandschulp B.,26,85.0,1775,710.0,6.0,3.0,6.0,4.0,,,,,,,2.0,0.0,Completed,1.63,2.2,1.67,2.32,1.76,2.32,1.68,2.17,,
17,Indian Wells,BNP Paribas Open,2025-03-10,Masters 1000,Outdoor,Hard,3rd Round,3,Draper J.,Brooksby J.,14,937.0,2810,17.0,7.0,5.0,6.0,4.0,,,,,,,2.0,0.0,Completed,1.17,4.5,1.23,4.65,1.23,4.7,1.2,4.52,,
17,Indian Wells,BNP Paribas Open,2025-03-10,Masters 1000,Outdoor,Hard,3rd Round,3,De Minaur A.,Hurkacz H.,10,22.0,3335,2165.0,6.0,4.0,6.0,0.0,,,,,,,2.0,0.0,Completed,1.44,2.75,1.53,2.7,1.53,2.76,1.48,2.65,,
17,Indian Wells,BNP Paribas Open,2025-03-10,Masters 1000,Outdoor,Hard,3rd Round,3,Fritz T.,Tabilo A.,4,31.0,4900,1535.0,4.0,6.0,6.0,3.0,6.0,1.0,,,,,2.0,1.0,Completed,1.13,6.0,1.15,6.55,1.15,6.55,1.14,5.78,,
17,Indian Wells,BNP Paribas Open,2025-03-10,Masters 1000,Outdoor,Hard,3rd Round,3,Nakashima B.,Arnaldi M.,33,35.0,1430,1390.0,6.0,2.0,6.0,4.0,,,,,,,2.0,0.0,Completed,2.0,1.8,1.99,1.92,2.02,1.92,1.96,1.84,,
17,Indian Wells,BNP Paribas Open,2025-03-10,Masters 1000,Outdoor,Hard,3rd Round,3,Shelton B.,Khachanov K.,12,23.0,2880,1960.0,6.0,3.0,7.0,5.0,,,,,,,2.0,0.0,Completed,1.67,2.2,1.71,2.25,1.73,2.25,1.7,2.15,,
17,Indian Wells,BNP Paribas Open,2025-03-11,Masters 1000,Outdoor,Hard,3rd Round,3,Alcaraz C.,Shapovalov D.,3,28.0,7510,1696.0,6.0,2.0,6.0,4.0,,,,,,,2.0,0.0,Completed,1.14,5.5,1.18,5.66,1.18,5.66,1.16,5.13,,
17,Indian Wells,BNP Paribas Open,2025-03-11,Masters 1000,Outdoor,Hard,3rd Round,3,Dimitrov G.,Monfils G.,15,42.0,2745,1280.0,7.0,6.0,4.0,6.0,7.0,6.0,,,,,2.0,1.0,Completed,1.91,1.91,2.0,1.9,2.01,1.91,1.92,1.87,,
17,Indian Wells,BNP Paribas Open,2025-03-11,Masters 1000,Outdoor,Hard,4th Round,3,Griekspoor T.,Watanuki Y.,43,349.0,1270,144.0,7.0,6.0,6.0,1.0,,,,,,,2.0,0.0,Completed,1.4,3.0,1.45,2.99,1.46,3.0,1.42,2.86,,
17,Indian Wells,BNP Paribas Open,2025-03-11,Masters 1000,Outdoor,Hard,4th Round,3,Rune H.,Tsitsipas S.,13,9.0,2820,3405.0,6.0,4.0,6.0,4.0,,,,,,,2.0,0.0,Completed,2.3,1.62,2.42,1.64,2.42,1.66,2.29,1.61,,
17,Indian Wells,BNP Paribas Open,2025-03-11,Masters 1000,Outdoor,Hard,4th Round,3,Fils A.,Giron M.,21,48.0,2330,1150.0,6.0,2.0,2.0,6.0,6.0,3.0,,,,,2.0,1.0,Completed,1.57,2.38,1.62,2.46,1.65,2.46,1.59,2.35,,
17,Indian Wells,BNP Paribas Open,2025-03-12,Masters 1000,Outdoor,Hard,4th Round,3,Medvedev D.,Paul T.,6,11.0,3930,3330.0,6.0,4.0,6.0,0.0,,,,,,,2.0,0.0,Completed,1.73,2.1,1.85,2.06,1.88,2.12,1.8,2.01,,
17,Indian Wells,BNP Paribas Open,2025-03-12,Masters 1000,Outdoor,Hard,4th Round,3,Shelton B.,Nakashima B.,12,33.0,2880,1430.0,7.0,6.0,6.0,1.0,,,,,,,2.0,0.0,Completed,1.53,2.5,1.58,2.56,1.6,2.65,1.54,2.46,,
17,Indian Wells,BNP Paribas Open,2025-03-12,Masters 1000,Outdoor,Hard,4th Round,3,Cerundolo F.,De Minaur A.,26,10.0,1775,3335.0,7.0,5.0,6.0,3.0,,,,,,,2.0,0.0,Completed,3.75,1.29,4.02,1.29,4.02,1.3,3.74,1.27,,
17,Indian Wells,BNP Paribas Open,2025-03-12,Masters 1000,Outdoor,Hard,4th Round,3,Draper J.,Fritz T.,14,4.0,2810,4900.0,7.0,5.0,6.0,4.0,,,,,,,2.0,0.0,Completed,1.69,2.1,1.84,2.08,1.86,2.1,1.78,2.01,,
17,Indian Wells,BNP Paribas Open,2025-03-13,Masters 1000,Outdoor,Hard,4th Round,3,Alcaraz C.,Dimitrov G.,3,15.0,7510,2745.0,6.0,1.0,6.0,1.0,,,,,,,2.0,0.0,Completed,1.1,7.0,1.12,7.92,1.12,7.92,1.11,6.82,,
17,Indian Wells,BNP Paribas Open,2025-03-13,Masters 1000,Outdoor,Hard,Quarterfinals,3,Rune H.,Griekspoor T.,13,43.0,2820,1270.0,5.0,7.0,6.0,0.0,6.0,3.0,,,,,2.0,1.0,Completed,1.57,2.38,1.63,2.44,1.63,2.45,1.59,2.36,,
17,Indian Wells,BNP Paribas Open,2025-03-13,Masters 1000,Outdoor,Hard,Quarterfinals,3,Medvedev D.,Fils A.,6,21.0,3930,2330.0,6.0,4.0,2.0,6.0,7.0,6.0,,,,,2.0,1.0,Completed,1.36,3.2,1.38,3.35,1.39,3.36,1.35,3.23,,
17,Indian Wells,BNP Paribas Open,2025-03-14,Masters 1000,Outdoor,Hard,Quarterfinals,3,Draper J.,Shelton B.,14,12.0,2810,2880.0,6.0,4.0,7.0,5.0,,,,,,,2.0,0.0,Completed,1.44,2.75,1.53,2.7,1.55,2.8,1.48,2.65,,
17,Indian Wells,BNP Paribas Open,2025-03-14,Masters 1000,Outdoor,Hard,Quarterfinals,3,Alcaraz C.,Cerundolo F.,3,26.0,7510,1775.0,6.0,3.0,7.0,6.0,,,,,,,2.0,0.0,Completed,1.06,10.0,1.08,10.68,1.1,10.68,1.07,9.06,,
17,Indian Wells,BNP Paribas Open,2025-03-15,Masters 1000,Outdoor,Hard,Semifinals,3,Rune H.,Medvedev D.,13,6.0,2820,3930.0,7.0,5.0,6.0,4.0,,,,,,,2.0,0.0,Completed,2.5,1.53,2.63,1.56,2.63,1.6,2.49,1.53,,
17,Indian Wells,BNP Paribas Open,2025-03-15,Masters 1000,Outdoor,Hard,Semifinals,3,Draper J.,Alcaraz C.,14,3.0,2810,7510.0,6.0,1.0,0.0,6.0,6.0,4.0,,,,,2.0,1.0,Completed,3.5,1.3,3.68,1.33,3.68,1.33,3.44,1.31,,
17,Indian Wells,BNP Paribas Open,2025-03-16,Masters 1000,Outdoor,Hard,The Final,3,Draper J.,Rune H.,14,13.0,2810,2820.0,6.0,2.0,6.0,2.0,,,,,,,2.0,0.0,Completed,1.57,2.38,1.56,2.61,1.59,2.61,1.55,2.44,,
18,Miami,Miami Open,2025-03-19,Masters 1000,Outdoor,Hard,1st Round,3,Goffin D.,Vukic A.,55,77.0,1003,814.0,2.0,6.0,6.0,4.0,6.0,2.0,,,,,2.0,1.0,Completed,1.62,2.3,1.64,2.39,1.7,2.39,1.61,2.29,,
18,Miami,Miami Open,2025-03-19,Masters 1000,Outdoor,Hard,1st Round,3,Bublik A.,Baez S.,80,36.0,785,1385.0,6.0,3.0,6.0,4.0,,,,,,,2.0,0.0,Completed,1.44,2.75,1.53,2.6,1.53,2.75,1.49,2.6,,
18,Miami,Miami Open,2025-03-19,Masters 1000,Outdoor,Hard,1st Round,3,Hijikata R.,Medjedovic H.,86,73.0,752,829.0,7.0,5.0,3.0,6.0,7.0,5.0,,,,,2.0,1.0,Completed,3.0,1.4,3.11,1.41,3.18,1.46,2.95,1.39,,
18,Miami,Miami Open,2025-03-19,Masters 1000,Outdoor,Hard,1st Round,3,Schoolkate T.,Quinn E.,129,135.0,450,432.0,6.0,0.0,6.0,2.0,,,,,,,2.0,0.0,Completed,2.38,1.57,2.45,1.61,2.55,1.66,2.38,1.57,,
18,Miami,Miami Open,2025-03-19,Masters 1000,Outdoor,Hard,1st Round,3,Monfils G.,Marozsan F.,46,59.0,1230,965.0,6.0,3.0,3.0,6.0,6.0,4.0,,,,,2.0,1.0,Completed,1.4,3.0,1.46,2.92,1.46,3.0,1.42,2.81,,
18,Miami,Miami Open,2025-03-19,Masters 1000,Outdoor,Hard,1st Round,3,Cina F.,Comesana F.,441,67.0,105,866.0,7.0,6.0,7.0,6.0,,,,,,,2.0,0.0,Completed,3.0,1.4,3.15,1.4,3.2,1.46,2.98,1.38,,
18,Miami,Miami Open,2025-03-19,Masters 1000,Outdoor,Hard,1st Round,3,Tseng C.H.,Bellucci M.,115,72.0,529,838.0,7.0,6.0,6.0,2.0,,,,,,,2.0,0.0,Completed,2.75,1.44,2.88,1.47,2.95,1.47,2.76,1.43,,
18,Miami,Miami Open,2025-03-19,Masters 1000,Outdoor,Hard,1st Round,3,Ugo Carabelli C.,Holt B.,65,116.0,870,528.0,2.0,6.0,7.0,6.0,6.0,4.0,,,,,2.0,1.0,Completed,2.38,1.57,2.34,1.66,2.55,1.66,2.35,1.58,,
18,Miami,Miami Open,2025-03-19,Masters 1000,Outdoor,Hard,1st Round,3,Kyrgios N.,McDonald M.,892,101.0,20,575.0,3.0,6.0,6.0,3.0,6.0,4.0,,,,,2.0,1.0,Completed,3.0,1.4,2.98,1.44,3.0,1.44,2.84,1.41,,
18,Miami,Miami Open,2025-03-19,Masters 1000,Outdoor,Hard,1st Round,3,Moutet C.,Blockx A.,76,163.0,814,354.0,7.0,6.0,6.0,4.0,,,,,,,2.0,0.0,Completed,1.62,2.3,1.68,2.31,1.69,2.31,1.64,2.22,,
18,Miami,Miami Open,2025-03-19,Masters 1000,Outdoor,Hard,1st Round,3,Carballes Baena R.,O Connell C.,53,78.0,1051,805.0,6.0,3.0,3.0,6.0,7.0,6.0,,,,,2.0,1.0,Completed,2.5,1.53,2.56,1.54,2.6,1.54,2.51,1.51,,
18,Miami,Miami Open,2025-03-19,Masters 1000,Outdoor,Hard,1st Round,3,Kecmanovic M.,Kovacevic A.,48,79.0,1161,800.0,6.0,4.0,6.0,4.0,,,,,,,2.0,0.0,Completed,1.57,2.38,1.6,2.49,1.6,2.5,1.56,2.38,,
18,Miami,Miami Open,2025-03-19,Masters 1000,Outdoor,Hard,1st Round,3,Muller A.,Sakamoto R.,41,330.0,1287,157.0,6.0,4.0,6.0,4.0,,,,,,,2.0,0.0,Completed,1.44,2.75,1.48,2.75,1.49,2.8,1.45,2.69,,
18,Miami,Miami Open,2025-03-19,Masters 1000,Outdoor,Hard,1st Round,3,Munar J.,Rinderknech A.,56,74.0,992,821.0,6.0,3.0,7.0,6.0,,,,,,,2.0,0.0,Completed,1.57,2.38,1.66,2.35,1.66,2.41,1.59,2.32,,
18,Miami,Miami Open,2025-03-20,Masters 1000,Outdoor,Hard,1st Round,3,Spizzirri E.,Harris B.,134,107.0,434,558.0,7.0,6.0,3.0,6.0,6.0,2.0,,,,,2.0,1.0,Completed,1.62,2.3,1.65,2.36,1.69,2.36,1.63,2.25,,
18,Miami,Miami Open,2025-03-20,Masters 1000,Outdoor,Hard,1st Round,3,Halys Q.,Seyboth Wild T.,57,96.0,981,617.0,6.0,3.0,6.0,4.0,,,,,,,2.0,0.0,Completed,1.57,2.38,1.64,2.39,1.67,2.45,1.6,2.31,,
18,Miami,Miami Open,2025-03-20,Masters 1000,Outdoor,Hard,1st Round,3,Bergs Z.,Borges N.,51,42.0,1065,1280.0,7.0,6.0,7.0,5.0,,,,,,,2.0,0.0,Completed,2.0,1.8,2.11,1.8,2.12,1.83,2.03,1.77,,
18,Miami,Miami Open,2025-03-20,Masters 1000,Outdoor,Hard,1st Round,3,Fearnley J.,Bonzi B.,83,63.0,770,920.0,7.0,6.0,2.0,6.0,6.0,4.0,,,,,2.0,1.0,Completed,1.44,2.75,1.48,2.84,1.5,2.95,1.44,2.71,,
18,Miami,Miami Open,2025-03-20,Masters 1000,Outdoor,Hard,1st Round,3,Tirante T.A.,Cobolli F.,117,43.0,512,1280.0,6.0,1.0,3.0,6.0,6.0,3.0,,,,,2.0,1.0,Completed,2.3,1.62,2.35,1.66,2.45,1.66,2.29,1.6,,
18,Miami,Miami Open,2025-03-20,Masters 1000,Outdoor,Hard,1st Round,3,Opelka R.,Eubanks C.,114,104.0,529,563.0,6.0,3.0,7.0,6.0,,,,,,,2.0,0.0,Completed,1.53,2.5,1.6,2.47,1.6,2.6,1.55,2.43,,
18,Miami,Miami Open,2025-03-20,Masters 1000,Outdoor,Hard,1st Round,3,Gaston H.,Nishioka Y.,88,68.0,711,859.0,6.0,4.0,3.0,1.0,,,,,,,1.0,0.0,Retired,2.3,1.62,2.33,1.65,2.33,1.66,2.3,1.61,,
18,Miami,Miami Open,2025-03-20,Masters 1000,Outdoor,Hard,1st Round,3,Wong C.,Altmaier D.,182,82.0,312,783.0,6.0,4.0,6.0,3.0,,,,,,,2.0,0.0,Completed,3.2,1.36,3.38,1.36,3.38,1.37,3.19,1.34,,
18,Miami,Miami Open,2025-03-20,Masters 1000,Outdoor,Hard,1st Round,3,Darderi L.,Martinez P.,61,40.0,945,1295.0,6.0,4.0,6.0,1.0,,,,,,,2.0,0.0,Completed,2.38,1.57,2.59,1.56,2.59,1.61,2.41,1.55,,
18,Miami,Miami Open,2025-03-20,Masters 1000,Outdoor,Hard,1st Round,3,Bu Y.,Norrie C.,69,81.0,855,784.0,6.0,4.0,6.0,2.0,,,,,,,2.0,0.0,Completed,2.2,1.67,2.28,1.69,2.28,1.73,2.19,1.66,,
18,Miami,Miami Open,2025-03-20,Masters 1000,Outdoor,Hard,1st Round,3,Thompson J.,Giron M.,37,45.0,1375,1240.0,3.0,6.0,6.0,4.0,7.0,5.0,,,,,2.0,1.0,Completed,2.5,1.53,2.61,1.55,2.65,1.57,2.46,1.53,,
18,Miami,Miami Open,2025-03-20,Masters 1000,Outdoor,Hard,1st Round,3,Davidovich Fokina A.,Struff J.L.,39,49.0,1325,1160.0,7.0,6.0,6.0,3.0,,,,,,,2.0,0.0,Completed,1.5,2.5,1.64,2.39,1.64,2.55,1.55,2.4,,
18,Miami,Miami Open,2025-03-20,Masters 1000,Outdoor,Hard,1st Round,3,Diallo G.,Etcheverry T.,87,44.0,730,1275.0,6.0,3.0,6.0,0.0,,,,,,,2.0,0.0,Completed,2.0,1.77,2.02,1.85,2.02,2.01,1.94,1.84,,
18,Miami,Miami Open,2025-03-20,Masters 1000,Outdoor,Hard,1st Round,3,Sonego L.,Navone M.,38,62.0,1356,925.0,7.0,5.0,7.0,5.0,,,,,,,2.0,0.0,Completed,1.44,2.75,1.53,2.68,1.53,2.77,1.46,2.66,,
18,Miami,Miami Open,2025-03-20,Masters 1000,Outdoor,Hard,1st Round,3,Safiullin R.,Brooksby J.,71,544.0,851,67.0,6.0,3.0,3.0,6.0,6.0,3.0,,,,,2.0,1.0,Completed,1.91,1.91,1.86,2.03,2.01,2.08,1.83,1.95,,
18,Miami,Miami Open,2025-03-20,Masters 1000,Outdoor,Hard,1st Round,3,Arnaldi M.,Wu Y.,35,421.0,1410,113.0,7.0,6.0,4.0,6.0,6.0,3.0,,,,,2.0,1.0,Completed,1.25,4.0,1.25,4.32,1.26,4.5,1.23,4.06,,
18,Miami,Miami Open,2025-03-20,Masters 1000,Outdoor,Hard,1st Round,3,Fonseca J.,Tien L.,60,66.0,955,867.0,6.0,7.0,6.0,3.0,6.0,4.0,,,,,2.0,1.0,Completed,1.33,3.4,1.36,3.42,1.36,3.5,1.32,3.28,,
18,Miami,Miami Open,2025-03-20,Masters 1000,Outdoor,Hard,1st Round,3,Mensik J.,Bautista Agut R.,54,50.0,1042,1089.0,6.0,4.0,3.0,6.0,6.0,1.0,,,,,2.0,1.0,Completed,1.4,3.0,1.44,2.97,1.44,3.2,1.39,2.95,,
18,Miami,Miami Open,2025-03-21,Masters 1000,Outdoor,Hard,2nd Round,3,Auger-Aliassime F.,Schoolkate T.,19,129.0,2415,450.0,6.0,4.0,6.0,4.0,,,,,,,2.0,0.0,Completed,1.25,4.0,1.25,4.31,1.29,4.45,1.25,3.94,,
18,Miami,Miami Open,2025-03-21,Masters 1000,Outdoor,Hard,2nd Round,3,Dimitrov G.,Cina F.,15,441.0,2745,105.0,6.0,1.0,6.0,4.0,,,,,,,2.0,0.0,Completed,1.08,8.0,1.13,6.83,1.13,8.4,1.09,7.11,,
18,Miami,Miami Open,2025-03-21,Masters 1000,Outdoor,Hard,2nd Round,3,Ruud C.,Kecmanovic M.,6,48.0,3855,1161.0,3.0,6.0,6.0,4.0,6.0,4.0,,,,,2.0,1.0,Completed,1.67,2.2,1.74,2.2,1.74,2.24,1.68,2.17,,
18,Miami,Miami Open,2025-03-21,Masters 1000,Outdoor,Hard,2nd Round,3,Musetti L.,Halys Q.,16,57.0,2650,981.0,3.0,6.0,7.0,6.0,7.0,5.0,,,,,2.0,1.0,Completed,1.57,2.38,1.59,2.5,1.6,2.5,1.55,2.42,,
18,Miami,Miami Open,2025-03-21,Masters 1000,Outdoor,Hard,2nd Round,3,Khachanov K.,Kyrgios N.,23,892.0,2000,20.0,7.0,6.0,6.0,0.0,,,,,,,2.0,0.0,Completed,1.36,3.2,1.4,3.19,1.4,3.3,1.35,3.16,,
18,Miami,Miami Open,2025-03-21,Masters 1000,Outdoor,Hard,2nd Round,3,Ugo Carabelli C.,Michelsen A.,65,33.0,870,1465.0,6.0,7.0,7.0,5.0,6.0,3.0,,,,,2.0,1.0,Completed,4.33,1.22,4.86,1.22,4.86,1.25,4.18,1.22,,
18,Miami,Miami Open,2025-03-21,Masters 1000,Outdoor,Hard,2nd Round,3,Munar J.,Medvedev D.,56,8.0,992,3680.0,6.0,2.0,6.0,3.0,,,,,,,2.0,0.0,Completed,5.0,1.17,5.42,1.18,5.5,1.2,5.03,1.16,,
18,Miami,Miami Open,2025-03-21,Masters 1000,Outdoor,Hard,2nd Round,3,Tsitsipas S.,Tseng C.H.,10,115.0,3405,529.0,4.0,6.0,7.0,5.0,6.0,3.0,,,,,2.0,1.0,Completed,1.1,7.0,1.11,7.92,1.12,7.92,1.1,6.82,,
18,Miami,Miami Open,2025-03-21,Masters 1000,Outdoor,Hard,2nd Round,3,Monfils G.,Lehecka J.,46,27.0,1230,1745.0,6.0,1.0,3.0,6.0,7.0,6.0,,,,,2.0,1.0,Completed,2.2,1.67,2.2,1.74,2.23,1.75,2.16,1.68,,
18,Miami,Miami Open,2025-03-21,Masters 1000,Outdoor,Hard,2nd Round,3,Djokovic N.,Hijikata R.,5,86.0,3860,752.0,6.0,0.0,7.0,6.0,,,,,,,2.0,0.0,Completed,1.08,8.0,1.11,7.95,1.11,8.0,1.09,7.14,,
18,Miami,Miami Open,2025-03-21,Masters 1000,Outdoor,Hard,2nd Round,3,Tabilo A.,Moutet C.,31,76.0,1555,814.0,5.0,7.0,6.0,3.0,7.0,5.0,,,,,2.0,1.0,Completed,2.2,1.67,2.23,1.72,2.34,1.72,2.2,1.66,,
18,Miami,Miami Open,2025-03-21,Masters 1000,Outdoor,Hard,2nd Round,3,Nakashima B.,Carballes Baena R.,32,53.0,1500,1051.0,6.0,4.0,4.0,6.0,6.0,3.0,,,,,2.0,1.0,Completed,1.3,3.5,1.32,3.65,1.35,3.66,1.32,3.35,,
18,Miami,Miami Open,2025-03-21,Masters 1000,Outdoor,Hard,2nd Round,3,Korda S.,Spizzirri E.,25,134.0,1860,434.0,6.0,4.0,6.0,2.0,,,,,,,2.0,0.0,Completed,1.33,3.4,1.36,3.4,1.36,3.58,1.33,3.27,,
18,Miami,Miami Open,2025-03-21,Masters 1000,Outdoor,Hard,2nd Round,3,Paul T.,Bublik A.,13,80.0,3030,785.0,5.0,7.0,7.0,5.0,6.0,4.0,,,,,2.0,1.0,Completed,1.29,3.75,1.25,4.31,1.29,4.31,1.25,3.88,,
18,Miami,Miami Open,2025-03-22,Masters 1000,Outdoor,Hard,2nd Round,3,Cerundolo F.,Muller A.,24,41.0,1925,1287.0,6.0,1.0,6.0,2.0,,,,,,,2.0,0.0,Completed,1.53,2.5,1.56,2.53,1.56,2.55,1.53,2.49,,
18,Miami,Miami Open,2025-03-22,Masters 1000,Outdoor,Hard,2nd Round,3,Goffin D.,Alcaraz C.,55,3.0,1003,6910.0,5.0,7.0,6.0,4.0,6.0,3.0,,,,,2.0,1.0,Completed,15.0,1.03,17.73,1.04,17.73,1.04,12.53,1.03,,
18,Miami,Miami Open,2025-03-22,Masters 1000,Outdoor,Hard,2nd Round,3,Walton A.,Darderi L.,89,61.0,666,945.0,6.0,4.0,6.0,4.0,,,,,,,2.0,0.0,Completed,1.53,2.5,1.57,2.48,1.62,2.5,1.56,2.43,,
18,Miami,Miami Open,2025-03-22,Masters 1000,Outdoor,Hard,2nd Round,3,Wong C.,Shelton B.,182,14.0,312,2980.0,7.0,6.0,2.0,6.0,7.0,6.0,,,,,2.0,1.0,Completed,7.0,1.1,7.89,1.11,7.89,1.12,6.92,1.1,,
18,Miami,Miami Open,2025-03-22,Masters 1000,Outdoor,Hard,2nd Round,3,Zverev A.,Fearnley J.,2,83.0,7945,770.0,6.0,2.0,6.0,4.0,,,,,,,2.0,0.0,Completed,1.17,5.0,1.18,5.62,1.18,5.67,1.16,5.12,,
18,Miami,Miami Open,2025-03-22,Masters 1000,Outdoor,Hard,2nd Round,3,Fritz T.,Sonego L.,4,38.0,4900,1356.0,7.0,6.0,6.0,3.0,,,,,,,2.0,0.0,Completed,1.14,5.5,1.16,5.96,1.17,6.09,1.15,5.37,,
18,Miami,Miami Open,2025-03-22,Masters 1000,Outdoor,Hard,2nd Round,3,Machac T.,Arnaldi M.,21,35.0,2310,1410.0,6.0,2.0,1.0,6.0,6.0,3.0,,,,,2.0,1.0,Completed,1.44,2.75,1.52,2.68,1.52,2.75,1.47,2.65,,
18,Miami,Miami Open,2025-03-22,Masters 1000,Outdoor,Hard,2nd Round,3,Thompson J.,Mpetshi G.,37,29.0,1375,1656.0,7.0,6.0,7.0,6.0,,,,,,,2.0,0.0,Completed,1.91,1.91,1.93,1.96,1.93,2.0,1.86,1.93,,
18,Miami,Miami Open,2025-03-22,Masters 1000,Outdoor,Hard,2nd Round,3,Shapovalov D.,Tirante T.A.,28,117.0,1716,512.0,6.0,3.0,6.0,7.0,7.0,6.0,,,,,2.0,1.0,Completed,1.2,4.5,1.22,4.71,1.23,4.71,1.21,4.39,,
18,Miami,Miami Open,2025-03-22,Masters 1000,Outdoor,Hard,2nd Round,3,Mensik J.,Draper J.,54,7.0,1042,3800.0,7.0,6.0,7.0,6.0,,,,,,,2.0,0.0,Completed,4.0,1.25,3.81,1.3,4.0,1.3,3.66,1.28,,
18,Miami,Miami Open,2025-03-22,Masters 1000,Outdoor,Hard,2nd Round,3,Safiullin R.,Popyrin A.,71,26.0,851,1800.0,6.0,7.0,6.0,3.0,7.0,5.0,,,,,2.0,1.0,Completed,2.1,1.73,2.06,1.84,2.12,1.84,2.03,1.77,,
18,Miami,Miami Open,2025-03-22,Masters 1000,Outdoor,Hard,2nd Round,3,Opelka R.,Rune H.,114,12.0,529,3270.0,4.0,6.0,6.0,3.0,7.0,6.0,,,,,2.0,1.0,Completed,3.0,1.4,2.91,1.46,3.14,1.46,2.86,1.42,,
18,Miami,Miami Open,2025-03-22,Masters 1000,Outdoor,Hard,2nd Round,3,Fonseca J.,Humbert U.,60,20.0,955,2375.0,6.0,4.0,6.0,3.0,,,,,,,2.0,0.0,Completed,2.2,1.67,2.27,1.69,2.34,1.69,2.21,1.66,,
18,Miami,Miami Open,2025-03-22,Masters 1000,Outdoor,Hard,2nd Round,3,Bergs Z.,Rublev A.,51,9.0,1065,3440.0,7.0,5.0,6.0,4.0,,,,,,,2.0,0.0,Completed,3.5,1.3,3.64,1.33,3.75,1.34,3.44,1.31,,
18,Miami,Miami Open,2025-03-22,Masters 1000,Outdoor,Hard,2nd Round,3,Berrettini M.,Gaston H.,30,88.0,1580,711.0,4.0,6.0,6.0,3.0,6.0,3.0,,,,,2.0,1.0,Completed,1.13,6.0,1.15,6.42,1.15,6.42,1.13,5.82,,
18,Miami,Miami Open,2025-03-22,Masters 1000,Outdoor,Hard,2nd Round,3,Tiafoe F.,Davidovich Fokina A.,17,39.0,2485,1325.0,7.0,5.0,7.0,6.0,,,,,,,2.0,0.0,Completed,2.1,1.73,2.16,1.77,2.16,1.77,2.1,1.73,,
18,Miami,Miami Open,2025-03-23,Masters 1000,Outdoor,Hard,2nd Round,3,De Minaur A.,Bu Y.,11,69.0,3335,855.0,6.0,4.0,6.0,4.0,,,,,,,2.0,0.0,Completed,1.17,5.0,1.18,5.43,1.2,5.5,1.17,5.09,,
18,Miami,Miami Open,2025-03-23,Masters 1000,Outdoor,Hard,2nd Round,3,Fils A.,Diallo G.,18,87.0,2480,730.0,6.0,4.0,2.0,3.0,,,,,,,1.0,0.0,Retired,1.5,2.63,1.54,2.56,1.54,2.75,1.5,2.53,,
18,Miami,Miami Open,2025-03-23,Masters 1000,Outdoor,Hard,3rd Round,3,Dimitrov G.,Khachanov K.,15,23.0,2745,2000.0,6.0,7.0,6.0,4.0,7.0,5.0,,,,,2.0,1.0,Completed,1.73,2.1,1.81,2.13,1.81,2.15,1.73,2.08,,
18,Miami,Miami Open,2025-03-23,Masters 1000,Outdoor,Hard,3rd Round,3,Musetti L.,Auger-Aliassime F.,16,19.0,2650,2415.0,4.0,6.0,6.0,2.0,6.0,3.0,,,,,2.0,1.0,Completed,2.5,1.53,2.52,1.59,2.55,1.61,2.44,1.55,,
18,Miami,Miami Open,2025-03-23,Masters 1000,Outdoor,Hard,3rd Round,3,Korda S.,Tsitsipas S.,25,10.0,1860,3405.0,7.0,6.0,6.0,3.0,,,,,,,2.0,0.0,Completed,2.3,1.62,2.31,1.69,2.35,1.69,2.25,1.63,,
18,Miami,Miami Open,2025-03-23,Masters 1000,Outdoor,Hard,3rd Round,3,Nakashima B.,Goffin D.,32,55.0,1500,1003.0,6.0,3.0,6.0,7.0,6.0,3.0,,,,,2.0,1.0,Completed,1.44,2.75,1.48,2.88,1.48,2.88,1.44,2.71,,
18,Miami,Miami Open,2025-03-23,Masters 1000,Outdoor,Hard,3rd Round,3,Djokovic N.,Ugo Carabelli C.,5,65.0,3860,870.0,6.0,1.0,7.0,6.0,,,,,,,2.0,0.0,Completed,1.05,11.0,1.08,10.13,1.08,12.0,1.05,9.79,,
18,Miami,Miami Open,2025-03-23,Masters 1000,Outdoor,Hard,3rd Round,3,Monfils G.,Munar J.,46,56.0,1230,992.0,7.0,5.0,5.0,7.0,7.0,6.0,,,,,2.0,1.0,Completed,1.5,2.63,1.51,2.75,1.55,2.75,1.5,2.56,,
18,Miami,Miami Open,2025-03-24,Masters 1000,Outdoor,Hard,3rd Round,3,Ruud C.,Tabilo A.,6,31.0,3855,1555.0,6.0,4.0,7.0,6.0,,,,,,,2.0,0.0,Completed,1.33,3.4,1.38,3.36,1.38,3.4,1.34,3.22,,
18,Miami,Miami Open,2025-03-24,Masters 1000,Outdoor,Hard,3rd Round,3,Cerundolo F.,Paul T.,24,13.0,1925,3030.0,6.0,2.0,7.0,6.0,,,,,,,2.0,0.0,Completed,2.63,1.5,2.71,1.53,2.72,1.57,2.58,1.5,,
18,Miami,Miami Open,2025-03-24,Masters 1000,Outdoor,Hard,3rd Round,3,Machac T.,Opelka R.,21,114.0,2310,529.0,7.0,6.0,6.0,3.0,,,,,,,2.0,0.0,Completed,1.5,2.63,1.53,2.69,1.58,2.69,1.51,2.54,,
18,Miami,Miami Open,2025-03-24,Masters 1000,Outdoor,Hard,3rd Round,3,Walton A.,Wong C.,89,182.0,666,312.0,7.0,6.0,4.0,6.0,6.0,4.0,,,,,2.0,1.0,Completed,1.53,2.5,1.55,2.63,1.59,2.65,1.54,2.48,,
18,Miami,Miami Open,2025-03-24,Masters 1000,Outdoor,Hard,3rd Round,3,Zverev A.,Thompson J.,2,37.0,7945,1375.0,7.0,5.0,6.0,4.0,,,,,,,2.0,0.0,Completed,1.14,5.5,1.19,5.46,1.19,5.5,1.17,5.01,,
18,Miami,Miami Open,2025-03-24,Masters 1000,Outdoor,Hard,3rd Round,3,Fritz T.,Shapovalov D.,4,28.0,4900,1716.0,7.0,5.0,6.0,3.0,,,,,,,2.0,0.0,Completed,1.4,3.0,1.44,3.01,1.44,3.05,1.41,2.87,,
18,Miami,Miami Open,2025-03-24,Masters 1000,Outdoor,Hard,3rd Round,3,Mensik J.,Safiullin R.,54,71.0,1042,851.0,6.0,4.0,6.0,4.0,,,,,,,2.0,0.0,Completed,1.5,2.63,1.54,2.66,1.54,2.72,1.49,2.59,,
18,Miami,Miami Open,2025-03-24,Masters 1000,Outdoor,Hard,3rd Round,3,Fils A.,Tiafoe F.,18,17.0,2480,2485.0,7.0,6.0,5.0,7.0,6.0,2.0,,,,,2.0,1.0,Completed,1.8,2.0,1.85,2.06,1.94,2.08,1.82,1.97,,
18,Miami,Miami Open,2025-03-24,Masters 1000,Outdoor,Hard,3rd Round,3,Berrettini M.,Bergs Z.,30,51.0,1580,1065.0,6.0,4.0,6.0,4.0,,,,,,,2.0,0.0,Completed,1.4,3.0,1.41,3.16,1.43,3.23,1.39,2.95,,
18,Miami,Miami Open,2025-03-24,Masters 1000,Outdoor,Hard,3rd Round,3,De Minaur A.,Fonseca J.,11,60.0,3335,955.0,5.0,7.0,7.0,5.0,6.0,3.0,,,,,2.0,1.0,Completed,1.73,2.1,1.77,2.18,1.81,2.18,1.74,2.09,,
18,Miami,Miami Open,2025-03-25,Masters 1000,Outdoor,Hard,4th Round,3,Dimitrov G.,Nakashima B.,15,32.0,2745,1500.0,6.0,4.0,7.0,5.0,,,,,,,2.0,0.0,Completed,1.57,2.38,1.68,2.34,1.68,2.47,1.58,2.37,,
18,Miami,Miami Open,2025-03-25,Masters 1000,Outdoor,Hard,4th Round,3,Korda S.,Monfils G.,25,46.0,1860,1230.0,6.0,4.0,2.0,6.0,6.0,4.0,,,,,2.0,1.0,Completed,1.73,2.1,1.75,2.2,1.75,2.24,1.7,2.14,,
18,Miami,Miami Open,2025-03-25,Masters 1000,Outdoor,Hard,4th Round,3,Cerundolo F.,Ruud C.,24,6.0,1925,3855.0,6.0,4.0,6.0,2.0,,,,,,,2.0,0.0,Completed,1.8,2.0,1.77,2.18,1.8,2.18,1.76,2.05,,
18,Miami,Miami Open,2025-03-25,Masters 1000,Outdoor,Hard,4th Round,3,Djokovic N.,Musetti L.,5,16.0,3860,2650.0,6.0,2.0,6.0,2.0,,,,,,,2.0,0.0,Completed,1.3,3.5,1.34,3.6,1.35,3.6,1.31,3.42,,
18,Miami,Miami Open,2025-03-25,Masters 1000,Outdoor,Hard,4th Round,3,Berrettini M.,De Minaur A.,30,11.0,1580,3335.0,6.0,3.0,7.0,6.0,,,,,,,2.0,0.0,Completed,2.3,1.62,2.38,1.65,2.38,1.65,2.31,1.6,,
18,Miami,Miami Open,2025-03-25,Masters 1000,Outdoor,Hard,4th Round,3,Mensik J.,Machac T.,54,21.0,1042,2310.0,,,,,,,,,,,,,Walkover,1.91,1.91,2.09,1.82,2.09,1.91,1.97,1.84,,
18,Miami,Miami Open,2025-03-25,Masters 1000,Outdoor,Hard,4th Round,3,Fritz T.,Walton A.,4,89.0,4900,666.0,6.0,3.0,7.0,5.0,,,,,,,2.0,0.0,Completed,1.08,8.0,1.08,9.97,1.09,9.97,1.07,7.98,,
18,Miami,Miami Open,2025-03-26,Masters 1000,Outdoor,Hard,4th Round,3,Fils A.,Zverev A.,18,2.0,2480,7945.0,3.0,6.0,6.0,3.0,6.0,4.0,,,,,2.0,1.0,Completed,3.5,1.3,3.9,1.33,3.95,1.5,3.44,1.32,,
18,Miami,Miami Open,2025-03-26,Masters 1000,Outdoor,Hard,Quarterfinals,3,Dimitrov G.,Cerundolo F.,15,24.0,2745,1925.0,6.0,7.0,6.0,4.0,7.0,6.0,,,,,2.0,1.0,Completed,1.8,2.0,1.88,2.03,1.88,2.03,1.83,1.98,,
18,Miami,Miami Open,2025-03-27,Masters 1000,Outdoor,Hard,Quarterfinals,3,Mensik J.,Fils A.,54,18.0,1042,2480.0,7.0,6.0,6.0,1.0,,,,,,,2.0,0.0,Completed,1.91,1.91,2.0,1.91,2.0,1.96,1.88,1.9,,
18,Miami,Miami Open,2025-03-27,Masters 1000,Outdoor,Hard,Quarterfinals,3,Djokovic N.,Korda S.,5,25.0,3860,1860.0,6.0,3.0,7.0,6.0,,,,,,,2.0,0.0,Completed,1.25,4.0,1.26,4.3,1.26,4.38,1.24,4.07,,
18,Miami,Miami Open,2025-03-27,Masters 1000,Outdoor,Hard,Quarterfinals,3,Fritz T.,Berrettini M.,4,30.0,4900,1580.0,7.0,5.0,6.0,7.0,7.0,5.0,,,,,2.0,1.0,Completed,1.44,2.75,1.47,2.85,1.5,2.85,1.44,2.76,,
18,Miami,Miami Open,2025-03-28,Masters 1000,Outdoor,Hard,Semifinals,3,Djokovic N.,Dimitrov G.,5,15.0,3860,2745.0,6.0,2.0,6.0,3.0,,,,,,,2.0,0.0,Completed,1.22,4.33,1.27,4.22,1.28,4.33,1.25,3.98,,
18,Miami,Miami Open,2025-03-28,Masters 1000,Outdoor,Hard,Semifinals,3,Mensik J.,Fritz T.,54,4.0,1042,4900.0,7.0,6.0,4.0,6.0,7.0,6.0,,,,,2.0,1.0,Completed,3.4,1.33,3.4,1.37,3.4,1.37,3.27,1.34,,
18,Miami,Miami Open,2025-03-31,Masters 1000,Outdoor,Hard,The Final,3,Mensik J.,Djokovic N.,54,5.0,1042,3860.0,7.0,6.0,7.0,6.0,,,,,,,2.0,1.0,Completed,4.33,1.22,4.19,1.27,4.33,1.27,4.01,1.24,,
19,Bucharest,Tiriac Open,2025-03-31,ATP250,Outdoor,Clay,1st Round,3,Navone M.,Djere L.,61,78.0,925,791.0,6.0,1.0,4.0,6.0,6.0,2.0,,,,,2.0,1.0,Completed,2.0,1.8,2.04,1.85,2.14,1.85,2.03,1.78,,
19,Bucharest,Tiriac Open,2025-03-31,ATP250,Outdoor,Clay,1st Round,3,Jianu F.C.,Basavareddy N.,241,108.0,229,571.0,6.0,3.0,6.0,4.0,,,,,,,2.0,0.0,Completed,2.38,1.57,2.6,1.55,2.6,1.64,2.41,1.56,,
19,Bucharest,Tiriac Open,2025-03-31,ATP250,Outdoor,Clay,1st Round,3,Gasquet R.,Van De Zandschulp B.,148,88.0,386,730.0,4.0,6.0,7.0,5.0,6.0,1.0,,,,,2.0,1.0,Completed,3.75,1.29,3.83,1.3,3.83,1.3,3.59,1.29,,
19,Bucharest,Tiriac Open,2025-04-01,ATP250,Outdoor,Clay,1st Round,3,O Connell C.,Lajovic D.,87,109.0,735,570.0,6.0,4.0,6.0,3.0,,,,,,,2.0,0.0,Completed,2.38,1.57,2.36,1.65,2.51,1.65,2.37,1.57,,
19,Bucharest,Tiriac Open,2025-04-01,ATP250,Outdoor,Clay,1st Round,3,Dzumhur D.,Vacherot V.,65,259.0,874,208.0,6.0,2.0,6.0,1.0,,,,,,,2.0,0.0,Completed,1.62,2.3,1.65,2.36,1.65,2.38,1.61,2.3,,
19,Bucharest,Tiriac Open,2025-04-01,ATP250,Outdoor,Clay,1st Round,3,Fucsovics M.,Nardi L.,90,93.0,655,637.0,6.0,3.0,6.0,1.0,,,,,,,2.0,0.0,Completed,1.5,2.63,1.49,2.52,1.51,2.75,1.48,2.59,,
19,Bucharest,Tiriac Open,2025-04-01,ATP250,Outdoor,Clay,1st Round,3,Misolic F.,Shevchenko A.,232,105.0,235,578.0,6.0,3.0,6.0,4.0,,,,,,,2.0,0.0,Completed,1.73,2.1,1.85,2.04,1.85,2.15,1.75,2.05,,
19,Bucharest,Tiriac Open,2025-04-01,ATP250,Outdoor,Clay,1st Round,3,Ugo Carabelli C.,Albot R.,63,223.0,918,248.0,6.0,4.0,6.0,3.0,,,,,,,2.0,0.0,Completed,1.22,4.33,1.26,4.27,1.26,4.33,1.23,4.05,,
19,Bucharest,Tiriac Open,2025-04-01,ATP250,Outdoor,Clay,1st Round,3,Bautista Agut R.,Bu Y.,52,67.0,1049,873.0,3.0,6.0,6.0,2.0,7.0,5.0,,,,,2.0,1.0,Completed,1.73,2.1,1.78,2.15,1.78,2.21,1.71,2.1,,
19,Bucharest,Tiriac Open,2025-04-01,ATP250,Outdoor,Clay,1st Round,3,Comesana F.,Klizan M.,64,316.0,890,165.0,4.0,6.0,7.0,5.0,7.0,5.0,,,,,2.0,1.0,Completed,1.3,3.5,1.32,3.65,1.33,3.65,1.31,3.43,,
19,Bucharest,Tiriac Open,2025-04-01,ATP250,Outdoor,Clay,1st Round,3,Diallo G.,Tseng C.H.,81,101.0,770,587.0,7.0,6.0,7.0,,,,,,,,2.0,0.0,Completed,2.38,1.57,2.32,1.67,2.38,1.67,2.26,1.62,,
19,Bucharest,Tiriac Open,2025-04-01,ATP250,Outdoor,Clay,1st Round,3,Wawrinka S.,Skatov T.,161,174.0,355,324.0,6.0,4.0,6.0,7.0,7.0,6.0,,,,,2.0,1.0,Completed,1.57,2.38,1.64,2.38,1.67,2.45,1.59,2.31,,
19,Bucharest,Tiriac Open,2025-04-02,ATP250,Outdoor,Clay,2nd Round,3,Misolic F.,Ugo Carabelli C.,232,63.0,235,918.0,6.0,3.0,6.0,1.0,,,,,,,2.0,0.0,Completed,2.5,1.53,2.77,1.51,2.79,1.55,2.54,1.51,,
19,Bucharest,Tiriac Open,2025-04-02,ATP250,Outdoor,Clay,2nd Round,3,Cobolli F.,Gasquet R.,45,148.0,1260,386.0,6.0,4.0,4.0,6.0,6.0,1.0,,,,,2.0,1.0,Completed,1.44,2.75,1.49,2.84,1.53,2.84,1.46,2.69,,
19,Bucharest,Tiriac Open,2025-04-02,ATP250,Outdoor,Clay,2nd Round,3,Comesana F.,Bautista Agut R.,64,52.0,890,1049.0,6.0,4.0,3.0,6.0,6.0,3.0,,,,,2.0,1.0,Completed,1.62,2.3,1.72,2.25,1.72,2.34,1.63,2.24,,
19,Bucharest,Tiriac Open,2025-04-03,ATP250,Outdoor,Clay,2nd Round,3,O Connell C.,Jarry N.,87,58.0,735,965.0,6.0,2.0,5.0,7.0,7.0,6.0,,,,,2.0,1.0,Completed,1.8,2.0,1.92,1.99,1.92,2.1,1.79,2.01,,
19,Bucharest,Tiriac Open,2025-04-03,ATP250,Outdoor,Clay,2nd Round,3,Baez S.,Diallo G.,36,81.0,1385,770.0,7.0,6.0,2.0,6.0,6.0,2.0,,,,,2.0,1.0,Completed,1.33,3.4,1.35,3.53,1.35,3.53,1.33,3.25,,
19,Bucharest,Tiriac Open,2025-04-03,ATP250,Outdoor,Clay,2nd Round,3,Fucsovics M.,Navone M.,90,61.0,655,925.0,4.0,6.0,6.0,4.0,6.0,4.0,,,,,2.0,1.0,Completed,2.38,1.57,2.58,1.57,2.58,1.62,2.38,1.57,,
19,Bucharest,Tiriac Open,2025-04-03,ATP250,Outdoor,Clay,2nd Round,3,Dzumhur D.,Jianu F.C.,65,241.0,874,229.0,6.0,4.0,3.0,6.0,6.0,3.0,,,,,2.0,1.0,Completed,1.22,4.33,1.33,3.69,1.33,4.33,1.29,3.63,,
19,Bucharest,Tiriac Open,2025-04-03,ATP250,Outdoor,Clay,2nd Round,3,Martinez P.,Wawrinka S.,47,161.0,1205,355.0,4.0,6.0,7.0,5.0,6.0,2.0,,,,,2.0,1.0,Completed,1.73,2.1,1.85,2.05,1.85,2.12,1.76,2.04,,
19,Bucharest,Tiriac Open,2025-04-04,ATP250,Outdoor,Clay,Quarterfinals,3,Fucsovics M.,O Connell C.,90,87.0,655,735.0,6.0,0.0,6.0,4.0,,,,,,,2.0,0.0,Completed,1.5,2.63,1.54,2.66,1.55,2.66,1.51,2.55,,
19,Bucharest,Tiriac Open,2025-04-04,ATP250,Outdoor,Clay,Quarterfinals,3,Baez S.,Comesana F.,36,64.0,1385,890.0,7.0,6.0,2.0,6.0,6.0,1.0,,,,,2.0,1.0,Completed,1.44,2.75,1.49,2.84,1.5,2.84,1.45,2.71,,
19,Bucharest,Tiriac Open,2025-04-04,ATP250,Outdoor,Clay,Quarterfinals,3,Cobolli F.,Misolic F.,45,232.0,1260,235.0,7.0,6.0,6.0,4.0,,,,,,,2.0,0.0,Completed,1.73,2.1,1.72,2.25,1.82,2.25,1.73,2.09,,
19,Bucharest,Tiriac Open,2025-04-04,ATP250,Outdoor,Clay,Quarterfinals,3,Dzumhur D.,Martinez P.,65,47.0,874,1205.0,6.0,1.0,2.0,0.0,,,,,,,1.0,0.0,Retired,2.1,1.73,2.12,1.81,2.24,1.81,2.12,1.71,,
19,Bucharest,Tiriac Open,2025-04-05,ATP250,Outdoor,Clay,Semifinals,3,Baez S.,Fucsovics M.,36,90.0,1385,655.0,6.0,2.0,6.0,2.0,,,,,,,2.0,0.0,Completed,1.73,2.1,1.83,2.1,1.83,2.16,1.73,2.09,,
19,Bucharest,Tiriac Open,2025-04-05,ATP250,Outdoor,Clay,Semifinals,3,Cobolli F.,Dzumhur D.,45,65.0,1260,874.0,6.0,3.0,6.0,0.0,,,,,,,2.0,0.0,Completed,1.63,2.2,1.68,2.34,1.73,2.34,1.67,2.19,,
19,Bucharest,Tiriac Open,2025-04-06,ATP250,Outdoor,Clay,The Final,3,Cobolli F.,Baez S.,45,36.0,1260,1385.0,6.0,4.0,6.0,4.0,,,,,,,2.0,0.0,Completed,2.5,1.53,2.52,1.6,2.55,1.6,2.47,1.54,,
20,Houston,U.S.Men's Clay Court Championships,2025-03-31,ATP250,Outdoor,Clay,1st Round,3,Garin C.,Ritschard A.,133,125.0,439,466.0,6.0,3.0,6.0,4.0,,,,,,,2.0,0.0,Completed,1.44,2.75,1.55,2.6,1.56,2.75,1.48,2.6,,
20,Houston,U.S.Men's Clay Court Championships,2025-03-31,ATP250,Outdoor,Clay,1st Round,3,Brooksby J.,Daniel T.,507,124.0,77,478.0,6.0,4.0,6.0,4.0,,,,,,,2.0,0.0,Completed,1.33,3.4,1.37,3.34,1.37,3.4,1.33,3.22,,
20,Houston,U.S.Men's Clay Court Championships,2025-04-01,ATP250,Outdoor,Clay,1st Round,3,Michelsen A.,Tien L.,34,69.0,1445,865.0,6.0,4.0,6.0,2.0,,,,,,,2.0,0.0,Completed,2.0,1.8,1.97,1.92,2.02,2.08,1.93,1.85,,
20,Houston,U.S.Men's Clay Court Championships,2025-04-01,ATP250,Outdoor,Clay,1st Round,3,Denolly C.,Holt B.,328,115.0,159,533.0,7.0,6.0,7.0,6.0,,,,,,,2.0,0.0,Completed,3.2,1.36,3.3,1.38,3.5,1.38,3.19,1.35,,
20,Houston,U.S.Men's Clay Court Championships,2025-04-01,ATP250,Outdoor,Clay,1st Round,3,Kovacevic A.,Etcheverry T.,79,44.0,780,1260.0,6.0,3.0,6.0,4.0,,,,,,,2.0,0.0,Completed,3.2,1.36,3.47,1.35,3.47,1.4,3.1,1.36,,
20,Houston,U.S.Men's Clay Court Championships,2025-04-01,ATP250,Outdoor,Clay,1st Round,3,Mannarino A.,Hanfmann Y.,144,123.0,409,479.0,7.0,6.0,6.0,3.0,,,,,,,2.0,0.0,Completed,2.75,1.44,,,2.75,1.49,2.64,1.48,,
20,Houston,U.S.Men's Clay Court Championships,2025-04-01,ATP250,Outdoor,Clay,1st Round,3,McDonald M.,Galan D.E.,100,114.0,592,538.0,6.0,2.0,6.0,7.0,6.0,4.0,,,,,2.0,1.0,Completed,2.3,1.62,2.34,1.66,2.34,1.7,2.24,1.63,,
20,Houston,U.S.Men's Clay Court Championships,2025-04-01,ATP250,Outdoor,Clay,1st Round,3,Walton A.,Mmoh M.,85,282.0,746,186.0,6.0,3.0,7.0,6.0,,,,,,,2.0,0.0,Completed,2.2,1.67,2.28,1.69,2.29,1.71,2.18,1.67,,
20,Houston,U.S.Men's Clay Court Championships,2025-04-01,ATP250,Outdoor,Clay,1st Round,3,Smith C.,Duckworth J.,200,89.0,284,698.0,6.0,2.0,6.0,2.0,,,,,,,2.0,0.0,Completed,1.33,3.4,1.36,3.43,1.36,3.75,1.32,3.34,,
20,Houston,U.S.Men's Clay Court Championships,2025-04-01,ATP250,Outdoor,Clay,1st Round,3,Quinn E.,Thompson J.,130,35.0,456,1415.0,4.0,6.0,6.0,4.0,6.0,3.0,,,,,2.0,1.0,Completed,2.5,1.53,2.44,1.61,2.63,1.62,2.39,1.56,,
20,Houston,U.S.Men's Clay Court Championships,2025-04-02,ATP250,Outdoor,Clay,1st Round,3,Eubanks C.,Hijikata R.,117,82.0,515,769.0,6.0,2.0,4.0,6.0,6.0,3.0,,,,,2.0,1.0,Completed,2.0,1.8,1.94,1.94,2.17,2.01,1.97,1.83,,
20,Houston,U.S.Men's Clay Court Championships,2025-04-02,ATP250,Outdoor,Clay,1st Round,3,Nishikori K.,Krueger M.,66,141.0,873,416.0,6.0,4.0,6.0,2.0,,,,,,,2.0,0.0,Completed,1.25,4.0,1.26,4.22,1.27,4.22,1.24,3.9,,
20,Houston,U.S.Men's Clay Court Championships,2025-04-02,ATP250,Outdoor,Clay,2nd Round,3,Brooksby J.,Tabilo A.,507,32.0,77,1575.0,3.0,6.0,6.0,4.0,7.0,6.0,,,,,2.0,1.0,Completed,2.1,1.73,2.14,1.8,2.28,1.8,2.09,1.72,,
20,Houston,U.S.Men's Clay Court Championships,2025-04-02,ATP250,Outdoor,Clay,2nd Round,3,Smith C.,Quinn E.,200,130.0,284,456.0,6.0,3.0,6.0,4.0,,,,,,,2.0,0.0,Completed,1.5,2.63,1.56,2.65,1.59,2.65,1.52,2.49,,
20,Houston,U.S.Men's Clay Court Championships,2025-04-03,ATP250,Outdoor,Clay,2nd Round,3,Paul T.,Garin C.,13,133.0,3070,439.0,2.0,6.0,6.0,2.0,7.0,6.0,,,,,2.0,1.0,Completed,1.36,3.2,1.37,3.39,1.4,3.39,1.35,3.14,,
20,Houston,U.S.Men's Clay Court Championships,2025-04-03,ATP250,Outdoor,Clay,2nd Round,3,Kovacevic A.,Denolly C.,79,328.0,780,159.0,6.0,3.0,6.0,3.0,,,,,,,2.0,0.0,Completed,1.17,5.0,1.23,4.74,1.23,5.0,1.19,4.65,,
20,Houston,U.S.Men's Clay Court Championships,2025-04-03,ATP250,Outdoor,Clay,2nd Round,3,Nakashima B.,McDonald M.,33,100.0,1570,592.0,6.0,1.0,7.0,5.0,,,,,,,2.0,0.0,Completed,1.44,2.75,1.47,2.91,1.47,2.91,1.43,2.78,,
20,Houston,U.S.Men's Clay Court Championships,2025-04-03,ATP250,Outdoor,Clay,2nd Round,3,Eubanks C.,Nishikori K.,117,66.0,515,873.0,6.0,1.0,,,,,,,,,1.0,0.0,Retired,4.5,1.2,4.35,1.26,4.5,1.27,4.18,1.22,,
20,Houston,U.S.Men's Clay Court Championships,2025-04-04,ATP250,Outdoor,Clay,2nd Round,3,Tiafoe F.,Walton A.,17,85.0,2525,746.0,7.0,5.0,6.0,3.0,,,,,,,2.0,0.0,Completed,1.25,4.0,1.31,3.86,1.33,4.01,1.28,3.64,,
20,Houston,U.S.Men's Clay Court Championships,2025-04-04,ATP250,Outdoor,Clay,2nd Round,3,Michelsen A.,Mannarino A.,34,144.0,1445,409.0,6.0,7.0,6.0,4.0,6.0,2.0,,,,,2.0,1.0,Completed,1.11,6.5,1.14,6.55,1.15,6.77,1.12,6.01,,
20,Houston,U.S.Men's Clay Court Championships,2025-04-04,ATP250,Outdoor,Clay,Quarterfinals,3,Brooksby J.,Kovacevic A.,507,79.0,77,780.0,2.0,6.0,6.0,3.0,6.0,4.0,,,,,2.0,1.0,Completed,1.73,2.1,1.74,2.22,1.82,2.22,1.73,2.09,,
20,Houston,U.S.Men's Clay Court Championships,2025-04-04,ATP250,Outdoor,Clay,Quarterfinals,3,Paul T.,Smith C.,13,200.0,3070,284.0,6.0,1.0,7.0,6.0,,,,,,,2.0,0.0,Completed,1.36,3.2,1.4,3.25,1.41,3.25,1.37,3.08,,
20,Houston,U.S.Men's Clay Court Championships,2025-04-04,ATP250,Outdoor,Clay,Quarterfinals,3,Nakashima B.,Eubanks C.,33,117.0,1570,515.0,6.0,4.0,6.0,4.0,,,,,,,2.0,0.0,Completed,1.17,5.0,1.25,3.69,1.25,5.0,1.19,4.47,,
20,Houston,U.S.Men's Clay Court Championships,2025-04-05,ATP250,Outdoor,Clay,Quarterfinals,3,Tiafoe F.,Michelsen A.,17,34.0,2525,1445.0,7.0,5.0,6.0,1.0,,,,,,,2.0,0.0,Completed,1.5,2.63,1.53,2.68,1.53,2.68,1.5,2.59,,
20,Houston,U.S.Men's Clay Court Championships,2025-04-05,ATP250,Outdoor,Clay,Semifinals,3,Brooksby J.,Paul T.,507,13.0,77,3070.0,7.0,6.0,3.0,6.0,7.0,6.0,,,,,2.0,1.0,Completed,4.0,1.25,4.11,1.28,4.11,1.28,3.82,1.26,,
20,Houston,U.S.Men's Clay Court Championships,2025-04-06,ATP250,Outdoor,Clay,Semifinals,3,Tiafoe F.,Nakashima B.,17,33.0,2525,1570.0,6.0,4.0,7.0,6.0,,,,,,,2.0,0.0,Completed,1.73,2.1,1.84,2.08,1.84,2.12,1.78,2.05,,
20,Houston,U.S.Men's Clay Court Championships,2025-04-06,ATP250,Outdoor,Clay,The Final,3,Brooksby J.,Tiafoe F.,507,17.0,77,2525.0,6.0,4.0,6.0,2.0,,,,,,,2.0,0.0,Completed,2.75,1.44,2.76,1.51,2.76,1.51,2.65,1.48,,
21,Marrakech,Grand Prix Hassan II,2025-03-31,ATP250,Outdoor,Clay,1st Round,3,Carballes Baena R.,Baadi T.,51,703.0,1051,40.0,7.0,6.0,6.0,3.0,,,,,,,2.0,0.0,Completed,1.01,26.0,1.02,32.58,1.02,32.58,1.01,18.32,,
21,Marrakech,Grand Prix Hassan II,2025-03-31,ATP250,Outdoor,Clay,1st Round,3,Collignon R.,Fognini F.,92,99.0,644,607.0,6.0,3.0,6.0,3.0,,,,,,,2.0,0.0,Completed,1.53,2.5,1.5,2.76,1.54,2.76,1.48,2.59,,
21,Marrakech,Grand Prix Hassan II,2025-03-31,ATP250,Outdoor,Clay,1st Round,3,Dellien H.,Vukic A.,102,76.0,582,808.0,7.0,5.0,4.0,6.0,7.0,5.0,,,,,2.0,1.0,Completed,1.57,2.38,1.61,2.44,1.62,2.5,1.55,2.4,,
21,Marrakech,Grand Prix Hassan II,2025-04-01,ATP250,Outdoor,Clay,1st Round,3,De Jong J.,Benchetrit E.,98,608.0,609,54.0,7.0,5.0,6.0,1.0,,,,,,,2.0,0.0,Completed,1.06,10.0,1.08,9.92,1.08,10.0,1.06,8.95,,
21,Marrakech,Grand Prix Hassan II,2025-04-01,ATP250,Outdoor,Clay,1st Round,3,Virtanen O.,Altmaier D.,135,83.0,430,763.0,6.0,2.0,4.0,6.0,7.0,6.0,,,,,2.0,1.0,Completed,3.75,1.29,3.73,1.31,3.78,1.31,3.63,1.28,,
21,Marrakech,Grand Prix Hassan II,2025-04-01,ATP250,Outdoor,Clay,1st Round,3,Majchrzak K.,Munar J.,122,55.0,482,1029.0,6.0,4.0,6.0,3.0,,,,,,,2.0,0.0,Completed,3.2,1.36,3.04,1.43,3.3,1.43,3.02,1.37,,
21,Marrakech,Grand Prix Hassan II,2025-04-01,ATP250,Outdoor,Clay,1st Round,3,Bellucci M.,Kotov P.,71,107.0,842,573.0,6.0,4.0,6.0,4.0,,,,,,,2.0,0.0,Completed,2.1,1.73,2.09,1.81,2.1,1.81,2.05,1.76,,
21,Marrakech,Grand Prix Hassan II,2025-04-01,ATP250,Outdoor,Clay,1st Round,3,Carreno Busta P.,Lalami Laaroussi Y.,110,1193.0,568,8.0,6.0,1.0,6.0,3.0,,,,,,,2.0,0.0,Completed,1.01,29.0,1.01,33.16,1.01,33.16,1.01,20.65,,
21,Marrakech,Grand Prix Hassan II,2025-04-01,ATP250,Outdoor,Clay,1st Round,3,Herbert P.,Coria F.,169,126.0,335,464.0,4.0,6.0,6.0,3.0,6.0,2.0,,,,,2.0,1.0,Completed,2.5,1.53,2.52,1.58,2.55,1.62,2.44,1.54,,
21,Marrakech,Grand Prix Hassan II,2025-04-01,ATP250,Outdoor,Clay,1st Round,3,Gaston H.,Cerundolo J.M.,84,128.0,751,461.0,5.0,7.0,6.0,3.0,6.0,4.0,,,,,2.0,1.0,Completed,2.0,1.8,2.05,1.85,2.06,1.85,1.97,1.81,,
21,Marrakech,Grand Prix Hassan II,2025-04-02,ATP250,Outdoor,Clay,1st Round,3,Darderi L.,Boyer T.,57,121.0,989,491.0,6.0,4.0,6.0,4.0,,,,,,,2.0,0.0,Completed,1.44,2.75,1.51,2.72,1.53,2.75,1.48,2.62,,
21,Marrakech,Grand Prix Hassan II,2025-04-02,ATP250,Outdoor,Clay,1st Round,3,Kopriva V.,Gojo B.,106,414.0,576,116.0,2.0,6.0,6.0,2.0,6.0,4.0,,,,,2.0,1.0,Completed,1.62,2.3,1.65,2.34,1.7,2.35,1.63,2.25,,
21,Marrakech,Grand Prix Hassan II,2025-04-02,ATP250,Outdoor,Clay,2nd Round,3,Muller A.,Dellien H.,41,102.0,1304,582.0,6.0,7.0,6.0,1.0,6.0,4.0,,,,,2.0,1.0,Completed,1.5,2.63,1.52,2.69,1.57,2.69,1.51,2.53,,
21,Marrakech,Grand Prix Hassan II,2025-04-02,ATP250,Outdoor,Clay,2nd Round,3,Majchrzak K.,De Jong J.,122,98.0,482,609.0,7.0,6.0,6.0,1.0,,,,,,,2.0,0.0,Completed,1.8,2.0,1.83,2.07,1.83,2.08,1.78,1.99,,
21,Marrakech,Grand Prix Hassan II,2025-04-02,ATP250,Outdoor,Clay,2nd Round,3,Carballes Baena R.,Virtanen O.,51,135.0,1051,430.0,6.0,4.0,6.0,4.0,,,,,,,2.0,0.0,Completed,1.33,3.4,1.37,3.06,1.38,3.4,1.35,3.12,,
21,Marrakech,Grand Prix Hassan II,2025-04-02,ATP250,Outdoor,Clay,2nd Round,3,Borges N.,Collignon R.,43,92.0,1265,644.0,6.0,2.0,3.0,6.0,7.0,6.0,,,,,2.0,1.0,Completed,1.53,2.5,1.68,2.3,1.68,2.55,1.57,2.36,,
21,Marrakech,Grand Prix Hassan II,2025-04-03,ATP250,Outdoor,Clay,2nd Round,3,Bellucci M.,Herbert P.,71,169.0,842,335.0,6.0,2.0,7.0,5.0,,,,,,,2.0,0.0,Completed,1.57,2.38,1.61,2.44,1.61,2.44,1.57,2.35,,
21,Marrakech,Grand Prix Hassan II,2025-04-03,ATP250,Outdoor,Clay,2nd Round,3,Griekspoor T.,Carreno Busta P.,37,110.0,1370,568.0,7.0,6.0,3.0,6.0,6.0,3.0,,,,,2.0,1.0,Completed,1.73,2.1,1.76,2.17,1.77,2.17,1.72,2.1,,
21,Marrakech,Grand Prix Hassan II,2025-04-03,ATP250,Outdoor,Clay,2nd Round,3,Darderi L.,Gaston H.,57,84.0,989,751.0,2.0,6.0,6.0,2.0,6.0,3.0,,,,,2.0,1.0,Completed,1.5,2.63,1.59,2.51,1.59,2.63,1.53,2.48,,
21,Marrakech,Grand Prix Hassan II,2025-04-03,ATP250,Outdoor,Clay,2nd Round,3,Kopriva V.,Sonego L.,106,38.0,576,1361.0,6.0,2.0,5.0,7.0,6.0,4.0,,,,,2.0,1.0,Completed,2.5,1.53,2.34,1.66,2.51,1.67,2.32,1.59,,
21,Marrakech,Grand Prix Hassan II,2025-04-04,ATP250,Outdoor,Clay,Quarterfinals,3,Carballes Baena R.,Borges N.,51,43.0,1051,1265.0,6.0,4.0,6.0,4.0,,,,,,,2.0,0.0,Completed,2.0,1.8,2.0,1.91,2.12,1.91,1.99,1.8,,
21,Marrakech,Grand Prix Hassan II,2025-04-04,ATP250,Outdoor,Clay,Quarterfinals,3,Darderi L.,Kopriva V.,57,106.0,989,576.0,7.0,5.0,6.0,2.0,,,,,,,2.0,0.0,Completed,1.53,2.5,1.58,2.55,1.6,2.55,1.53,2.45,,
21,Marrakech,Grand Prix Hassan II,2025-04-04,ATP250,Outdoor,Clay,Quarterfinals,3,Griekspoor T.,Bellucci M.,37,71.0,1370,842.0,6.0,3.0,6.0,4.0,,,,,,,2.0,0.0,Completed,1.44,2.75,1.46,2.94,1.46,2.94,1.44,2.76,,
21,Marrakech,Grand Prix Hassan II,2025-04-04,ATP250,Outdoor,Clay,Quarterfinals,3,Majchrzak K.,Muller A.,122,41.0,482,1304.0,7.0,5.0,6.0,4.0,,,,,,,2.0,0.0,Completed,2.1,1.73,2.31,1.69,2.31,1.73,2.15,1.69,,
21,Marrakech,Grand Prix Hassan II,2025-04-05,ATP250,Outdoor,Clay,Semifinals,3,Darderi L.,Carballes Baena R.,57,51.0,989,1051.0,6.0,3.0,6.0,2.0,,,,,,,2.0,0.0,Completed,1.91,1.91,2.04,1.88,2.04,2.0,1.91,1.89,,
21,Marrakech,Grand Prix Hassan II,2025-04-05,ATP250,Outdoor,Clay,Semifinals,3,Griekspoor T.,Majchrzak K.,37,122.0,1370,482.0,7.0,5.0,7.0,6.0,,,,,,,2.0,0.0,Completed,1.62,2.3,1.69,2.31,1.69,2.45,1.63,2.26,,
21,Marrakech,Grand Prix Hassan II,2025-04-06,ATP250,Outdoor,Clay,The Final,3,Darderi L.,Griekspoor T.,57,37.0,989,1370.0,7.0,6.0,7.0,6.0,,,,,,,2.0,0.0,Completed,2.2,1.67,2.3,1.69,2.32,1.7,2.22,1.65,,
22,Monte Carlo,Monte Carlo Masters,2025-04-06,Masters 1000,Outdoor,Clay,1st Round,3,Vacherot V.,Struff J.L.,255,49.0,214,1120.0,6.0,2.0,6.0,1.0,,,,,,,2.0,0.0,Completed,2.75,1.44,2.82,1.48,2.9,1.5,2.79,1.45,,
22,Monte Carlo,Monte Carlo Masters,2025-04-06,Masters 1000,Outdoor,Clay,1st Round,3,Gasquet R.,Arnaldi M.,164,40.0,354,1340.0,6.0,3.0,4.0,6.0,6.0,4.0,,,,,2.0,1.0,Completed,4.33,1.22,4.16,1.27,4.5,1.27,4.2,1.23,,
22,Monte Carlo,Monte Carlo Masters,2025-04-06,Masters 1000,Outdoor,Clay,1st Round,3,Thompson J.,Mpetshi G.,38,30.0,1365,1644.0,6.0,4.0,6.0,3.0,,,,,,,2.0,0.0,Completed,2.2,1.67,2.36,1.65,2.38,1.71,2.25,1.64,,
22,Monte Carlo,Monte Carlo Masters,2025-04-07,Masters 1000,Outdoor,Clay,1st Round,3,Tabilo A.,Wawrinka S.,32,163.0,1575,355.0,1.0,6.0,7.0,5.0,7.0,5.0,,,,,2.0,1.0,Completed,1.67,2.2,1.69,2.28,1.74,2.36,1.69,2.17,,
22,Monte Carlo,Monte Carlo Masters,2025-04-07,Masters 1000,Outdoor,Clay,1st Round,3,Giron M.,Shapovalov D.,45,29.0,1200,1716.0,6.0,3.0,7.0,6.0,,,,,,,2.0,0.0,Completed,2.75,1.44,2.82,1.48,2.9,1.52,2.73,1.46,,
22,Monte Carlo,Monte Carlo Masters,2025-04-07,Masters 1000,Outdoor,Clay,1st Round,3,Lehecka J.,Korda S.,28,24.0,1745,2010.0,6.0,3.0,7.0,6.0,,,,,,,2.0,0.0,Completed,1.62,2.3,1.62,2.43,1.73,2.5,1.63,2.28,,
22,Monte Carlo,Monte Carlo Masters,2025-04-07,Masters 1000,Outdoor,Clay,1st Round,3,Monfils G.,Marozsan F.,44,81.0,1255,775.0,4.0,6.0,6.0,1.0,6.0,1.0,,,,,2.0,1.0,Completed,2.2,1.67,2.17,1.75,2.33,1.81,2.15,1.72,,
22,Monte Carlo,Monte Carlo Masters,2025-04-07,Masters 1000,Outdoor,Clay,1st Round,3,Altmaier D.,Auger-Aliassime F.,84,19.0,763,2415.0,7.0,6.0,6.0,3.0,,,,,,,2.0,0.0,Completed,2.75,1.44,2.36,1.55,3.0,1.58,2.76,1.44,,
22,Monte Carlo,Monte Carlo Masters,2025-04-07,Masters 1000,Outdoor,Clay,1st Round,3,Musetti L.,Bu Y.,16,67.0,2650,873.0,4.0,6.0,7.0,5.0,6.0,3.0,,,,,2.0,1.0,Completed,1.2,4.5,1.23,4.67,1.25,4.8,1.22,4.4,,
22,Monte Carlo,Monte Carlo Masters,2025-04-07,Masters 1000,Outdoor,Clay,1st Round,3,Berrettini M.,Navone M.,34,70.0,1530,850.0,6.0,4.0,6.0,4.0,,,,,,,2.0,0.0,Completed,1.5,2.63,1.54,2.64,1.57,2.77,1.51,2.6,,
22,Monte Carlo,Monte Carlo Masters,2025-04-07,Masters 1000,Outdoor,Clay,1st Round,3,Muller A.,Ugo Carabelli C.,39,63.0,1344,917.0,6.0,4.0,6.0,4.0,,,,,,,2.0,0.0,Completed,1.91,1.91,2.0,1.89,2.04,1.94,1.92,1.9,,
22,Monte Carlo,Monte Carlo Masters,2025-04-07,Masters 1000,Outdoor,Clay,1st Round,3,Medvedev D.,Khachanov K.,11,25.0,3290,1950.0,7.0,5.0,4.0,6.0,6.0,4.0,,,,,2.0,1.0,Completed,1.87,1.87,1.94,1.94,1.99,2.04,1.88,1.93,,
22,Monte Carlo,Monte Carlo Masters,2025-04-07,Masters 1000,Outdoor,Clay,1st Round,3,Davidovich Fokina A.,Shelton B.,42,14.0,1305,2690.0,6.0,7.0,6.0,2.0,6.0,1.0,,,,,2.0,1.0,Completed,1.62,2.3,1.63,2.41,1.69,2.5,1.62,2.33,,
22,Monte Carlo,Monte Carlo Masters,2025-04-07,Masters 1000,Outdoor,Clay,1st Round,3,Cerundolo F.,Fognini F.,22,113.0,2075,544.0,6.0,0.0,6.0,3.0,,,,,,,2.0,0.0,Completed,1.11,6.5,1.15,6.39,1.16,7.0,1.12,6.24,,
22,Monte Carlo,Monte Carlo Masters,2025-04-08,Masters 1000,Outdoor,Clay,1st Round,3,Dimitrov G.,Jarry N.,18,58.0,2495,965.0,6.0,3.0,6.0,4.0,,,,,,,2.0,0.0,Completed,1.36,3.2,1.38,3.28,1.43,3.5,1.35,3.28,,
22,Monte Carlo,Monte Carlo Masters,2025-04-08,Masters 1000,Outdoor,Clay,1st Round,3,Martinez P.,Sonego L.,51,41.0,1090,1336.0,6.0,4.0,1.0,6.0,6.0,2.0,,,,,2.0,1.0,Completed,2.63,1.5,2.63,1.54,2.78,1.55,2.61,1.5,,
22,Monte Carlo,Monte Carlo Masters,2025-04-08,Masters 1000,Outdoor,Clay,1st Round,3,Popyrin A.,Humbert U.,27,20.0,1760,2335.0,3.0,6.0,7.0,6.0,6.0,4.0,,,,,2.0,1.0,Completed,2.2,1.67,2.26,1.71,2.35,1.81,2.21,1.68,,
22,Monte Carlo,Monte Carlo Masters,2025-04-08,Masters 1000,Outdoor,Clay,1st Round,3,Bautista Agut R.,Nakashima B.,52,31.0,1049,1620.0,6.0,2.0,6.0,4.0,,,,,,,2.0,0.0,Completed,2.2,1.67,2.29,1.69,2.3,1.75,2.22,1.67,,
22,Monte Carlo,Monte Carlo Masters,2025-04-08,Masters 1000,Outdoor,Clay,1st Round,3,Borges N.,Rune H.,43,12.0,1280,3270.0,6.0,2.0,3.0,0.0,,,,,,,1.0,0.0,Retired,3.2,1.36,3.22,1.39,3.5,1.39,3.18,1.36,,
22,Monte Carlo,Monte Carlo Masters,2025-04-08,Masters 1000,Outdoor,Clay,1st Round,3,Cobolli F.,Lajovic D.,36,109.0,1500,570.0,6.0,4.0,6.0,2.0,,,,,,,2.0,0.0,Completed,1.8,2.0,1.9,1.99,1.91,2.06,1.86,1.95,,
22,Monte Carlo,Monte Carlo Masters,2025-04-08,Masters 1000,Outdoor,Clay,1st Round,3,Etcheverry T.,Moutet C.,46,75.0,1185,809.0,4.0,6.0,6.0,1.0,6.0,4.0,,,,,2.0,1.0,Completed,1.67,2.2,1.74,2.21,1.78,2.26,1.67,2.18,,
22,Monte Carlo,Monte Carlo Masters,2025-04-08,Masters 1000,Outdoor,Clay,1st Round,3,Machac T.,Baez S.,21,33.0,2210,1540.0,3.0,6.0,6.0,3.0,6.0,2.0,,,,,2.0,1.0,Completed,1.73,2.1,1.83,2.07,1.83,2.18,1.75,2.08,,
22,Monte Carlo,Monte Carlo Masters,2025-04-08,Masters 1000,Outdoor,Clay,1st Round,3,Fils A.,Griekspoor T.,15,35.0,2670,1525.0,6.0,7.0,6.0,4.0,6.0,2.0,,,,,2.0,1.0,Completed,1.5,2.63,1.51,2.72,1.58,2.72,1.5,2.61,,
22,Monte Carlo,Monte Carlo Masters,2025-04-08,Masters 1000,Outdoor,Clay,1st Round,3,Tiafoe F.,Kecmanovic M.,17,47.0,2525,1166.0,6.0,2.0,5.0,7.0,7.0,6.0,,,,,2.0,1.0,Completed,2.63,1.5,2.66,1.53,2.8,1.55,2.67,1.48,,
22,Monte Carlo,Monte Carlo Masters,2025-04-08,Masters 1000,Outdoor,Clay,2nd Round,3,Berrettini M.,Zverev A.,34,2.0,1530,7645.0,2.0,6.0,6.0,3.0,7.0,5.0,,,,,2.0,1.0,Completed,2.38,1.57,2.44,1.63,2.54,1.64,2.42,1.56,,
22,Monte Carlo,Monte Carlo Masters,2025-04-08,Masters 1000,Outdoor,Clay,2nd Round,3,Tsitsipas S.,Thompson J.,8,38.0,3445,1365.0,4.0,6.0,6.0,4.0,6.0,2.0,,,,,2.0,1.0,Completed,1.13,6.0,1.14,6.78,1.14,7.6,1.13,6.12,,
22,Monte Carlo,Monte Carlo Masters,2025-04-08,Masters 1000,Outdoor,Clay,2nd Round,3,Draper J.,Giron M.,6,45.0,3780,1200.0,6.0,1.0,6.0,1.0,,,,,,,2.0,0.0,Completed,1.29,3.75,1.28,4.11,1.31,4.2,1.29,3.72,,
22,Monte Carlo,Monte Carlo Masters,2025-04-09,Masters 1000,Outdoor,Clay,2nd Round,3,Davidovich Fokina A.,Etcheverry T.,42,46.0,1305,1185.0,7.0,6.0,6.0,3.0,,,,,,,2.0,0.0,Completed,1.57,2.38,1.62,2.47,1.62,2.6,1.57,2.42,,
22,Monte Carlo,Monte Carlo Masters,2025-04-09,Masters 1000,Outdoor,Clay,2nd Round,3,Musetti L.,Lehecka J.,16,28.0,2650,1745.0,1.0,6.0,7.0,5.0,6.0,2.0,,,,,2.0,1.0,Completed,1.67,2.2,1.7,2.28,1.7,2.4,1.67,2.23,,
22,Monte Carlo,Monte Carlo Masters,2025-04-09,Masters 1000,Outdoor,Clay,2nd Round,3,Altmaier D.,Gasquet R.,84,164.0,763,354.0,7.0,5.0,5.0,7.0,6.0,2.0,,,,,2.0,1.0,Completed,1.4,3.0,1.49,2.83,1.5,3.0,1.45,2.79,,
22,Monte Carlo,Monte Carlo Masters,2025-04-09,Masters 1000,Outdoor,Clay,2nd Round,3,Borges N.,Martinez P.,43,51.0,1280,1090.0,7.0,5.0,6.0,7.0,6.0,4.0,,,,,2.0,1.0,Completed,1.5,2.63,1.54,2.67,1.56,2.76,1.5,2.62,,
22,Monte Carlo,Monte Carlo Masters,2025-04-09,Masters 1000,Outdoor,Clay,2nd Round,3,Fils A.,Cobolli F.,15,36.0,2670,1500.0,6.0,2.0,6.0,4.0,,,,,,,2.0,0.0,Completed,1.44,2.75,1.49,2.84,1.52,2.9,1.46,2.74,,
22,Monte Carlo,Monte Carlo Masters,2025-04-09,Masters 1000,Outdoor,Clay,2nd Round,3,Rublev A.,Monfils G.,9,44.0,3440,1255.0,6.0,4.0,7.0,6.0,,,,,,,2.0,0.0,Completed,1.5,2.63,1.52,2.72,1.56,2.76,1.51,2.59,,
22,Monte Carlo,Monte Carlo Masters,2025-04-09,Masters 1000,Outdoor,Clay,2nd Round,3,Alcaraz C.,Cerundolo F.,3,22.0,6720,2075.0,3.0,6.0,6.0,0.0,6.0,1.0,,,,,2.0,1.0,Completed,1.36,3.2,1.4,2.86,1.41,3.48,1.36,3.12,,
22,Monte Carlo,Monte Carlo Masters,2025-04-09,Masters 1000,Outdoor,Clay,2nd Round,3,De Minaur A.,Machac T.,10,21.0,3335,2210.0,3.0,6.0,6.0,0.0,6.0,3.0,,,,,2.0,1.0,Completed,1.73,2.1,1.74,2.23,1.74,2.32,1.71,2.16,,
22,Monte Carlo,Monte Carlo Masters,2025-04-09,Masters 1000,Outdoor,Clay,2nd Round,3,Ruud C.,Bautista Agut R.,7,52.0,3765,1049.0,6.0,2.0,6.0,1.0,,,,,,,2.0,0.0,Completed,1.22,4.33,1.23,4.59,1.25,5.1,1.22,4.39,,
22,Monte Carlo,Monte Carlo Masters,2025-04-09,Masters 1000,Outdoor,Clay,2nd Round,3,Tabilo A.,Djokovic N.,32,5.0,1575,4510.0,6.0,3.0,6.0,4.0,,,,,,,2.0,0.0,Completed,5.0,1.17,3.69,1.25,5.6,1.25,4.82,1.18,,
22,Monte Carlo,Monte Carlo Masters,2025-04-09,Masters 1000,Outdoor,Clay,2nd Round,3,Popyrin A.,Tiafoe F.,27,17.0,1760,2525.0,3.0,6.0,6.0,3.0,6.0,3.0,,,,,2.0,1.0,Completed,1.67,2.2,1.74,2.23,1.76,2.26,1.68,2.19,,
22,Monte Carlo,Monte Carlo Masters,2025-04-09,Masters 1000,Outdoor,Clay,2nd Round,3,Dimitrov G.,Vacherot V.,18,255.0,2495,214.0,4.0,6.0,6.0,3.0,6.0,1.0,,,,,2.0,1.0,Completed,1.2,4.5,1.2,4.86,1.25,4.9,1.2,4.6,,
22,Monte Carlo,Monte Carlo Masters,2025-04-09,Masters 1000,Outdoor,Clay,2nd Round,3,Medvedev D.,Muller A.,11,39.0,3290,1344.0,7.0,6.0,5.0,7.0,6.0,2.0,,,,,2.0,1.0,Completed,1.5,2.63,1.57,2.31,1.66,2.77,1.52,2.53,,
22,Monte Carlo,Monte Carlo Masters,2025-04-10,Masters 1000,Outdoor,Clay,3rd Round,3,Fils A.,Rublev A.,15,9.0,2670,3440.0,6.0,2.0,6.0,3.0,,,,,,,2.0,0.0,Completed,1.73,2.1,1.76,2.19,1.82,2.22,1.74,2.1,,
22,Monte Carlo,Monte Carlo Masters,2025-04-10,Masters 1000,Outdoor,Clay,3rd Round,3,Davidovich Fokina A.,Draper J.,42,6.0,1305,3780.0,6.0,3.0,6.0,7.0,6.0,4.0,,,,,2.0,1.0,Completed,2.75,1.44,2.65,1.55,2.92,1.57,2.71,1.47,,
22,Monte Carlo,Monte Carlo Masters,2025-04-10,Masters 1000,Outdoor,Clay,3rd Round,3,Popyrin A.,Ruud C.,27,7.0,1760,3765.0,6.0,4.0,3.0,6.0,7.0,5.0,,,,,2.0,1.0,Completed,4.33,1.22,4.75,1.23,5.0,1.24,4.32,1.22,,
22,Monte Carlo,Monte Carlo Masters,2025-04-10,Masters 1000,Outdoor,Clay,3rd Round,3,Alcaraz C.,Altmaier D.,3,84.0,6720,763.0,6.0,3.0,6.0,1.0,,,,,,,2.0,0.0,Completed,1.04,13.0,1.13,5.37,1.13,13.0,1.07,8.92,,
22,Monte Carlo,Monte Carlo Masters,2025-04-10,Masters 1000,Outdoor,Clay,3rd Round,3,Musetti L.,Berrettini M.,16,34.0,2650,1530.0,6.0,3.0,6.0,3.0,,,,,,,2.0,0.0,Completed,2.1,1.73,2.12,1.81,2.28,1.83,2.1,1.73,,
22,Monte Carlo,Monte Carlo Masters,2025-04-10,Masters 1000,Outdoor,Clay,3rd Round,3,De Minaur A.,Medvedev D.,10,11.0,3335,3290.0,6.0,2.0,6.0,2.0,,,,,,,2.0,0.0,Completed,1.67,2.2,1.63,2.44,1.78,2.44,1.66,2.2,,
22,Monte Carlo,Monte Carlo Masters,2025-04-10,Masters 1000,Outdoor,Clay,3rd Round,3,Tsitsipas S.,Borges N.,8,43.0,3445,1280.0,6.0,1.0,6.0,1.0,,,,,,,2.0,0.0,Completed,1.22,4.33,1.28,3.84,1.3,4.5,1.24,4.04,,
22,Monte Carlo,Monte Carlo Masters,2025-04-10,Masters 1000,Outdoor,Clay,3rd Round,3,Dimitrov G.,Tabilo A.,18,32.0,2495,1575.0,6.0,3.0,3.0,6.0,6.0,2.0,,,,,2.0,1.0,Completed,1.62,2.3,1.61,2.48,1.68,2.52,1.59,2.36,,
22,Monte Carlo,Monte Carlo Masters,2025-04-11,Masters 1000,Outdoor,Clay,Quarterfinals,3,Davidovich Fokina A.,Popyrin A.,42,27.0,1305,1760.0,6.0,3.0,6.0,2.0,,,,,,,2.0,0.0,Completed,1.53,2.5,1.58,2.56,1.62,2.62,1.54,2.5,,
22,Monte Carlo,Monte Carlo Masters,2025-04-11,Masters 1000,Outdoor,Clay,Quarterfinals,3,Alcaraz C.,Fils A.,3,15.0,6720,2670.0,4.0,6.0,7.0,5.0,6.0,3.0,,,,,2.0,1.0,Completed,1.36,3.2,1.42,3.13,1.42,3.35,1.36,3.17,,
22,Monte Carlo,Monte Carlo Masters,2025-04-11,Masters 1000,Outdoor,Clay,Quarterfinals,3,De Minaur A.,Dimitrov G.,10,18.0,3335,2495.0,6.0,0.0,6.0,0.0,,,,,,,2.0,0.0,Completed,1.57,2.38,1.6,2.51,1.6,2.64,1.54,2.5,,
22,Monte Carlo,Monte Carlo Masters,2025-04-11,Masters 1000,Outdoor,Clay,Quarterfinals,3,Musetti L.,Tsitsipas S.,16,8.0,2650,3445.0,1.0,6.0,6.0,3.0,6.0,4.0,,,,,2.0,1.0,Completed,2.1,1.73,2.14,1.8,2.31,1.83,2.17,1.7,,
22,Monte Carlo,Monte Carlo Masters,2025-04-12,Masters 1000,Outdoor,Clay,Semifinals,3,Alcaraz C.,Davidovich Fokina A.,3,42.0,6720,1305.0,7.0,6.0,6.0,4.0,,,,,,,2.0,0.0,Completed,1.2,4.5,1.23,4.7,1.24,5.1,1.22,4.35,,
22,Monte Carlo,Monte Carlo Masters,2025-04-12,Masters 1000,Outdoor,Clay,Semifinals,3,Musetti L.,De Minaur A.,16,10.0,2650,3335.0,1.0,6.0,6.0,4.0,7.0,6.0,,,,,2.0,1.0,Completed,2.2,1.67,2.15,1.79,2.35,1.79,2.15,1.71,,
22,Monte Carlo,Monte Carlo Masters,2025-04-13,Masters 1000,Outdoor,Clay,The Final,3,Alcaraz C.,Musetti L.,3,16.0,6720,2650.0,3.0,6.0,6.0,1.0,6.0,0.0,,,,,2.0,0.0,Completed,1.2,4.5,1.24,4.6,1.25,4.6,1.21,4.42,,
23,Barcelona,Barcelona Open,2025-04-14,ATP500,Outdoor,Clay,1st Round,3,Martinez P.,Nakashima B.,49,32.0,1130,1620.0,7.0,5.0,5.0,7.0,6.0,4.0,,,,,2.0,1.0,Completed,2.1,1.73,2.19,1.75,2.28,1.79,2.15,1.71,,
23,Barcelona,Barcelona Open,2025-04-14,ATP500,Outdoor,Clay,1st Round,3,Korda S.,Arnaldi M.,24,42.0,1970,1340.0,3.0,6.0,6.0,3.0,6.0,2.0,,,,,2.0,1.0,Completed,2.0,1.8,2.22,1.72,2.22,1.83,2.04,1.77,,
23,Barcelona,Barcelona Open,2025-04-14,ATP500,Outdoor,Clay,1st Round,3,Fearnley J.,Carballes Baena R.,74,55.0,820,1001.0,6.0,1.0,7.0,5.0,,,,,,,2.0,0.0,Completed,,,4.94,1.2,5.3,1.25,4.34,1.22,,
23,Barcelona,Barcelona Open,2025-04-14,ATP500,Outdoor,Clay,1st Round,3,Medjedovic H.,Mpetshi G.,72,34.0,843,1579.0,7.0,5.0,7.0,6.0,,,,,,,2.0,0.0,Completed,1.44,2.75,1.46,2.91,1.52,2.95,1.45,2.75,,
23,Barcelona,Barcelona Open,2025-04-14,ATP500,Outdoor,Clay,1st Round,3,Rune H.,Ramos A.,13,234.0,3080,242.0,7.0,5.0,6.0,4.0,,,,,,,2.0,0.0,Completed,1.13,6.0,1.16,6.13,1.16,7.2,1.14,5.77,,
23,Barcelona,Barcelona Open,2025-04-14,ATP500,Outdoor,Clay,1st Round,3,Rublev A.,De Jong J.,8,94.0,3490,622.0,6.0,1.0,6.0,3.0,,,,,,,2.0,0.0,Completed,1.36,3.2,1.4,3.18,1.43,3.3,1.37,3.13,,
23,Barcelona,Barcelona Open,2025-04-15,ATP500,Outdoor,Clay,1st Round,3,Fils A.,Carreno Busta P.,14,99.0,2820,607.0,7.0,6.0,6.0,3.0,,,,,,,2.0,0.0,Completed,1.25,4.0,1.25,4.32,1.27,4.8,1.24,4.05,,
23,Barcelona,Barcelona Open,2025-04-15,ATP500,Outdoor,Clay,1st Round,3,Baez S.,Dzumhur D.,35,65.0,1540,899.0,6.0,1.0,7.0,5.0,,,,,,,2.0,0.0,Completed,1.3,3.5,1.32,3.65,1.33,3.95,1.3,3.55,,
23,Barcelona,Barcelona Open,2025-04-15,ATP500,Outdoor,Clay,1st Round,3,Tsitsipas S.,Opelka R.,16,105.0,2645,579.0,6.0,2.0,6.0,2.0,,,,,,,2.0,0.0,Completed,1.11,6.5,1.16,6.13,1.16,6.8,1.12,6.15,,
23,Barcelona,Barcelona Open,2025-04-15,ATP500,Outdoor,Clay,1st Round,3,Ruud C.,Galan D.E.,10,117.0,3215,521.0,6.0,4.0,6.0,3.0,,,,,,,2.0,0.0,Completed,1.13,6.0,1.14,6.73,1.16,6.73,1.13,5.98,,
23,Barcelona,Barcelona Open,2025-04-15,ATP500,Outdoor,Clay,1st Round,3,Djere L.,Rinderknech A.,80,75.0,797,815.0,6.0,7.0,6.0,1.0,6.0,2.0,,,,,2.0,1.0,Completed,1.25,4.0,1.3,3.81,1.3,4.2,1.26,3.94,,
23,Barcelona,Barcelona Open,2025-04-15,ATP500,Outdoor,Clay,1st Round,3,De Minaur A.,Etcheverry T.,7,46.0,3535,1185.0,6.0,4.0,6.0,4.0,,,,,,,2.0,0.0,Completed,1.33,3.4,1.38,3.17,1.4,3.4,1.35,3.21,,
23,Barcelona,Barcelona Open,2025-04-15,ATP500,Outdoor,Clay,1st Round,3,Munar J.,Tiafoe F.,57,18.0,977,2550.0,2.0,6.0,7.0,5.0,6.0,1.0,,,,,2.0,1.0,Completed,1.73,2.1,1.71,2.25,1.75,2.3,1.71,2.13,,
23,Barcelona,Barcelona Open,2025-04-15,ATP500,Outdoor,Clay,1st Round,3,Alcaraz C.,Quinn E.,2,126.0,7720,475.0,6.0,2.0,7.0,6.0,,,,,,,2.0,0.0,Completed,1.03,15.0,1.03,19.73,1.03,27.0,1.03,14.44,,
23,Barcelona,Barcelona Open,2025-04-15,ATP500,Outdoor,Clay,1st Round,3,Khachanov K.,Norrie C.,27,88.0,1760,742.0,6.0,7.0,6.0,4.0,6.0,3.0,,,,,2.0,1.0,Completed,1.53,2.5,1.63,2.42,1.63,2.62,1.57,2.42,,
23,Barcelona,Barcelona Open,2025-04-15,ATP500,Outdoor,Clay,1st Round,3,Davidovich Fokina A.,Wawrinka S.,30,162.0,1680,355.0,6.0,1.0,6.0,4.0,,,,,,,2.0,0.0,Completed,1.25,4.0,1.25,4.57,1.29,4.7,1.25,3.99,,
23,Barcelona,Barcelona Open,2025-04-16,ATP500,Outdoor,Clay,2nd Round,3,Fils A.,Martinez P.,14,49.0,2820,1130.0,6.0,3.0,6.0,2.0,,,,,,,2.0,0.0,Completed,1.2,4.5,1.23,4.7,1.26,4.7,1.21,4.44,,
23,Barcelona,Barcelona Open,2025-04-16,ATP500,Outdoor,Clay,2nd Round,3,Rune H.,Baez S.,13,35.0,3080,1540.0,4.0,6.0,6.0,1.0,6.0,2.0,,,,,2.0,1.0,Completed,1.67,2.2,1.74,2.22,1.78,2.26,1.68,2.17,,
23,Barcelona,Barcelona Open,2025-04-16,ATP500,Outdoor,Clay,2nd Round,3,Tsitsipas S.,Korda S.,16,24.0,2645,1970.0,7.0,6.0,6.0,4.0,,,,,,,2.0,0.0,Completed,1.3,3.5,1.31,3.83,1.34,4.0,1.31,3.51,,
23,Barcelona,Barcelona Open,2025-04-16,ATP500,Outdoor,Clay,2nd Round,3,Ruud C.,Medjedovic H.,10,72.0,3215,843.0,7.0,5.0,7.0,5.0,,,,,,,2.0,0.0,Completed,1.36,3.2,1.39,3.29,1.39,3.5,1.37,3.11,,
23,Barcelona,Barcelona Open,2025-04-17,ATP500,Outdoor,Clay,2nd Round,3,Khachanov K.,Munar J.,27,57.0,1760,977.0,7.0,5.0,6.0,4.0,,,,,,,2.0,0.0,Completed,1.62,2.3,1.75,2.21,1.8,2.32,1.68,2.22,,
23,Barcelona,Barcelona Open,2025-04-17,ATP500,Outdoor,Clay,2nd Round,3,Davidovich Fokina A.,Rublev A.,30,8.0,1680,3490.0,7.0,5.0,6.0,4.0,,,,,,,2.0,0.0,Completed,2.0,1.8,2.04,1.87,2.12,1.96,1.99,1.82,,
23,Barcelona,Barcelona Open,2025-04-17,ATP500,Outdoor,Clay,2nd Round,3,Alcaraz C.,Djere L.,2,80.0,7720,797.0,6.0,2.0,6.0,4.0,,,,,,,2.0,0.0,Completed,1.08,8.0,1.08,9.95,1.11,11.5,1.08,8.02,,
23,Barcelona,Barcelona Open,2025-04-17,ATP500,Outdoor,Clay,2nd Round,3,De Minaur A.,Fearnley J.,7,74.0,3535,820.0,6.0,1.0,6.0,2.0,,,,,,,2.0,0.0,Completed,1.08,8.0,1.08,9.45,1.1,10.0,1.08,7.94,,
23,Barcelona,Barcelona Open,2025-04-18,ATP500,Outdoor,Clay,Quarterfinals,3,Khachanov K.,Davidovich Fokina A.,27,30.0,1760,1680.0,6.0,4.0,7.0,5.0,,,,,,,2.0,0.0,Completed,2.75,1.44,2.68,1.53,2.8,1.54,2.66,1.48,,
23,Barcelona,Barcelona Open,2025-04-18,ATP500,Outdoor,Clay,Quarterfinals,3,Rune H.,Ruud C.,13,10.0,3080,3215.0,6.0,4.0,6.0,2.0,,,,,,,2.0,0.0,Completed,2.38,1.57,2.5,1.6,2.62,1.63,2.37,1.59,,
23,Barcelona,Barcelona Open,2025-04-18,ATP500,Outdoor,Clay,Quarterfinals,3,Alcaraz C.,De Minaur A.,2,7.0,7720,3535.0,7.0,5.0,6.0,3.0,,,,,,,2.0,0.0,Completed,1.22,4.33,1.25,4.51,1.26,4.8,1.22,4.34,,
23,Barcelona,Barcelona Open,2025-04-18,ATP500,Outdoor,Clay,Quarterfinals,3,Fils A.,Tsitsipas S.,14,16.0,2820,2645.0,2.0,0.0,,,,,,,,,0.0,0.0,Retired,1.8,2.0,1.81,2.12,1.84,2.16,1.79,2.03,,
23,Barcelona,Barcelona Open,2025-04-19,ATP500,Outdoor,Clay,Semifinals,3,Rune H.,Khachanov K.,13,27.0,3080,1760.0,6.0,3.0,6.0,2.0,,,,,,,2.0,0.0,Completed,1.57,2.38,1.6,2.51,1.64,2.55,1.57,2.43,,
23,Barcelona,Barcelona Open,2025-04-19,ATP500,Outdoor,Clay,Semifinals,3,Alcaraz C.,Fils A.,2,14.0,7720,2820.0,6.0,2.0,6.0,4.0,,,,,,,2.0,0.0,Completed,1.3,3.5,1.34,3.58,1.36,3.9,1.32,3.4,,
23,Barcelona,Barcelona Open,2025-04-20,ATP500,Outdoor,Clay,The Final,3,Rune H.,Alcaraz C.,13,2.0,3080,7720.0,7.0,6.0,6.0,2.0,,,,,,,2.0,0.0,Completed,4.5,1.2,5.18,1.2,5.23,1.23,4.59,1.21,,
24,Munich,BMW Open,2025-04-14,ATP500,Outdoor,Clay,1st Round,3,Griekspoor T.,Tien L.,37,69.0,1485,865.0,6.0,4.0,6.0,2.0,,,,,,,2.0,0.0,Completed,1.36,3.2,1.4,3.2,1.4,3.4,1.36,3.18,,
24,Munich,BMW Open,2025-04-14,ATP500,Outdoor,Clay,1st Round,3,Kecmanovic M.,Giron M.,48,45.0,1141,1240.0,6.0,2.0,6.0,7.0,7.0,6.0,,,,,2.0,1.0,Completed,1.4,3.0,1.45,2.93,1.49,3.0,1.42,2.89,,
24,Munich,BMW Open,2025-04-14,ATP500,Outdoor,Clay,1st Round,3,Goffin D.,Harris B.,52,106.0,1021,576.0,6.0,2.0,6.0,7.0,6.0,4.0,,,,,2.0,1.0,Completed,1.3,3.5,1.34,3.5,1.37,3.65,1.32,3.38,,
24,Munich,BMW Open,2025-04-14,ATP500,Outdoor,Clay,1st Round,3,Shelton B.,Gojo B.,15,410.0,2700,116.0,4.0,6.0,7.0,6.0,7.0,6.0,,,,,2.0,1.0,Completed,1.44,2.75,1.48,2.83,1.52,2.88,1.47,2.69,,
24,Munich,BMW Open,2025-04-14,ATP500,Outdoor,Clay,1st Round,3,Zverev A.,Muller A.,3,40.0,7595,1378.0,6.0,4.0,6.0,1.0,,,,,,,2.0,0.0,Completed,1.17,5.0,1.18,5.46,1.19,6.0,1.17,5.07,,
24,Munich,BMW Open,2025-04-14,ATP500,Outdoor,Clay,1st Round,3,Altmaier D.,Tseng C.H.,68,103.0,867,587.0,7.0,6.0,7.0,6.0,,,,,,,2.0,0.0,Completed,1.44,2.75,1.51,2.74,1.53,2.92,1.47,2.68,,
24,Munich,BMW Open,2025-04-15,ATP500,Outdoor,Clay,1st Round,3,Darderi L.,O Connell C.,47,87.0,1154,745.0,7.0,6.0,7.0,6.0,,,,,,,2.0,0.0,Completed,,,,,1.35,3.2,1.35,3.2,,
24,Munich,BMW Open,2025-04-15,ATP500,Outdoor,Clay,1st Round,3,Van De Zandschulp B.,Bautista Agut R.,89,53.0,705,1019.0,6.0,4.0,3.0,6.0,6.0,4.0,,,,,2.0,1.0,Completed,1.73,2.1,1.66,2.34,1.75,2.34,1.7,2.16,,
24,Munich,BMW Open,2025-04-15,ATP500,Outdoor,Clay,1st Round,3,Hanfmann Y.,Mensik J.,131,23.0,453,2032.0,7.0,6.0,4.0,6.0,6.0,3.0,,,,,2.0,1.0,Completed,3.2,1.36,3.41,1.36,3.55,1.38,3.32,1.33,,
24,Munich,BMW Open,2025-04-15,ATP500,Outdoor,Clay,1st Round,3,Marozsan F.,Engel J.,77,347.0,805,146.0,6.0,4.0,6.0,1.0,,,,,,,2.0,0.0,Completed,1.13,6.0,1.16,5.8,1.18,6.4,1.14,5.8,,
24,Munich,BMW Open,2025-04-15,ATP500,Outdoor,Clay,1st Round,3,Shevchenko A.,Cobolli F.,104,36.0,585,1520.0,6.0,7.0,6.0,3.0,6.0,4.0,,,,,2.0,1.0,Completed,3.5,1.3,3.94,1.29,4.2,1.31,3.67,1.28,,
24,Munich,BMW Open,2025-04-15,ATP500,Outdoor,Clay,1st Round,3,Cerundolo F.,Struff J.L.,22,51.0,2075,1030.0,6.0,0.0,6.0,2.0,,,,,,,2.0,0.0,Completed,1.25,4.0,1.32,3.69,1.34,4.05,1.28,3.75,,
24,Munich,BMW Open,2025-04-15,ATP500,Outdoor,Clay,1st Round,3,Humbert U.,Jarry N.,21,58.0,2145,965.0,4.0,6.0,6.0,3.0,6.0,2.0,,,,,2.0,1.0,Completed,1.8,2.0,1.81,2.1,1.88,2.12,1.79,2.03,,
24,Munich,BMW Open,2025-04-15,ATP500,Outdoor,Clay,1st Round,3,Dedura-Palomero D.,Shapovalov D.,549,29.0,67,1726.0,7.0,6.0,3.0,0.0,,,,,,,1.0,0.0,Retired,8.0,1.08,8.11,1.11,8.11,1.13,7.31,1.09,,
24,Munich,BMW Open,2025-04-15,ATP500,Outdoor,Clay,1st Round,3,Navone M.,Auger-Aliassime F.,70,19.0,865,2415.0,2.0,6.0,6.0,4.0,7.0,6.0,,,,,2.0,1.0,Completed,2.1,1.73,2.18,1.75,2.24,1.78,2.16,1.7,,
24,Munich,BMW Open,2025-04-15,ATP500,Outdoor,Clay,1st Round,3,Bergs Z.,Bublik A.,50,78.0,1071,805.0,6.0,7.0,6.0,4.0,7.0,5.0,,,,,2.0,1.0,Completed,1.62,2.3,1.52,2.7,1.62,2.7,1.57,2.44,,
24,Munich,BMW Open,2025-04-16,ATP500,Outdoor,Clay,2nd Round,3,Darderi L.,Kecmanovic M.,47,48.0,1154,1141.0,2.0,6.0,7.0,6.0,6.0,4.0,,,,,2.0,1.0,Completed,1.73,2.1,1.81,2.12,1.86,2.16,1.76,2.07,,
24,Munich,BMW Open,2025-04-16,ATP500,Outdoor,Clay,2nd Round,3,Shelton B.,Van De Zandschulp B.,15,89.0,2700,705.0,7.0,6.0,6.0,3.0,,,,,,,2.0,0.0,Completed,1.8,2.0,1.83,2.1,1.9,2.16,1.8,2.02,,
24,Munich,BMW Open,2025-04-16,ATP500,Outdoor,Clay,2nd Round,3,Zverev A.,Altmaier D.,3,68.0,7595,867.0,6.0,3.0,6.0,2.0,,,,,,,2.0,0.0,Completed,1.13,6.0,1.16,6.17,1.16,7.0,1.14,5.87,,
24,Munich,BMW Open,2025-04-16,ATP500,Outdoor,Clay,2nd Round,3,Griekspoor T.,Hanfmann Y.,37,131.0,1485,453.0,7.0,6.0,6.0,3.0,,,,,,,2.0,0.0,Completed,1.36,3.2,1.38,3.33,1.4,3.5,1.36,3.16,,
24,Munich,BMW Open,2025-04-17,ATP500,Outdoor,Clay,2nd Round,3,Goffin D.,Navone M.,52,70.0,1021,865.0,0.0,6.0,7.0,5.0,6.0,1.0,,,,,2.0,1.0,Completed,3.2,1.36,2.99,1.45,3.4,1.48,3.04,1.39,,
24,Munich,BMW Open,2025-04-17,ATP500,Outdoor,Clay,2nd Round,3,Cerundolo F.,Shevchenko A.,22,104.0,2075,585.0,6.0,3.0,6.0,2.0,,,,,,,2.0,0.0,Completed,1.08,8.0,1.11,7.77,1.12,9.2,1.09,7.3,,
24,Munich,BMW Open,2025-04-17,ATP500,Outdoor,Clay,2nd Round,3,Bergs Z.,Dedura-Palomero D.,50,549.0,1071,67.0,6.0,1.0,6.0,1.0,,,,,,,2.0,0.0,Completed,1.13,6.0,1.15,6.29,1.17,6.6,1.13,5.94,,
24,Munich,BMW Open,2025-04-17,ATP500,Outdoor,Clay,2nd Round,3,Marozsan F.,Humbert U.,77,21.0,805,2145.0,6.0,4.0,6.0,4.0,,,,,,,2.0,0.0,Completed,1.91,1.91,1.88,2.04,2.01,2.1,1.87,1.93,,
24,Munich,BMW Open,2025-04-18,ATP500,Outdoor,Clay,Quarterfinals,3,Cerundolo F.,Goffin D.,22,52.0,2075,1021.0,6.0,2.0,6.0,4.0,,,,,,,2.0,0.0,Completed,1.17,5.0,1.18,5.71,1.2,6.0,1.16,5.19,,
24,Munich,BMW Open,2025-04-18,ATP500,Outdoor,Clay,Quarterfinals,3,Shelton B.,Darderi L.,15,47.0,2700,1154.0,6.0,4.0,6.0,3.0,,,,,,,2.0,0.0,Completed,2.2,1.67,2.31,1.69,2.46,1.73,2.21,1.67,,
24,Munich,BMW Open,2025-04-18,ATP500,Outdoor,Clay,Quarterfinals,3,Zverev A.,Griekspoor T.,3,37.0,7595,1485.0,6.0,7.0,7.0,6.0,6.0,4.0,,,,,2.0,1.0,Completed,1.29,3.75,1.28,4.0,1.29,4.4,1.27,3.78,,
24,Munich,BMW Open,2025-04-18,ATP500,Outdoor,Clay,Quarterfinals,3,Marozsan F.,Bergs Z.,77,50.0,805,1071.0,6.0,3.0,7.0,6.0,,,,,,,2.0,0.0,Completed,1.67,2.2,1.74,2.22,1.78,2.29,1.69,2.19,,
24,Munich,BMW Open,2025-04-19,ATP500,Outdoor,Clay,Semifinals,3,Shelton B.,Cerundolo F.,15,22.0,2700,2075.0,2.0,6.0,7.0,6.0,6.0,4.0,,,,,2.0,1.0,Completed,3.2,1.36,3.5,1.35,3.5,1.39,3.25,1.35,,
24,Munich,BMW Open,2025-04-19,ATP500,Outdoor,Clay,Semifinals,3,Zverev A.,Marozsan F.,3,77.0,7595,805.0,7.0,6.0,6.0,3.0,,,,,,,2.0,0.0,Completed,1.2,4.5,1.22,4.95,1.25,4.95,1.22,4.41,,
24,Munich,BMW Open,2025-04-20,ATP500,Outdoor,Clay,The Final,3,Zverev A.,Shelton B.,3,15.0,7595,2700.0,6.0,2.0,6.0,4.0,,,,,,,2.0,0.0,Completed,1.2,4.5,1.22,4.94,1.23,5.19,1.21,4.53,,
25,Madrid,Mutua Madrid Open,2025-04-23,Masters 1000,Outdoor,Clay,1st Round,3,Navone M.,Mpetshi G.,85,37.0,750,1464.0,6.0,4.0,6.0,4.0,,,,,,,2.0,0.0,Completed,1.67,2.2,1.63,2.42,1.7,2.42,1.64,2.28,,
25,Madrid,Mutua Madrid Open,2025-04-23,Masters 1000,Outdoor,Clay,1st Round,3,Rinderknech A.,Safiullin R.,76,73.0,809,856.0,7.0,6.0,6.0,1.0,,,,,,,2.0,0.0,Completed,2.5,1.53,2.51,1.58,2.66,1.58,2.51,1.54,,
25,Madrid,Mutua Madrid Open,2025-04-23,Masters 1000,Outdoor,Clay,1st Round,3,Cina F.,Wong C.,373,169.0,130,322.0,7.0,6.0,6.0,1.0,,,,,,,2.0,0.0,Completed,1.62,2.3,1.57,2.55,1.63,2.62,1.59,2.4,,
25,Madrid,Mutua Madrid Open,2025-04-23,Masters 1000,Outdoor,Clay,1st Round,3,O Connell C.,Ugo Carabelli C.,87,59.0,745,947.0,6.0,3.0,6.0,4.0,,,,,,,2.0,0.0,Completed,2.3,1.62,2.23,1.72,2.38,1.74,2.27,1.65,,
25,Madrid,Mutua Madrid Open,2025-04-23,Masters 1000,Outdoor,Clay,1st Round,3,Bonzi B.,Cilic M.,62,109.0,908,563.0,6.0,3.0,6.0,2.0,,,,,,,2.0,0.0,Completed,3.5,1.3,3.69,1.32,3.7,1.35,3.45,1.32,,
25,Madrid,Mutua Madrid Open,2025-04-23,Masters 1000,Outdoor,Clay,1st Round,3,Borges N.,Carreno Busta P.,41,96.0,1355,607.0,6.0,7.0,7.0,6.0,6.0,3.0,,,,,2.0,1.0,Completed,1.62,2.3,1.69,2.28,1.78,2.35,1.64,2.27,,
25,Madrid,Mutua Madrid Open,2025-04-23,Masters 1000,Outdoor,Clay,1st Round,3,Mayot H.,Moutet C.,160,82.0,354,759.0,6.0,3.0,4.0,2.0,,,,,,,1.0,0.0,Retired,2.5,1.53,2.52,1.58,2.63,1.61,2.53,1.53,,
25,Madrid,Mutua Madrid Open,2025-04-23,Masters 1000,Outdoor,Clay,1st Round,3,Quinn E.,Lajovic D.,119,138.0,494,426.0,6.0,3.0,6.0,4.0,,,,,,,2.0,0.0,Completed,2.5,1.53,2.6,1.55,2.78,1.7,2.46,1.56,,
25,Madrid,Mutua Madrid Open,2025-04-23,Masters 1000,Outdoor,Clay,1st Round,3,Bautista Agut R.,Munar J.,55,53.0,979,1002.0,6.0,4.0,2.0,6.0,6.0,3.0,,,,,2.0,1.0,Completed,2.63,1.5,2.72,1.51,2.8,1.55,2.63,1.5,,
25,Madrid,Mutua Madrid Open,2025-04-23,Masters 1000,Outdoor,Clay,1st Round,3,Ofner S.,Gaston H.,153,80.0,378,776.0,6.0,4.0,6.0,3.0,,,,,,,2.0,0.0,Completed,2.3,1.62,2.38,1.63,2.52,1.67,2.32,1.61,,
25,Madrid,Mutua Madrid Open,2025-04-23,Masters 1000,Outdoor,Clay,1st Round,3,Djere L.,Fognini F.,71,112.0,872,536.0,6.0,2.0,6.0,3.0,,,,,,,2.0,0.0,Completed,1.22,4.33,1.24,4.48,1.25,4.6,1.23,4.22,,
25,Madrid,Mutua Madrid Open,2025-04-23,Masters 1000,Outdoor,Clay,1st Round,3,Comesana F.,Martinez P.,70,48.0,872,1130.0,6.0,4.0,6.0,4.0,,,,,,,2.0,0.0,Completed,1.91,1.91,1.89,2.0,1.94,2.02,1.88,1.93,,
25,Madrid,Mutua Madrid Open,2025-04-23,Masters 1000,Outdoor,Clay,1st Round,3,Cerundolo J.M.,Kovacevic A.,126,77.0,469,805.0,3.0,6.0,7.0,5.0,6.0,2.0,,,,,2.0,1.0,Completed,1.57,2.38,1.64,2.39,1.66,2.48,1.6,2.37,,
25,Madrid,Mutua Madrid Open,2025-04-23,Masters 1000,Outdoor,Clay,1st Round,3,Bublik A.,Michelsen A.,75,38.0,820,1445.0,7.0,6.0,7.0,6.0,,,,,,,2.0,0.0,Completed,1.91,1.91,1.99,1.89,2.01,1.98,1.93,1.89,,
25,Madrid,Mutua Madrid Open,2025-04-23,Masters 1000,Outdoor,Clay,1st Round,3,Monfils G.,Gojo B.,42,353.0,1255,141.0,1.0,6.0,6.0,2.0,6.0,4.0,,,,,2.0,1.0,Completed,1.57,2.38,1.67,2.33,1.67,2.46,1.61,2.35,,
25,Madrid,Mutua Madrid Open,2025-04-23,Masters 1000,Outdoor,Clay,1st Round,3,Cobolli F.,Marozsan F.,36,58.0,1520,955.0,7.0,6.0,7.0,5.0,,,,,,,2.0,0.0,Completed,2.3,1.62,2.37,1.65,2.45,1.69,2.3,1.62,,
25,Madrid,Mutua Madrid Open,2025-04-24,Masters 1000,Outdoor,Clay,1st Round,3,Muller A.,Goffin D.,39,49.0,1366,1121.0,6.0,3.0,3.0,6.0,1.0,0.0,,,,,1.0,1.0,Retired,1.73,2.1,1.78,2.14,1.82,2.2,1.75,2.1,,
25,Madrid,Mutua Madrid Open,2025-04-24,Masters 1000,Outdoor,Clay,1st Round,3,Nishikori K.,Vukic A.,64,83.0,898,758.0,6.0,4.0,3.0,6.0,6.0,3.0,,,,,2.0,1.0,Completed,1.36,3.2,1.41,3.11,1.43,3.2,1.38,3.07,,
25,Madrid,Mutua Madrid Open,2025-04-24,Masters 1000,Outdoor,Clay,1st Round,3,Dzumhur D.,Bellucci M.,63,66.0,906,893.0,4.0,6.0,6.0,4.0,6.0,2.0,,,,,2.0,1.0,Completed,1.8,2.0,1.93,1.93,1.99,2.02,1.86,1.95,,
25,Madrid,Mutua Madrid Open,2025-04-24,Masters 1000,Outdoor,Clay,1st Round,3,Etcheverry T.,Medjedovic H.,51,61.0,1010,911.0,6.0,4.0,6.0,7.0,6.0,4.0,,,,,2.0,1.0,Completed,2.38,1.57,2.25,1.71,2.4,1.72,2.26,1.65,,
25,Madrid,Mutua Madrid Open,2025-04-24,Masters 1000,Outdoor,Clay,1st Round,3,Diallo G.,Bergs Z.,78,50.0,791,1096.0,6.0,1.0,6.0,2.0,,,,,,,2.0,0.0,Completed,2.38,1.57,2.59,1.55,2.64,1.6,2.47,1.56,,
25,Madrid,Mutua Madrid Open,2025-04-24,Masters 1000,Outdoor,Clay,1st Round,3,Sonego L.,Kecmanovic M.,43,47.0,1245,1166.0,6.0,4.0,7.0,6.0,,,,,,,2.0,0.0,Completed,2.38,1.57,2.31,1.68,2.46,1.68,2.37,1.59,,
25,Madrid,Mutua Madrid Open,2025-04-24,Masters 1000,Outdoor,Clay,1st Round,3,Darderi L.,Halys Q.,46,52.0,1229,1005.0,6.0,4.0,6.0,4.0,,,,,,,2.0,0.0,Completed,1.4,3.0,1.4,3.17,1.42,3.25,1.39,3.04,,
25,Madrid,Mutua Madrid Open,2025-04-24,Masters 1000,Outdoor,Clay,1st Round,3,Jarry N.,Altmaier D.,57,67.0,965,892.0,6.0,3.0,6.0,2.0,,,,,,,2.0,0.0,Completed,2.2,1.67,2.28,1.69,2.34,1.73,2.22,1.67,,
25,Madrid,Mutua Madrid Open,2025-04-24,Masters 1000,Outdoor,Clay,1st Round,3,Norrie C.,Landaluce M.,91,148.0,667,388.0,6.0,7.0,7.0,5.0,6.0,4.0,,,,,2.0,1.0,Completed,1.3,3.5,1.3,3.8,1.35,3.8,1.3,3.57,,
25,Madrid,Mutua Madrid Open,2025-04-24,Masters 1000,Outdoor,Clay,1st Round,3,Arnaldi M.,Coric B.,44,104.0,1240,576.0,4.0,6.0,6.0,4.0,7.0,5.0,,,,,2.0,1.0,Completed,1.73,2.1,1.8,2.11,1.83,2.18,1.74,2.1,,
25,Madrid,Mutua Madrid Open,2025-04-24,Masters 1000,Outdoor,Clay,1st Round,3,Struff J.L.,Van De Zandschulp B.,79,88.0,790,743.0,7.0,5.0,2.0,6.0,4.0,1.0,,,,,1.0,1.0,Retired,2.38,1.57,2.43,1.62,2.56,1.64,2.38,1.58,,
25,Madrid,Mutua Madrid Open,2025-04-24,Masters 1000,Outdoor,Clay,1st Round,3,Fonseca J.,Moller E.,65,114.0,897,522.0,6.0,2.0,6.0,3.0,,,,,,,2.0,0.0,Completed,1.3,3.5,1.32,3.72,1.33,3.9,1.31,3.5,,
25,Madrid,Mutua Madrid Open,2025-04-24,Masters 1000,Outdoor,Clay,1st Round,3,Giron M.,Tien L.,45,69.0,1240,880.0,6.0,1.0,1.0,6.0,7.0,6.0,,,,,2.0,1.0,Completed,1.73,2.1,1.79,2.13,1.84,2.14,1.76,2.08,,
25,Madrid,Mutua Madrid Open,2025-04-24,Masters 1000,Outdoor,Clay,1st Round,3,Griekspoor T.,Kopriva V.,34,95.0,1575,619.0,6.0,1.0,6.0,4.0,,,,,,,2.0,0.0,Completed,1.29,3.75,1.31,3.73,1.34,3.85,1.3,3.62,,
25,Madrid,Mutua Madrid Open,2025-04-24,Masters 1000,Outdoor,Clay,1st Round,3,Opelka R.,Hijikata R.,103,84.0,579,754.0,7.0,5.0,7.0,5.0,,,,,,,2.0,0.0,Completed,1.44,2.75,1.44,2.98,1.46,3.11,1.44,2.81,,
25,Madrid,Mutua Madrid Open,2025-04-24,Masters 1000,Outdoor,Clay,1st Round,3,Fearnley J.,Bu Y.,68,72.0,883,869.0,6.0,3.0,7.0,6.0,,,,,,,2.0,0.0,Completed,1.8,2.0,1.83,2.07,1.9,2.11,1.81,2.01,,
25,Madrid,Mutua Madrid Open,2025-04-25,Masters 1000,Outdoor,Clay,2nd Round,3,Bonzi B.,Hurkacz H.,62,28.0,908,1755.0,6.0,4.0,7.0,5.0,,,,,,,2.0,0.0,Completed,2.75,1.44,2.88,1.48,2.88,1.54,2.73,1.46,,
25,Madrid,Mutua Madrid Open,2025-04-25,Masters 1000,Outdoor,Clay,2nd Round,3,Cerundolo F.,Mayot H.,21,160.0,2225,354.0,6.0,3.0,6.0,4.0,,,,,,,2.0,0.0,Completed,1.1,7.0,1.12,7.22,1.12,8.8,1.1,7.05,,
25,Madrid,Mutua Madrid Open,2025-04-25,Masters 1000,Outdoor,Clay,2nd Round,3,Comesana F.,Fils A.,70,14.0,872,2920.0,7.0,6.0,6.0,4.0,,,,,,,2.0,0.0,Completed,4.5,1.2,5.22,1.19,5.5,1.23,4.76,1.19,,
25,Madrid,Mutua Madrid Open,2025-04-25,Masters 1000,Outdoor,Clay,2nd Round,3,Ruud C.,Rinderknech A.,15,76.0,2815,809.0,6.0,3.0,6.0,4.0,,,,,,,2.0,0.0,Completed,1.11,6.5,1.14,6.57,1.15,7.4,1.12,6.45,,
25,Madrid,Mutua Madrid Open,2025-04-25,Masters 1000,Outdoor,Clay,2nd Round,3,Medvedev D.,Djere L.,10,71.0,3290,872.0,,,,,,,,,,,,,Walkover,1.67,2.2,1.64,2.41,1.7,2.42,1.66,2.26,,
25,Madrid,Mutua Madrid Open,2025-04-25,Masters 1000,Outdoor,Clay,2nd Round,3,Cerundolo J.M.,Auger-Aliassime F.,126,19.0,469,2375.0,7.0,6.0,6.0,4.0,,,,,,,2.0,0.0,Completed,3.75,1.29,3.78,1.32,3.9,1.32,3.69,1.29,,
25,Madrid,Mutua Madrid Open,2025-04-25,Masters 1000,Outdoor,Clay,2nd Round,3,Bublik A.,Popyrin A.,75,26.0,820,1860.0,6.0,4.0,7.0,6.0,,,,,,,2.0,0.0,Completed,2.38,1.57,2.46,1.62,2.52,1.65,2.38,1.59,,
25,Madrid,Mutua Madrid Open,2025-04-25,Masters 1000,Outdoor,Clay,2nd Round,3,Korda S.,Cina F.,24,373.0,2020,130.0,6.0,3.0,3.0,6.0,6.0,1.0,,,,,2.0,1.0,Completed,1.14,5.5,1.16,5.76,1.18,6.2,1.15,5.55,,
25,Madrid,Mutua Madrid Open,2025-04-25,Masters 1000,Outdoor,Clay,2nd Round,3,Mensik J.,Quinn E.,23,119.0,2032,494.0,7.0,6.0,6.0,1.0,,,,,,,2.0,0.0,Completed,1.36,3.2,1.38,3.21,1.4,3.4,1.36,3.17,,
25,Madrid,Mutua Madrid Open,2025-04-25,Masters 1000,Outdoor,Clay,2nd Round,3,Zverev A.,Bautista Agut R.,2,55.0,8085,979.0,6.0,2.0,6.0,2.0,,,,,,,2.0,0.0,Completed,1.05,8.0,1.1,8.32,1.13,10.5,1.09,7.92,,
25,Madrid,Mutua Madrid Open,2025-04-25,Masters 1000,Outdoor,Clay,2nd Round,3,Fritz T.,O Connell C.,4,87.0,5115,745.0,6.0,1.0,6.0,4.0,,,,,,,2.0,0.0,Completed,1.29,3.75,1.28,4.0,1.3,4.2,1.26,3.85,,
25,Madrid,Mutua Madrid Open,2025-04-25,Masters 1000,Outdoor,Clay,2nd Round,3,Nakashima B.,Ofner S.,32,153.0,1605,378.0,6.0,3.0,7.0,6.0,,,,,,,2.0,0.0,Completed,1.67,2.2,1.67,2.35,1.69,2.42,1.64,2.29,,
25,Madrid,Mutua Madrid Open,2025-04-25,Masters 1000,Outdoor,Clay,2nd Round,3,Shelton B.,Navone M.,13,85.0,3020,750.0,4.0,6.0,7.0,6.0,6.0,3.0,,,,,2.0,1.0,Completed,1.8,2.0,1.82,2.11,1.86,2.16,1.79,2.03,,
25,Madrid,Mutua Madrid Open,2025-04-25,Masters 1000,Outdoor,Clay,2nd Round,3,Rublev A.,Monfils G.,8,42.0,3530,1255.0,,,,,,,,,,,,,Walkover,1.4,3.0,1.38,3.31,1.44,3.35,1.4,3.03,,
25,Madrid,Mutua Madrid Open,2025-04-25,Masters 1000,Outdoor,Clay,2nd Round,3,Davidovich Fokina A.,Borges N.,29,41.0,1745,1355.0,6.0,2.0,6.0,3.0,,,,,,,2.0,0.0,Completed,1.4,3.0,1.42,3.14,1.49,3.25,1.4,3.01,,
25,Madrid,Mutua Madrid Open,2025-04-25,Masters 1000,Outdoor,Clay,2nd Round,3,Cobolli F.,Rune H.,36,9.0,1520,3480.0,6.0,2.0,0.0,0.0,,,,,,,1.0,0.0,Retired,3.0,1.4,3.24,1.4,3.4,1.43,3.07,1.39,,
25,Madrid,Mutua Madrid Open,2025-04-26,Masters 1000,Outdoor,Clay,2nd Round,3,Shapovalov D.,Nishikori K.,30,64.0,1726,898.0,6.0,1.0,6.0,4.0,,,,,,,2.0,0.0,Completed,1.73,2.1,1.81,2.12,1.86,2.28,1.74,2.12,,
25,Madrid,Mutua Madrid Open,2025-04-26,Masters 1000,Outdoor,Clay,2nd Round,3,Musetti L.,Etcheverry T.,11,51.0,3200,1010.0,7.0,6.0,6.0,2.0,,,,,,,2.0,0.0,Completed,1.44,2.75,1.46,2.94,1.5,2.94,1.45,2.81,,
25,Madrid,Mutua Madrid Open,2025-04-26,Masters 1000,Outdoor,Clay,2nd Round,3,Dzumhur D.,Baez S.,63,33.0,906,1580.0,1.0,6.0,6.0,1.0,6.0,2.0,,,,,2.0,1.0,Completed,4.0,1.25,3.94,1.27,4.25,1.31,3.87,1.26,,
25,Madrid,Mutua Madrid Open,2025-04-26,Masters 1000,Outdoor,Clay,2nd Round,3,Norrie C.,Lehecka J.,91,27.0,667,1795.0,2.0,6.0,6.0,4.0,6.0,0.0,,,,,2.0,1.0,Completed,3.0,1.4,3.16,1.41,3.25,1.43,3.06,1.39,,
25,Madrid,Mutua Madrid Open,2025-04-26,Masters 1000,Outdoor,Clay,2nd Round,3,De Minaur A.,Sonego L.,7,43.0,3585,1245.0,6.0,2.0,6.0,3.0,,,,,,,2.0,0.0,Completed,1.17,5.0,1.18,5.43,1.23,5.8,1.18,4.98,,
25,Madrid,Mutua Madrid Open,2025-04-26,Masters 1000,Outdoor,Clay,2nd Round,3,Diallo G.,Majchrzak K.,78,90.0,791,669.0,7.0,5.0,4.0,6.0,6.0,4.0,,,,,2.0,1.0,Completed,2.0,1.8,2.03,1.88,2.1,1.9,2.0,1.83,,
25,Madrid,Mutua Madrid Open,2025-04-26,Masters 1000,Outdoor,Clay,2nd Round,3,Tsitsipas S.,Struff J.L.,18,79.0,2415,790.0,3.0,6.0,6.0,4.0,6.0,3.0,,,,,2.0,1.0,Completed,1.25,4.0,1.27,4.05,1.34,4.4,1.26,3.89,,
25,Madrid,Mutua Madrid Open,2025-04-26,Masters 1000,Outdoor,Clay,2nd Round,3,Arnaldi M.,Djokovic N.,44,5.0,1240,4120.0,6.0,3.0,6.0,4.0,,,,,,,2.0,0.0,Completed,3.5,1.3,3.93,1.28,3.97,1.34,3.58,1.3,,
25,Madrid,Mutua Madrid Open,2025-04-26,Masters 1000,Outdoor,Clay,2nd Round,3,Fearnley J.,Machac T.,68,20.0,883,2235.0,1.0,6.0,6.0,3.0,6.0,2.0,,,,,2.0,1.0,Completed,2.75,1.44,3.2,1.39,3.2,1.46,2.84,1.43,,
25,Madrid,Mutua Madrid Open,2025-04-26,Masters 1000,Outdoor,Clay,2nd Round,3,Dimitrov G.,Jarry N.,16,57.0,2595,965.0,6.0,3.0,6.0,4.0,,,,,,,2.0,0.0,Completed,1.57,2.38,1.6,2.5,1.65,2.5,1.59,2.39,,
25,Madrid,Mutua Madrid Open,2025-04-26,Masters 1000,Outdoor,Clay,2nd Round,3,Muller A.,Humbert U.,39,22.0,1366,2185.0,6.0,2.0,6.0,7.0,7.0,6.0,,,,,2.0,1.0,Completed,2.0,1.8,1.99,1.92,2.02,1.96,1.98,1.84,,
25,Madrid,Mutua Madrid Open,2025-04-26,Masters 1000,Outdoor,Clay,2nd Round,3,Berrettini M.,Giron M.,31,45.0,1620,1240.0,6.0,7.0,7.0,6.0,6.0,1.0,,,,,2.0,1.0,Completed,1.2,4.5,1.2,5.38,1.24,5.5,1.2,4.64,,
25,Madrid,Mutua Madrid Open,2025-04-26,Masters 1000,Outdoor,Clay,2nd Round,3,Draper J.,Griekspoor T.,6,34.0,3820,1575.0,6.0,3.0,6.0,4.0,,,,,,,2.0,0.0,Completed,1.62,2.3,1.58,2.55,1.67,2.55,1.61,2.33,,
25,Madrid,Mutua Madrid Open,2025-04-26,Masters 1000,Outdoor,Clay,2nd Round,3,Tiafoe F.,Darderi L.,17,46.0,2550,1229.0,7.0,5.0,3.0,1.0,,,,,,,1.0,0.0,Retired,2.2,1.67,2.29,1.7,2.36,1.72,2.2,1.68,,
25,Madrid,Mutua Madrid Open,2025-04-26,Masters 1000,Outdoor,Clay,2nd Round,3,Khachanov K.,Opelka R.,25,103.0,1960,579.0,7.0,6.0,7.0,6.0,,,,,,,2.0,0.0,Completed,1.3,3.5,1.33,3.53,1.36,3.7,1.32,3.37,,
25,Madrid,Mutua Madrid Open,2025-04-26,Masters 1000,Outdoor,Clay,2nd Round,3,Paul T.,Fonseca J.,12,65.0,3160,897.0,7.0,6.0,7.0,6.0,,,,,,,2.0,0.0,Completed,2.5,1.53,2.61,1.56,2.66,1.59,2.51,1.54,,
25,Madrid,Mutua Madrid Open,2025-04-27,Masters 1000,Outdoor,Clay,3rd Round,3,Nakashima B.,Cobolli F.,32,36.0,1605,1520.0,7.0,5.0,6.0,3.0,,,,,,,2.0,0.0,Completed,2.38,1.57,2.57,1.57,2.58,1.62,2.44,1.57,,
25,Madrid,Mutua Madrid Open,2025-04-27,Masters 1000,Outdoor,Clay,3rd Round,3,Bublik A.,Rublev A.,75,8.0,820,3530.0,6.0,4.0,0.0,6.0,6.0,4.0,,,,,2.0,1.0,Completed,3.5,1.3,4.38,1.27,4.38,1.34,3.72,1.29,,
25,Madrid,Mutua Madrid Open,2025-04-27,Masters 1000,Outdoor,Clay,3rd Round,3,Zverev A.,Davidovich Fokina A.,2,29.0,8085,1745.0,2.0,6.0,7.0,6.0,7.0,6.0,,,,,2.0,1.0,Completed,1.33,3.4,1.33,3.7,1.37,3.75,1.33,3.35,,
25,Madrid,Mutua Madrid Open,2025-04-27,Masters 1000,Outdoor,Clay,3rd Round,3,Medvedev D.,Cerundolo J.M.,10,126.0,3290,469.0,6.0,2.0,6.0,2.0,,,,,,,2.0,0.0,Completed,1.33,3.4,1.32,3.63,1.4,3.8,1.33,3.35,,
25,Madrid,Mutua Madrid Open,2025-04-27,Masters 1000,Outdoor,Clay,3rd Round,3,Fritz T.,Bonzi B.,4,62.0,5115,908.0,4.0,6.0,7.0,5.0,0.0,0.0,,,,,1.0,1.0,Retired,1.14,5.5,1.13,6.73,1.18,6.73,1.15,5.63,,
25,Madrid,Mutua Madrid Open,2025-04-27,Masters 1000,Outdoor,Clay,3rd Round,3,Mensik J.,Shelton B.,23,13.0,2032,3020.0,6.0,1.0,6.0,4.0,,,,,,,2.0,0.0,Completed,1.67,2.2,1.73,2.24,1.74,2.32,1.67,2.21,,
25,Madrid,Mutua Madrid Open,2025-04-27,Masters 1000,Outdoor,Clay,3rd Round,3,Cerundolo F.,Comesana F.,21,70.0,2225,872.0,6.0,4.0,6.0,4.0,,,,,,,2.0,0.0,Completed,1.25,4.0,1.25,4.27,1.3,4.4,1.27,3.87,,
25,Madrid,Mutua Madrid Open,2025-04-27,Masters 1000,Outdoor,Clay,3rd Round,3,Ruud C.,Korda S.,15,24.0,2815,2020.0,6.0,3.0,6.0,3.0,,,,,,,2.0,0.0,Completed,1.4,3.0,1.38,3.31,1.42,3.31,1.4,3.0,,
25,Madrid,Mutua Madrid Open,2025-04-28,Masters 1000,Outdoor,Clay,3rd Round,3,Arnaldi M.,Dzumhur D.,44,63.0,1240,906.0,6.0,3.0,6.0,4.0,,,,,,,2.0,0.0,Completed,1.4,3.0,1.41,3.15,1.42,3.3,1.39,3.04,,
25,Madrid,Mutua Madrid Open,2025-04-29,Masters 1000,Outdoor,Clay,3rd Round,3,De Minaur A.,Shapovalov D.,7,30.0,3585,1726.0,6.0,3.0,7.0,6.0,,,,,,,2.0,0.0,Completed,1.22,4.33,1.24,4.37,1.28,4.4,1.23,4.24,,
25,Madrid,Mutua Madrid Open,2025-04-29,Masters 1000,Outdoor,Clay,3rd Round,3,Paul T.,Khachanov K.,12,25.0,3160,1960.0,6.0,3.0,3.0,6.0,6.0,2.0,,,,,2.0,1.0,Completed,1.67,2.2,1.78,2.17,1.81,2.3,1.69,2.18,,
25,Madrid,Mutua Madrid Open,2025-04-29,Masters 1000,Outdoor,Clay,3rd Round,3,Tiafoe F.,Muller A.,17,39.0,2550,1366.0,6.0,3.0,6.0,3.0,,,,,,,2.0,0.0,Completed,1.62,2.3,1.71,2.28,1.76,2.35,1.65,2.26,,
25,Madrid,Mutua Madrid Open,2025-04-29,Masters 1000,Outdoor,Clay,3rd Round,3,Diallo G.,Norrie C.,78,91.0,791,667.0,2.0,6.0,6.0,4.0,6.0,4.0,,,,,2.0,1.0,Completed,2.0,1.8,2.07,1.85,2.07,1.92,2.0,1.83,,
25,Madrid,Mutua Madrid Open,2025-04-29,Masters 1000,Outdoor,Clay,3rd Round,3,Dimitrov G.,Fearnley J.,16,68.0,2595,883.0,6.0,4.0,7.0,6.0,,,,,,,2.0,0.0,Completed,1.33,3.4,1.34,3.61,1.35,3.61,1.32,3.4,,
25,Madrid,Mutua Madrid Open,2025-04-29,Masters 1000,Outdoor,Clay,3rd Round,3,Draper J.,Berrettini M.,6,31.0,3820,1620.0,7.0,6.0,,,,,,,,,1.0,0.0,Retired,1.57,2.38,1.6,2.51,1.6,2.62,1.56,2.44,,
25,Madrid,Mutua Madrid Open,2025-04-29,Masters 1000,Outdoor,Clay,3rd Round,3,Musetti L.,Tsitsipas S.,11,18.0,3200,2415.0,7.0,5.0,7.0,6.0,,,,,,,2.0,0.0,Completed,2.0,1.8,2.06,1.85,2.1,1.89,2.01,1.82,,
25,Madrid,Mutua Madrid Open,2025-04-29,Masters 1000,Outdoor,Clay,4th Round,3,Mensik J.,Bublik A.,23,75.0,2032,820.0,6.0,3.0,6.0,2.0,,,,,,,2.0,0.0,Completed,1.33,3.4,1.34,3.57,1.37,3.85,1.33,3.36,,
25,Madrid,Mutua Madrid Open,2025-04-29,Masters 1000,Outdoor,Clay,4th Round,3,Cerundolo F.,Zverev A.,21,2.0,2225,8085.0,7.0,5.0,6.0,3.0,,,,,,,2.0,0.0,Completed,2.75,1.44,2.67,1.54,2.88,1.57,2.64,1.5,,
25,Madrid,Mutua Madrid Open,2025-04-29,Masters 1000,Outdoor,Clay,4th Round,3,Medvedev D.,Nakashima B.,10,32.0,3290,1605.0,3.0,6.0,6.0,1.0,6.0,4.0,,,,,2.0,1.0,Completed,1.36,3.2,1.43,3.1,1.44,3.44,1.36,3.16,,
25,Madrid,Mutua Madrid Open,2025-04-29,Masters 1000,Outdoor,Clay,4th Round,3,Ruud C.,Fritz T.,15,4.0,2815,5115.0,7.0,5.0,6.0,4.0,,,,,,,2.0,0.0,Completed,1.73,2.1,1.7,2.29,1.74,2.34,1.7,2.18,,
25,Madrid,Mutua Madrid Open,2025-04-30,Masters 1000,Outdoor,Clay,4th Round,3,Arnaldi M.,Tiafoe F.,44,17.0,1240,2550.0,6.0,3.0,7.0,5.0,,,,,,,2.0,0.0,Completed,1.73,2.1,1.79,2.15,1.85,2.22,1.75,2.1,,
25,Madrid,Mutua Madrid Open,2025-04-30,Masters 1000,Outdoor,Clay,4th Round,3,Draper J.,Paul T.,6,12.0,3820,3160.0,6.0,2.0,6.0,2.0,,,,,,,2.0,0.0,Completed,1.53,2.5,1.61,2.49,1.61,2.68,1.54,2.49,,
25,Madrid,Mutua Madrid Open,2025-04-30,Masters 1000,Outdoor,Clay,4th Round,3,Diallo G.,Dimitrov G.,78,16.0,791,2595.0,5.0,7.0,7.0,6.0,6.0,4.0,,,,,2.0,1.0,Completed,3.2,1.36,3.32,1.38,3.4,1.41,3.19,1.36,,
25,Madrid,Mutua Madrid Open,2025-04-30,Masters 1000,Outdoor,Clay,4th Round,3,Musetti L.,De Minaur A.,11,7.0,3200,3585.0,6.0,4.0,6.0,2.0,,,,,,,2.0,0.0,Completed,2.2,1.67,2.28,1.71,2.4,1.74,2.22,1.67,,
25,Madrid,Mutua Madrid Open,2025-05-01,Masters 1000,Outdoor,Clay,Quarterfinals,3,Ruud C.,Medvedev D.,15,10.0,2815,3290.0,6.0,3.0,7.0,5.0,,,,,,,2.0,0.0,Completed,1.5,2.63,1.5,2.8,1.59,2.84,1.51,2.58,,
25,Madrid,Mutua Madrid Open,2025-05-01,Masters 1000,Outdoor,Clay,Quarterfinals,3,Cerundolo F.,Mensik J.,21,23.0,2225,2032.0,3.0,6.0,7.0,6.0,6.0,2.0,,,,,2.0,1.0,Completed,1.67,2.2,1.68,2.33,1.74,2.4,1.68,2.2,,
25,Madrid,Mutua Madrid Open,2025-05-01,Masters 1000,Outdoor,Clay,Quarterfinals,3,Draper J.,Arnaldi M.,6,44.0,3820,1240.0,6.0,0.0,6.0,4.0,,,,,,,2.0,0.0,Completed,1.29,3.75,1.31,3.81,1.31,4.2,1.28,3.71,,
25,Madrid,Mutua Madrid Open,2025-05-01,Masters 1000,Outdoor,Clay,Quarterfinals,3,Musetti L.,Diallo G.,11,78.0,3200,791.0,6.0,4.0,6.0,3.0,,,,,,,2.0,0.0,Completed,1.2,4.5,1.22,4.91,1.23,5.5,1.21,4.59,,
25,Madrid,Mutua Madrid Open,2025-05-02,Masters 1000,Outdoor,Clay,Semifinals,3,Ruud C.,Cerundolo F.,15,21.0,2815,2225.0,6.0,4.0,7.0,5.0,,,,,,,2.0,0.0,Completed,1.8,2.0,1.93,1.97,1.98,2.17,1.85,1.99,,
25,Madrid,Mutua Madrid Open,2025-05-02,Masters 1000,Outdoor,Clay,Semifinals,3,Draper J.,Musetti L.,6,11.0,3820,3200.0,6.0,3.0,7.0,6.0,,,,,,,2.0,0.0,Completed,1.53,2.5,1.58,2.54,1.59,2.7,1.54,2.49,,
25,Madrid,Mutua Madrid Open,2025-05-03,Masters 1000,Outdoor,Clay,The Final,3,Ruud C.,Draper J.,15,6.0,2815,3820.0,7.0,5.0,3.0,6.0,6.0,4.0,,,,,2.0,1.0,Completed,3.0,1.4,2.92,1.47,3.05,1.47,2.9,1.42,,
26,Rome,Internazionali BNL d'Italia,2025-05-07,Masters 1000,Outdoor,Clay,1st Round,3,Comesana F.,Altmaier D.,63,71.0,906,872.0,6.0,1.0,7.0,5.0,,,,,,,2.0,0.0,Completed,1.67,2.2,1.77,2.15,1.82,2.22,1.71,2.15,,
26,Rome,Internazionali BNL d'Italia,2025-05-07,Masters 1000,Outdoor,Clay,1st Round,3,Moutet C.,Hijikata R.,83,82.0,752,761.0,3.0,6.0,6.0,1.0,7.0,5.0,,,,,2.0,1.0,Completed,1.29,3.75,1.28,3.93,1.3,4.2,1.28,3.77,,
26,Rome,Internazionali BNL d'Italia,2025-05-07,Masters 1000,Outdoor,Clay,1st Round,3,Muller A.,Lehecka J.,39,38.0,1403,1405.0,2.0,6.0,6.0,3.0,7.0,6.0,,,,,2.0,1.0,Completed,2.63,1.5,2.52,1.58,2.7,1.58,2.57,1.52,,
26,Rome,Internazionali BNL d'Italia,2025-05-07,Masters 1000,Outdoor,Clay,1st Round,3,Thompson J.,Mpetshi G.,41,36.0,1355,1464.0,3.0,6.0,6.0,3.0,7.0,6.0,,,,,2.0,1.0,Completed,1.62,2.3,1.75,2.19,1.79,2.47,1.65,2.25,,
26,Rome,Internazionali BNL d'Italia,2025-05-07,Masters 1000,Outdoor,Clay,1st Round,3,Ugo Carabelli C.,Carreno Busta P.,60,98.0,944,601.0,6.0,2.0,1.0,6.0,6.0,3.0,,,,,2.0,1.0,Completed,2.0,1.8,1.93,1.96,2.04,1.96,1.98,1.84,,
26,Rome,Internazionali BNL d'Italia,2025-05-07,Masters 1000,Outdoor,Clay,1st Round,3,Taberner C.,Kovacevic A.,139,80.0,417,785.0,6.0,3.0,1.0,6.0,7.0,5.0,,,,,2.0,1.0,Completed,1.57,2.38,1.61,2.45,1.65,2.64,1.58,2.41,,
26,Rome,Internazionali BNL d'Italia,2025-05-07,Masters 1000,Outdoor,Clay,1st Round,3,Griekspoor T.,Kecmanovic M.,35,47.0,1505,1186.0,4.0,6.0,6.0,3.0,6.0,0.0,,,,,2.0,1.0,Completed,1.57,2.38,1.63,2.4,1.68,2.46,1.6,2.34,,
26,Rome,Internazionali BNL d'Italia,2025-05-07,Masters 1000,Outdoor,Clay,1st Round,3,Burruchaga R.,Sonego L.,135,44.0,439,1245.0,6.0,2.0,6.0,3.0,,,,,,,2.0,0.0,Completed,2.5,1.53,2.45,1.61,2.5,1.66,2.44,1.56,,
26,Rome,Internazionali BNL d'Italia,2025-05-07,Masters 1000,Outdoor,Clay,1st Round,3,Kopriva V.,Halys Q.,92,52.0,655,1015.0,6.0,4.0,6.0,3.0,,,,,,,2.0,0.0,Completed,1.5,2.63,1.54,2.63,1.54,2.8,1.5,2.62,,
26,Rome,Internazionali BNL d'Italia,2025-05-07,Masters 1000,Outdoor,Clay,1st Round,3,Lajovic D.,Nishioka Y.,131,74.0,446,833.0,7.0,5.0,6.0,1.0,,,,,,,2.0,0.0,Completed,1.25,4.0,1.24,4.44,1.28,4.44,1.24,4.1,,
26,Rome,Internazionali BNL d'Italia,2025-05-07,Masters 1000,Outdoor,Clay,1st Round,3,Norrie C.,O Connell C.,91,81.0,667,765.0,6.0,3.0,6.0,2.0,,,,,,,2.0,0.0,Completed,1.53,2.5,1.68,2.31,1.68,2.54,1.58,2.39,,
26,Rome,Internazionali BNL d'Italia,2025-05-07,Masters 1000,Outdoor,Clay,1st Round,3,Passaro F.,Tseng C.H.,101,102.0,593,593.0,6.0,0.0,2.0,6.0,6.0,3.0,,,,,2.0,1.0,Completed,2.5,1.53,2.57,1.56,2.68,1.58,2.53,1.53,,
26,Rome,Internazionali BNL d'Italia,2025-05-07,Masters 1000,Outdoor,Clay,1st Round,3,Virtanen O.,Medjedovic H.,130,72.0,455,871.0,6.0,4.0,6.0,4.0,,,,,,,2.0,0.0,Completed,4.33,1.22,4.15,1.27,4.5,1.27,4.13,1.23,,
26,Rome,Internazionali BNL d'Italia,2025-05-07,Masters 1000,Outdoor,Clay,1st Round,3,Djere L.,Etcheverry T.,64,51.0,902,1015.0,6.0,3.0,6.0,2.0,,,,,,,2.0,0.0,Completed,1.8,2.0,1.91,1.98,1.95,2.12,1.84,1.98,,
26,Rome,Internazionali BNL d'Italia,2025-05-07,Masters 1000,Outdoor,Clay,1st Round,3,Gaubas V.,Dzumhur D.,154,69.0,371,881.0,7.0,6.0,2.0,6.0,6.0,4.0,,,,,2.0,1.0,Completed,1.91,1.91,1.93,1.96,1.96,2.02,1.87,1.94,,
26,Rome,Internazionali BNL d'Italia,2025-05-07,Masters 1000,Outdoor,Clay,1st Round,3,Darderi L.,Bu Y.,46,73.0,1204,857.0,7.0,6.0,6.0,3.0,,,,,,,2.0,0.0,Completed,1.33,3.4,1.38,3.26,1.48,3.4,1.36,3.18,,
26,Rome,Internazionali BNL d'Italia,2025-05-08,Masters 1000,Outdoor,Clay,1st Round,3,De Jong J.,Shevchenko A.,93,97.0,640,605.0,6.0,2.0,6.0,4.0,,,,,,,2.0,0.0,Completed,1.57,2.38,1.62,2.43,1.62,2.63,1.57,2.39,,
26,Rome,Internazionali BNL d'Italia,2025-05-08,Masters 1000,Outdoor,Clay,1st Round,3,Bautista Agut R.,Arnaldi M.,56,37.0,969,1410.0,6.0,4.0,6.0,3.0,,,,,,,2.0,0.0,Completed,4.0,1.25,4.56,1.24,4.56,1.31,3.94,1.25,,
26,Rome,Internazionali BNL d'Italia,2025-05-08,Masters 1000,Outdoor,Clay,1st Round,3,Jarry N.,Gaston H.,53,78.0,1010,793.0,7.0,6.0,6.0,4.0,,,,,,,2.0,0.0,Completed,1.57,2.38,1.55,2.62,1.61,2.62,1.56,2.44,,
26,Rome,Internazionali BNL d'Italia,2025-05-08,Masters 1000,Outdoor,Clay,1st Round,3,Vukic A.,Moreno De Alboran N.,79,149.0,792,386.0,7.0,6.0,6.0,2.0,,,,,,,2.0,0.0,Completed,2.2,1.67,2.26,1.71,2.26,1.94,2.15,1.71,,
26,Rome,Internazionali BNL d'Italia,2025-05-08,Masters 1000,Outdoor,Clay,1st Round,3,Navone M.,Cina F.,99,323.0,600,160.0,6.0,3.0,6.0,3.0,,,,,,,2.0,0.0,Completed,1.2,4.5,1.19,5.32,1.23,5.32,1.2,4.68,,
26,Rome,Internazionali BNL d'Italia,2025-05-08,Masters 1000,Outdoor,Clay,1st Round,3,Marozsan F.,Fonseca J.,61,65.0,935,897.0,6.0,3.0,7.0,6.0,,,,,,,2.0,0.0,Completed,3.0,1.4,3.13,1.41,3.15,1.43,3.03,1.39,,
26,Rome,Internazionali BNL d'Italia,2025-05-08,Masters 1000,Outdoor,Clay,1st Round,3,Seyboth Wild T.,Borges N.,120,40.0,493,1360.0,6.0,1.0,4.0,6.0,6.0,4.0,,,,,2.0,1.0,Completed,2.1,1.73,2.11,1.8,2.3,1.8,2.1,1.75,,
26,Rome,Internazionali BNL d'Italia,2025-05-08,Masters 1000,Outdoor,Clay,1st Round,3,Munar J.,Barrios M.,66,118.0,892,506.0,4.0,6.0,6.0,2.0,7.0,5.0,,,,,2.0,1.0,Completed,1.57,2.38,1.6,2.48,1.6,2.48,1.57,2.4,,
26,Rome,Internazionali BNL d'Italia,2025-05-08,Masters 1000,Outdoor,Clay,1st Round,3,Nardi L.,Cobolli F.,95,34.0,632,1520.0,6.0,3.0,6.0,4.0,,,,,,,2.0,0.0,Completed,3.2,1.36,3.27,1.38,3.33,1.51,3.1,1.38,,
26,Rome,Internazionali BNL d'Italia,2025-05-08,Masters 1000,Outdoor,Clay,1st Round,3,Gigante M.,Rinderknech A.,164,75.0,341,826.0,7.0,6.0,7.0,6.0,,,,,,,2.0,0.0,Completed,1.73,2.1,1.77,2.15,1.77,2.36,1.72,2.13,,
26,Rome,Internazionali BNL d'Italia,2025-05-08,Masters 1000,Outdoor,Clay,1st Round,3,Giron M.,Diallo G.,45,54.0,1245,995.0,3.0,6.0,6.0,3.0,6.0,4.0,,,,,2.0,1.0,Completed,2.5,1.53,2.56,1.57,2.63,1.8,2.49,1.56,,
26,Rome,Internazionali BNL d'Italia,2025-05-08,Masters 1000,Outdoor,Clay,1st Round,3,Bublik A.,Safiullin R.,76,77.0,820,816.0,6.0,3.0,7.0,6.0,,,,,,,2.0,0.0,Completed,1.91,1.91,1.98,1.91,1.98,2.08,1.89,1.94,,
26,Rome,Internazionali BNL d'Italia,2025-05-08,Masters 1000,Outdoor,Clay,1st Round,3,Ofner S.,Carballes Baena R.,143,59.0,398,946.0,6.0,3.0,0.0,0.0,,,,,,,1.0,0.0,Retired,1.67,2.2,1.7,2.24,1.83,2.64,1.68,2.21,,
26,Rome,Internazionali BNL d'Italia,2025-05-08,Masters 1000,Outdoor,Clay,1st Round,3,Martinez P.,Bellucci M.,49,68.0,1115,891.0,6.0,4.0,6.0,2.0,,,,,,,2.0,0.0,Completed,1.62,2.3,1.71,2.24,1.73,2.32,1.64,2.26,,
26,Rome,Internazionali BNL d'Italia,2025-05-08,Masters 1000,Outdoor,Clay,1st Round,3,Fearnley J.,Fognini F.,57,107.0,953,566.0,6.0,2.0,6.0,3.0,,,,,,,2.0,0.0,Completed,1.44,2.75,1.43,3.05,1.46,3.35,1.43,2.88,,
26,Rome,Internazionali BNL d'Italia,2025-05-08,Masters 1000,Outdoor,Clay,1st Round,3,Tien L.,Opelka R.,70,94.0,878,634.0,6.0,4.0,7.0,6.0,,,,,,,2.0,0.0,Completed,1.91,1.91,1.92,1.97,2.04,2.01,1.91,1.91,,
26,Rome,Internazionali BNL d'Italia,2025-05-09,Masters 1000,Outdoor,Clay,2nd Round,3,Nakashima B.,Thompson J.,29,41.0,1675,1355.0,,,,,,,,,,,,,Walkover,1.4,3.0,1.39,3.28,1.42,3.28,1.39,3.05,,
26,Rome,Internazionali BNL d'Italia,2025-05-09,Masters 1000,Outdoor,Clay,2nd Round,3,Passaro F.,Dimitrov G.,101,15.0,593,2685.0,7.0,5.0,6.0,3.0,,,,,,,2.0,0.0,Completed,4.0,1.25,4.12,1.28,4.4,1.34,3.92,1.25,,
26,Rome,Internazionali BNL d'Italia,2025-05-09,Masters 1000,Outdoor,Clay,2nd Round,3,Khachanov K.,Burruchaga R.,24,135.0,1910,439.0,6.0,4.0,5.0,7.0,6.0,1.0,,,,,2.0,1.0,Completed,1.3,3.5,1.3,3.88,1.31,3.88,1.29,3.58,,
26,Rome,Internazionali BNL d'Italia,2025-05-09,Masters 1000,Outdoor,Clay,2nd Round,3,Fils A.,Griekspoor T.,14,35.0,2920,1505.0,6.0,2.0,6.0,2.0,,,,,,,2.0,0.0,Completed,1.5,2.63,1.53,2.71,1.53,2.83,1.49,2.63,,
26,Rome,Internazionali BNL d'Italia,2025-05-09,Masters 1000,Outdoor,Clay,2nd Round,3,Popyrin A.,Taberner C.,25,139.0,1860,417.0,6.0,1.0,7.0,6.0,,,,,,,2.0,0.0,Completed,1.44,2.75,1.51,2.65,1.58,2.8,1.48,2.68,,
26,Rome,Internazionali BNL d'Italia,2025-05-09,Masters 1000,Outdoor,Clay,2nd Round,3,Alcaraz C.,Lajovic D.,3,131.0,7850,446.0,6.0,3.0,6.0,3.0,,,,,,,2.0,0.0,Completed,1.05,11.0,1.05,14.83,1.06,16.0,1.05,11.32,,
26,Rome,Internazionali BNL d'Italia,2025-05-09,Masters 1000,Outdoor,Clay,2nd Round,3,Tsitsipas S.,Muller A.,19,39.0,2420,1403.0,6.0,2.0,7.0,6.0,,,,,,,2.0,0.0,Completed,1.25,4.0,1.29,3.82,1.32,4.3,1.27,3.83,,
26,Rome,Internazionali BNL d'Italia,2025-05-09,Masters 1000,Outdoor,Clay,2nd Round,3,Djere L.,Michelsen A.,64,32.0,902,1570.0,6.0,0.0,6.0,3.0,,,,,,,2.0,0.0,Completed,1.44,2.75,1.43,3.05,1.54,3.1,1.44,2.83,,
26,Rome,Internazionali BNL d'Italia,2025-05-09,Masters 1000,Outdoor,Clay,2nd Round,3,Musetti L.,Virtanen O.,9,130.0,3550,455.0,6.0,3.0,6.0,2.0,,,,,,,2.0,0.0,Completed,1.07,9.0,1.08,9.61,1.09,11.5,1.07,8.76,,
26,Rome,Internazionali BNL d'Italia,2025-05-09,Masters 1000,Outdoor,Clay,2nd Round,3,Medvedev D.,Norrie C.,11,91.0,3290,667.0,6.0,4.0,6.0,2.0,,,,,,,2.0,0.0,Completed,1.3,3.5,1.33,3.68,1.35,3.75,1.3,3.55,,
26,Rome,Internazionali BNL d'Italia,2025-05-09,Masters 1000,Outdoor,Clay,2nd Round,3,Moutet C.,Humbert U.,83,22.0,752,2145.0,6.0,3.0,4.0,0.0,,,,,,,1.0,0.0,Retired,2.3,1.62,2.32,1.68,2.35,1.74,2.29,1.63,,
26,Rome,Internazionali BNL d'Italia,2025-05-09,Masters 1000,Outdoor,Clay,2nd Round,3,Kopriva V.,Baez S.,92,33.0,655,1540.0,3.0,6.0,6.0,4.0,6.0,4.0,,,,,2.0,1.0,Completed,2.75,1.44,2.77,1.51,2.9,1.52,2.77,1.45,,
26,Rome,Internazionali BNL d'Italia,2025-05-09,Masters 1000,Outdoor,Clay,2nd Round,3,Gaubas V.,Shapovalov D.,154,28.0,371,1726.0,6.0,3.0,6.0,4.0,,,,,,,2.0,0.0,Completed,2.75,1.44,2.8,1.5,2.84,1.53,2.72,1.47,,
26,Rome,Internazionali BNL d'Italia,2025-05-09,Masters 1000,Outdoor,Clay,2nd Round,3,Rune H.,Comesana F.,10,63.0,3440,906.0,3.0,6.0,6.0,3.0,6.0,4.0,,,,,2.0,1.0,Completed,1.36,3.2,1.35,3.53,1.4,3.7,1.35,3.29,,
26,Rome,Internazionali BNL d'Italia,2025-05-09,Masters 1000,Outdoor,Clay,2nd Round,3,Draper J.,Darderi L.,5,46.0,4440,1204.0,6.0,1.0,6.0,4.0,,,,,,,2.0,0.0,Completed,1.29,3.75,1.25,4.52,1.29,4.52,1.25,4.0,,
26,Rome,Internazionali BNL d'Italia,2025-05-09,Masters 1000,Outdoor,Clay,2nd Round,3,Zverev A.,Ugo Carabelli C.,2,60.0,8085,944.0,6.0,2.0,6.0,1.0,,,,,,,2.0,0.0,Completed,1.08,8.0,1.09,8.66,1.11,9.6,1.09,8.03,,
26,Rome,Internazionali BNL d'Italia,2025-05-10,Masters 1000,Outdoor,Clay,2nd Round,3,Paul T.,Bautista Agut R.,12,56.0,3210,969.0,6.0,1.0,6.0,4.0,,,,,,,2.0,0.0,Completed,1.22,4.33,1.24,4.57,1.27,4.6,1.23,4.29,,
26,Rome,Internazionali BNL d'Italia,2025-05-10,Masters 1000,Outdoor,Clay,2nd Round,3,Berrettini M.,Fearnley J.,30,57.0,1670,953.0,6.0,4.0,7.0,6.0,,,,,,,2.0,0.0,Completed,1.3,3.5,1.34,3.57,1.36,3.7,1.32,3.45,,
26,Rome,Internazionali BNL d'Italia,2025-05-10,Masters 1000,Outdoor,Clay,2nd Round,3,Marozsan F.,Rublev A.,61,17.0,935,2580.0,7.0,5.0,4.0,6.0,6.0,3.0,,,,,2.0,1.0,Completed,2.2,1.67,2.12,1.81,2.22,1.81,2.14,1.73,,
26,Rome,Internazionali BNL d'Italia,2025-05-10,Masters 1000,Outdoor,Clay,2nd Round,3,Ofner S.,Tiafoe F.,143,16.0,398,2640.0,6.0,2.0,6.0,7.0,6.0,3.0,,,,,2.0,1.0,Completed,2.3,1.62,2.24,1.73,2.34,1.73,2.26,1.66,,
26,Rome,Internazionali BNL d'Italia,2025-05-10,Masters 1000,Outdoor,Clay,2nd Round,3,Machac T.,Tien L.,20,70.0,2215,878.0,6.0,4.0,6.0,4.0,,,,,,,2.0,0.0,Completed,1.29,3.75,1.32,3.79,1.34,3.8,1.31,3.55,,
26,Rome,Internazionali BNL d'Italia,2025-05-10,Masters 1000,Outdoor,Clay,2nd Round,3,Korda S.,Vukic A.,23,79.0,2020,792.0,6.0,3.0,6.0,4.0,,,,,,,2.0,0.0,Completed,1.33,3.4,1.37,3.38,1.4,3.4,1.34,3.31,,
26,Rome,Internazionali BNL d'Italia,2025-05-10,Masters 1000,Outdoor,Clay,2nd Round,3,Hurkacz H.,Martinez P.,31,49.0,1665,1115.0,6.0,1.0,7.0,5.0,,,,,,,2.0,0.0,Completed,1.57,2.38,1.72,2.25,1.78,2.45,1.63,2.29,,
26,Rome,Internazionali BNL d'Italia,2025-05-10,Masters 1000,Outdoor,Clay,2nd Round,3,Ruud C.,Bublik A.,7,76.0,3715,820.0,6.0,4.0,4.0,6.0,6.0,3.0,,,,,2.0,1.0,Completed,1.17,5.0,1.18,5.41,1.19,6.2,1.18,4.99,,
26,Rome,Internazionali BNL d'Italia,2025-05-10,Masters 1000,Outdoor,Clay,2nd Round,3,Giron M.,Fritz T.,45,4.0,1245,4815.0,7.0,6.0,7.0,6.0,,,,,,,2.0,0.0,Completed,5.0,1.17,5.95,1.16,6.2,1.18,5.73,1.14,,
26,Rome,Internazionali BNL d'Italia,2025-05-10,Masters 1000,Outdoor,Clay,2nd Round,3,De Jong J.,Davidovich Fokina A.,93,26.0,640,1745.0,6.0,0.0,6.0,2.0,,,,,,,2.0,0.0,Completed,3.5,1.3,4.01,1.29,4.01,1.33,3.57,1.3,,
26,Rome,Internazionali BNL d'Italia,2025-05-10,Masters 1000,Outdoor,Clay,2nd Round,3,Mensik J.,Gigante M.,21,164.0,2182,341.0,7.0,6.0,7.0,5.0,,,,,,,2.0,0.0,Completed,1.2,4.5,1.26,4.4,1.26,4.7,1.21,4.41,,
26,Rome,Internazionali BNL d'Italia,2025-05-10,Masters 1000,Outdoor,Clay,2nd Round,3,Cerundolo F.,Jarry N.,18,53.0,2425,1010.0,7.0,6.0,6.0,3.0,,,,,,,2.0,0.0,Completed,1.2,4.5,1.22,4.93,1.24,5.0,1.2,4.6,,
26,Rome,Internazionali BNL d'Italia,2025-05-10,Masters 1000,Outdoor,Clay,2nd Round,3,Dellien H.,Seyboth Wild T.,103,120.0,587,493.0,4.0,6.0,6.0,3.0,6.0,4.0,,,,,2.0,1.0,Completed,2.5,1.53,2.71,1.52,2.8,1.6,2.57,1.52,,
26,Rome,Internazionali BNL d'Italia,2025-05-10,Masters 1000,Outdoor,Clay,2nd Round,3,Munar J.,Shelton B.,66,13.0,892,3020.0,6.0,2.0,6.0,1.0,,,,,,,2.0,0.0,Completed,2.1,1.73,2.22,1.75,2.22,1.82,2.1,1.73,,
26,Rome,Internazionali BNL d'Italia,2025-05-10,Masters 1000,Outdoor,Clay,2nd Round,3,Sinner J.,Navone M.,1,99.0,9730,600.0,6.0,3.0,6.0,4.0,,,,,,,2.0,0.0,Completed,1.08,8.0,1.09,9.73,1.11,9.8,1.08,8.27,,
26,Rome,Internazionali BNL d'Italia,2025-05-10,Masters 1000,Outdoor,Clay,2nd Round,3,De Minaur A.,Nardi L.,8,95.0,3635,632.0,6.0,4.0,7.0,5.0,,,,,,,2.0,0.0,Completed,1.1,7.0,1.1,8.25,1.14,8.75,1.1,7.41,,
26,Rome,Internazionali BNL d'Italia,2025-05-11,Masters 1000,Outdoor,Clay,3rd Round,3,Medvedev D.,Popyrin A.,11,25.0,3290,1860.0,6.0,4.0,6.0,1.0,,,,,,,2.0,0.0,Completed,1.33,3.4,1.36,3.49,1.43,3.49,1.38,3.09,,
26,Rome,Internazionali BNL d'Italia,2025-05-11,Masters 1000,Outdoor,Clay,3rd Round,3,Fils A.,Tsitsipas S.,14,19.0,2920,2420.0,2.0,6.0,6.0,4.0,6.0,2.0,,,,,2.0,1.0,Completed,1.67,2.2,1.8,2.14,1.8,2.22,1.7,2.16,,
26,Rome,Internazionali BNL d'Italia,2025-05-11,Masters 1000,Outdoor,Clay,3rd Round,3,Moutet C.,Rune H.,83,10.0,752,3440.0,7.0,5.0,5.0,7.0,7.0,6.0,,,,,2.0,1.0,Completed,4.5,1.2,5.02,1.2,5.3,1.24,4.67,1.2,,
26,Rome,Internazionali BNL d'Italia,2025-05-11,Masters 1000,Outdoor,Clay,3rd Round,3,Musetti L.,Nakashima B.,9,29.0,3550,1675.0,6.0,4.0,6.0,3.0,,,,,,,2.0,0.0,Completed,1.17,5.0,1.18,5.43,1.2,5.8,1.17,5.15,,
26,Rome,Internazionali BNL d'Italia,2025-05-11,Masters 1000,Outdoor,Clay,3rd Round,3,Zverev A.,Gaubas V.,2,154.0,8085,371.0,6.0,4.0,6.0,0.0,,,,,,,2.0,0.0,Completed,1.05,11.0,1.06,12.27,1.08,13.0,1.05,10.75,,
26,Rome,Internazionali BNL d'Italia,2025-05-11,Masters 1000,Outdoor,Clay,3rd Round,3,Draper J.,Kopriva V.,5,92.0,4440,655.0,6.0,4.0,6.0,3.0,,,,,,,2.0,0.0,Completed,1.1,7.0,1.12,7.18,1.14,7.6,1.11,6.93,,
26,Rome,Internazionali BNL d'Italia,2025-05-11,Masters 1000,Outdoor,Clay,3rd Round,3,Khachanov K.,Passaro F.,24,101.0,1910,593.0,6.0,3.0,6.0,0.0,,,,,,,2.0,0.0,Completed,1.4,3.0,1.45,2.97,1.48,3.0,1.42,2.86,,
26,Rome,Internazionali BNL d'Italia,2025-05-11,Masters 1000,Outdoor,Clay,3rd Round,3,Alcaraz C.,Djere L.,3,64.0,7850,902.0,7.0,6.0,6.0,2.0,,,,,,,2.0,0.0,Completed,1.08,8.0,1.1,9.31,1.1,11.5,1.08,8.18,,
26,Rome,Internazionali BNL d'Italia,2025-05-12,Masters 1000,Outdoor,Clay,3rd Round,3,Paul T.,Machac T.,12,20.0,3210,2215.0,6.0,3.0,6.0,7.0,6.0,4.0,,,,,2.0,1.0,Completed,1.67,2.2,1.71,2.27,1.74,2.32,1.67,2.21,,
26,Rome,Internazionali BNL d'Italia,2025-05-12,Masters 1000,Outdoor,Clay,3rd Round,3,De Minaur A.,Dellien H.,8,103.0,3635,587.0,6.0,4.0,6.0,4.0,,,,,,,2.0,0.0,Completed,1.06,10.0,1.04,16.8,1.06,17.5,1.04,11.6,,
26,Rome,Internazionali BNL d'Italia,2025-05-12,Masters 1000,Outdoor,Clay,3rd Round,3,Mensik J.,Marozsan F.,21,61.0,2182,935.0,6.0,4.0,7.0,6.0,,,,,,,2.0,0.0,Completed,1.73,2.1,1.7,2.29,1.74,2.33,1.69,2.19,,
26,Rome,Internazionali BNL d'Italia,2025-05-12,Masters 1000,Outdoor,Clay,3rd Round,3,Hurkacz H.,Giron M.,31,45.0,1665,1245.0,6.0,3.0,1.0,6.0,6.0,1.0,,,,,2.0,1.0,Completed,1.44,2.75,1.5,2.79,1.52,2.88,1.47,2.69,,
26,Rome,Internazionali BNL d'Italia,2025-05-12,Masters 1000,Outdoor,Clay,3rd Round,3,Cerundolo F.,Ofner S.,18,143.0,2425,398.0,6.0,2.0,6.0,4.0,,,,,,,2.0,0.0,Completed,1.14,5.5,1.17,5.56,1.18,6.8,1.15,5.51,,
26,Rome,Internazionali BNL d'Italia,2025-05-12,Masters 1000,Outdoor,Clay,3rd Round,3,Sinner J.,De Jong J.,1,93.0,9730,640.0,6.0,4.0,6.0,2.0,,,,,,,2.0,0.0,Completed,1.06,10.0,1.04,15.96,1.06,16.25,1.04,11.94,,
26,Rome,Internazionali BNL d'Italia,2025-05-12,Masters 1000,Outdoor,Clay,3rd Round,3,Munar J.,Korda S.,66,23.0,892,2020.0,6.0,4.0,6.0,2.0,,,,,,,2.0,0.0,Completed,2.2,1.67,2.12,1.81,2.22,1.87,2.14,1.72,,
26,Rome,Internazionali BNL d'Italia,2025-05-12,Masters 1000,Outdoor,Clay,3rd Round,3,Ruud C.,Berrettini M.,7,30.0,3715,1670.0,7.0,5.0,2.0,0.0,,,,,,,1.0,0.0,Retired,1.57,2.38,1.63,2.43,1.69,2.43,1.6,2.35,,
26,Rome,Internazionali BNL d'Italia,2025-05-13,Masters 1000,Outdoor,Clay,4th Round,3,Alcaraz C.,Khachanov K.,3,24.0,7850,1910.0,6.0,3.0,3.0,6.0,7.0,5.0,,,,,2.0,1.0,Completed,1.08,8.0,1.07,10.41,1.11,10.5,1.08,8.32,,
26,Rome,Internazionali BNL d'Italia,2025-05-13,Masters 1000,Outdoor,Clay,4th Round,3,Draper J.,Moutet C.,5,83.0,4440,752.0,1.0,6.0,6.0,4.0,6.0,3.0,,,,,2.0,1.0,Completed,1.1,7.0,1.12,7.23,1.14,7.75,1.11,6.94,,
26,Rome,Internazionali BNL d'Italia,2025-05-13,Masters 1000,Outdoor,Clay,4th Round,3,Hurkacz H.,Mensik J.,31,21.0,1665,2182.0,7.0,6.0,4.0,6.0,7.0,6.0,,,,,2.0,1.0,Completed,3.0,1.4,2.97,1.45,3.23,1.46,2.94,1.41,,
26,Rome,Internazionali BNL d'Italia,2025-05-13,Masters 1000,Outdoor,Clay,4th Round,3,Musetti L.,Medvedev D.,9,11.0,3550,3290.0,7.0,5.0,6.0,4.0,,,,,,,2.0,0.0,Completed,1.5,2.63,1.54,2.65,1.54,2.8,1.52,2.57,,
26,Rome,Internazionali BNL d'Italia,2025-05-13,Masters 1000,Outdoor,Clay,4th Round,3,Sinner J.,Cerundolo F.,1,18.0,9730,2425.0,7.0,6.0,6.0,3.0,,,,,,,2.0,0.0,Completed,1.29,3.75,1.29,4.0,1.3,4.2,1.26,3.81,,
26,Rome,Internazionali BNL d'Italia,2025-05-13,Masters 1000,Outdoor,Clay,4th Round,3,Zverev A.,Fils A.,2,14.0,8085,2920.0,7.0,6.0,6.0,1.0,,,,,,,2.0,0.0,Completed,1.57,2.38,1.57,2.59,1.59,2.7,1.56,2.45,,
26,Rome,Internazionali BNL d'Italia,2025-05-13,Masters 1000,Outdoor,Clay,4th Round,3,Paul T.,De Minaur A.,12,8.0,3210,3635.0,7.0,5.0,6.0,3.0,,,,,,,2.0,0.0,Completed,2.5,1.53,2.72,1.52,2.82,1.54,2.61,1.5,,
26,Rome,Internazionali BNL d'Italia,2025-05-14,Masters 1000,Outdoor,Clay,4th Round,3,Ruud C.,Munar J.,7,66.0,3715,892.0,6.0,3.0,6.0,4.0,,,,,,,2.0,0.0,Completed,1.2,4.5,1.24,4.58,1.25,4.8,1.2,4.52,,
26,Rome,Internazionali BNL d'Italia,2025-05-14,Masters 1000,Outdoor,Clay,Quarterfinals,3,Alcaraz C.,Draper J.,3,5.0,7850,4440.0,6.0,4.0,6.0,4.0,,,,,,,2.0,0.0,Completed,1.33,3.4,1.36,3.45,1.38,3.55,1.35,3.29,,
26,Rome,Internazionali BNL d'Italia,2025-05-14,Masters 1000,Outdoor,Clay,Quarterfinals,3,Musetti L.,Zverev A.,9,2.0,3550,8085.0,7.0,6.0,6.0,4.0,,,,,,,2.0,0.0,Completed,2.38,1.57,2.37,1.66,2.44,1.69,2.34,1.61,,
26,Rome,Internazionali BNL d'Italia,2025-05-15,Masters 1000,Outdoor,Clay,Quarterfinals,3,Paul T.,Hurkacz H.,12,31.0,3210,1665.0,7.0,6.0,6.0,3.0,,,,,,,2.0,0.0,Completed,1.4,3.0,1.42,3.14,1.46,3.2,1.4,3.02,,
26,Rome,Internazionali BNL d'Italia,2025-05-15,Masters 1000,Outdoor,Clay,Quarterfinals,3,Sinner J.,Ruud C.,1,7.0,9730,3715.0,6.0,0.0,6.0,1.0,,,,,,,2.0,0.0,Completed,1.29,3.75,1.29,4.04,1.29,4.5,1.27,3.9,,
26,Rome,Internazionali BNL d'Italia,2025-05-16,Masters 1000,Outdoor,Clay,Semifinals,3,Alcaraz C.,Musetti L.,3,9.0,7850,3550.0,6.0,3.0,7.0,6.0,,,,,,,2.0,0.0,Completed,1.36,3.2,1.37,3.41,1.4,3.55,1.34,3.33,,
26,Rome,Internazionali BNL d'Italia,2025-05-16,Masters 1000,Outdoor,Clay,Semifinals,3,Sinner J.,Paul T.,1,12.0,9730,3210.0,1.0,6.0,6.0,0.0,6.0,3.0,,,,,2.0,1.0,Completed,1.08,8.0,1.1,9.13,1.11,10.5,1.09,8.05,,
26,Rome,Internazionali BNL d'Italia,2025-05-18,Masters 1000,Outdoor,Clay,The Final,3,Alcaraz C.,Sinner J.,3,1.0,7850,9730.0,7.0,6.0,6.0,1.0,,,,,,,2.0,0.0,Completed,2.3,1.62,2.43,1.63,2.48,1.68,2.3,1.63,,
27,Geneva,Geneva Open,2025-05-18,ATP250,Outdoor,Clay,1st Round,3,Popyrin A.,Jarry N.,25,150.0,1900,390.0,6.0,4.0,3.0,6.0,7.0,5.0,,,,,2.0,1.0,Completed,1.8,2.0,1.94,1.94,1.97,2.05,1.83,1.99,,
27,Geneva,Geneva Open,2025-05-18,ATP250,Outdoor,Clay,1st Round,3,Borges N.,Michelsen A.,41,33.0,1270,1550.0,4.0,6.0,6.0,3.0,6.0,3.0,,,,,2.0,1.0,Completed,1.67,2.2,1.7,2.27,1.77,2.27,1.71,2.13,,
27,Geneva,Geneva Open,2025-05-19,ATP250,Outdoor,Clay,1st Round,3,Fearnley J.,Lajovic D.,54,124.0,976,466.0,6.0,4.0,6.0,1.0,,,,,,,2.0,0.0,Completed,1.8,2.0,1.9,1.99,1.94,2.05,1.85,1.95,,
27,Geneva,Geneva Open,2025-05-19,ATP250,Outdoor,Clay,1st Round,3,Ofner S.,Gakhov I.,128,265.0,458,212.0,6.0,1.0,6.0,2.0,,,,,,,2.0,0.0,Completed,1.17,5.0,1.21,4.9,1.21,5.6,1.18,4.85,,
27,Geneva,Geneva Open,2025-05-19,ATP250,Outdoor,Clay,1st Round,3,Nishikori K.,Tien L.,62,67.0,928,893.0,4.0,6.0,6.0,4.0,6.0,4.0,,,,,2.0,1.0,Completed,1.8,2.0,1.83,2.07,1.89,2.1,1.78,2.03,,
27,Geneva,Geneva Open,2025-05-19,ATP250,Outdoor,Clay,1st Round,3,Halys Q.,Munar J.,50,58.0,1024,962.0,4.0,6.0,6.0,3.0,7.0,6.0,,,,,2.0,1.0,Completed,2.75,1.44,3.01,1.44,3.1,1.46,2.82,1.43,,
27,Geneva,Geneva Open,2025-05-19,ATP250,Outdoor,Clay,1st Round,3,Arnaldi M.,Gaston H.,39,74.0,1365,816.0,6.0,7.0,6.0,4.0,6.0,4.0,,,,,2.0,1.0,Completed,1.33,3.4,1.37,3.37,1.4,3.4,1.33,3.27,,
27,Geneva,Geneva Open,2025-05-19,ATP250,Outdoor,Clay,1st Round,3,Norrie C.,Stricker D.,90,233.0,657,240.0,7.0,6.0,6.0,3.0,,,,,,,2.0,0.0,Completed,1.33,3.4,1.34,3.56,1.36,3.6,1.32,3.37,,
27,Geneva,Geneva Open,2025-05-19,ATP250,Outdoor,Clay,1st Round,3,Fucsovics M.,Bergs Z.,134,49.0,443,1051.0,6.0,2.0,6.0,3.0,,,,,,,2.0,0.0,Completed,1.67,2.2,1.71,2.24,1.77,2.28,1.71,2.15,,
27,Geneva,Geneva Open,2025-05-20,ATP250,Outdoor,Clay,1st Round,3,Rinderknech A.,Kecmanovic M.,72,46.0,820,1146.0,6.0,4.0,6.0,2.0,,,,,,,2.0,0.0,Completed,2.75,1.44,2.82,1.48,2.92,1.5,2.76,1.45,,
27,Geneva,Geneva Open,2025-05-20,ATP250,Outdoor,Clay,1st Round,3,Hurkacz H.,Cazaux A.,31,113.0,1665,508.0,6.0,3.0,6.0,4.0,,,,,,,2.0,0.0,Completed,1.22,4.33,1.24,4.54,1.24,4.9,1.22,4.34,,
27,Geneva,Geneva Open,2025-05-20,ATP250,Outdoor,Clay,1st Round,3,Marozsan F.,Sell K.,56,300.0,975,175.0,6.0,1.0,6.0,1.0,,,,,,,2.0,0.0,Completed,1.1,7.0,1.12,7.35,1.15,7.6,1.12,6.41,,
27,Geneva,Geneva Open,2025-05-21,ATP250,Outdoor,Clay,2nd Round,3,Fritz T.,Halys Q.,4,50.0,4625,1024.0,6.0,4.0,7.0,6.0,,,,,,,2.0,0.0,Completed,1.22,4.33,1.24,4.59,1.26,4.8,1.22,4.32,,
27,Geneva,Geneva Open,2025-05-21,ATP250,Outdoor,Clay,2nd Round,3,Khachanov K.,Nishikori K.,24,62.0,1910,928.0,7.0,5.0,2.0,5.0,,,,,,,1.0,0.0,Retired,1.36,3.2,1.35,3.42,1.36,3.42,1.35,3.18,,
27,Geneva,Geneva Open,2025-05-21,ATP250,Outdoor,Clay,2nd Round,3,Ofner S.,Borges N.,128,41.0,458,1270.0,7.0,6.0,7.0,6.0,,,,,,,2.0,0.0,Completed,1.91,1.91,1.85,2.02,1.92,2.06,1.86,1.95,,
27,Geneva,Geneva Open,2025-05-21,ATP250,Outdoor,Clay,2nd Round,3,Arnaldi M.,Marozsan F.,39,56.0,1365,975.0,6.0,3.0,7.0,6.0,,,,,,,2.0,0.0,Completed,2.1,1.73,2.15,1.79,2.16,1.84,2.07,1.76,,
27,Geneva,Geneva Open,2025-05-21,ATP250,Outdoor,Clay,2nd Round,3,Hurkacz H.,Rinderknech A.,31,72.0,1665,820.0,6.0,4.0,6.0,1.0,,,,,,,2.0,0.0,Completed,1.3,3.5,1.36,3.49,1.38,3.62,1.32,3.38,,
27,Geneva,Geneva Open,2025-05-21,ATP250,Outdoor,Clay,2nd Round,3,Djokovic N.,Fucsovics M.,6,134.0,4080,443.0,6.0,2.0,6.0,3.0,,,,,,,2.0,0.0,Completed,1.25,4.0,1.29,4.06,1.34,4.08,1.26,3.82,,
27,Geneva,Geneva Open,2025-05-21,ATP250,Outdoor,Clay,2nd Round,3,Popyrin A.,Fearnley J.,25,54.0,1900,976.0,6.0,4.0,6.0,3.0,,,,,,,2.0,0.0,Completed,1.91,1.91,1.94,1.96,1.97,2.0,1.91,1.89,,
27,Geneva,Geneva Open,2025-05-21,ATP250,Outdoor,Clay,2nd Round,3,Norrie C.,Machac T.,90,21.0,657,2265.0,3.0,6.0,6.0,2.0,4.0,3.0,,,,,1.0,1.0,Retired,2.5,1.53,2.62,1.56,2.62,1.59,2.48,1.54,,
27,Geneva,Geneva Open,2025-05-22,ATP250,Outdoor,Clay,Quarterfinals,3,Ofner S.,Khachanov K.,128,24.0,458,1910.0,4.0,6.0,6.0,4.0,6.0,4.0,,,,,2.0,1.0,Completed,2.63,1.5,2.78,1.49,2.82,1.55,2.62,1.49,,
27,Geneva,Geneva Open,2025-05-22,ATP250,Outdoor,Clay,Quarterfinals,3,Hurkacz H.,Fritz T.,31,4.0,1665,4625.0,6.0,3.0,7.0,6.0,,,,,,,2.0,0.0,Completed,2.3,1.62,2.34,1.68,2.42,1.68,2.3,1.62,,
27,Geneva,Geneva Open,2025-05-22,ATP250,Outdoor,Clay,Quarterfinals,3,Djokovic N.,Arnaldi M.,6,39.0,4080,1365.0,6.0,4.0,6.0,4.0,,,,,,,2.0,0.0,Completed,1.29,3.75,1.31,3.84,1.34,3.85,1.3,3.58,,
27,Geneva,Geneva Open,2025-05-22,ATP250,Outdoor,Clay,Quarterfinals,3,Norrie C.,Popyrin A.,90,25.0,657,1900.0,7.0,6.0,6.0,4.0,,,,,,,2.0,0.0,Completed,2.1,1.73,2.16,1.78,2.16,1.87,2.07,1.76,,
27,Geneva,Geneva Open,2025-05-23,ATP250,Outdoor,Clay,Semifinals,3,Hurkacz H.,Ofner S.,31,128.0,1665,458.0,6.0,3.0,6.0,4.0,,,,,,,2.0,0.0,Completed,1.44,2.75,1.49,2.84,1.5,3.0,1.44,2.76,,
27,Geneva,Geneva Open,2025-05-23,ATP250,Outdoor,Clay,Semifinals,3,Djokovic N.,Norrie C.,6,90.0,4080,657.0,6.0,4.0,6.0,7.0,6.0,1.0,,,,,2.0,1.0,Completed,1.17,5.0,1.21,5.11,1.21,5.5,1.18,4.95,,
27,Geneva,Geneva Open,2025-05-24,ATP250,Outdoor,Clay,The Final,3,Djokovic N.,Hurkacz H.,6,31.0,4080,1665.0,5.0,7.0,7.0,6.0,7.0,6.0,,,,,2.0,1.0,Completed,1.36,3.2,1.36,3.47,1.39,3.55,1.35,3.26,,
28,Hamburg,Hamburg Open,2025-05-18,ATP500,Outdoor,Clay,1st Round,3,Darderi L.,Dedura D.,45,372.0,1159,130.0,6.0,1.0,6.0,4.0,,,,,,,2.0,0.0,Completed,1.08,8.0,1.12,7.44,1.14,8.25,1.09,7.44,,
28,Hamburg,Hamburg Open,2025-05-18,ATP500,Outdoor,Clay,1st Round,3,Cerundolo F.,Martinez P.,18,48.0,2475,1070.0,6.0,2.0,6.0,3.0,,,,,,,2.0,0.0,Completed,1.17,5.0,1.18,5.56,1.2,5.7,1.17,5.19,,
28,Hamburg,Hamburg Open,2025-05-19,ATP500,Outdoor,Clay,1st Round,3,Nakashima B.,Collignon R.,29,84.0,1690,726.0,6.0,5.0,,,,,,,,,0.0,0.0,Retired,1.62,2.3,1.73,2.22,1.73,2.44,1.64,2.27,,
28,Hamburg,Hamburg Open,2025-05-19,ATP500,Outdoor,Clay,1st Round,3,Bautista Agut R.,Giron M.,57,43.0,974,1265.0,7.0,6.0,6.0,0.0,,,,,,,2.0,0.0,Completed,1.8,2.0,1.92,1.97,1.92,2.02,1.83,1.97,,
28,Hamburg,Hamburg Open,2025-05-19,ATP500,Outdoor,Clay,1st Round,3,Rublev A.,Dzumhur D.,17,69.0,2540,875.0,6.0,4.0,6.0,3.0,,,,,,,2.0,0.0,Completed,1.2,4.5,1.19,5.21,1.22,5.6,1.2,4.65,,
28,Hamburg,Hamburg Open,2025-05-19,ATP500,Outdoor,Clay,1st Round,3,Muller A.,Ymer E.,40,279.0,1313,190.0,6.0,3.0,7.0,5.0,,,,,,,2.0,0.0,Completed,1.4,3.0,1.4,3.19,1.41,3.3,1.38,3.04,,
28,Hamburg,Hamburg Open,2025-05-19,ATP500,Outdoor,Clay,1st Round,3,Lehecka J.,Gojo B.,37,255.0,1415,221.0,6.0,4.0,3.0,6.0,6.0,2.0,,,,,2.0,1.0,Completed,1.44,2.75,1.44,3.0,1.49,3.0,1.44,2.8,,
28,Hamburg,Hamburg Open,2025-05-19,ATP500,Outdoor,Clay,1st Round,3,Zverev A.,Kovacevic A.,3,80.0,7285,787.0,6.0,1.0,7.0,6.0,,,,,,,2.0,0.0,Completed,1.04,13.0,1.05,15.54,1.05,19.5,1.04,12.06,,
28,Hamburg,Hamburg Open,2025-05-19,ATP500,Outdoor,Clay,1st Round,3,Engel J.,Struff J.L.,333,86.0,154,690.0,7.0,6.0,7.0,6.0,,,,,,,2.0,0.0,Completed,4.0,1.25,4.24,1.26,4.5,1.27,3.98,1.25,,
28,Hamburg,Hamburg Open,2025-05-20,ATP500,Outdoor,Clay,1st Round,3,Cobolli F.,Sachko V.,35,235.0,1480,237.0,5.0,7.0,6.0,2.0,6.0,2.0,,,,,2.0,1.0,Completed,1.25,4.0,1.25,4.33,1.29,4.33,1.25,3.99,,
28,Hamburg,Hamburg Open,2025-05-20,ATP500,Outdoor,Clay,1st Round,3,Etcheverry T.,Comesana F.,55,64.0,975,911.0,7.0,6.0,6.0,3.0,,,,,,,2.0,0.0,Completed,2.1,1.73,2.21,1.74,2.28,1.77,2.16,1.7,,
28,Hamburg,Hamburg Open,2025-05-20,ATP500,Outdoor,Clay,1st Round,3,Tiafoe F.,Bu Y.,15,70.0,2625,874.0,7.0,5.0,6.0,2.0,,,,,,,2.0,0.0,Completed,1.5,2.63,1.53,2.65,1.53,2.82,1.5,2.6,,
28,Hamburg,Hamburg Open,2025-05-20,ATP500,Outdoor,Clay,1st Round,3,Ugo Carabelli C.,Baez S.,52,36.0,1000,1450.0,6.0,3.0,2.0,6.0,6.0,4.0,,,,,2.0,1.0,Completed,2.38,1.57,2.39,1.64,2.52,1.65,2.38,1.58,,
28,Hamburg,Hamburg Open,2025-05-20,ATP500,Outdoor,Clay,1st Round,3,Davidovich Fokina A.,Monfils G.,26,42.0,1730,1265.0,6.0,3.0,6.0,3.0,,,,,,,2.0,0.0,Completed,1.36,3.2,1.38,3.26,1.41,3.31,1.39,3.01,,
28,Hamburg,Hamburg Open,2025-05-20,ATP500,Outdoor,Clay,1st Round,3,Mpetshi G.,Bublik A.,32,51.0,1614,1005.0,7.0,6.0,6.0,4.0,,,,,,,2.0,0.0,Completed,2.0,1.8,2.12,1.8,2.14,1.86,2.03,1.78,,
28,Hamburg,Hamburg Open,2025-05-20,ATP500,Outdoor,Clay,1st Round,3,Auger-Aliassime F.,Altmaier D.,30,66.0,1685,906.0,6.0,3.0,6.0,3.0,,,,,,,2.0,0.0,Completed,1.67,2.2,1.71,2.25,1.71,2.41,1.66,2.24,,
28,Hamburg,Hamburg Open,2025-05-21,ATP500,Outdoor,Clay,2nd Round,3,Bautista Agut R.,Tiafoe F.,57,15.0,974,2625.0,6.0,2.0,6.0,3.0,,,,,,,2.0,0.0,Completed,2.38,1.57,2.58,1.57,2.7,1.59,2.47,1.55,,
28,Hamburg,Hamburg Open,2025-05-21,ATP500,Outdoor,Clay,2nd Round,3,Lehecka J.,Cerundolo F.,37,18.0,1415,2475.0,7.0,5.0,6.0,2.0,,,,,,,2.0,0.0,Completed,3.0,1.4,3.06,1.43,3.06,1.47,2.94,1.4,,
28,Hamburg,Hamburg Open,2025-05-21,ATP500,Outdoor,Clay,2nd Round,3,Etcheverry T.,Ugo Carabelli C.,55,52.0,975,1000.0,6.0,4.0,6.0,4.0,,,,,,,2.0,0.0,Completed,1.67,2.2,1.74,2.23,1.76,2.26,1.68,2.2,,
28,Hamburg,Hamburg Open,2025-05-21,ATP500,Outdoor,Clay,2nd Round,3,Rublev A.,Engel J.,17,333.0,2540,154.0,6.0,3.0,7.0,5.0,,,,,,,2.0,0.0,Completed,1.1,7.0,1.09,9.68,1.1,10.0,1.09,7.68,,
28,Hamburg,Hamburg Open,2025-05-21,ATP500,Outdoor,Clay,2nd Round,3,Cobolli F.,Davidovich Fokina A.,35,26.0,1480,1730.0,6.0,4.0,7.0,5.0,,,,,,,2.0,0.0,Completed,3.0,1.4,3.07,1.43,3.16,1.45,2.99,1.39,,
28,Hamburg,Hamburg Open,2025-05-21,ATP500,Outdoor,Clay,2nd Round,3,Muller A.,Zverev A.,40,3.0,1313,7285.0,6.0,3.0,4.0,6.0,7.0,6.0,,,,,2.0,1.0,Completed,7.0,1.1,7.98,1.12,9.0,1.12,6.92,1.1,,
28,Hamburg,Hamburg Open,2025-05-21,ATP500,Outdoor,Clay,2nd Round,3,Darderi L.,Nakashima B.,45,29.0,1159,1690.0,7.0,5.0,6.0,7.0,6.0,2.0,,,,,2.0,1.0,Completed,1.67,2.2,1.71,2.27,1.71,2.38,1.67,2.2,,
28,Hamburg,Hamburg Open,2025-05-21,ATP500,Outdoor,Clay,2nd Round,3,Auger-Aliassime F.,Mpetshi G.,30,32.0,1685,1614.0,6.0,2.0,6.0,4.0,,,,,,,2.0,0.0,Completed,1.44,2.75,1.46,2.96,1.52,2.96,1.45,2.74,,
28,Hamburg,Hamburg Open,2025-05-22,ATP500,Outdoor,Clay,Quarterfinals,3,Etcheverry T.,Lehecka J.,55,37.0,975,1415.0,7.0,5.0,6.0,3.0,,,,,,,2.0,0.0,Completed,2.63,1.5,2.57,1.57,2.63,1.59,2.52,1.52,,
28,Hamburg,Hamburg Open,2025-05-22,ATP500,Outdoor,Clay,Quarterfinals,3,Cobolli F.,Bautista Agut R.,35,57.0,1480,974.0,7.0,6.0,6.0,0.0,,,,,,,2.0,0.0,Completed,1.62,2.3,1.67,2.36,1.7,2.38,1.62,2.31,,
28,Hamburg,Hamburg Open,2025-05-22,ATP500,Outdoor,Clay,Quarterfinals,3,Rublev A.,Darderi L.,17,45.0,2540,1159.0,6.0,1.0,3.0,6.0,6.0,3.0,,,,,2.0,1.0,Completed,1.44,2.75,1.5,2.82,1.51,2.96,1.45,2.77,,
28,Hamburg,Hamburg Open,2025-05-22,ATP500,Outdoor,Clay,Quarterfinals,3,Auger-Aliassime F.,Muller A.,30,40.0,1685,1313.0,7.0,6.0,6.0,7.0,6.0,3.0,,,,,2.0,1.0,Completed,1.44,2.75,1.45,2.97,1.51,2.98,1.45,2.77,,
28,Hamburg,Hamburg Open,2025-05-23,ATP500,Outdoor,Clay,Semifinals,3,Cobolli F.,Etcheverry T.,35,55.0,1480,975.0,2.0,6.0,7.0,5.0,6.0,4.0,,,,,2.0,1.0,Completed,2.1,1.73,2.15,1.79,2.23,1.8,2.12,1.73,,
28,Hamburg,Hamburg Open,2025-05-23,ATP500,Outdoor,Clay,Semifinals,3,Rublev A.,Auger-Aliassime F.,17,30.0,2540,1685.0,6.0,1.0,6.0,4.0,,,,,,,2.0,0.0,Completed,1.73,2.1,1.78,2.16,1.79,2.26,1.73,2.12,,
28,Hamburg,Hamburg Open,2025-05-24,ATP500,Outdoor,Clay,The Final,3,Cobolli F.,Rublev A.,35,17.0,1480,2540.0,6.0,2.0,6.0,4.0,,,,,,,2.0,0.0,Completed,3.0,1.4,3.19,1.41,3.3,1.42,3.04,1.39,,
29,Paris,French Open,2025-05-25,Grand Slam,Outdoor,Clay,1st Round,5,Fucsovics M.,Schoolkate T.,124,128.0,468,464.0,6.0,4.0,6.0,2.0,6.0,2.0,,,,,3.0,0.0,Completed,1.08,8.0,1.1,8.86,1.11,9.6,1.08,8.03,,
29,Paris,French Open,2025-05-25,Grand Slam,Outdoor,Clay,1st Round,5,Medjedovic H.,Majchrzak K.,74,96.0,811,645.0,6.0,3.0,6.0,3.0,7.0,6.0,,,,,3.0,0.0,Completed,1.57,2.38,1.62,2.45,1.63,2.56,1.59,2.38,,
29,Paris,French Open,2025-05-25,Grand Slam,Outdoor,Clay,1st Round,5,Paul T.,Moller E.,12,112.0,3210,511.0,6.0,7.0,6.0,2.0,6.0,3.0,6.0,1.0,,,3.0,1.0,Completed,1.1,7.0,1.15,6.45,1.15,7.2,1.12,6.52,,
29,Paris,French Open,2025-05-25,Grand Slam,Outdoor,Clay,1st Round,5,Navone M.,Nakashima B.,97,32.0,620,1690.0,7.0,6.0,4.0,6.0,6.0,1.0,6.0,2.0,,,3.0,1.0,Completed,1.5,2.63,1.49,2.84,1.5,2.98,1.48,2.69,,
29,Paris,French Open,2025-05-25,Grand Slam,Outdoor,Clay,1st Round,5,Mpetshi G.,Bergs Z.,37,50.0,1414,1051.0,4.0,6.0,6.0,3.0,7.0,6.0,6.0,4.0,,,3.0,1.0,Completed,1.73,2.1,1.88,2.03,1.9,2.12,1.78,2.06,,
29,Paris,French Open,2025-05-25,Grand Slam,Outdoor,Clay,1st Round,5,Opelka R.,Hijikata R.,93,78.0,651,792.0,1.0,6.0,6.0,3.0,7.0,5.0,7.0,6.0,,,3.0,1.0,Completed,1.44,2.75,1.47,2.92,1.5,2.96,1.45,2.81,,
29,Paris,French Open,2025-05-25,Grand Slam,Outdoor,Clay,1st Round,5,Carreno Busta P.,Comesana F.,99,64.0,615,911.0,6.0,2.0,7.0,6.0,7.0,5.0,,,,,3.0,0.0,Completed,2.63,1.5,2.67,1.54,2.84,1.54,2.64,1.5,,
29,Paris,French Open,2025-05-25,Grand Slam,Outdoor,Clay,1st Round,5,Dzumhur D.,Tirante T.A.,69,132.0,875,453.0,3.0,6.0,6.0,4.0,6.0,3.0,7.0,5.0,,,3.0,1.0,Completed,1.73,2.1,1.74,2.22,1.75,2.3,1.7,2.15,,
29,Paris,French Open,2025-05-25,Grand Slam,Outdoor,Clay,1st Round,5,Kopriva V.,Monteiro T.,86,131.0,715,454.0,6.0,4.0,6.0,3.0,4.0,6.0,6.0,7.0,6.0,1.0,3.0,2.0,Completed,1.4,3.0,1.42,3.14,1.45,3.14,1.4,3.0,,
29,Paris,French Open,2025-05-25,Grand Slam,Outdoor,Clay,1st Round,5,Musetti L.,Hanfmann Y.,7,142.0,3860,410.0,7.0,5.0,6.0,2.0,6.0,0.0,,,,,3.0,0.0,Completed,1.05,11.0,1.06,13.11,1.06,16.0,1.04,11.52,,
29,Paris,French Open,2025-05-25,Grand Slam,Outdoor,Clay,1st Round,5,Cerundolo J.M.,Michelsen A.,109,33.0,530,1550.0,6.0,3.0,6.0,2.0,6.0,4.0,,,,,3.0,0.0,Completed,1.8,2.0,1.88,2.03,1.96,2.03,1.83,2.0,,
29,Paris,French Open,2025-05-25,Grand Slam,Outdoor,Clay,1st Round,5,Galan D.E.,Royer V.,122,120.0,477,478.0,7.0,6.0,6.0,3.0,3.0,6.0,6.0,7.0,7.0,5.0,3.0,2.0,Completed,2.2,1.67,2.07,1.85,2.22,1.89,2.05,1.78,,
29,Paris,French Open,2025-05-25,Grand Slam,Outdoor,Clay,1st Round,5,Tiafoe F.,Safiullin R.,16,72.0,2665,816.0,6.0,4.0,7.0,5.0,6.0,4.0,,,,,3.0,0.0,Completed,1.4,3.0,1.48,2.88,1.48,3.15,1.43,2.88,,
29,Paris,French Open,2025-05-25,Grand Slam,Outdoor,Clay,1st Round,5,Marozsan F.,Nardi L.,56,95.0,990,645.0,6.0,2.0,6.0,3.0,7.0,6.0,,,,,3.0,0.0,Completed,1.22,4.33,1.25,4.52,1.25,5.0,1.22,4.41,,
29,Paris,French Open,2025-05-25,Grand Slam,Outdoor,Clay,1st Round,5,Gigante M.,Hassan B.,167,220.0,338,253.0,6.0,4.0,6.0,2.0,6.0,0.0,,,,,3.0,0.0,Completed,1.5,2.63,1.53,2.69,1.56,2.69,1.51,2.61,,
29,Paris,French Open,2025-05-25,Grand Slam,Outdoor,Clay,1st Round,5,Nava E.,Van De Zandschulp B.,137,89.0,433,670.0,6.0,2.0,7.0,5.0,7.0,5.0,,,,,3.0,0.0,Completed,2.1,1.73,2.18,1.77,2.18,1.82,2.12,1.74,,
29,Paris,French Open,2025-05-25,Grand Slam,Outdoor,Clay,1st Round,5,Brooksby J.,Faria J.,161,115.0,347,493.0,6.0,1.0,3.0,6.0,6.0,3.0,6.0,2.0,,,3.0,1.0,Completed,1.57,2.38,1.65,2.4,1.67,2.45,1.6,2.38,,
29,Paris,French Open,2025-05-25,Grand Slam,Outdoor,Clay,1st Round,5,Shelton B.,Sonego L.,13,44.0,2980,1205.0,6.0,4.0,4.0,6.0,3.0,6.0,6.0,2.0,6.0,3.0,3.0,2.0,Completed,1.62,2.3,1.58,2.56,1.62,2.62,1.57,2.44,,
29,Paris,French Open,2025-05-25,Grand Slam,Outdoor,Clay,1st Round,5,Halys Q.,Machac T.,52,22.0,1039,2110.0,7.0,6.0,4.0,1.0,,,,,,,1.0,0.0,Retired,3.0,1.4,3.24,1.4,3.25,1.43,3.05,1.39,,
29,Paris,French Open,2025-05-25,Grand Slam,Outdoor,Clay,1st Round,5,Borges N.,Jacquet K.,41,150.0,1285,388.0,3.0,6.0,6.0,7.0,6.0,4.0,6.0,3.0,6.0,3.0,3.0,2.0,Completed,1.57,2.38,1.55,2.65,1.6,2.68,1.56,2.46,,
29,Paris,French Open,2025-05-26,Grand Slam,Outdoor,Clay,1st Round,5,Korda S.,Darderi L.,23,45.0,2020,1159.0,6.0,2.0,4.0,6.0,6.0,3.0,6.0,2.0,,,3.0,1.0,Completed,1.91,1.91,1.96,1.94,2.0,1.98,1.92,1.91,,
29,Paris,French Open,2025-05-26,Grand Slam,Outdoor,Clay,1st Round,5,Gaston H.,Blanchet U.,83,193.0,753,289.0,2.0,6.0,6.0,0.0,2.0,6.0,6.0,3.0,6.0,4.0,3.0,2.0,Completed,1.44,2.75,1.5,2.8,1.51,2.92,1.46,2.76,,
29,Paris,French Open,2025-05-26,Grand Slam,Outdoor,Clay,1st Round,5,Kecmanovic M.,Baez S.,46,38.0,1146,1410.0,6.0,7.0,6.0,7.0,6.0,4.0,6.0,2.0,6.0,2.0,3.0,2.0,Completed,2.2,1.67,2.21,1.75,2.24,1.79,2.17,1.7,,
29,Paris,French Open,2025-05-26,Grand Slam,Outdoor,Clay,1st Round,5,Popyrin A.,Nishioka Y.,25,77.0,1950,794.0,7.0,5.0,6.0,4.0,1.0,2.0,,,,,2.0,0.0,Retired,1.14,5.5,1.19,5.44,1.2,7.13,1.17,5.33,,
29,Paris,French Open,2025-05-26,Grand Slam,Outdoor,Clay,1st Round,5,Ruud C.,Ramos A.,8,251.0,3655,224.0,6.0,3.0,6.0,4.0,6.0,2.0,,,,,3.0,0.0,Completed,1.04,13.0,1.04,18.01,1.05,24.0,1.03,14.0,,
29,Paris,French Open,2025-05-26,Grand Slam,Outdoor,Clay,1st Round,5,Tabilo A.,Cazaux A.,61,113.0,940,508.0,5.0,7.0,6.0,3.0,6.0,2.0,1.0,6.0,6.0,3.0,3.0,2.0,Completed,1.57,2.38,1.6,2.52,1.64,2.52,1.57,2.44,,
29,Paris,French Open,2025-05-26,Grand Slam,Outdoor,Clay,1st Round,5,Alcaraz C.,Zeppieri G.,2,310.0,8850,172.0,6.0,3.0,6.0,4.0,6.0,2.0,,,,,3.0,0.0,Completed,1.01,26.0,1.01,54.44,1.01,90.0,1.01,30.06,,
29,Paris,French Open,2025-05-26,Grand Slam,Outdoor,Clay,1st Round,5,Tsitsipas S.,Etcheverry T.,20,53.0,2270,1025.0,7.0,5.0,6.0,3.0,6.0,4.0,,,,,3.0,0.0,Completed,1.2,4.5,1.25,4.74,1.27,4.74,1.23,4.35,,
29,Paris,French Open,2025-05-26,Grand Slam,Outdoor,Clay,1st Round,5,Davidovich Fokina A.,Llamas Ruiz P.,29,872.0,1770,22.0,6.0,3.0,6.0,2.0,6.0,7.0,6.0,3.0,,,3.0,1.0,Completed,1.1,7.0,1.13,7.13,1.14,7.6,1.11,6.93,,
29,Paris,French Open,2025-05-26,Grand Slam,Outdoor,Clay,1st Round,5,Altmaier D.,Fritz T.,66,4.0,906,4675.0,7.0,5.0,3.0,6.0,6.0,3.0,6.0,1.0,,,3.0,1.0,Completed,3.75,1.29,3.74,1.32,4.0,1.33,3.71,1.28,,
29,Paris,French Open,2025-05-26,Grand Slam,Outdoor,Clay,1st Round,5,Rune H.,Bautista Agut R.,10,49.0,3440,1064.0,6.0,7.0,6.0,4.0,6.0,3.0,6.0,2.0,,,3.0,1.0,Completed,1.14,5.5,1.18,5.67,1.19,6.2,1.16,5.36,,
29,Paris,French Open,2025-05-26,Grand Slam,Outdoor,Clay,1st Round,5,Fearnley J.,Wawrinka S.,55,138.0,991,432.0,7.0,6.0,6.0,3.0,6.0,2.0,,,,,3.0,0.0,Completed,1.5,2.63,1.48,2.88,1.5,2.96,1.47,2.71,,
29,Paris,French Open,2025-05-26,Grand Slam,Outdoor,Clay,1st Round,5,Khachanov K.,Vukic A.,24,80.0,1960,783.0,6.0,4.0,6.0,4.0,6.0,4.0,,,,,3.0,0.0,Completed,1.1,7.0,1.1,9.13,1.11,9.6,1.09,7.89,,
29,Paris,French Open,2025-05-26,Grand Slam,Outdoor,Clay,1st Round,5,Diallo G.,Cerundolo F.,54,18.0,997,2475.0,7.0,5.0,6.0,3.0,6.0,4.0,,,,,3.0,0.0,Completed,6.5,1.11,8.05,1.11,8.2,1.14,7.01,1.11,,
29,Paris,French Open,2025-05-26,Grand Slam,Outdoor,Clay,1st Round,5,Lehecka J.,Thompson J.,34,40.0,1505,1375.0,6.0,4.0,6.0,2.0,6.0,1.0,,,,,3.0,0.0,Completed,1.14,5.5,1.17,5.94,1.17,6.8,1.15,5.68,,
29,Paris,French Open,2025-05-26,Grand Slam,Outdoor,Clay,1st Round,5,Ofner S.,Struff J.L.,108,87.0,533,690.0,7.0,6.0,6.0,3.0,6.0,7.0,6.0,2.0,,,3.0,1.0,Completed,1.36,3.2,1.41,3.18,1.45,3.2,1.38,3.1,,
29,Paris,French Open,2025-05-26,Grand Slam,Outdoor,Clay,1st Round,5,Gasquet R.,Atmane T.,166,121.0,339,477.0,6.0,2.0,2.0,6.0,6.0,3.0,6.0,0.0,,,3.0,1.0,Completed,2.38,1.57,2.55,1.58,2.56,1.62,2.46,1.56,,
29,Paris,French Open,2025-05-26,Grand Slam,Outdoor,Clay,1st Round,5,Shapovalov D.,Martinez P.,31,48.0,1701,1070.0,6.0,2.0,6.0,0.0,6.0,3.0,,,,,3.0,0.0,Completed,1.5,2.63,1.58,2.54,1.61,2.63,1.55,2.49,,
29,Paris,French Open,2025-05-26,Grand Slam,Outdoor,Clay,1st Round,5,Misolic F.,Bu Y.,153,70.0,374,874.0,5.0,7.0,7.0,6.0,7.0,6.0,6.0,1.0,,,3.0,1.0,Completed,1.57,2.38,1.62,2.45,1.68,2.45,1.58,2.4,,
29,Paris,French Open,2025-05-26,Grand Slam,Outdoor,Clay,1st Round,5,Fils A.,Jarry N.,14,149.0,2845,390.0,6.0,3.0,6.0,4.0,6.0,7.0,6.0,3.0,,,3.0,1.0,Completed,1.14,5.5,1.17,5.92,1.21,6.8,1.15,5.54,,
29,Paris,French Open,2025-05-26,Grand Slam,Outdoor,Clay,1st Round,5,Humbert U.,O Connell C.,21,82.0,2155,762.0,7.0,5.0,6.0,3.0,7.0,6.0,,,,,3.0,0.0,Completed,1.44,2.75,1.56,2.61,1.56,2.78,1.52,2.59,,
29,Paris,French Open,2025-05-26,Grand Slam,Outdoor,Clay,1st Round,5,Munar J.,Ugo Carabelli C.,57,51.0,962,1040.0,6.0,4.0,6.0,1.0,7.0,5.0,,,,,3.0,0.0,Completed,1.57,2.38,1.69,2.31,1.69,2.46,1.62,2.34,,
29,Paris,French Open,2025-05-26,Grand Slam,Outdoor,Clay,1st Round,5,Griekspoor T.,Giron M.,35,43.0,1485,1265.0,4.0,6.0,6.0,3.0,6.0,4.0,7.0,5.0,,,3.0,1.0,Completed,1.3,3.5,1.3,3.89,1.3,4.2,1.28,3.71,,
29,Paris,French Open,2025-05-26,Grand Slam,Outdoor,Clay,1st Round,5,Sinner J.,Rinderknech A.,1,75.0,10380,801.0,6.0,4.0,6.0,3.0,7.0,5.0,,,,,3.0,0.0,Completed,1.01,29.0,1.01,39.89,1.02,60.0,1.01,24.75,,
29,Paris,French Open,2025-05-27,Grand Slam,Outdoor,Clay,1st Round,5,De Minaur A.,Djere L.,9,59.0,3635,952.0,6.0,3.0,6.0,4.0,7.0,6.0,,,,,3.0,0.0,Completed,1.2,4.5,1.24,4.54,1.25,4.8,1.22,4.38,,
29,Paris,French Open,2025-05-27,Grand Slam,Outdoor,Clay,1st Round,5,Gomez F.A.,Kovacevic A.,144,76.0,405,799.0,4.0,6.0,6.0,4.0,6.0,4.0,6.0,1.0,,,3.0,1.0,Completed,2.3,1.62,2.4,1.65,2.44,1.68,2.32,1.62,,
29,Paris,French Open,2025-05-27,Grand Slam,Outdoor,Clay,1st Round,5,Norrie C.,Medvedev D.,81,11.0,762,3290.0,7.0,5.0,6.0,3.0,4.0,6.0,1.0,6.0,7.0,5.0,3.0,2.0,Completed,4.5,1.2,4.43,1.25,4.5,1.27,4.33,1.23,,
29,Paris,French Open,2025-05-27,Grand Slam,Outdoor,Clay,1st Round,5,Shevchenko A.,Lajovic D.,103,125.0,580,466.0,6.0,2.0,6.0,4.0,7.0,6.0,,,,,3.0,0.0,Completed,2.75,1.44,2.89,1.48,3.1,1.5,2.85,1.44,,
29,Paris,French Open,2025-05-27,Grand Slam,Outdoor,Clay,1st Round,5,Quinn E.,Dimitrov G.,106,17.0,538,2595.0,2.0,6.0,3.0,6.0,6.0,2.0,,,,,1.0,2.0,Retired,3.4,1.33,3.4,1.37,3.6,1.37,3.35,1.34,,
29,Paris,French Open,2025-05-27,Grand Slam,Outdoor,Clay,1st Round,5,Bublik A.,Duckworth J.,62,92.0,915,651.0,6.0,2.0,6.0,4.0,6.0,4.0,,,,,3.0,0.0,Completed,1.14,5.5,1.17,5.86,1.2,6.2,1.16,5.42,,
29,Paris,French Open,2025-05-27,Grand Slam,Outdoor,Clay,1st Round,5,Zverev A.,Tien L.,3,67.0,7285,893.0,6.0,3.0,6.0,3.0,6.0,4.0,,,,,3.0,0.0,Completed,1.03,15.0,1.05,13.31,1.05,21.0,1.03,14.03,,
29,Paris,French Open,2025-05-27,Grand Slam,Outdoor,Clay,1st Round,5,De Jong J.,Passaro F.,88,139.0,690,423.0,3.0,6.0,6.0,7.0,6.0,4.0,7.0,6.0,6.0,1.0,3.0,2.0,Completed,1.53,2.5,1.53,2.71,1.56,2.78,1.51,2.61,,
29,Paris,French Open,2025-05-27,Grand Slam,Outdoor,Clay,1st Round,5,Mensik J.,Muller A.,19,39.0,2272,1388.0,7.0,5.0,6.0,7.0,7.0,5.0,6.0,3.0,,,3.0,1.0,Completed,1.4,3.0,1.4,3.2,1.44,3.32,1.39,3.07,,
29,Paris,French Open,2025-05-27,Grand Slam,Outdoor,Clay,1st Round,5,Walton A.,Marterer M.,91,239.0,653,233.0,7.0,6.0,4.0,6.0,6.0,3.0,2.0,6.0,6.0,2.0,3.0,2.0,Completed,4.0,1.25,3.9,1.3,4.1,1.31,3.82,1.27,,
29,Paris,French Open,2025-05-27,Grand Slam,Outdoor,Clay,1st Round,5,Herbert P.,Bonzi B.,147,60.0,399,943.0,7.0,5.0,3.0,6.0,4.0,6.0,7.0,5.0,6.0,2.0,3.0,2.0,Completed,2.38,1.57,2.51,1.6,2.56,1.63,2.44,1.57,,
29,Paris,French Open,2025-05-27,Grand Slam,Outdoor,Clay,1st Round,5,Djokovic N.,McDonald M.,6,98.0,4230,617.0,6.0,3.0,6.0,3.0,6.0,3.0,,,,,3.0,0.0,Completed,1.02,21.0,1.02,22.07,1.02,38.0,1.01,18.03,,
29,Paris,French Open,2025-05-27,Grand Slam,Outdoor,Clay,1st Round,5,Rocha H.,Basilashvili N.,200,133.0,278,449.0,7.0,6.0,2.0,6.0,7.0,6.0,2.0,6.0,6.0,2.0,3.0,2.0,Completed,2.75,1.44,2.89,1.47,2.96,1.5,2.78,1.45,,
29,Paris,French Open,2025-05-27,Grand Slam,Outdoor,Clay,1st Round,5,Rublev A.,Harris L.,15,227.0,2820,244.0,6.0,4.0,4.0,6.0,6.0,3.0,6.0,1.0,,,3.0,1.0,Completed,1.07,9.0,1.09,10.34,1.11,12.5,1.07,9.17,,
29,Paris,French Open,2025-05-27,Grand Slam,Outdoor,Clay,1st Round,5,Draper J.,Bellucci M.,5,68.0,4610,891.0,3.0,6.0,6.0,1.0,6.0,4.0,6.0,2.0,,,3.0,1.0,Completed,1.02,19.0,1.02,24.69,1.03,27.0,1.02,16.9,,
29,Paris,French Open,2025-05-27,Grand Slam,Outdoor,Clay,1st Round,5,Arnaldi M.,Auger-Aliassime F.,36,27.0,1415,1875.0,5.0,7.0,2.0,6.0,6.0,3.0,6.0,4.0,6.0,2.0,3.0,2.0,Completed,2.0,1.8,2.05,1.87,2.08,1.91,2.02,1.82,,
29,Paris,French Open,2025-05-27,Grand Slam,Outdoor,Clay,1st Round,5,Cobolli F.,Cilic M.,26,104.0,1920,563.0,6.0,2.0,6.0,1.0,6.0,3.0,,,,,3.0,0.0,Completed,1.4,3.0,1.42,3.13,1.44,3.2,1.41,2.99,,
29,Paris,French Open,2025-05-27,Grand Slam,Outdoor,Clay,1st Round,5,Moutet C.,Tabur C.,73,280.0,812,196.0,6.0,3.0,7.0,6.0,6.0,3.0,,,,,3.0,0.0,Completed,1.22,4.33,1.25,4.45,1.27,4.7,1.23,4.27,,
29,Paris,French Open,2025-05-27,Grand Slam,Outdoor,Clay,1st Round,5,Fonseca J.,Hurkacz H.,65,28.0,907,1830.0,6.0,2.0,6.0,4.0,6.0,2.0,,,,,3.0,0.0,Completed,1.8,2.0,1.85,2.07,1.89,2.1,1.8,2.03,,
29,Paris,French Open,2025-05-27,Grand Slam,Outdoor,Clay,1st Round,5,Monfils G.,Dellien H.,42,90.0,1265,656.0,4.0,6.0,3.0,6.0,6.0,1.0,7.0,6.0,6.0,1.0,3.0,2.0,Completed,1.33,3.4,1.34,3.58,1.37,3.75,1.33,3.41,,
29,Paris,French Open,2025-05-28,Grand Slam,Outdoor,Clay,2nd Round,5,Musetti L.,Galan D.E.,7,122.0,3860,477.0,6.0,4.0,6.0,0.0,6.0,4.0,,,,,3.0,0.0,Completed,1.03,17.0,1.04,19.79,1.05,26.0,1.02,15.65,,
29,Paris,French Open,2025-05-28,Grand Slam,Outdoor,Clay,2nd Round,5,Medjedovic H.,Cerundolo J.M.,74,109.0,811,530.0,6.0,3.0,6.0,4.0,7.0,5.0,,,,,3.0,0.0,Completed,1.44,2.75,1.46,2.94,1.49,3.0,1.45,2.79,,
29,Paris,French Open,2025-05-28,Grand Slam,Outdoor,Clay,2nd Round,5,Altmaier D.,Kopriva V.,66,86.0,906,715.0,6.0,2.0,4.0,6.0,6.0,3.0,7.0,5.0,,,3.0,1.0,Completed,1.5,2.63,1.57,2.57,1.65,2.63,1.54,2.51,,
29,Paris,French Open,2025-05-28,Grand Slam,Outdoor,Clay,2nd Round,5,Popyrin A.,Tabilo A.,25,61.0,1950,940.0,7.0,5.0,6.0,3.0,6.0,4.0,,,,,3.0,0.0,Completed,1.5,2.63,1.56,2.59,1.59,2.66,1.52,2.56,,
29,Paris,French Open,2025-05-28,Grand Slam,Outdoor,Clay,2nd Round,5,Halys Q.,Kecmanovic M.,52,46.0,1039,1146.0,4.0,6.0,6.0,3.0,7.0,6.0,7.0,5.0,,,3.0,1.0,Completed,2.38,1.57,2.37,1.66,2.5,1.66,2.41,1.58,,
29,Paris,French Open,2025-05-28,Grand Slam,Outdoor,Clay,2nd Round,5,Navone M.,Opelka R.,97,93.0,620,651.0,6.0,1.0,7.0,6.0,6.0,3.0,,,,,3.0,0.0,Completed,1.25,4.0,1.25,4.49,1.28,4.7,1.24,4.1,,
29,Paris,French Open,2025-05-28,Grand Slam,Outdoor,Clay,2nd Round,5,Borges N.,Ruud C.,41,8.0,1285,3655.0,2.0,6.0,6.0,4.0,6.0,1.0,6.0,0.0,,,3.0,1.0,Completed,8.0,1.08,9.72,1.09,10.0,1.11,8.33,1.08,,
29,Paris,French Open,2025-05-28,Grand Slam,Outdoor,Clay,2nd Round,5,Khachanov K.,Ofner S.,24,108.0,1960,533.0,7.0,5.0,3.0,6.0,7.0,5.0,4.0,6.0,6.0,2.0,3.0,2.0,Completed,1.44,2.75,1.42,3.11,1.5,3.2,1.45,2.79,,
29,Paris,French Open,2025-05-28,Grand Slam,Outdoor,Clay,2nd Round,5,Alcaraz C.,Marozsan F.,2,56.0,8850,990.0,6.0,1.0,4.0,6.0,6.0,1.0,6.0,2.0,,,3.0,1.0,Completed,1.03,15.0,1.03,19.15,1.03,26.0,1.02,15.56,,
29,Paris,French Open,2025-05-28,Grand Slam,Outdoor,Clay,2nd Round,5,Dzumhur D.,Mpetshi G.,69,37.0,875,1414.0,7.0,6.0,6.0,3.0,4.0,6.0,6.0,4.0,,,3.0,1.0,Completed,2.63,1.5,2.54,1.58,2.63,1.65,2.55,1.52,,
29,Paris,French Open,2025-05-28,Grand Slam,Outdoor,Clay,2nd Round,5,Paul T.,Fucsovics M.,12,124.0,3210,468.0,4.0,6.0,2.0,6.0,6.0,3.0,7.0,5.0,6.0,4.0,3.0,2.0,Completed,1.17,5.0,1.22,4.97,1.24,5.0,1.19,4.87,,
29,Paris,French Open,2025-05-28,Grand Slam,Outdoor,Clay,2nd Round,5,Gigante M.,Tsitsipas S.,167,20.0,338,2270.0,6.0,4.0,5.0,7.0,6.0,2.0,6.0,4.0,,,3.0,1.0,Completed,8.0,1.08,9.69,1.09,10.5,1.1,8.43,1.08,,
29,Paris,French Open,2025-05-28,Grand Slam,Outdoor,Clay,2nd Round,5,Korda S.,Brooksby J.,23,161.0,2020,347.0,6.0,1.0,6.0,2.0,7.0,6.0,,,,,3.0,0.0,Completed,1.33,3.4,1.35,3.54,1.36,3.7,1.32,3.44,,
29,Paris,French Open,2025-05-28,Grand Slam,Outdoor,Clay,2nd Round,5,Shelton B.,Gaston H.,13,83.0,2980,753.0,,,,,,,,,,,,,Walkover,1.36,3.2,1.42,3.13,1.42,3.25,1.37,3.04,,
29,Paris,French Open,2025-05-28,Grand Slam,Outdoor,Clay,2nd Round,5,Tiafoe F.,Carreno Busta P.,16,99.0,2665,615.0,6.0,4.0,6.0,3.0,6.0,1.0,,,,,3.0,0.0,Completed,1.53,2.5,1.62,2.46,1.64,2.65,1.55,2.49,,
29,Paris,French Open,2025-05-28,Grand Slam,Outdoor,Clay,2nd Round,5,Rune H.,Nava E.,10,137.0,3440,433.0,6.0,3.0,7.0,6.0,6.0,3.0,,,,,3.0,0.0,Completed,1.13,6.0,1.12,7.54,1.14,8.6,1.12,6.43,,
29,Paris,French Open,2025-05-29,Grand Slam,Outdoor,Clay,2nd Round,5,Bublik A.,De Minaur A.,62,9.0,915,3635.0,2.0,6.0,2.0,6.0,6.0,4.0,6.0,3.0,6.0,2.0,3.0,2.0,Completed,8.0,1.08,8.88,1.1,8.88,1.12,7.77,1.09,,
29,Paris,French Open,2025-05-29,Grand Slam,Outdoor,Clay,2nd Round,5,Lehecka J.,Davidovich Fokina A.,34,29.0,1505,1770.0,6.0,3.0,3.0,6.0,6.0,1.0,6.0,2.0,,,3.0,1.0,Completed,2.1,1.73,2.1,1.83,2.16,1.85,2.07,1.78,,
29,Paris,French Open,2025-05-29,Grand Slam,Outdoor,Clay,2nd Round,5,Fils A.,Munar J.,14,57.0,2845,962.0,7.0,6.0,7.0,6.0,2.0,6.0,0.0,6.0,6.0,4.0,3.0,2.0,Completed,1.17,5.0,1.19,5.51,1.2,5.7,1.17,5.17,,
29,Paris,French Open,2025-05-29,Grand Slam,Outdoor,Clay,2nd Round,5,Rocha H.,Mensik J.,200,19.0,278,2272.0,2.0,6.0,1.0,6.0,6.0,4.0,6.0,3.0,6.0,3.0,3.0,2.0,Completed,11.0,1.05,13.9,1.06,16.5,1.06,11.78,1.05,,
29,Paris,French Open,2025-05-29,Grand Slam,Outdoor,Clay,2nd Round,5,Zverev A.,De Jong J.,3,88.0,7285,690.0,3.0,6.0,6.0,1.0,6.0,2.0,6.0,3.0,,,3.0,1.0,Completed,1.04,13.0,1.04,17.04,1.04,20.0,1.03,13.32,,
29,Paris,French Open,2025-05-29,Grand Slam,Outdoor,Clay,2nd Round,5,Griekspoor T.,Diallo G.,35,54.0,1485,997.0,7.0,5.0,7.0,6.0,1.0,6.0,6.0,3.0,,,3.0,1.0,Completed,1.53,2.5,1.61,2.49,1.62,2.6,1.57,2.43,,
29,Paris,French Open,2025-05-29,Grand Slam,Outdoor,Clay,2nd Round,5,Sinner J.,Gasquet R.,1,166.0,10380,339.0,6.0,3.0,6.0,0.0,6.0,4.0,,,,,3.0,0.0,Completed,1.01,34.0,1.01,39.43,1.01,60.0,1.01,23.89,,
29,Paris,French Open,2025-05-29,Grand Slam,Outdoor,Clay,2nd Round,5,Rublev A.,Walton A.,15,91.0,2820,653.0,7.0,6.0,6.0,1.0,7.0,6.0,,,,,3.0,0.0,Completed,1.03,15.0,1.04,20.18,1.05,22.0,1.03,14.58,,
29,Paris,French Open,2025-05-29,Grand Slam,Outdoor,Clay,2nd Round,5,Cobolli F.,Arnaldi M.,26,36.0,1920,1415.0,6.0,3.0,6.0,3.0,6.0,7.0,6.0,1.0,,,3.0,1.0,Completed,1.73,2.1,1.87,2.04,1.93,2.12,1.8,2.04,,
29,Paris,French Open,2025-05-29,Grand Slam,Outdoor,Clay,2nd Round,5,Fonseca J.,Herbert P.,65,147.0,907,399.0,7.0,6.0,7.0,6.0,6.0,4.0,,,,,3.0,0.0,Completed,1.03,15.0,1.05,14.24,1.07,15.0,1.03,13.06,,
29,Paris,French Open,2025-05-29,Grand Slam,Outdoor,Clay,2nd Round,5,Norrie C.,Gomez F.A.,81,144.0,762,405.0,7.0,6.0,6.0,2.0,6.0,1.0,,,,,3.0,0.0,Completed,1.13,6.0,1.15,6.66,1.17,6.66,1.14,6.0,,
29,Paris,French Open,2025-05-29,Grand Slam,Outdoor,Clay,2nd Round,5,Quinn E.,Shevchenko A.,106,103.0,538,580.0,6.0,4.0,4.0,6.0,6.0,7.0,7.0,6.0,7.0,5.0,3.0,2.0,Completed,2.1,1.73,2.23,1.74,2.34,1.79,2.15,1.72,,
29,Paris,French Open,2025-05-29,Grand Slam,Outdoor,Clay,2nd Round,5,Djokovic N.,Moutet C.,6,73.0,4230,812.0,6.0,3.0,6.0,2.0,7.0,6.0,,,,,3.0,0.0,Completed,1.07,9.0,1.09,9.4,1.11,9.6,1.08,8.41,,
29,Paris,French Open,2025-05-29,Grand Slam,Outdoor,Clay,2nd Round,5,Misolic F.,Shapovalov D.,153,31.0,374,1701.0,7.0,6.0,7.0,6.0,4.0,6.0,4.0,6.0,6.0,3.0,3.0,2.0,Completed,2.38,1.57,2.42,1.64,2.54,1.64,2.4,1.59,,
29,Paris,French Open,2025-05-29,Grand Slam,Outdoor,Clay,2nd Round,5,Fearnley J.,Humbert U.,55,21.0,991,2155.0,6.0,3.0,4.0,4.0,,,,,,,1.0,0.0,Retired,2.1,1.73,2.22,1.74,2.29,1.76,2.15,1.71,,
29,Paris,French Open,2025-05-29,Grand Slam,Outdoor,Clay,2nd Round,5,Draper J.,Monfils G.,5,42.0,4610,1265.0,6.0,3.0,4.0,6.0,6.0,3.0,7.0,5.0,,,3.0,1.0,Completed,1.13,6.0,1.14,6.88,1.15,7.6,1.13,6.2,,
29,Paris,French Open,2025-05-30,Grand Slam,Outdoor,Clay,3rd Round,5,Musetti L.,Navone M.,7,97.0,3860,620.0,4.0,6.0,6.0,4.0,6.0,3.0,6.0,2.0,,,3.0,1.0,Completed,1.1,7.0,1.12,7.59,1.15,7.6,1.11,6.82,,
29,Paris,French Open,2025-05-30,Grand Slam,Outdoor,Clay,3rd Round,5,Paul T.,Khachanov K.,12,24.0,3210,1960.0,6.0,3.0,3.0,6.0,7.0,6.0,3.0,6.0,6.0,3.0,3.0,2.0,Completed,2.1,1.73,2.13,1.8,2.22,1.8,2.08,1.75,,
29,Paris,French Open,2025-05-30,Grand Slam,Outdoor,Clay,3rd Round,5,Popyrin A.,Borges N.,25,41.0,1950,1285.0,6.0,4.0,7.0,6.0,7.0,6.0,,,,,3.0,0.0,Completed,1.73,2.1,1.83,2.1,1.84,2.16,1.77,2.08,,
29,Paris,French Open,2025-05-30,Grand Slam,Outdoor,Clay,3rd Round,5,Rune H.,Halys Q.,10,52.0,3440,1039.0,4.0,6.0,6.0,2.0,5.0,7.0,7.0,5.0,6.0,2.0,3.0,2.0,Completed,1.17,5.0,1.18,5.68,1.2,6.2,1.17,5.17,,
29,Paris,French Open,2025-05-30,Grand Slam,Outdoor,Clay,3rd Round,5,Altmaier D.,Medjedovic H.,66,74.0,906,811.0,4.0,6.0,6.0,3.0,6.0,3.0,6.0,2.0,,,3.0,1.0,Completed,2.5,1.53,2.49,1.61,2.56,1.62,2.44,1.56,,
29,Paris,French Open,2025-05-30,Grand Slam,Outdoor,Clay,3rd Round,5,Shelton B.,Gigante M.,13,167.0,2980,338.0,6.0,3.0,6.0,3.0,6.0,4.0,,,,,3.0,0.0,Completed,1.53,2.5,1.52,2.72,1.55,2.78,1.52,2.58,,
29,Paris,French Open,2025-05-30,Grand Slam,Outdoor,Clay,3rd Round,5,Tiafoe F.,Korda S.,16,23.0,2665,2020.0,7.0,6.0,6.0,3.0,6.0,4.0,,,,,3.0,0.0,Completed,2.0,1.8,2.05,1.87,2.08,1.94,1.98,1.84,,
29,Paris,French Open,2025-05-30,Grand Slam,Outdoor,Clay,3rd Round,5,Alcaraz C.,Dzumhur D.,2,69.0,8850,875.0,6.0,1.0,6.0,3.0,4.0,6.0,6.0,4.0,,,3.0,1.0,Completed,1.01,34.0,1.0,90.33,1.01,90.33,1.01,33.42,,
29,Paris,French Open,2025-05-31,Grand Slam,Outdoor,Clay,3rd Round,5,Griekspoor T.,Quinn E.,35,106.0,1485,538.0,4.0,6.0,6.0,1.0,6.0,7.0,6.0,1.0,6.0,4.0,3.0,2.0,Completed,1.17,5.0,1.19,5.46,1.22,5.46,1.18,5.07,,
29,Paris,French Open,2025-05-31,Grand Slam,Outdoor,Clay,3rd Round,5,Sinner J.,Lehecka J.,1,34.0,10380,1505.0,6.0,0.0,6.0,1.0,6.0,2.0,,,,,3.0,0.0,Completed,1.07,9.0,1.06,13.66,1.08,13.67,1.06,9.83,,
29,Paris,French Open,2025-05-31,Grand Slam,Outdoor,Clay,3rd Round,5,Rublev A.,Fils A.,15,14.0,2820,2845.0,,,,,,,,,,,,,Walkover,1.57,2.38,1.68,2.32,1.68,2.5,1.61,2.34,,
29,Paris,French Open,2025-05-31,Grand Slam,Outdoor,Clay,3rd Round,5,Zverev A.,Cobolli F.,3,26.0,7285,1920.0,6.0,2.0,7.0,6.0,6.0,1.0,,,,,3.0,0.0,Completed,1.17,5.0,1.21,5.14,1.21,5.6,1.19,4.89,,
29,Paris,French Open,2025-05-31,Grand Slam,Outdoor,Clay,3rd Round,5,Draper J.,Fonseca J.,5,65.0,4610,907.0,6.0,2.0,6.0,4.0,6.0,2.0,,,,,3.0,0.0,Completed,1.5,2.63,1.43,3.06,1.52,3.06,1.46,2.76,,
29,Paris,French Open,2025-05-31,Grand Slam,Outdoor,Clay,3rd Round,5,Bublik A.,Rocha H.,62,200.0,915,278.0,7.0,5.0,6.0,1.0,6.0,2.0,,,,,3.0,0.0,Completed,1.3,3.5,1.33,3.65,1.37,3.7,1.31,3.48,,
29,Paris,French Open,2025-05-31,Grand Slam,Outdoor,Clay,3rd Round,5,Norrie C.,Fearnley J.,81,55.0,762,991.0,6.0,3.0,7.0,6.0,6.0,2.0,,,,,3.0,0.0,Completed,1.73,2.1,1.81,2.12,1.84,2.16,1.74,2.1,,
29,Paris,French Open,2025-05-31,Grand Slam,Outdoor,Clay,3rd Round,5,Djokovic N.,Misolic F.,6,153.0,4230,374.0,6.0,3.0,6.0,4.0,6.0,2.0,,,,,3.0,0.0,Completed,1.05,11.0,1.07,10.82,1.07,15.0,1.06,10.1,,
29,Paris,French Open,2025-06-01,Grand Slam,Outdoor,Clay,4th Round,5,Paul T.,Popyrin A.,12,25.0,3210,1950.0,6.0,3.0,6.0,3.0,6.0,3.0,,,,,3.0,0.0,Completed,1.57,2.38,1.67,2.36,1.67,2.58,1.59,2.39,,
29,Paris,French Open,2025-06-01,Grand Slam,Outdoor,Clay,4th Round,5,Alcaraz C.,Shelton B.,2,13.0,8850,2980.0,7.0,6.0,6.0,3.0,4.0,6.0,6.0,4.0,,,3.0,1.0,Completed,1.05,11.0,1.05,13.88,1.07,14.0,1.04,11.11,,
29,Paris,French Open,2025-06-01,Grand Slam,Outdoor,Clay,4th Round,5,Tiafoe F.,Altmaier D.,16,66.0,2665,906.0,6.0,3.0,6.0,4.0,7.0,6.0,,,,,3.0,0.0,Completed,1.5,2.63,1.54,2.66,1.56,2.83,1.49,2.63,,
29,Paris,French Open,2025-06-01,Grand Slam,Outdoor,Clay,4th Round,5,Musetti L.,Rune H.,7,10.0,3860,3440.0,7.0,5.0,3.0,6.0,6.0,3.0,6.0,2.0,,,3.0,1.0,Completed,1.44,2.75,1.49,2.85,1.52,2.98,1.46,2.75,,
29,Paris,French Open,2025-06-02,Grand Slam,Outdoor,Clay,4th Round,5,Zverev A.,Griekspoor T.,3,35.0,7285,1485.0,6.0,4.0,3.0,0.0,,,,,,,1.0,0.0,Retired,1.13,6.0,1.15,6.47,1.16,7.2,1.13,6.16,,
29,Paris,French Open,2025-06-02,Grand Slam,Outdoor,Clay,4th Round,5,Djokovic N.,Norrie C.,6,81.0,4230,762.0,6.0,2.0,6.0,3.0,6.0,2.0,,,,,3.0,0.0,Completed,1.08,8.0,1.07,12.26,1.1,12.26,1.08,8.71,,
29,Paris,French Open,2025-06-02,Grand Slam,Outdoor,Clay,4th Round,5,Bublik A.,Draper J.,62,5.0,915,4610.0,5.0,7.0,6.0,3.0,6.0,2.0,6.0,4.0,,,3.0,1.0,Completed,9.0,1.07,10.11,1.08,11.5,1.1,8.56,1.08,,
29,Paris,French Open,2025-06-02,Grand Slam,Outdoor,Clay,4th Round,5,Sinner J.,Rublev A.,1,15.0,10380,2820.0,6.0,1.0,6.0,3.0,6.0,4.0,,,,,3.0,0.0,Completed,1.05,11.0,1.06,12.79,1.07,14.5,1.05,10.7,,
29,Paris,French Open,2025-06-03,Grand Slam,Outdoor,Clay,Quarterfinals,5,Musetti L.,Tiafoe F.,7,16.0,3860,2665.0,6.0,2.0,4.0,6.0,7.0,5.0,6.0,2.0,,,3.0,1.0,Completed,1.22,4.33,1.22,4.89,1.25,5.1,1.22,4.41,,
29,Paris,French Open,2025-06-03,Grand Slam,Outdoor,Clay,Quarterfinals,5,Alcaraz C.,Paul T.,2,12.0,8850,3210.0,6.0,0.0,6.0,1.0,6.0,4.0,,,,,3.0,0.0,Completed,1.08,8.0,1.12,7.82,1.12,10.0,1.09,7.99,,
29,Paris,French Open,2025-06-04,Grand Slam,Outdoor,Clay,Quarterfinals,5,Sinner J.,Bublik A.,1,62.0,10380,915.0,6.0,1.0,7.0,5.0,6.0,0.0,,,,,3.0,0.0,Completed,1.03,17.0,1.03,17.08,1.04,21.0,1.02,14.36,,
29,Paris,French Open,2025-06-04,Grand Slam,Outdoor,Clay,Quarterfinals,5,Djokovic N.,Zverev A.,6,3.0,4230,7285.0,4.0,6.0,6.0,3.0,6.0,2.0,6.0,4.0,,,3.0,1.0,Completed,1.91,1.91,1.96,1.94,2.02,1.97,1.92,1.92,,
29,Paris,French Open,2025-06-06,Grand Slam,Outdoor,Clay,Semifinals,5,Alcaraz C.,Musetti L.,2,7.0,8850,3860.0,4.0,6.0,7.0,6.0,6.0,0.0,2.0,0.0,,,2.0,1.0,Retired,1.13,6.0,1.15,6.6,1.16,6.8,1.14,6.08,,
29,Paris,French Open,2025-06-06,Grand Slam,Outdoor,Clay,Semifinals,5,Sinner J.,Djokovic N.,1,6.0,10380,4230.0,6.0,4.0,7.0,5.0,7.0,6.0,,,,,3.0,0.0,Completed,1.22,4.33,1.27,4.18,1.29,4.33,1.25,4.03,,
29,Paris,French Open,2025-06-08,Grand Slam,Outdoor,Clay,The Final,5,Alcaraz C.,Sinner J.,2,1.0,8850,10380.0,4.0,6.0,6.0,7.0,6.0,4.0,7.0,6.0,7.0,6.0,3.0,2.0,Completed,2.0,1.83,2.03,1.88,2.03,1.94,1.85,1.95,,
30,Stuttgart,Stuttgart Open,2025-06-09,ATP250,Outdoor,Grass,1st Round,3,Lehecka J.,Bonzi B.,33,61.0,1605,945.0,6.0,4.0,6.0,4.0,,,,,,,2.0,0.0,Completed,1.36,3.0,1.43,3.05,1.43,3.2,1.39,2.95,,
30,Stuttgart,Stuttgart Open,2025-06-09,ATP250,Outdoor,Grass,1st Round,3,Nakashima B.,Fearnley J.,31,49.0,1650,1078.0,4.0,6.0,7.0,6.0,6.0,1.0,,,,,2.0,1.0,Completed,1.85,1.95,1.9,1.99,1.95,2.02,1.87,1.91,,
30,Stuttgart,Stuttgart Open,2025-06-09,ATP250,Outdoor,Grass,1st Round,3,Struff J.L.,Arnaldi M.,103,41.0,600,1265.0,6.0,4.0,6.0,4.0,,,,,,,2.0,0.0,Completed,2.0,1.83,1.98,1.91,2.06,1.91,1.97,1.82,,
30,Stuttgart,Stuttgart Open,2025-06-09,ATP250,Outdoor,Grass,1st Round,3,Mpetshi G.,Safiullin R.,36,74.0,1464,816.0,7.0,6.0,3.0,6.0,7.0,5.0,,,,,2.0,1.0,Completed,1.53,2.4,1.58,2.41,1.63,2.63,1.54,2.44,,
30,Stuttgart,Stuttgart Open,2025-06-10,ATP250,Outdoor,Grass,1st Round,3,Rinderknech A.,Shapovalov D.,81,30.0,761,1651.0,6.0,4.0,2.0,6.0,6.0,0.0,,,,,2.0,1.0,Completed,2.88,1.4,2.98,1.44,3.25,1.47,2.85,1.42,,
30,Stuttgart,Stuttgart Open,2025-06-10,ATP250,Outdoor,Grass,1st Round,3,Herbert P.,Dzumhur D.,132,67.0,449,900.0,6.0,4.0,3.0,0.0,,,,,,,1.0,0.0,Retired,1.5,2.6,1.5,2.78,1.53,2.92,1.52,2.55,,
30,Stuttgart,Stuttgart Open,2025-06-10,ATP250,Outdoor,Grass,1st Round,3,Fucsovics M.,Hanfmann Y.,112,135.0,508,440.0,7.0,5.0,6.0,4.0,,,,,,,2.0,0.0,Completed,1.5,2.6,1.54,2.64,1.58,2.7,1.49,2.6,,
30,Stuttgart,Stuttgart Open,2025-06-10,ATP250,Outdoor,Grass,1st Round,3,Halys Q.,Sonego L.,47,45.0,1123,1165.0,6.0,7.0,7.0,5.0,6.0,4.0,,,,,2.0,1.0,Completed,1.57,2.3,1.61,2.44,1.62,2.58,1.59,2.32,,
30,Stuttgart,Stuttgart Open,2025-06-10,ATP250,Outdoor,Grass,1st Round,3,Engel J.,Duckworth J.,281,94.0,191,653.0,4.0,6.0,6.0,4.0,7.0,6.0,,,,,2.0,1.0,Completed,4.0,1.25,3.78,1.31,4.1,1.31,3.71,1.27,,
30,Stuttgart,Stuttgart Open,2025-06-10,ATP250,Outdoor,Grass,1st Round,3,Tien L.,Nishioka Y.,68,78.0,888,787.0,6.0,7.0,7.0,6.0,,,,,,,1.0,1.0,Retired,1.44,2.7,1.46,2.9,1.5,3.0,1.45,2.71,,
30,Stuttgart,Stuttgart Open,2025-06-10,ATP250,Outdoor,Grass,1st Round,3,Moutet C.,Fognini F.,91,117.0,662,486.0,6.0,4.0,6.0,7.0,6.0,3.0,,,,,2.0,1.0,Completed,1.33,3.4,1.33,3.58,1.34,3.85,1.31,3.43,,
30,Stuttgart,Stuttgart Open,2025-06-10,ATP250,Outdoor,Grass,1st Round,3,Michelsen A.,Monfils G.,35,42.0,1550,1265.0,6.0,4.0,4.0,6.0,6.0,3.0,,,,,2.0,1.0,Completed,1.75,2.0,1.85,2.04,1.87,2.12,1.79,2.01,,
30,Stuttgart,Stuttgart Open,2025-06-11,ATP250,Outdoor,Grass,2nd Round,3,Fucsovics M.,Rinderknech A.,112,81.0,508,761.0,7.0,6.0,6.0,3.0,,,,,,,2.0,0.0,Completed,1.53,2.5,1.53,2.69,1.58,2.82,1.54,2.47,,
30,Stuttgart,Stuttgart Open,2025-06-11,ATP250,Outdoor,Grass,2nd Round,3,Shelton B.,Herbert P.,12,132.0,3080,449.0,7.0,6.0,7.0,5.0,,,,,,,2.0,0.0,Completed,1.33,3.4,1.33,3.66,1.35,3.85,1.32,3.36,,
30,Stuttgart,Stuttgart Open,2025-06-11,ATP250,Outdoor,Grass,2nd Round,3,Fritz T.,Halys Q.,7,47.0,4485,1123.0,6.0,3.0,7.0,6.0,,,,,,,2.0,0.0,Completed,1.36,3.1,1.42,3.13,1.43,3.3,1.38,3.04,,
30,Stuttgart,Stuttgart Open,2025-06-11,ATP250,Outdoor,Grass,2nd Round,3,Lehecka J.,Struff J.L.,33,103.0,1605,600.0,6.0,4.0,7.0,5.0,,,,,,,2.0,0.0,Completed,1.45,2.75,1.5,2.81,1.5,3.0,1.46,2.7,,
30,Stuttgart,Stuttgart Open,2025-06-12,ATP250,Outdoor,Grass,2nd Round,3,Engel J.,Michelsen A.,281,35.0,191,1550.0,6.0,4.0,6.0,4.0,,,,,,,2.0,0.0,Completed,6.0,1.13,6.63,1.15,7.2,1.15,6.07,1.13,,
30,Stuttgart,Stuttgart Open,2025-06-12,ATP250,Outdoor,Grass,2nd Round,3,Auger-Aliassime F.,Mpetshi G.,29,36.0,1685,1464.0,6.0,4.0,6.0,4.0,,,,,,,2.0,0.0,Completed,1.67,2.25,1.7,2.27,1.73,2.36,1.64,2.24,,
30,Stuttgart,Stuttgart Open,2025-06-12,ATP250,Outdoor,Grass,2nd Round,3,Zverev A.,Moutet C.,3,91.0,6385,662.0,6.0,2.0,7.0,6.0,,,,,,,2.0,0.0,Completed,1.08,8.0,1.09,9.89,1.1,10.0,1.07,8.24,,
30,Stuttgart,Stuttgart Open,2025-06-12,ATP250,Outdoor,Grass,2nd Round,3,Nakashima B.,Tien L.,31,68.0,1650,888.0,7.0,6.0,6.0,3.0,,,,,,,2.0,0.0,Completed,1.33,3.1,1.4,3.23,1.4,3.5,1.35,3.19,,
30,Stuttgart,Stuttgart Open,2025-06-13,ATP250,Outdoor,Grass,Quarterfinals,3,Auger-Aliassime F.,Engel J.,29,281.0,1685,191.0,7.0,6.0,6.0,3.0,,,,,,,2.0,0.0,Completed,1.2,4.33,1.24,4.58,1.24,5.0,1.22,4.37,,
30,Stuttgart,Stuttgart Open,2025-06-13,ATP250,Outdoor,Grass,Quarterfinals,3,Fritz T.,Fucsovics M.,7,112.0,4485,508.0,6.0,3.0,6.0,4.0,,,,,,,2.0,0.0,Completed,1.4,3.0,1.38,3.34,1.43,3.34,1.38,3.01,,
30,Stuttgart,Stuttgart Open,2025-06-13,ATP250,Outdoor,Grass,Quarterfinals,3,Zverev A.,Nakashima B.,3,31.0,6385,1650.0,7.0,5.0,6.0,4.0,,,,,,,2.0,0.0,Completed,1.29,3.75,1.31,3.81,1.33,3.95,1.29,3.62,,
30,Stuttgart,Stuttgart Open,2025-06-13,ATP250,Outdoor,Grass,Quarterfinals,3,Shelton B.,Lehecka J.,12,33.0,3080,1605.0,6.0,4.0,6.0,4.0,,,,,,,2.0,0.0,Completed,1.91,1.91,1.93,1.97,2.0,1.97,1.91,1.89,,
30,Stuttgart,Stuttgart Open,2025-06-14,ATP250,Outdoor,Grass,Semifinals,3,Fritz T.,Auger-Aliassime F.,7,29.0,4485,1685.0,6.0,4.0,7.0,6.0,,,,,,,2.0,0.0,Completed,1.57,2.3,1.61,2.49,1.61,2.6,1.54,2.45,,
30,Stuttgart,Stuttgart Open,2025-06-14,ATP250,Outdoor,Grass,Semifinals,3,Zverev A.,Shelton B.,3,12.0,6385,3080.0,7.0,6.0,7.0,6.0,,,,,,,2.0,0.0,Completed,1.57,2.4,1.61,2.48,1.61,2.62,1.56,2.4,,
30,Stuttgart,Stuttgart Open,2025-06-15,ATP250,Outdoor,Grass,The Final,3,Fritz T.,Zverev A.,7,3.0,4485,6385.0,6.0,3.0,7.0,6.0,,,,,,,2.0,0.0,Completed,2.2,1.67,2.36,1.67,2.36,1.7,2.24,1.64,,
31,'s-Hertogenbosch,Rosmalen Grass Court Championships,2025-06-09,ATP250,Outdoor,Grass,1st Round,3,Diallo G.,Vukic A.,55,79.0,1007,783.0,7.0,5.0,7.0,6.0,,,,,,,2.0,0.0,Completed,1.6,2.38,1.64,2.39,1.67,2.5,1.59,2.34,,
31,'s-Hertogenbosch,Rosmalen Grass Court Championships,2025-06-09,ATP250,Outdoor,Grass,1st Round,3,Borges N.,Basavareddy N.,38,105.0,1375,582.0,7.0,6.0,6.0,2.0,,,,,,,2.0,0.0,Completed,1.53,2.4,1.6,2.49,1.6,2.63,1.52,2.51,,
31,'s-Hertogenbosch,Rosmalen Grass Court Championships,2025-06-09,ATP250,Outdoor,Grass,1st Round,3,Jarry N.,Darderi L.,150,48.0,398,1119.0,5.0,7.0,6.0,4.0,7.0,6.0,,,,,2.0,1.0,Completed,1.57,2.4,1.58,2.52,1.61,2.58,1.57,2.37,,
31,'s-Hertogenbosch,Rosmalen Grass Court Championships,2025-06-09,ATP250,Outdoor,Grass,1st Round,3,Thompson J.,Kovacevic A.,37,76.0,1375,799.0,6.0,4.0,6.0,4.0,,,,,,,2.0,0.0,Completed,1.4,2.9,1.43,3.02,1.45,3.05,1.41,2.89,,
31,'s-Hertogenbosch,Rosmalen Grass Court Championships,2025-06-10,ATP250,Outdoor,Grass,1st Round,3,Bergs Z.,Blockx A.,63,145.0,931,410.0,6.0,3.0,1.0,6.0,7.0,6.0,,,,,2.0,1.0,Completed,1.57,2.4,1.63,2.41,1.66,2.48,1.57,2.36,,
31,'s-Hertogenbosch,Rosmalen Grass Court Championships,2025-06-10,ATP250,Outdoor,Grass,1st Round,3,McDonald M.,Bellucci M.,99,72.0,617,861.0,6.0,1.0,6.0,7.0,6.0,3.0,,,,,2.0,1.0,Completed,1.57,2.3,1.65,2.37,1.65,2.5,1.57,2.38,,
31,'s-Hertogenbosch,Rosmalen Grass Court Championships,2025-06-10,ATP250,Outdoor,Grass,1st Round,3,Opelka R.,De Jong J.,87,92.0,701,660.0,6.0,7.0,7.0,6.0,6.0,2.0,,,,,2.0,1.0,Completed,1.73,2.1,1.74,2.21,1.79,2.3,1.68,2.18,,
31,'s-Hertogenbosch,Rosmalen Grass Court Championships,2025-06-10,ATP250,Outdoor,Grass,1st Round,3,Virtanen O.,Etcheverry T.,101,62.0,605,935.0,7.0,6.0,7.0,5.0,,,,,,,2.0,0.0,Completed,1.53,2.5,1.58,2.52,1.58,2.64,1.51,2.55,,
31,'s-Hertogenbosch,Rosmalen Grass Court Championships,2025-06-11,ATP250,Outdoor,Grass,1st Round,3,Mannarino A.,O Connell C.,127,80.0,462,772.0,6.0,1.0,6.0,3.0,,,,,,,2.0,0.0,Completed,1.62,2.2,1.7,2.27,1.74,2.32,1.67,2.18,,
31,'s-Hertogenbosch,Rosmalen Grass Court Championships,2025-06-11,ATP250,Outdoor,Grass,1st Round,3,Evans D.,Hijikata R.,217,75.0,253,811.0,3.0,6.0,6.0,4.0,6.0,3.0,,,,,2.0,1.0,Completed,2.6,1.5,2.63,1.54,2.75,1.7,2.56,1.51,,
31,'s-Hertogenbosch,Rosmalen Grass Court Championships,2025-06-11,ATP250,Outdoor,Grass,1st Round,3,Hurkacz H.,Bautista Agut R.,32,50.0,1640,1064.0,7.0,6.0,6.0,4.0,,,,,,,2.0,0.0,Completed,1.33,3.4,1.35,3.44,1.37,3.6,1.34,3.25,,
31,'s-Hertogenbosch,Rosmalen Grass Court Championships,2025-06-11,ATP250,Outdoor,Grass,1st Round,3,Lajal M.,Djere L.,195,64.0,279,927.0,6.0,2.0,6.0,4.0,,,,,,,2.0,0.0,Completed,1.6,2.25,1.65,2.39,1.71,2.39,1.63,2.25,,
31,'s-Hertogenbosch,Rosmalen Grass Court Championships,2025-06-11,ATP250,Outdoor,Grass,2nd Round,3,Diallo G.,Thompson J.,55,37.0,1007,1375.0,4.0,6.0,6.0,1.0,7.0,5.0,,,,,2.0,1.0,Completed,2.5,1.53,2.59,1.57,2.59,1.62,2.47,1.54,,
31,'s-Hertogenbosch,Rosmalen Grass Court Championships,2025-06-11,ATP250,Outdoor,Grass,2nd Round,3,Khachanov K.,McDonald M.,24,99.0,2010,617.0,6.0,3.0,5.0,7.0,7.0,6.0,,,,,2.0,1.0,Completed,1.45,2.8,1.5,2.82,1.5,2.98,1.43,2.81,,
31,'s-Hertogenbosch,Rosmalen Grass Court Championships,2025-06-12,ATP250,Outdoor,Grass,2nd Round,3,Borges N.,Virtanen O.,38,101.0,1375,605.0,,,,,,,,,,,,,Walkover,1.45,2.8,1.56,2.58,1.56,3.0,1.46,2.71,,
31,'s-Hertogenbosch,Rosmalen Grass Court Championships,2025-06-12,ATP250,Outdoor,Grass,2nd Round,3,Humbert U.,Evans D.,20,217.0,2195,253.0,7.0,5.0,6.0,3.0,,,,,,,2.0,0.0,Completed,1.36,3.2,1.33,3.64,1.5,3.75,1.35,3.25,,
31,'s-Hertogenbosch,Rosmalen Grass Court Championships,2025-06-12,ATP250,Outdoor,Grass,2nd Round,3,Opelka R.,Jarry N.,87,150.0,701,398.0,7.0,6.0,6.0,3.0,,,,,,,2.0,0.0,Completed,1.73,2.05,1.79,2.14,1.84,2.16,1.74,2.07,,
31,'s-Hertogenbosch,Rosmalen Grass Court Championships,2025-06-12,ATP250,Outdoor,Grass,2nd Round,3,Bergs Z.,Popyrin A.,63,21.0,931,2140.0,6.0,7.0,6.0,2.0,7.0,6.0,,,,,2.0,1.0,Completed,2.2,1.67,2.28,1.71,2.36,1.72,2.26,1.63,,
31,'s-Hertogenbosch,Rosmalen Grass Court Championships,2025-06-12,ATP250,Outdoor,Grass,2nd Round,3,Lajal M.,Hurkacz H.,195,32.0,279,1640.0,,,,,,,,,,,,,Walkover,2.5,1.53,2.5,1.6,2.5,1.65,2.43,1.55,,
31,'s-Hertogenbosch,Rosmalen Grass Court Championships,2025-06-12,ATP250,Outdoor,Grass,2nd Round,3,Medvedev D.,Mannarino A.,11,127.0,3100,462.0,7.0,6.0,6.0,4.0,,,,,,,2.0,0.0,Completed,1.29,3.75,1.3,3.81,1.35,4.1,1.27,3.79,,
31,'s-Hertogenbosch,Rosmalen Grass Court Championships,2025-06-13,ATP250,Outdoor,Grass,Quarterfinals,3,Humbert U.,Borges N.,20,38.0,2195,1375.0,6.0,1.0,6.0,4.0,,,,,,,2.0,0.0,Completed,1.4,3.0,1.41,3.18,1.45,3.2,1.39,2.98,,
31,'s-Hertogenbosch,Rosmalen Grass Court Championships,2025-06-13,ATP250,Outdoor,Grass,Quarterfinals,3,Diallo G.,Khachanov K.,55,24.0,1007,2010.0,7.0,6.0,6.0,4.0,,,,,,,2.0,0.0,Completed,2.3,1.57,2.42,1.64,2.5,1.64,2.34,1.59,,
31,'s-Hertogenbosch,Rosmalen Grass Court Championships,2025-06-13,ATP250,Outdoor,Grass,Quarterfinals,3,Opelka R.,Medvedev D.,87,11.0,701,3100.0,7.0,6.0,7.0,6.0,,,,,,,2.0,0.0,Completed,3.75,1.29,3.75,1.32,3.85,1.34,3.63,1.29,,
31,'s-Hertogenbosch,Rosmalen Grass Court Championships,2025-06-13,ATP250,Outdoor,Grass,Quarterfinals,3,Bergs Z.,Lajal M.,63,195.0,931,279.0,7.0,6.0,7.0,6.0,,,,,,,2.0,0.0,Completed,1.8,2.0,1.83,2.09,1.84,2.14,1.76,2.04,,
31,'s-Hertogenbosch,Rosmalen Grass Court Championships,2025-06-14,ATP250,Outdoor,Grass,Semifinals,3,Diallo G.,Humbert U.,55,20.0,1007,2195.0,6.0,3.0,7.0,6.0,,,,,,,2.0,0.0,Completed,2.5,1.53,2.61,1.56,2.61,1.61,2.45,1.54,,
31,'s-Hertogenbosch,Rosmalen Grass Court Championships,2025-06-14,ATP250,Outdoor,Grass,Semifinals,3,Bergs Z.,Opelka R.,63,87.0,931,701.0,6.0,1.0,6.0,4.0,,,,,,,2.0,0.0,Completed,2.2,1.67,2.3,1.69,2.3,1.74,2.22,1.65,,
31,'s-Hertogenbosch,Rosmalen Grass Court Championships,2025-06-15,ATP250,Outdoor,Grass,The Final,3,Diallo G.,Bergs Z.,55,63.0,1007,931.0,7.0,5.0,7.0,6.0,,,,,,,2.0,0.0,Completed,1.53,2.5,1.56,2.6,1.56,2.6,1.52,2.5,,
32,Halle,Halle Open,2025-06-16,ATP500,Outdoor,Grass,1st Round,3,Marozsan F.,Kecmanovic M.,58,47.0,990,1146.0,6.0,7.0,6.0,4.0,6.0,4.0,,,,,2.0,1.0,Completed,1.91,1.83,1.94,1.94,2.08,1.94,1.97,1.82,,
32,Halle,Halle Open,2025-06-16,ATP500,Outdoor,Grass,1st Round,3,Medvedev D.,Altmaier D.,11,52.0,3140,1037.0,6.0,3.0,6.0,3.0,,,,,,,2.0,0.0,Completed,1.17,4.75,1.19,5.22,1.22,5.5,1.18,4.88,,
32,Halle,Halle Open,2025-06-16,ATP500,Outdoor,Grass,1st Round,3,Bublik A.,Muller A.,45,40.0,1225,1311.0,6.0,4.0,6.0,4.0,,,,,,,2.0,0.0,Completed,1.33,3.4,1.34,3.42,1.38,3.55,1.33,3.37,,
32,Halle,Halle Open,2025-06-16,ATP500,Outdoor,Grass,1st Round,3,Tsitsipas S.,Darderi L.,25,56.0,1920,1004.0,6.0,4.0,3.0,6.0,7.0,6.0,,,,,2.0,1.0,Completed,1.25,3.6,1.3,3.88,1.31,4.1,1.27,3.7,,
32,Halle,Halle Open,2025-06-16,ATP500,Outdoor,Grass,1st Round,3,Halys Q.,Bonzi B.,48,62.0,1134,945.0,6.0,4.0,6.0,4.0,,,,,,,2.0,0.0,Completed,1.62,2.3,1.68,2.29,1.68,2.46,1.6,2.3,,
32,Halle,Halle Open,2025-06-17,ATP500,Outdoor,Grass,1st Round,3,Etcheverry T.,Martinez P.,63,54.0,935,1030.0,6.0,1.0,6.0,3.0,,,,,,,2.0,0.0,Completed,1.36,3.2,1.38,3.16,1.42,3.35,1.37,3.06,,
32,Halle,Halle Open,2025-06-17,ATP500,Outdoor,Grass,1st Round,3,Machac T.,De Jong J.,23,93.0,2020,660.0,7.0,5.0,3.0,6.0,6.0,3.0,,,,,2.0,1.0,Completed,1.4,3.0,1.43,3.03,1.5,3.1,1.42,2.89,,
32,Halle,Halle Open,2025-06-17,ATP500,Outdoor,Grass,1st Round,3,Rublev A.,Ofner S.,14,122.0,2920,483.0,6.0,3.0,6.0,4.0,,,,,,,2.0,0.0,Completed,1.45,2.6,1.49,2.8,1.51,2.92,1.46,2.7,,
32,Halle,Halle Open,2025-06-17,ATP500,Outdoor,Grass,1st Round,3,Cobolli F.,Fonseca J.,24,57.0,1970,991.0,5.0,7.0,7.0,6.0,7.0,6.0,,,,,2.0,1.0,Completed,2.6,1.5,2.63,1.54,2.78,1.55,2.6,1.5,,
32,Halle,Halle Open,2025-06-17,ATP500,Outdoor,Grass,1st Round,3,Michelsen A.,Cerundolo F.,33,18.0,1570,2285.0,2.0,6.0,7.0,5.0,6.0,4.0,,,,,2.0,1.0,Completed,1.8,1.95,1.9,1.99,1.92,2.04,1.83,1.96,,
32,Halle,Halle Open,2025-06-17,ATP500,Outdoor,Grass,1st Round,3,Shapovalov D.,Humbert U.,31,20.0,1626,2195.0,6.0,4.0,4.0,6.0,7.0,6.0,,,,,2.0,1.0,Completed,2.3,1.62,2.28,1.69,2.4,1.71,2.31,1.61,,
32,Halle,Halle Open,2025-06-17,ATP500,Outdoor,Grass,1st Round,3,Sinner J.,Hanfmann Y.,1,138.0,10880,428.0,7.0,5.0,6.0,3.0,,,,,,,2.0,0.0,Completed,1.01,13.0,1.02,24.07,1.03,28.0,1.01,18.37,,
32,Halle,Halle Open,2025-06-17,ATP500,Outdoor,Grass,1st Round,3,Auger-Aliassime F.,Djere L.,27,65.0,1775,911.0,6.0,3.0,6.0,7.0,6.0,1.0,,,,,2.0,1.0,Completed,1.29,3.75,1.32,3.69,1.35,3.85,1.31,3.47,,
32,Halle,Halle Open,2025-06-17,ATP500,Outdoor,Grass,1st Round,3,Sonego L.,Struff J.L.,46,103.0,1165,575.0,6.0,3.0,6.0,2.0,,,,,,,2.0,0.0,Completed,2.1,1.75,2.19,1.75,2.24,1.78,2.1,1.73,,
32,Halle,Halle Open,2025-06-18,ATP500,Outdoor,Grass,1st Round,3,Khachanov K.,Bergs Z.,22,49.0,2050,1079.0,7.0,5.0,6.0,3.0,,,,,,,2.0,0.0,Completed,1.5,2.6,1.53,2.66,1.56,2.76,1.48,2.65,,
32,Halle,Halle Open,2025-06-18,ATP500,Outdoor,Grass,1st Round,3,Zverev A.,Giron M.,3,43.0,6500,1265.0,6.0,2.0,6.0,1.0,,,,,,,2.0,0.0,Completed,1.12,5.5,1.14,6.7,1.17,7.0,1.14,5.53,,
32,Halle,Halle Open,2025-06-18,ATP500,Outdoor,Grass,2nd Round,3,Medvedev D.,Halys Q.,11,48.0,3140,1134.0,6.0,2.0,7.0,5.0,,,,,,,2.0,0.0,Completed,1.45,2.8,1.47,2.91,1.47,3.1,1.42,2.84,,
32,Halle,Halle Open,2025-06-18,ATP500,Outdoor,Grass,2nd Round,3,Michelsen A.,Tsitsipas S.,33,25.0,1570,1920.0,7.0,6.0,7.0,5.0,,,,,,,2.0,0.0,Completed,1.73,2.1,1.76,2.2,1.79,2.25,1.72,2.12,,
32,Halle,Halle Open,2025-06-19,ATP500,Outdoor,Grass,2nd Round,3,Khachanov K.,Auger-Aliassime F.,22,27.0,2050,1775.0,6.0,3.0,1.0,6.0,6.0,3.0,,,,,2.0,1.0,Completed,2.2,1.7,2.36,1.67,2.4,1.73,2.19,1.68,,
32,Halle,Halle Open,2025-06-19,ATP500,Outdoor,Grass,2nd Round,3,Cobolli F.,Shapovalov D.,24,31.0,1970,1626.0,7.0,6.0,4.0,6.0,7.0,6.0,,,,,2.0,1.0,Completed,2.38,1.6,2.38,1.65,2.43,1.68,2.34,1.59,,
32,Halle,Halle Open,2025-06-19,ATP500,Outdoor,Grass,2nd Round,3,Etcheverry T.,Rublev A.,63,14.0,935,2920.0,6.0,3.0,6.0,7.0,7.0,6.0,,,,,2.0,1.0,Completed,4.0,1.25,4.52,1.25,4.6,1.27,4.08,1.24,,
32,Halle,Halle Open,2025-06-19,ATP500,Outdoor,Grass,2nd Round,3,Machac T.,Marozsan F.,23,58.0,2020,990.0,6.0,2.0,6.0,3.0,,,,,,,2.0,0.0,Completed,1.8,1.95,1.86,2.05,1.91,2.08,1.81,1.98,,
32,Halle,Halle Open,2025-06-19,ATP500,Outdoor,Grass,2nd Round,3,Zverev A.,Sonego L.,3,46.0,6500,1165.0,3.0,6.0,6.0,4.0,7.0,6.0,,,,,2.0,1.0,Completed,1.12,6.5,1.12,7.71,1.13,8.0,1.11,6.62,,
32,Halle,Halle Open,2025-06-19,ATP500,Outdoor,Grass,2nd Round,3,Bublik A.,Sinner J.,45,1.0,1225,10880.0,3.0,6.0,6.0,3.0,6.0,4.0,,,,,2.0,1.0,Completed,5.5,1.14,6.53,1.16,7.2,1.16,6.04,1.13,,
32,Halle,Halle Open,2025-06-20,ATP500,Outdoor,Grass,Quarterfinals,3,Medvedev D.,Michelsen A.,11,33.0,3140,1570.0,6.0,4.0,6.0,3.0,,,,,,,2.0,0.0,Completed,1.4,2.8,1.43,3.06,1.44,3.2,1.4,2.91,,
32,Halle,Halle Open,2025-06-20,ATP500,Outdoor,Grass,Quarterfinals,3,Zverev A.,Cobolli F.,3,24.0,6500,1970.0,6.0,4.0,7.0,6.0,,,,,,,2.0,0.0,Completed,1.13,6.0,1.14,7.04,1.16,7.04,1.14,5.9,,
32,Halle,Halle Open,2025-06-20,ATP500,Outdoor,Grass,Quarterfinals,3,Bublik A.,Machac T.,45,23.0,1225,2020.0,7.0,6.0,6.0,3.0,,,,,,,2.0,0.0,Completed,1.53,2.5,1.57,2.59,1.59,2.68,1.53,2.5,,
32,Halle,Halle Open,2025-06-20,ATP500,Outdoor,Grass,Quarterfinals,3,Khachanov K.,Etcheverry T.,22,63.0,2050,935.0,6.0,3.0,6.0,2.0,,,,,,,2.0,0.0,Completed,1.36,3.2,1.36,3.43,1.4,3.43,1.36,3.16,,
32,Halle,Halle Open,2025-06-21,ATP500,Outdoor,Grass,Semifinals,3,Medvedev D.,Zverev A.,11,3.0,3140,6500.0,7.0,6.0,6.0,7.0,6.0,4.0,,,,,2.0,1.0,Completed,2.1,1.7,2.2,1.76,2.3,1.76,2.13,1.7,,
32,Halle,Halle Open,2025-06-21,ATP500,Outdoor,Grass,Semifinals,3,Bublik A.,Khachanov K.,45,22.0,1225,2050.0,4.0,6.0,7.0,6.0,6.0,4.0,,,,,2.0,1.0,Completed,1.67,2.25,1.61,2.48,1.67,2.56,1.58,2.36,,
32,Halle,Halle Open,2025-06-22,ATP500,Outdoor,Grass,The Final,3,Bublik A.,Medvedev D.,45,11.0,1225,3140.0,6.0,3.0,7.0,6.0,,,,,,,2.0,0.0,Completed,2.25,1.6,2.38,1.65,2.48,1.66,2.35,1.58,,
33,Queens Club,Queen's Club Championships,2025-06-16,ATP500,Outdoor,Grass,1st Round,3,Bautista Agut R.,Borges N.,51,38.0,1049,1400.0,6.0,7.0,7.0,5.0,6.0,4.0,,,,,2.0,1.0,Completed,1.67,2.2,1.74,2.2,1.74,2.3,1.67,2.18,,
33,Queens Club,Queen's Club Championships,2025-06-16,ATP500,Outdoor,Grass,1st Round,3,Evans D.,Tiafoe F.,199,13.0,275,2990.0,7.0,5.0,6.0,2.0,,,,,,,2.0,0.0,Completed,4.0,1.25,4.15,1.27,4.5,1.3,3.82,1.27,,
33,Queens Club,Queen's Club Championships,2025-06-16,ATP500,Outdoor,Grass,1st Round,3,Rune H.,O Connell C.,9,79.0,3440,772.0,6.0,3.0,6.0,4.0,,,,,,,2.0,0.0,Completed,1.2,4.5,1.24,4.43,1.24,4.6,1.2,4.44,,
33,Queens Club,Queen's Club Championships,2025-06-16,ATP500,Outdoor,Grass,1st Round,3,Mensik J.,Norrie C.,17,61.0,2322,952.0,7.0,6.0,1.0,6.0,6.0,1.0,,,,,2.0,1.0,Completed,1.67,2.2,1.68,2.3,1.74,2.32,1.66,2.22,,
33,Queens Club,Queen's Club Championships,2025-06-16,ATP500,Outdoor,Grass,1st Round,3,Fearnley J.,Bolt A.,60,194.0,961,284.0,6.0,2.0,6.0,4.0,,,,,,,2.0,0.0,Completed,1.36,3.0,1.41,3.13,1.45,3.35,1.39,2.95,,
33,Queens Club,Queen's Club Championships,2025-06-16,ATP500,Outdoor,Grass,1st Round,3,McDonald M.,Monfils G.,98,42.0,630,1265.0,6.0,4.0,6.0,4.0,,,,,,,2.0,0.0,Completed,1.95,1.8,2.08,1.83,2.12,1.86,2.0,1.8,,
33,Queens Club,Queen's Club Championships,2025-06-17,ATP500,Outdoor,Grass,1st Round,3,Lehecka J.,De Minaur A.,30,12.0,1645,3085.0,6.0,4.0,6.0,2.0,,,,,,,2.0,0.0,Completed,3.1,1.36,3.15,1.41,3.25,1.45,2.95,1.4,,
33,Queens Club,Queen's Club Championships,2025-06-17,ATP500,Outdoor,Grass,1st Round,3,Popyrin A.,Vukic A.,21,83.0,2115,733.0,6.0,2.0,6.0,7.0,7.0,6.0,,,,,2.0,1.0,Completed,1.6,2.38,1.65,2.37,1.65,2.5,1.57,2.38,,
33,Queens Club,Queen's Club Championships,2025-06-17,ATP500,Outdoor,Grass,1st Round,3,Nakashima B.,Mpetshi G.,32,36.0,1600,1476.0,6.0,7.0,7.0,6.0,6.0,4.0,,,,,2.0,1.0,Completed,1.57,2.3,1.57,2.56,1.61,2.63,1.55,2.43,,
33,Queens Club,Queen's Club Championships,2025-06-17,ATP500,Outdoor,Grass,1st Round,3,Draper J.,Brooksby J.,6,149.0,4550,405.0,6.0,3.0,6.0,1.0,,,,,,,2.0,0.0,Completed,1.06,8.0,1.07,10.67,1.1,10.67,1.07,8.59,,
33,Queens Club,Queen's Club Championships,2025-06-17,ATP500,Outdoor,Grass,1st Round,3,Rinderknech A.,Shelton B.,80,10.0,764,3170.0,7.0,6.0,7.0,6.0,,,,,,,2.0,0.0,Completed,4.33,1.22,4.67,1.23,5.3,1.25,4.39,1.21,,
33,Queens Club,Queen's Club Championships,2025-06-17,ATP500,Outdoor,Grass,1st Round,3,Opelka R.,Ugo Carabelli C.,75,53.0,808,1036.0,7.0,6.0,6.0,4.0,,,,,,,2.0,0.0,Completed,1.18,5.0,1.2,5.2,1.22,5.5,1.17,5.04,,
33,Queens Club,Queen's Club Championships,2025-06-17,ATP500,Outdoor,Grass,1st Round,3,Alcaraz C.,Walton A.,2,86.0,8850,703.0,6.0,4.0,7.0,6.0,,,,,,,2.0,0.0,Completed,1.02,15.0,1.02,28.15,1.03,29.0,1.02,17.3,,
33,Queens Club,Queen's Club Championships,2025-06-17,ATP500,Outdoor,Grass,1st Round,3,Munar J.,Thompson J.,59,37.0,962,1400.0,7.0,5.0,,,,,,,,,1.0,0.0,Retired,3.4,1.33,3.41,1.36,3.6,1.37,3.4,1.32,,
33,Queens Club,Queen's Club Championships,2025-06-17,ATP500,Outdoor,Grass,1st Round,3,Moutet C.,Fritz T.,89,4.0,677,4735.0,6.0,7.0,7.0,6.0,7.0,5.0,,,,,2.0,1.0,Completed,5.0,1.14,6.13,1.16,6.4,1.17,5.77,1.14,,
33,Queens Club,Queen's Club Championships,2025-06-17,ATP500,Outdoor,Grass,1st Round,3,Diallo G.,Harris B.,44,113.0,1247,519.0,6.0,1.0,3.0,6.0,6.0,4.0,,,,,2.0,1.0,Completed,1.44,2.8,1.45,2.96,1.5,3.15,1.42,2.87,,
33,Queens Club,Queen's Club Championships,2025-06-18,ATP500,Outdoor,Grass,2nd Round,3,Bautista Agut R.,Mensik J.,51,17.0,1049,2322.0,3.0,6.0,6.0,3.0,7.0,5.0,,,,,2.0,1.0,Completed,2.6,1.5,2.71,1.53,2.8,1.58,2.64,1.48,,
33,Queens Club,Queen's Club Championships,2025-06-18,ATP500,Outdoor,Grass,2nd Round,3,Draper J.,Popyrin A.,6,21.0,4550,2115.0,3.0,6.0,6.0,2.0,7.0,6.0,,,,,2.0,1.0,Completed,1.13,5.5,1.15,6.41,1.16,6.8,1.14,5.55,,
33,Queens Club,Queen's Club Championships,2025-06-18,ATP500,Outdoor,Grass,2nd Round,3,Nakashima B.,Evans D.,32,199.0,1600,275.0,7.0,5.0,7.0,6.0,,,,,,,2.0,0.0,Completed,1.4,3.0,1.41,3.17,1.45,3.25,1.4,2.96,,
33,Queens Club,Queen's Club Championships,2025-06-18,ATP500,Outdoor,Grass,2nd Round,3,Rune H.,McDonald M.,9,98.0,3440,630.0,2.0,6.0,6.0,1.0,6.0,1.0,,,,,2.0,1.0,Completed,1.36,3.0,1.39,3.3,1.43,3.3,1.37,3.08,,
33,Queens Club,Queen's Club Championships,2025-06-19,ATP500,Outdoor,Grass,2nd Round,3,Lehecka J.,Diallo G.,30,44.0,1645,1247.0,6.0,4.0,6.0,2.0,,,,,,,2.0,0.0,Completed,1.57,2.4,1.56,2.61,1.62,2.61,1.56,2.42,,
33,Queens Club,Queen's Club Championships,2025-06-19,ATP500,Outdoor,Grass,2nd Round,3,Fearnley J.,Moutet C.,60,89.0,961,677.0,6.0,3.0,2.0,6.0,6.0,2.0,,,,,2.0,1.0,Completed,1.57,2.4,1.62,2.47,1.63,2.52,1.56,2.42,,
33,Queens Club,Queen's Club Championships,2025-06-19,ATP500,Outdoor,Grass,2nd Round,3,Alcaraz C.,Munar J.,2,59.0,8850,962.0,6.0,4.0,6.0,7.0,7.0,5.0,,,,,2.0,1.0,Completed,1.03,13.0,1.04,19.07,1.04,21.0,1.03,15.2,,
33,Queens Club,Queen's Club Championships,2025-06-19,ATP500,Outdoor,Grass,2nd Round,3,Rinderknech A.,Opelka R.,80,75.0,764,808.0,7.0,5.0,7.0,6.0,,,,,,,2.0,0.0,Completed,2.1,1.7,2.13,1.8,2.13,1.87,2.09,1.74,,
33,Queens Club,Queen's Club Championships,2025-06-20,ATP500,Outdoor,Grass,Quarterfinals,3,Lehecka J.,Fearnley J.,30,60.0,1645,961.0,7.0,5.0,6.0,2.0,,,,,,,2.0,0.0,Completed,1.5,2.6,1.52,2.74,1.54,2.84,1.48,2.65,,
33,Queens Club,Queen's Club Championships,2025-06-20,ATP500,Outdoor,Grass,Quarterfinals,3,Draper J.,Nakashima B.,6,32.0,4550,1600.0,6.0,4.0,5.0,7.0,6.0,4.0,,,,,2.0,1.0,Completed,1.2,4.33,1.21,5.08,1.22,5.3,1.2,4.54,,
33,Queens Club,Queen's Club Championships,2025-06-20,ATP500,Outdoor,Grass,Quarterfinals,3,Alcaraz C.,Rinderknech A.,2,80.0,8850,764.0,7.0,5.0,6.0,4.0,,,,,,,2.0,0.0,Completed,1.12,6.5,1.11,7.78,1.13,8.5,1.09,7.51,,
33,Queens Club,Queen's Club Championships,2025-06-20,ATP500,Outdoor,Grass,Quarterfinals,3,Bautista Agut R.,Rune H.,51,9.0,1049,3440.0,7.0,6.0,6.0,7.0,6.0,2.0,,,,,2.0,1.0,Completed,3.4,1.33,3.62,1.34,3.65,1.37,3.42,1.32,,
33,Queens Club,Queen's Club Championships,2025-06-21,ATP500,Outdoor,Grass,Semifinals,3,Lehecka J.,Draper J.,30,6.0,1645,4550.0,6.0,4.0,4.0,6.0,7.0,5.0,,,,,2.0,1.0,Completed,2.63,1.45,2.74,1.52,2.92,1.52,2.69,1.47,,
33,Queens Club,Queen's Club Championships,2025-06-21,ATP500,Outdoor,Grass,Semifinals,3,Alcaraz C.,Bautista Agut R.,2,51.0,8850,1049.0,6.0,4.0,6.0,4.0,,,,,,,2.0,0.0,Completed,1.1,7.0,1.12,7.95,1.12,9.4,1.1,7.07,,
33,Queens Club,Queen's Club Championships,2025-06-22,ATP500,Outdoor,Grass,The Final,3,Alcaraz C.,Lehecka J.,2,30.0,8850,1645.0,7.0,5.0,6.0,7.0,6.0,2.0,,,,,2.0,1.0,Completed,1.25,4.0,1.25,4.45,1.26,4.7,1.23,4.22,,
34,Eastbourne,Eastbourne International,2025-06-23,ATP250,Outdoor,Grass,1st Round,3,Fonseca J.,Bergs Z.,57,50.0,991,1079.0,6.0,7.0,6.0,0.0,6.0,3.0,,,,,2.0,1.0,Completed,1.53,2.5,1.54,2.64,1.64,2.64,1.54,2.47,,
34,Eastbourne,Eastbourne International,2025-06-23,ATP250,Outdoor,Grass,1st Round,3,Evans D.,Kecmanovic M.,170,49.0,325,1146.0,3.0,6.0,6.0,4.0,6.0,4.0,,,,,2.0,1.0,Completed,2.2,1.67,2.29,1.69,2.32,1.74,2.24,1.64,,
34,Eastbourne,Eastbourne International,2025-06-23,ATP250,Outdoor,Grass,1st Round,3,Bellucci M.,Halys Q.,74,47.0,836,1174.0,6.0,4.0,6.0,2.0,,,,,,,2.0,0.0,Completed,2.2,1.62,2.27,1.7,2.34,1.74,2.23,1.64,,
34,Eastbourne,Eastbourne International,2025-06-23,ATP250,Outdoor,Grass,1st Round,3,Sonego L.,Marozsan F.,48,58.0,1171,990.0,6.0,2.0,6.0,4.0,,,,,,,2.0,0.0,Completed,1.67,2.2,1.68,2.31,1.74,2.34,1.66,2.22,,
34,Eastbourne,Eastbourne International,2025-06-23,ATP250,Outdoor,Grass,1st Round,3,Davidovich Fokina A.,Tseng C.H.,28,96.0,1770,648.0,7.0,6.0,6.0,2.0,,,,,,,2.0,0.0,Completed,1.29,3.4,1.34,3.56,1.35,3.8,1.3,3.48,,
34,Eastbourne,Eastbourne International,2025-06-24,ATP250,Outdoor,Grass,1st Round,3,Duckworth J.,Vukic A.,106,80.0,528,758.0,6.0,3.0,6.0,7.0,6.0,1.0,,,,,2.0,1.0,Completed,2.75,1.45,2.75,1.53,2.76,1.55,2.63,1.48,,
34,Eastbourne,Eastbourne International,2025-06-24,ATP250,Outdoor,Grass,1st Round,3,Opelka R.,Loffhagen G.,72,302.0,858,172.0,7.0,6.0,3.0,6.0,7.0,6.0,,,,,2.0,1.0,Completed,1.57,2.3,1.62,2.43,1.68,2.44,1.58,2.35,,
34,Eastbourne,Eastbourne International,2025-06-24,ATP250,Outdoor,Grass,1st Round,3,Giron M.,Darderi L.,46,56.0,1175,1004.0,6.0,4.0,7.0,5.0,,,,,,,2.0,0.0,Completed,1.53,2.4,1.59,2.5,1.61,2.6,1.56,2.39,,
34,Eastbourne,Eastbourne International,2025-06-24,ATP250,Outdoor,Grass,1st Round,3,Borges N.,Pinnington Jones J.,37,282.0,1400,196.0,4.0,6.0,6.0,3.0,6.0,3.0,,,,,2.0,1.0,Completed,1.6,2.38,1.59,2.49,1.62,2.58,1.58,2.37,,
34,Eastbourne,Eastbourne International,2025-06-24,ATP250,Outdoor,Grass,1st Round,3,Brooksby J.,Comesana F.,149,65.0,405,914.0,7.0,6.0,6.0,4.0,,,,,,,2.0,0.0,Completed,1.5,2.63,1.5,2.72,1.5,2.78,1.49,2.6,,
34,Eastbourne,Eastbourne International,2025-06-24,ATP250,Outdoor,Grass,1st Round,3,Harris B.,Norrie C.,142,61.0,426,952.0,6.0,4.0,6.0,4.0,,,,,,,2.0,0.0,Completed,3.1,1.33,3.34,1.37,3.45,1.38,3.21,1.34,,
34,Eastbourne,Eastbourne International,2025-06-24,ATP250,Outdoor,Grass,1st Round,3,Fearnley J.,Cobolli F.,51,24.0,1048,2060.0,6.0,2.0,6.0,2.0,,,,,,,2.0,0.0,Completed,1.73,2.1,1.71,2.24,1.78,2.26,1.7,2.14,,
34,Eastbourne,Eastbourne International,2025-06-25,ATP250,Outdoor,Grass,2nd Round,3,Brooksby J.,Borges N.,149,37.0,405,1400.0,6.0,4.0,6.0,4.0,,,,,,,2.0,0.0,Completed,2.05,1.8,2.06,1.85,2.14,1.89,2.06,1.76,,
34,Eastbourne,Eastbourne International,2025-06-25,ATP250,Outdoor,Grass,2nd Round,3,Humbert U.,Sonego L.,20,48.0,2195,1171.0,7.0,5.0,6.0,4.0,,,,,,,2.0,0.0,Completed,1.57,2.4,1.66,2.36,1.66,2.5,1.56,2.41,,
34,Eastbourne,Eastbourne International,2025-06-25,ATP250,Outdoor,Grass,2nd Round,3,Harris B.,Bellucci M.,142,74.0,426,836.0,6.0,3.0,6.0,4.0,,,,,,,2.0,0.0,Completed,2.4,1.57,2.52,1.6,2.52,1.64,2.38,1.58,,
34,Eastbourne,Eastbourne International,2025-06-25,ATP250,Outdoor,Grass,2nd Round,3,Mensik J.,Opelka R.,17,72.0,2356,858.0,7.0,5.0,6.0,3.0,,,,,,,2.0,0.0,Completed,1.45,2.6,1.51,2.76,1.55,2.8,1.49,2.62,,
34,Eastbourne,Eastbourne International,2025-06-25,ATP250,Outdoor,Grass,2nd Round,3,Davidovich Fokina A.,Duckworth J.,28,106.0,1770,528.0,6.0,7.0,6.0,3.0,6.0,4.0,,,,,2.0,1.0,Completed,1.44,2.8,1.47,2.89,1.48,3.05,1.43,2.81,,
34,Eastbourne,Eastbourne International,2025-06-25,ATP250,Outdoor,Grass,2nd Round,3,Giron M.,Fearnley J.,46,51.0,1175,1048.0,6.0,3.0,6.0,1.0,,,,,,,2.0,0.0,Completed,2.63,1.5,2.84,1.49,2.86,1.52,2.67,1.47,,
34,Eastbourne,Eastbourne International,2025-06-25,ATP250,Outdoor,Grass,2nd Round,3,Evans D.,Paul T.,170,13.0,325,2970.0,6.0,4.0,3.0,6.0,6.0,3.0,,,,,2.0,1.0,Completed,3.4,1.33,3.28,1.39,3.75,1.39,3.31,1.34,,
34,Eastbourne,Eastbourne International,2025-06-26,ATP250,Outdoor,Grass,2nd Round,3,Fritz T.,Fonseca J.,5,57.0,4635,991.0,6.0,3.0,6.0,7.0,7.0,5.0,,,,,2.0,1.0,Completed,1.36,3.0,1.41,3.18,1.42,3.3,1.39,2.99,,
34,Eastbourne,Eastbourne International,2025-06-26,ATP250,Outdoor,Grass,Quarterfinals,3,Humbert U.,Harris B.,20,142.0,2195,426.0,7.0,6.0,6.0,1.0,,,,,,,2.0,0.0,Completed,1.25,4.0,1.27,4.28,1.28,4.4,1.24,4.01,,
34,Eastbourne,Eastbourne International,2025-06-26,ATP250,Outdoor,Grass,Quarterfinals,3,Brooksby J.,Evans D.,149,170.0,405,325.0,6.0,2.0,6.0,3.0,,,,,,,2.0,0.0,Completed,1.75,2.0,1.83,2.07,1.84,2.16,1.79,2.01,,
34,Eastbourne,Eastbourne International,2025-06-26,ATP250,Outdoor,Grass,Quarterfinals,3,Davidovich Fokina A.,Mensik J.,28,17.0,1770,2356.0,6.0,4.0,7.0,5.0,,,,,,,2.0,0.0,Completed,2.5,1.53,2.7,1.53,2.74,1.57,2.52,1.52,,
34,Eastbourne,Eastbourne International,2025-06-26,ATP250,Outdoor,Grass,Quarterfinals,3,Fritz T.,Giron M.,5,46.0,4635,1175.0,7.0,5.0,4.0,6.0,7.0,5.0,,,,,2.0,1.0,Completed,1.25,4.0,1.25,4.42,1.26,4.5,1.24,4.06,,
34,Eastbourne,Eastbourne International,2025-06-27,ATP250,Outdoor,Grass,Semifinals,3,Brooksby J.,Humbert U.,149,20.0,405,2195.0,6.0,7.0,6.0,4.0,6.0,4.0,,,,,2.0,1.0,Completed,2.8,1.44,2.87,1.48,2.92,1.51,2.76,1.44,,
34,Eastbourne,Eastbourne International,2025-06-27,ATP250,Outdoor,Grass,Semifinals,3,Fritz T.,Davidovich Fokina A.,5,28.0,4635,1770.0,6.0,3.0,3.0,6.0,6.0,1.0,,,,,2.0,1.0,Completed,1.33,3.4,1.37,3.37,1.39,3.5,1.34,3.27,,
34,Eastbourne,Eastbourne International,2025-06-28,ATP250,Outdoor,Grass,The Final,3,Fritz T.,Brooksby J.,5,149.0,4635,405.0,7.0,5.0,6.0,1.0,,,,,,,2.0,0.0,Completed,1.3,3.6,1.3,3.89,1.31,4.1,1.28,3.64,,
35,Mallorca,Mallorca Championships,2025-06-22,ATP250,Outdoor,Grass,1st Round,3,Djere L.,Bu Y.,62,69.0,936,874.0,6.0,4.0,6.0,4.0,,,,,,,2.0,0.0,Completed,1.67,2.2,1.73,2.21,1.78,2.24,1.67,2.18,,
35,Mallorca,Mallorca Championships,2025-06-22,ATP250,Outdoor,Grass,1st Round,3,Altmaier D.,Fognini F.,59,130.0,983,462.0,6.0,3.0,3.0,6.0,6.0,3.0,,,,,2.0,1.0,Completed,1.45,2.63,1.49,2.79,1.52,3.0,1.46,2.68,,
35,Mallorca,Mallorca Championships,2025-06-23,ATP250,Outdoor,Grass,1st Round,3,Safiullin R.,Muller A.,75,40.0,816,1311.0,7.0,6.0,7.0,5.0,,,,,,,2.0,0.0,Completed,1.6,2.38,1.63,2.4,1.63,2.58,1.56,2.39,,
35,Mallorca,Mallorca Championships,2025-06-23,ATP250,Outdoor,Grass,1st Round,3,Moutet C.,Martinez P.,83,52.0,739,1030.0,4.0,6.0,6.0,3.0,6.0,0.0,,,,,2.0,1.0,Completed,1.22,4.0,1.3,3.88,1.3,4.7,1.23,4.19,,
35,Mallorca,Mallorca Championships,2025-06-23,ATP250,Outdoor,Grass,1st Round,3,Medjedovic H.,Basavareddy N.,73,99.0,853,582.0,6.0,0.0,6.0,4.0,,,,,,,2.0,0.0,Completed,1.67,2.25,1.68,2.3,1.7,2.4,1.63,2.26,,
35,Mallorca,Mallorca Championships,2025-06-23,ATP250,Outdoor,Grass,1st Round,3,Rinderknech A.,Dzumhur D.,70,68.0,864,900.0,6.0,4.0,4.0,6.0,7.0,5.0,,,,,2.0,1.0,Completed,1.3,3.6,1.31,3.78,1.34,3.85,1.3,3.45,,
35,Mallorca,Mallorca Championships,2025-06-23,ATP250,Outdoor,Grass,1st Round,3,Diallo G.,Munar J.,41,54.0,1285,1012.0,7.0,5.0,6.0,3.0,,,,,,,2.0,0.0,Completed,1.62,2.3,1.63,2.41,1.68,2.42,1.61,2.29,,
35,Mallorca,Mallorca Championships,2025-06-23,ATP250,Outdoor,Grass,1st Round,3,Quinn E.,Ugo Carabelli C.,95,55.0,650,1006.0,6.0,3.0,6.0,2.0,,,,,,,2.0,0.0,Completed,1.36,3.0,1.41,3.13,1.46,3.2,1.4,2.9,,
35,Mallorca,Mallorca Championships,2025-06-23,ATP250,Outdoor,Grass,1st Round,3,Tien L.,Engel J.,67,219.0,903,253.0,6.0,4.0,6.0,4.0,,,,,,,2.0,0.0,Completed,1.67,2.2,1.69,2.28,1.69,2.44,1.63,2.27,,
35,Mallorca,Mallorca Championships,2025-06-24,ATP250,Outdoor,Grass,1st Round,3,Holt B.,Bonzi B.,101,64.0,568,930.0,2.0,6.0,6.0,4.0,6.0,4.0,,,,,2.0,1.0,Completed,2.2,1.67,2.25,1.71,2.38,1.73,2.24,1.64,,
35,Mallorca,Mallorca Championships,2025-06-24,ATP250,Outdoor,Grass,1st Round,3,Tomic B.,Hijikata R.,248,88.0,235,702.0,3.0,6.0,7.0,5.0,6.0,2.0,,,,,2.0,1.0,Completed,2.5,1.5,2.55,1.57,2.63,1.59,2.56,1.5,,
35,Mallorca,Mallorca Championships,2025-06-24,ATP250,Outdoor,Grass,1st Round,3,Bautista Agut R.,Etcheverry T.,43,53.0,1236,1025.0,5.0,7.0,6.0,3.0,6.0,2.0,,,,,2.0,1.0,Completed,1.57,2.4,1.6,2.48,1.6,2.63,1.54,2.47,,
35,Mallorca,Mallorca Championships,2025-06-24,ATP250,Outdoor,Grass,2nd Round,3,Medjedovic H.,Safiullin R.,73,75.0,853,816.0,6.0,4.0,3.0,6.0,7.0,6.0,,,,,2.0,1.0,Completed,1.75,2.1,1.79,2.14,1.79,2.22,1.71,2.13,,
35,Mallorca,Mallorca Championships,2025-06-24,ATP250,Outdoor,Grass,2nd Round,3,Griekspoor T.,Quinn E.,34,95.0,1535,650.0,7.0,5.0,6.0,4.0,,,,,,,2.0,0.0,Completed,1.53,2.5,1.56,2.59,1.61,2.6,1.53,2.49,,
35,Mallorca,Mallorca Championships,2025-06-24,ATP250,Outdoor,Grass,2nd Round,3,Diallo G.,Djere L.,41,62.0,1285,936.0,6.0,3.0,3.0,6.0,6.0,3.0,,,,,2.0,1.0,Completed,1.44,2.8,1.44,3.04,1.46,3.1,1.42,2.83,,
35,Mallorca,Mallorca Championships,2025-06-24,ATP250,Outdoor,Grass,2nd Round,3,Auger-Aliassime F.,Rinderknech A.,27,70.0,1775,864.0,7.0,5.0,6.0,3.0,,,,,,,2.0,0.0,Completed,1.33,3.4,1.37,3.42,1.37,3.55,1.33,3.29,,
35,Mallorca,Mallorca Championships,2025-06-25,ATP250,Outdoor,Grass,2nd Round,3,Moutet C.,Altmaier D.,83,59.0,739,983.0,7.0,6.0,7.0,6.0,,,,,,,2.0,0.0,Completed,1.44,2.63,1.49,2.85,1.5,3.0,1.45,2.73,,
35,Mallorca,Mallorca Championships,2025-06-25,ATP250,Outdoor,Grass,2nd Round,3,Michelsen A.,Holt B.,33,101.0,1620,568.0,6.0,4.0,6.0,4.0,,,,,,,2.0,0.0,Completed,1.3,3.6,1.31,3.85,1.34,3.85,1.3,3.48,,
35,Mallorca,Mallorca Championships,2025-06-25,ATP250,Outdoor,Grass,2nd Round,3,Tien L.,Shelton B.,67,10.0,903,3170.0,6.0,4.0,7.0,6.0,,,,,,,2.0,0.0,Completed,3.75,1.29,3.86,1.31,4.0,1.32,3.78,1.27,,
35,Mallorca,Mallorca Championships,2025-06-25,ATP250,Outdoor,Grass,2nd Round,3,Bautista Agut R.,Tomic B.,43,248.0,1236,235.0,6.0,3.0,6.0,3.0,,,,,,,2.0,0.0,Completed,1.22,4.0,1.23,4.68,1.26,4.7,1.21,4.3,,
35,Mallorca,Mallorca Championships,2025-06-26,ATP250,Outdoor,Grass,Quarterfinals,3,Griekspoor T.,Diallo G.,34,41.0,1535,1285.0,6.0,4.0,6.0,4.0,,,,,,,2.0,0.0,Completed,1.9,1.83,1.99,1.92,2.04,1.94,1.95,1.83,,
35,Mallorca,Mallorca Championships,2025-06-26,ATP250,Outdoor,Grass,Quarterfinals,3,Auger-Aliassime F.,Medjedovic H.,27,73.0,1775,853.0,3.0,6.0,6.0,1.0,6.0,4.0,,,,,2.0,1.0,Completed,1.44,2.8,1.45,2.98,1.45,3.15,1.42,2.85,,
35,Mallorca,Mallorca Championships,2025-06-26,ATP250,Outdoor,Grass,Quarterfinals,3,Moutet C.,Tien L.,83,67.0,739,903.0,6.0,2.0,7.0,5.0,,,,,,,2.0,0.0,Completed,2.1,1.75,2.17,1.78,2.17,1.85,2.04,1.77,,
35,Mallorca,Mallorca Championships,2025-06-26,ATP250,Outdoor,Grass,Quarterfinals,3,Michelsen A.,Bautista Agut R.,33,43.0,1620,1236.0,6.0,4.0,7.0,6.0,,,,,,,2.0,0.0,Completed,1.95,1.85,1.99,1.91,2.02,1.96,1.89,1.89,,
35,Mallorca,Mallorca Championships,2025-06-27,ATP250,Outdoor,Grass,Semifinals,3,Griekspoor T.,Auger-Aliassime F.,34,27.0,1535,1775.0,6.0,4.0,6.0,4.0,,,,,,,2.0,0.0,Completed,2.2,1.67,2.3,1.69,2.32,1.74,2.18,1.67,,
35,Mallorca,Mallorca Championships,2025-06-27,ATP250,Outdoor,Grass,Semifinals,3,Moutet C.,Michelsen A.,83,33.0,739,1620.0,6.0,4.0,7.0,6.0,,,,,,,2.0,0.0,Completed,2.4,1.57,2.52,1.6,2.52,1.66,2.39,1.56,,
35,Mallorca,Mallorca Championships,2025-06-28,ATP250,Outdoor,Grass,The Final,3,Griekspoor T.,Moutet C.,34,83.0,1535,739.0,7.0,5.0,7.0,6.0,,,,,,,2.0,0.0,Completed,1.57,2.3,1.59,2.46,1.65,2.5,1.56,2.39,,
36,London,Wimbledon,2025-06-30,Grand Slam,Outdoor,Grass,1st Round,5,Tarvet O.,Riedi L.,733,503.0,36,77.0,6.0,4.0,6.0,4.0,6.0,4.0,,,,,3.0,0.0,Completed,2.1,1.75,2.12,1.79,2.18,1.84,2.06,1.75,,
36,London,Wimbledon,2025-06-30,Grand Slam,Outdoor,Grass,1st Round,5,Lehecka J.,Dellien H.,25,79.0,1965,751.0,4.0,6.0,6.0,2.0,6.0,2.0,7.0,6.0,,,3.0,1.0,Completed,1.02,15.0,,,1.02,55.0,1.01,22.38,,
36,London,Wimbledon,2025-06-30,Grand Slam,Outdoor,Grass,1st Round,5,Thompson J.,Kopriva V.,44,78.0,1200,757.0,3.0,6.0,4.0,6.0,6.0,3.0,7.0,6.0,6.0,1.0,3.0,2.0,Completed,1.4,3.0,1.43,3.03,1.43,3.35,1.38,3.02,,
36,London,Wimbledon,2025-06-30,Grand Slam,Outdoor,Grass,1st Round,5,Mannarino A.,O Connell C.,123,77.0,477,775.0,6.0,2.0,6.0,4.0,6.0,3.0,,,,,3.0,0.0,Completed,1.36,2.9,1.43,3.03,1.45,3.15,1.4,2.93,,
36,London,Wimbledon,2025-06-30,Grand Slam,Outdoor,Grass,1st Round,5,Bellucci M.,Crawford O.,73,248.0,864,229.0,6.0,7.0,6.0,3.0,6.0,4.0,6.0,4.0,,,3.0,1.0,Completed,1.3,3.6,1.3,3.81,1.34,3.85,1.3,3.54,,
36,London,Wimbledon,2025-06-30,Grand Slam,Outdoor,Grass,1st Round,5,Bonzi B.,Medvedev D.,64,9.0,930,3420.0,7.0,6.0,3.0,6.0,7.0,6.0,6.0,2.0,,,3.0,1.0,Completed,8.5,1.07,9.03,1.09,12.5,1.09,8.56,1.07,,
36,London,Wimbledon,2025-06-30,Grand Slam,Outdoor,Grass,1st Round,5,Tien L.,Basavareddy N.,62,100.0,940,595.0,7.0,6.0,6.0,3.0,6.0,2.0,,,,,3.0,0.0,Completed,1.5,2.6,1.54,2.63,1.54,2.8,1.46,2.68,,
36,London,Wimbledon,2025-06-30,Grand Slam,Outdoor,Grass,1st Round,5,Tiafoe F.,Moller E.,12,117.0,2990,499.0,6.0,3.0,6.0,4.0,6.0,2.0,,,,,3.0,0.0,Completed,1.04,9.0,1.06,12.44,1.07,13.5,1.05,10.57,,
36,London,Wimbledon,2025-06-30,Grand Slam,Outdoor,Grass,1st Round,5,Norrie C.,Bautista Agut R.,61,42.0,952,1236.0,6.0,3.0,3.0,6.0,6.0,4.0,7.0,6.0,,,3.0,1.0,Completed,1.83,1.91,1.91,1.98,1.99,2.0,1.87,1.92,,
36,London,Wimbledon,2025-06-30,Grand Slam,Outdoor,Grass,1st Round,5,Fery A.,Popyrin A.,461,22.0,91,2140.0,6.0,4.0,6.0,1.0,4.0,6.0,6.0,4.0,,,3.0,1.0,Completed,4.33,1.22,4.45,1.24,4.5,1.28,4.02,1.24,,
36,London,Wimbledon,2025-06-30,Grand Slam,Outdoor,Grass,1st Round,5,Harris L.,Bergs Z.,320,50.0,159,1079.0,7.0,6.0,7.0,6.0,6.0,7.0,6.0,2.0,,,3.0,1.0,Completed,2.5,1.5,2.56,1.56,2.82,1.56,2.65,1.47,,
36,London,Wimbledon,2025-06-30,Grand Slam,Outdoor,Grass,1st Round,5,Jarry N.,Rune H.,143,8.0,418,3530.0,4.0,6.0,4.0,6.0,7.0,5.0,6.0,3.0,6.0,4.0,3.0,2.0,Completed,3.75,1.29,3.76,1.3,4.0,1.32,3.65,1.28,,
36,London,Wimbledon,2025-06-30,Grand Slam,Outdoor,Grass,1st Round,5,Royer V.,Tsitsipas S.,113,26.0,513,1920.0,6.0,3.0,6.0,2.0,,,,,,,2.0,0.0,Retired,4.0,1.25,4.13,1.27,4.3,1.29,3.88,1.25,,
36,London,Wimbledon,2025-06-30,Grand Slam,Outdoor,Grass,1st Round,5,Alcaraz C.,Fognini F.,2,138.0,9300,437.0,7.0,5.0,6.0,7.0,7.0,5.0,2.0,6.0,6.0,1.0,3.0,2.0,Completed,1.01,17.0,,,1.01,90.0,1.01,29.42,,
36,London,Wimbledon,2025-06-30,Grand Slam,Outdoor,Grass,1st Round,5,Darderi L.,Safiullin R.,59,75.0,989,831.0,7.0,6.0,1.0,6.0,6.0,7.0,6.0,3.0,6.0,1.0,3.0,2.0,Completed,3.0,1.4,3.07,1.42,3.2,1.43,2.94,1.39,,
36,London,Wimbledon,2025-06-30,Grand Slam,Outdoor,Grass,1st Round,5,Borges N.,Cerundolo F.,37,19.0,1400,2285.0,4.0,6.0,6.0,3.0,7.0,6.0,6.0,0.0,,,3.0,1.0,Completed,2.4,1.53,2.49,1.59,2.56,1.64,2.42,1.56,,
36,London,Wimbledon,2025-06-30,Grand Slam,Outdoor,Grass,1st Round,5,Auger-Aliassime F.,Duckworth J.,28,103.0,1825,566.0,6.0,2.0,3.0,6.0,6.0,7.0,6.0,4.0,6.0,4.0,3.0,2.0,Completed,1.18,4.5,1.2,5.06,1.21,5.5,1.19,4.65,,
36,London,Wimbledon,2025-06-30,Grand Slam,Outdoor,Grass,1st Round,5,Fonseca J.,Fearnley J.,54,51.0,1016,1060.0,6.0,4.0,6.0,1.0,7.0,6.0,,,,,3.0,0.0,Completed,1.5,2.63,1.49,2.79,1.53,2.86,1.47,2.67,,
36,London,Wimbledon,2025-06-30,Grand Slam,Outdoor,Grass,1st Round,5,Quinn E.,Searle H.,89,421.0,682,106.0,4.0,6.0,6.0,2.0,7.0,6.0,6.0,2.0,,,3.0,1.0,Completed,1.44,2.8,1.47,2.85,1.48,2.94,1.44,2.75,,
36,London,Wimbledon,2025-06-30,Grand Slam,Outdoor,Grass,1st Round,5,Harris B.,Lajovic D.,151,118.0,383,498.0,6.0,3.0,6.0,2.0,6.0,4.0,,,,,3.0,0.0,Completed,1.4,2.8,1.47,2.85,1.5,3.0,1.41,2.88,,
36,London,Wimbledon,2025-06-30,Grand Slam,Outdoor,Grass,1st Round,5,Khachanov K.,McDonald M.,20,88.0,2240,689.0,7.0,5.0,6.0,4.0,6.0,4.0,,,,,3.0,0.0,Completed,1.22,4.33,1.21,4.91,1.25,4.91,1.22,4.22,,
36,London,Wimbledon,2025-06-30,Grand Slam,Outdoor,Grass,1st Round,5,Garin C.,Rodesch C.,110,163.0,525,346.0,7.0,6.0,6.0,4.0,6.0,4.0,,,,,3.0,0.0,Completed,1.67,2.2,1.67,2.31,1.71,2.38,1.64,2.26,,
36,London,Wimbledon,2025-06-30,Grand Slam,Outdoor,Grass,1st Round,5,Rublev A.,Djere L.,14,60.0,2920,961.0,6.0,0.0,7.0,6.0,6.0,7.0,7.0,6.0,,,3.0,1.0,Completed,1.22,4.0,1.26,4.28,1.29,4.3,1.24,4.03,,
36,London,Wimbledon,2025-06-30,Grand Slam,Outdoor,Grass,1st Round,5,Struff J.L.,Misolic F.,125,111.0,475,518.0,6.0,2.0,5.0,7.0,6.0,3.0,6.0,3.0,,,3.0,1.0,Completed,1.67,2.25,1.65,2.36,1.68,2.4,1.62,2.28,,
36,London,Wimbledon,2025-06-30,Grand Slam,Outdoor,Grass,1st Round,5,Majchrzak K.,Berrettini M.,109,35.0,527,1515.0,4.0,6.0,6.0,2.0,6.0,4.0,5.0,7.0,6.0,3.0,3.0,2.0,Completed,6.0,1.13,7.18,1.13,7.2,1.16,6.14,1.12,,
36,London,Wimbledon,2025-06-30,Grand Slam,Outdoor,Grass,1st Round,5,Davidovich Fokina A.,Holt B.,27,99.0,1845,600.0,6.0,2.0,6.0,4.0,7.0,5.0,,,,,3.0,0.0,Completed,1.22,4.33,1.23,4.58,1.26,4.7,1.22,4.28,,
36,London,Wimbledon,2025-06-30,Grand Slam,Outdoor,Grass,1st Round,5,Brooksby J.,Griekspoor T.,101,29.0,577,1755.0,6.0,2.0,7.0,5.0,6.0,3.0,,,,,3.0,0.0,Completed,2.75,1.4,2.7,1.52,2.85,1.53,2.75,1.44,,
36,London,Wimbledon,2025-06-30,Grand Slam,Outdoor,Grass,1st Round,5,Diallo G.,Altmaier D.,40,57.0,1322,998.0,6.0,1.0,6.0,2.0,6.0,4.0,,,,,3.0,0.0,Completed,1.2,4.5,1.2,5.2,1.23,5.3,1.19,4.61,,
36,London,Wimbledon,2025-07-01,Grand Slam,Outdoor,Grass,1st Round,5,Vukic A.,Tseng C.H.,93,96.0,664,643.0,6.0,3.0,6.0,4.0,4.0,6.0,7.0,6.0,,,3.0,1.0,Completed,1.25,4.0,1.26,4.23,1.3,4.33,1.24,4.01,,
36,London,Wimbledon,2025-07-01,Grand Slam,Outdoor,Grass,1st Round,5,Marozsan F.,McCabe J.,58,181.0,990,308.0,6.0,1.0,6.0,4.0,6.0,3.0,,,,,3.0,0.0,Completed,1.44,2.8,1.46,2.91,1.49,2.96,1.44,2.76,,
36,London,Wimbledon,2025-07-01,Grand Slam,Outdoor,Grass,1st Round,5,Kecmanovic M.,Michelsen A.,49,32.0,1106,1670.0,6.0,2.0,3.0,6.0,6.0,3.0,3.0,6.0,7.0,6.0,3.0,2.0,Completed,2.8,1.44,2.84,1.48,3.0,1.48,2.75,1.44,,
36,London,Wimbledon,2025-07-01,Grand Slam,Outdoor,Grass,1st Round,5,Sonego L.,Faria J.,47,116.0,1171,503.0,6.0,3.0,6.0,4.0,6.0,2.0,,,,,3.0,0.0,Completed,1.3,3.6,1.29,3.9,1.32,4.0,1.3,3.56,,
36,London,Wimbledon,2025-07-01,Grand Slam,Outdoor,Grass,1st Round,5,Paul T.,Monday J.,13,224.0,2970,249.0,6.0,4.0,6.0,4.0,6.0,2.0,,,,,3.0,0.0,Completed,1.05,8.5,1.08,10.39,1.08,12.0,1.06,9.39,,
36,London,Wimbledon,2025-07-01,Grand Slam,Outdoor,Grass,1st Round,5,De Minaur A.,Carballes Baena R.,11,74.0,3085,849.0,6.0,2.0,6.0,2.0,7.0,6.0,,,,,3.0,0.0,Completed,1.01,13.0,,,1.02,38.0,1.01,19.92,,
36,London,Wimbledon,2025-07-01,Grand Slam,Outdoor,Grass,1st Round,5,Cazaux A.,Walton A.,115,90.0,505,678.0,6.0,3.0,7.0,6.0,4.0,6.0,6.0,7.0,6.0,1.0,3.0,2.0,Completed,1.53,2.5,1.56,2.59,1.6,2.63,1.51,2.54,,
36,London,Wimbledon,2025-07-01,Grand Slam,Outdoor,Grass,1st Round,5,Basilashvili N.,Musetti L.,126,7.0,474,4140.0,6.0,2.0,4.0,6.0,7.0,5.0,6.0,1.0,,,3.0,1.0,Completed,3.4,1.3,3.9,1.29,3.9,1.36,3.32,1.32,,
36,London,Wimbledon,2025-07-01,Grand Slam,Outdoor,Grass,1st Round,5,De Jong J.,Eubanks C.,106,130.0,548,454.0,6.0,3.0,6.0,7.0,6.0,7.0,6.0,3.0,7.0,6.0,3.0,2.0,Completed,1.75,2.1,1.67,2.33,1.8,2.34,1.71,2.13,,
36,London,Wimbledon,2025-07-01,Grand Slam,Outdoor,Grass,1st Round,5,Navone M.,Shapovalov D.,91,30.0,670,1676.0,3.0,6.0,6.0,4.0,6.0,1.0,6.0,4.0,,,3.0,1.0,Completed,6.0,1.13,6.24,1.15,6.6,1.17,5.96,1.13,,
36,London,Wimbledon,2025-07-01,Grand Slam,Outdoor,Grass,1st Round,5,Munar J.,Bublik A.,55,31.0,1012,1675.0,6.0,4.0,3.0,6.0,4.0,6.0,7.0,6.0,6.0,2.0,3.0,2.0,Completed,4.33,1.22,4.76,1.22,5.1,1.23,4.37,1.21,,
36,London,Wimbledon,2025-07-01,Grand Slam,Outdoor,Grass,1st Round,5,Sinner J.,Nardi L.,1,95.0,10430,655.0,6.0,4.0,6.0,3.0,6.0,0.0,,,,,3.0,0.0,Completed,1.01,13.0,,,1.02,65.0,1.01,22.92,,
36,London,Wimbledon,2025-07-01,Grand Slam,Outdoor,Grass,1st Round,5,Ofner S.,Medjedovic H.,165,68.0,343,896.0,7.0,6.0,3.0,1.0,,,,,,,1.0,0.0,Retired,2.5,1.53,2.65,1.53,2.74,1.56,2.51,1.53,,
36,London,Wimbledon,2025-07-01,Grand Slam,Outdoor,Grass,1st Round,5,Martinez P.,Loffhagen G.,52,293.0,1030,185.0,2.0,6.0,6.0,2.0,6.0,4.0,6.0,2.0,,,3.0,1.0,Completed,3.6,1.3,3.74,1.31,3.74,1.36,3.5,1.3,,
36,London,Wimbledon,2025-07-01,Grand Slam,Outdoor,Grass,1st Round,5,Van De Zandschulp B.,Arnaldi M.,92,43.0,670,1215.0,7.0,6.0,7.0,6.0,6.0,4.0,,,,,3.0,0.0,Completed,2.25,1.67,2.32,1.67,2.34,1.72,2.22,1.66,,
36,London,Wimbledon,2025-07-01,Grand Slam,Outdoor,Grass,1st Round,5,Mochizuki S.,Zeppieri G.,144,351.0,413,140.0,2.0,6.0,3.0,6.0,6.0,3.0,7.0,6.0,7.0,5.0,3.0,2.0,Completed,1.5,2.6,1.51,2.73,1.53,2.82,1.48,2.66,,
36,London,Wimbledon,2025-07-01,Grand Slam,Outdoor,Grass,1st Round,5,Evans D.,Clarke J.,154,196.0,375,283.0,6.0,1.0,7.0,5.0,6.0,2.0,,,,,3.0,0.0,Completed,1.18,5.0,1.19,5.22,1.22,5.3,1.19,4.76,,
36,London,Wimbledon,2025-07-01,Grand Slam,Outdoor,Grass,1st Round,5,Moutet C.,Comesana F.,69,65.0,894,914.0,6.0,4.0,6.0,4.0,6.0,2.0,,,,,3.0,0.0,Completed,1.45,2.8,1.51,2.75,1.56,2.8,1.47,2.66,,
36,London,Wimbledon,2025-07-01,Grand Slam,Outdoor,Grass,1st Round,5,Fritz T.,Mpetshi G.,5,36.0,4635,1411.0,6.0,7.0,6.0,7.0,6.0,4.0,7.0,6.0,6.0,4.0,3.0,2.0,Completed,1.15,5.5,1.18,5.56,1.18,6.2,1.15,5.32,,
36,London,Wimbledon,2025-07-01,Grand Slam,Outdoor,Grass,1st Round,5,Holmgren A.,Halys Q.,192,46.0,285,1174.0,7.0,6.0,6.0,3.0,6.0,4.0,,,,,3.0,0.0,Completed,5.0,1.17,5.64,1.17,5.7,1.2,5.24,1.16,,
36,London,Wimbledon,2025-07-01,Grand Slam,Outdoor,Grass,1st Round,5,Machac T.,Dzumhur D.,23,67.0,2110,900.0,6.0,3.0,6.0,2.0,6.0,4.0,,,,,3.0,0.0,Completed,1.2,4.5,1.22,4.82,1.24,5.0,1.19,4.73,,
36,London,Wimbledon,2025-07-01,Grand Slam,Outdoor,Grass,1st Round,5,Rinderknech A.,Zverev A.,72,3.0,873,6500.0,7.0,6.0,6.0,7.0,6.0,3.0,6.0,7.0,6.0,4.0,3.0,2.0,Completed,7.5,1.08,8.34,1.1,9.2,1.11,7.2,1.1,,
36,London,Wimbledon,2025-07-01,Grand Slam,Outdoor,Grass,1st Round,5,Cobolli F.,Zhukayev B.,24,247.0,2035,229.0,6.0,3.0,7.0,6.0,6.0,1.0,,,,,3.0,0.0,Completed,1.33,3.4,1.3,3.81,1.35,3.81,1.31,3.44,,
36,London,Wimbledon,2025-07-01,Grand Slam,Outdoor,Grass,1st Round,5,Mensik J.,Gaston H.,17,86.0,2356,693.0,6.0,1.0,4.0,6.0,6.0,2.0,6.0,2.0,,,3.0,1.0,Completed,1.07,8.5,1.08,10.35,1.1,10.5,1.07,8.63,,
36,London,Wimbledon,2025-07-01,Grand Slam,Outdoor,Grass,1st Round,5,Cilic M.,Collignon R.,83,85.0,722,705.0,6.0,3.0,6.0,4.0,6.0,3.0,,,,,3.0,0.0,Completed,1.08,7.0,1.09,9.03,1.12,9.03,1.08,7.66,,
36,London,Wimbledon,2025-07-01,Grand Slam,Outdoor,Grass,1st Round,5,Shelton B.,Bolt A.,10,179.0,3130,309.0,6.0,4.0,7.0,6.0,7.0,6.0,,,,,3.0,0.0,Completed,1.25,4.0,1.28,3.94,1.3,4.2,1.26,3.84,,
36,London,Wimbledon,2025-07-01,Grand Slam,Outdoor,Grass,1st Round,5,Opelka R.,Shevchenko A.,70,98.0,877,610.0,6.0,3.0,7.0,5.0,7.0,6.0,,,,,3.0,0.0,Completed,1.33,3.25,1.35,3.49,1.39,3.49,1.34,3.27,,
36,London,Wimbledon,2025-07-01,Grand Slam,Outdoor,Grass,1st Round,5,Monfils G.,Humbert U.,48,18.0,1165,2285.0,6.0,4.0,3.0,6.0,6.0,7.0,7.0,5.0,6.0,2.0,3.0,2.0,Completed,3.4,1.33,3.52,1.34,3.65,1.37,3.35,1.33,,
36,London,Wimbledon,2025-07-01,Grand Slam,Outdoor,Grass,1st Round,5,Fucsovics M.,Kovacevic A.,105,76.0,564,799.0,6.0,3.0,6.0,7.0,6.0,1.0,5.0,7.0,6.0,4.0,3.0,2.0,Completed,1.25,3.75,1.29,3.9,1.29,4.3,1.26,3.83,,
36,London,Wimbledon,2025-07-01,Grand Slam,Outdoor,Grass,1st Round,5,Dimitrov G.,Nishioka Y.,21,82.0,2155,724.0,6.0,2.0,6.0,3.0,6.0,4.0,,,,,3.0,0.0,Completed,1.18,5.0,1.21,4.94,1.21,5.7,1.18,4.94,,
36,London,Wimbledon,2025-07-01,Grand Slam,Outdoor,Grass,1st Round,5,Hijikata R.,Goffin D.,87,63.0,693,930.0,6.0,3.0,6.0,1.0,6.0,1.0,,,,,3.0,0.0,Completed,1.6,2.38,1.62,2.42,1.66,2.46,1.59,2.33,,
36,London,Wimbledon,2025-07-01,Grand Slam,Outdoor,Grass,1st Round,5,Pinnington Jones J.,Etcheverry T.,281,53.0,196,1025.0,7.0,6.0,6.0,3.0,7.0,5.0,,,,,3.0,0.0,Completed,2.75,1.45,2.77,1.5,2.84,1.53,2.66,1.47,,
36,London,Wimbledon,2025-07-01,Grand Slam,Outdoor,Grass,1st Round,5,Draper J.,Baez S.,4,38.0,4650,1370.0,6.0,2.0,6.0,2.0,2.0,1.0,,,,,2.0,0.0,Retired,1.02,15.0,,,1.02,36.0,1.01,20.67,,
36,London,Wimbledon,2025-07-01,Grand Slam,Outdoor,Grass,1st Round,5,Giron M.,Ugo Carabelli C.,45,56.0,1200,1006.0,7.0,6.0,7.0,6.0,6.0,3.0,,,,,3.0,0.0,Completed,1.06,9.0,1.08,10.42,1.09,13.0,1.06,9.73,,
36,London,Wimbledon,2025-07-01,Grand Slam,Outdoor,Grass,1st Round,5,Djokovic N.,Muller A.,6,41.0,4630,1311.0,6.0,1.0,6.0,7.0,6.0,2.0,6.0,2.0,,,3.0,1.0,Completed,1.02,15.0,1.03,24.43,1.03,34.0,1.02,18.3,,
36,London,Wimbledon,2025-07-02,Grand Slam,Outdoor,Grass,1st Round,5,Nakashima B.,Bu Y.,34,71.0,1650,874.0,6.0,4.0,4.0,6.0,7.0,6.0,6.0,4.0,,,3.0,1.0,Completed,1.13,6.0,1.15,6.44,1.18,6.5,1.13,5.96,,
36,London,Wimbledon,2025-07-02,Grand Slam,Outdoor,Grass,2nd Round,5,Norrie C.,Tiafoe F.,61,12.0,952,2990.0,4.0,6.0,6.0,4.0,6.0,3.0,7.0,5.0,,,3.0,1.0,Completed,2.5,1.53,2.59,1.57,2.66,1.59,2.48,1.54,,
36,London,Wimbledon,2025-07-02,Grand Slam,Outdoor,Grass,2nd Round,5,Fonseca J.,Brooksby J.,54,101.0,1016,577.0,6.0,4.0,5.0,7.0,6.0,2.0,6.0,4.0,,,3.0,1.0,Completed,1.44,2.8,1.45,3.0,1.49,3.0,1.45,2.76,,
36,London,Wimbledon,2025-07-02,Grand Slam,Outdoor,Grass,2nd Round,5,Mannarino A.,Royer V.,123,113.0,477,513.0,6.0,4.0,6.0,4.0,5.0,7.0,7.0,6.0,,,3.0,1.0,Completed,1.44,2.8,1.44,3.03,1.5,3.05,1.44,2.79,,
36,London,Wimbledon,2025-07-02,Grand Slam,Outdoor,Grass,2nd Round,5,Jarry N.,Tien L.,143,62.0,418,940.0,6.0,2.0,6.0,2.0,6.0,3.0,,,,,3.0,0.0,Completed,1.67,2.2,1.76,2.2,1.77,2.24,1.68,2.18,,
36,London,Wimbledon,2025-07-02,Grand Slam,Outdoor,Grass,2nd Round,5,Khachanov K.,Mochizuki S.,20,144.0,2240,413.0,1.0,6.0,7.0,6.0,4.0,6.0,6.0,3.0,6.0,4.0,3.0,2.0,Completed,1.14,5.5,1.14,6.76,1.16,7.0,1.13,5.81,,
36,London,Wimbledon,2025-07-02,Grand Slam,Outdoor,Grass,2nd Round,5,Rublev A.,Harris L.,14,320.0,2920,159.0,6.0,7.0,6.0,4.0,7.0,6.0,6.0,3.0,,,3.0,1.0,Completed,1.29,3.75,1.31,3.81,1.33,3.9,1.29,3.6,,
36,London,Wimbledon,2025-07-02,Grand Slam,Outdoor,Grass,2nd Round,5,Borges N.,Harris B.,37,151.0,1400,383.0,6.0,3.0,6.0,4.0,7.0,6.0,,,,,3.0,0.0,Completed,1.53,2.5,1.58,2.56,1.6,2.62,1.56,2.4,,
36,London,Wimbledon,2025-07-02,Grand Slam,Outdoor,Grass,2nd Round,5,Alcaraz C.,Tarvet O.,2,733.0,9300,36.0,6.0,1.0,6.0,4.0,6.0,4.0,,,,,3.0,0.0,Completed,1.01,12.0,,,1.03,34.0,1.01,19.33,,
36,London,Wimbledon,2025-07-02,Grand Slam,Outdoor,Grass,2nd Round,5,Thompson J.,Bonzi B.,44,64.0,1200,930.0,7.0,5.0,6.0,7.0,4.0,6.0,6.0,2.0,6.0,4.0,3.0,2.0,Completed,2.5,1.53,2.46,1.62,2.66,1.62,2.52,1.52,,
36,London,Wimbledon,2025-07-02,Grand Slam,Outdoor,Grass,2nd Round,5,Bellucci M.,Lehecka J.,73,25.0,864,1965.0,7.0,6.0,6.0,1.0,7.0,5.0,,,,,3.0,0.0,Completed,4.5,1.2,5.04,1.21,5.3,1.22,4.57,1.2,,
36,London,Wimbledon,2025-07-02,Grand Slam,Outdoor,Grass,2nd Round,5,Majchrzak K.,Quinn E.,109,89.0,527,682.0,6.0,1.0,6.0,4.0,6.0,3.0,,,,,3.0,0.0,Completed,2.2,1.62,2.26,1.72,2.3,1.75,2.16,1.69,,
36,London,Wimbledon,2025-07-02,Grand Slam,Outdoor,Grass,2nd Round,5,Fritz T.,Diallo G.,5,40.0,4635,1322.0,3.0,6.0,6.0,3.0,7.0,6.0,4.0,6.0,6.0,3.0,3.0,2.0,Completed,1.3,3.6,1.32,3.76,1.36,3.9,1.3,3.5,,
36,London,Wimbledon,2025-07-03,Grand Slam,Outdoor,Grass,2nd Round,5,Kecmanovic M.,De Jong J.,49,106.0,1106,548.0,1.0,6.0,6.0,3.0,6.0,2.0,6.0,4.0,,,3.0,1.0,Completed,1.4,3.0,1.41,3.17,1.45,3.2,1.39,2.99,,
36,London,Wimbledon,2025-07-03,Grand Slam,Outdoor,Grass,2nd Round,5,Mensik J.,Giron M.,17,45.0,2356,1200.0,6.0,4.0,3.0,6.0,6.0,4.0,7.0,6.0,,,3.0,1.0,Completed,1.53,2.5,1.59,2.53,1.59,2.7,1.52,2.51,,
36,London,Wimbledon,2025-07-03,Grand Slam,Outdoor,Grass,2nd Round,5,De Minaur A.,Cazaux A.,11,115.0,3085,505.0,4.0,6.0,6.0,2.0,6.0,4.0,6.0,0.0,,,3.0,1.0,Completed,1.08,8.0,1.1,8.61,1.1,10.0,1.08,7.7,,
36,London,Wimbledon,2025-07-03,Grand Slam,Outdoor,Grass,2nd Round,5,Cobolli F.,Pinnington Jones J.,24,281.0,2035,196.0,6.0,1.0,7.0,6.0,6.0,2.0,,,,,3.0,0.0,Completed,1.36,3.2,1.4,3.25,1.41,3.35,1.38,3.06,,
36,London,Wimbledon,2025-07-03,Grand Slam,Outdoor,Grass,2nd Round,5,Dimitrov G.,Moutet C.,21,69.0,2155,894.0,7.0,5.0,4.0,6.0,7.0,5.0,7.0,5.0,,,3.0,1.0,Completed,1.6,2.38,1.66,2.38,1.69,2.42,1.58,2.36,,
36,London,Wimbledon,2025-07-03,Grand Slam,Outdoor,Grass,2nd Round,5,Davidovich Fokina A.,Van De Zandschulp B.,27,92.0,1845,670.0,6.0,1.0,4.0,6.0,6.0,3.0,7.0,6.0,,,3.0,1.0,Completed,1.3,3.6,1.33,3.66,1.34,3.8,1.3,3.53,,
36,London,Wimbledon,2025-07-03,Grand Slam,Outdoor,Grass,2nd Round,5,Munar J.,Marozsan F.,55,58.0,1012,990.0,6.0,2.0,6.0,3.0,7.0,6.0,,,,,3.0,0.0,Completed,1.8,2.0,1.76,2.2,1.8,2.22,1.72,2.11,,
36,London,Wimbledon,2025-07-03,Grand Slam,Outdoor,Grass,2nd Round,5,Struff J.L.,Auger-Aliassime F.,125,28.0,475,1825.0,3.0,6.0,7.0,6.0,6.0,3.0,6.0,4.0,,,3.0,1.0,Completed,3.25,1.33,3.38,1.37,3.5,1.38,3.14,1.36,,
36,London,Wimbledon,2025-07-03,Grand Slam,Outdoor,Grass,2nd Round,5,Rinderknech A.,Garin C.,72,110.0,873,525.0,3.0,6.0,6.0,3.0,7.0,6.0,4.0,6.0,6.0,3.0,3.0,2.0,Completed,1.67,2.25,1.75,2.21,1.75,2.34,1.65,2.24,,
36,London,Wimbledon,2025-07-03,Grand Slam,Outdoor,Grass,2nd Round,5,Djokovic N.,Evans D.,6,154.0,4630,375.0,6.0,3.0,6.0,2.0,6.0,0.0,,,,,3.0,0.0,Completed,1.06,9.0,1.06,13.92,1.06,16.0,1.05,10.96,,
36,London,Wimbledon,2025-07-03,Grand Slam,Outdoor,Grass,2nd Round,5,Darderi L.,Fery A.,59,461.0,989,91.0,6.0,4.0,6.0,3.0,6.0,3.0,,,,,3.0,0.0,Completed,2.1,1.7,2.13,1.81,2.22,1.81,2.09,1.73,,
36,London,Wimbledon,2025-07-03,Grand Slam,Outdoor,Grass,2nd Round,5,Holmgren A.,Machac T.,192,23.0,285,2110.0,7.0,6.0,6.0,7.0,6.0,7.0,7.0,5.0,7.0,6.0,3.0,2.0,Completed,5.5,1.15,6.76,1.14,6.8,1.17,5.63,1.14,,
36,London,Wimbledon,2025-07-03,Grand Slam,Outdoor,Grass,2nd Round,5,Martinez P.,Navone M.,52,91.0,1030,670.0,7.0,5.0,7.0,5.0,7.0,6.0,,,,,3.0,0.0,Completed,2.63,1.5,2.71,1.53,2.78,1.56,2.61,1.5,,
36,London,Wimbledon,2025-07-03,Grand Slam,Outdoor,Grass,2nd Round,5,Nakashima B.,Opelka R.,34,70.0,1650,877.0,7.0,5.0,6.0,2.0,6.0,7.0,6.0,3.0,,,3.0,1.0,Completed,1.4,3.0,1.42,3.14,1.45,3.15,1.42,2.89,,
36,London,Wimbledon,2025-07-03,Grand Slam,Outdoor,Grass,2nd Round,5,Ofner S.,Paul T.,165,13.0,343,2970.0,1.0,6.0,7.0,5.0,6.0,4.0,7.0,5.0,,,3.0,1.0,Completed,5.5,1.15,6.3,1.16,6.4,1.17,5.42,1.15,,
36,London,Wimbledon,2025-07-03,Grand Slam,Outdoor,Grass,2nd Round,5,Cilic M.,Draper J.,83,4.0,722,4650.0,6.0,4.0,6.0,3.0,1.0,6.0,6.0,4.0,,,3.0,1.0,Completed,6.5,1.12,7.4,1.13,8.4,1.13,6.55,1.11,,
36,London,Wimbledon,2025-07-03,Grand Slam,Outdoor,Grass,2nd Round,5,Sonego L.,Basilashvili N.,47,126.0,1171,474.0,6.0,1.0,6.0,3.0,6.0,7.0,7.0,6.0,,,3.0,1.0,Completed,1.44,2.8,1.45,3.0,1.48,3.0,1.44,2.76,,
36,London,Wimbledon,2025-07-03,Grand Slam,Outdoor,Grass,2nd Round,5,Sinner J.,Vukic A.,1,93.0,10430,664.0,6.0,1.0,6.0,1.0,6.0,3.0,,,,,3.0,0.0,Completed,1.01,17.0,,,1.02,46.0,1.01,21.54,,
36,London,Wimbledon,2025-07-04,Grand Slam,Outdoor,Grass,2nd Round,5,Fucsovics M.,Monfils G.,105,48.0,564,1165.0,6.0,4.0,1.0,6.0,4.0,6.0,7.0,6.0,6.0,4.0,3.0,2.0,Completed,1.9,1.91,1.94,1.96,1.95,2.04,1.89,1.89,,
36,London,Wimbledon,2025-07-04,Grand Slam,Outdoor,Grass,2nd Round,5,Shelton B.,Hijikata R.,10,87.0,3130,693.0,6.0,2.0,7.0,5.0,6.0,4.0,,,,,3.0,0.0,Completed,1.22,4.33,1.26,4.37,1.26,4.8,1.22,4.29,,
36,London,Wimbledon,2025-07-04,Grand Slam,Outdoor,Grass,3rd Round,5,Fritz T.,Davidovich Fokina A.,5,27.0,4635,1845.0,6.0,4.0,6.0,3.0,6.0,7.0,6.0,1.0,,,3.0,1.0,Completed,1.25,3.75,1.3,3.92,1.34,3.92,1.28,3.66,,
36,London,Wimbledon,2025-07-04,Grand Slam,Outdoor,Grass,3rd Round,5,Rublev A.,Mannarino A.,14,123.0,2920,477.0,7.0,5.0,6.0,2.0,6.0,3.0,,,,,3.0,0.0,Completed,1.25,3.75,1.3,3.96,1.31,4.1,1.27,3.77,,
36,London,Wimbledon,2025-07-04,Grand Slam,Outdoor,Grass,3rd Round,5,Norrie C.,Bellucci M.,61,73.0,952,864.0,7.0,6.0,6.0,4.0,6.0,3.0,,,,,3.0,0.0,Completed,1.57,2.3,1.6,2.5,1.63,2.56,1.56,2.41,,
36,London,Wimbledon,2025-07-04,Grand Slam,Outdoor,Grass,3rd Round,5,Thompson J.,Darderi L.,44,59.0,1200,989.0,6.0,4.0,6.0,4.0,3.0,6.0,6.0,3.0,,,3.0,1.0,Completed,1.67,2.1,1.79,2.15,1.82,2.2,1.71,2.11,,
36,London,Wimbledon,2025-07-04,Grand Slam,Outdoor,Grass,3rd Round,5,Majchrzak K.,Rinderknech A.,109,72.0,527,873.0,6.0,3.0,7.0,6.0,7.0,6.0,,,,,3.0,0.0,Completed,1.91,1.9,2.07,1.85,2.1,1.9,2.0,1.8,,
36,London,Wimbledon,2025-07-04,Grand Slam,Outdoor,Grass,3rd Round,5,Jarry N.,Fonseca J.,143,54.0,418,1016.0,6.0,3.0,6.0,4.0,3.0,6.0,7.0,6.0,,,3.0,1.0,Completed,2.9,1.4,3.05,1.43,3.05,1.48,2.81,1.42,,
36,London,Wimbledon,2025-07-04,Grand Slam,Outdoor,Grass,3rd Round,5,Khachanov K.,Borges N.,20,37.0,2240,1400.0,7.0,6.0,4.0,6.0,4.0,6.0,6.0,3.0,7.0,6.0,3.0,2.0,Completed,1.4,3.0,1.44,3.03,1.48,3.05,1.41,2.89,,
36,London,Wimbledon,2025-07-04,Grand Slam,Outdoor,Grass,3rd Round,5,Alcaraz C.,Struff J.L.,2,125.0,9300,475.0,6.0,1.0,3.0,6.0,6.0,3.0,6.0,4.0,,,3.0,1.0,Completed,1.04,11.0,1.05,15.53,1.05,18.0,1.03,12.61,,
36,London,Wimbledon,2025-07-05,Grand Slam,Outdoor,Grass,3rd Round,5,Cobolli F.,Mensik J.,24,17.0,2035,2356.0,6.0,2.0,6.0,4.0,6.0,2.0,,,,,3.0,0.0,Completed,2.5,1.53,2.67,1.54,2.7,1.58,2.53,1.51,,
36,London,Wimbledon,2025-07-05,Grand Slam,Outdoor,Grass,3rd Round,5,Sinner J.,Martinez P.,1,52.0,10430,1030.0,6.0,1.0,6.0,3.0,6.0,1.0,,,,,3.0,0.0,Completed,1.01,19.0,1.01,41.19,1.01,75.0,1.01,28.17,,
36,London,Wimbledon,2025-07-05,Grand Slam,Outdoor,Grass,3rd Round,5,Dimitrov G.,Ofner S.,21,165.0,2155,343.0,6.0,3.0,6.0,4.0,7.0,6.0,,,,,3.0,0.0,Completed,1.29,3.75,1.31,3.83,1.33,3.9,1.29,3.63,,
36,London,Wimbledon,2025-07-05,Grand Slam,Outdoor,Grass,3rd Round,5,Sonego L.,Nakashima B.,47,34.0,1171,1650.0,6.0,7.0,7.0,6.0,7.0,6.0,3.0,6.0,7.0,6.0,3.0,2.0,Completed,2.6,1.5,2.74,1.52,2.78,1.55,2.57,1.5,,
36,London,Wimbledon,2025-07-05,Grand Slam,Outdoor,Grass,3rd Round,5,De Minaur A.,Holmgren A.,11,192.0,3085,285.0,6.0,4.0,7.0,6.0,6.0,3.0,,,,,3.0,0.0,Completed,1.06,8.0,1.08,10.76,1.08,12.0,1.06,9.13,,
36,London,Wimbledon,2025-07-05,Grand Slam,Outdoor,Grass,3rd Round,5,Cilic M.,Munar J.,83,55.0,722,1012.0,6.0,3.0,3.0,6.0,6.0,2.0,6.0,4.0,,,3.0,1.0,Completed,1.53,2.5,1.58,2.55,1.61,2.62,1.54,2.46,,
36,London,Wimbledon,2025-07-05,Grand Slam,Outdoor,Grass,3rd Round,5,Shelton B.,Fucsovics M.,10,105.0,3130,564.0,6.0,3.0,7.0,6.0,6.0,2.0,,,,,3.0,0.0,Completed,1.3,3.6,1.32,3.77,1.33,4.0,1.29,3.6,,
36,London,Wimbledon,2025-07-05,Grand Slam,Outdoor,Grass,3rd Round,3,Djokovic N.,Kecmanovic M.,6,49.0,4630,1106.0,6.0,3.0,6.0,0.0,6.0,4.0,,,,,3.0,0.0,Completed,1.04,9.5,1.05,15.38,1.05,19.5,1.03,13.67,,
36,London,Wimbledon,2025-07-06,Grand Slam,Outdoor,Grass,4th Round,5,Khachanov K.,Majchrzak K.,20,109.0,2240,527.0,6.0,4.0,6.0,2.0,6.0,3.0,,,,,3.0,0.0,Completed,1.36,3.2,1.38,3.36,1.4,3.4,1.35,3.19,,
36,London,Wimbledon,2025-07-06,Grand Slam,Outdoor,Grass,4th Round,5,Fritz T.,Thompson J.,5,44.0,4635,1200.0,6.0,1.0,3.0,0.0,,,,,,,1.0,0.0,Retired,1.14,5.5,1.15,6.36,1.16,6.8,1.14,5.64,,
36,London,Wimbledon,2025-07-06,Grand Slam,Outdoor,Grass,4th Round,5,Norrie C.,Jarry N.,61,143.0,952,418.0,6.0,3.0,7.0,6.0,6.0,7.0,6.0,7.0,6.0,3.0,3.0,2.0,Completed,1.83,1.91,1.87,2.04,2.1,2.08,1.84,1.96,,
36,London,Wimbledon,2025-07-06,Grand Slam,Outdoor,Grass,4th Round,5,Alcaraz C.,Rublev A.,2,14.0,9300,2920.0,6.0,7.0,6.0,3.0,6.0,4.0,6.0,4.0,,,3.0,1.0,Completed,1.08,7.0,1.1,8.57,1.11,9.4,1.09,7.5,,
36,London,Wimbledon,2025-07-07,Grand Slam,Outdoor,Grass,4th Round,5,Cobolli F.,Cilic M.,24,83.0,2035,722.0,6.0,4.0,6.0,4.0,6.0,7.0,7.0,6.0,,,3.0,1.0,Completed,1.83,2.0,1.88,2.03,1.89,2.1,1.79,2.01,,
36,London,Wimbledon,2025-07-07,Grand Slam,Outdoor,Grass,4th Round,5,Djokovic N.,De Minaur A.,6,11.0,4630,3085.0,1.0,6.0,6.0,4.0,6.0,4.0,6.0,4.0,,,3.0,1.0,Completed,1.17,5.0,1.2,5.22,1.2,5.9,1.17,5.04,,
36,London,Wimbledon,2025-07-07,Grand Slam,Outdoor,Grass,4th Round,5,Shelton B.,Sonego L.,10,47.0,3130,1171.0,3.0,6.0,6.0,1.0,7.0,6.0,7.0,5.0,,,3.0,1.0,Completed,1.29,3.75,1.32,3.76,1.32,4.3,1.27,3.76,,
36,London,Wimbledon,2025-07-07,Grand Slam,Outdoor,Grass,4th Round,5,Sinner J.,Dimitrov G.,1,21.0,10430,2155.0,3.0,6.0,5.0,7.0,2.0,2.0,,,,,0.0,2.0,Retired,1.03,13.0,1.03,18.06,1.05,18.06,1.03,13.83,,
36,London,Wimbledon,2025-07-08,Grand Slam,Outdoor,Grass,Quarterfinals,5,Fritz T.,Khachanov K.,5,20.0,4635,2240.0,6.0,3.0,6.0,4.0,1.0,6.0,7.0,6.0,,,3.0,1.0,Completed,1.29,3.75,1.29,4.06,1.31,4.2,1.27,3.76,,
36,London,Wimbledon,2025-07-08,Grand Slam,Outdoor,Grass,Quarterfinals,5,Alcaraz C.,Norrie C.,2,61.0,9300,952.0,6.0,2.0,6.0,3.0,6.0,3.0,,,,,3.0,0.0,Completed,1.06,9.0,1.07,10.89,1.07,13.5,1.05,9.96,,
36,London,Wimbledon,2025-07-09,Grand Slam,Outdoor,Grass,Quarterfinals,5,Sinner J.,Shelton B.,1,10.0,10430,3130.0,7.0,6.0,6.0,4.0,6.0,4.0,,,,,3.0,0.0,Completed,1.25,3.6,1.32,3.6,1.34,3.9,1.29,3.58,,
36,London,Wimbledon,2025-07-09,Grand Slam,Outdoor,Grass,Quarterfinals,5,Djokovic N.,Cobolli F.,6,24.0,4630,2035.0,6.0,7.0,6.0,2.0,7.0,5.0,6.0,4.0,,,3.0,1.0,Completed,1.1,7.0,1.11,8.33,1.12,8.6,1.09,7.53,,
36,London,Wimbledon,2025-07-11,Grand Slam,Outdoor,Grass,Semifinals,5,Alcaraz C.,Fritz T.,2,5.0,9300,4635.0,6.0,4.0,5.0,7.0,6.0,3.0,7.0,6.0,,,3.0,1.0,Completed,1.17,4.75,1.2,5.13,1.24,5.25,1.17,4.98,,
36,London,Wimbledon,2025-07-11,Grand Slam,Outdoor,Grass,Semifinals,5,Sinner J.,Djokovic N.,1,6.0,10430,4630.0,6.0,3.0,6.0,3.0,6.0,4.0,,,,,3.0,0.0,Completed,1.4,2.8,1.47,2.93,1.47,3.05,1.42,2.85,,
36,London,Wimbledon,2025-07-13,Grand Slam,Outdoor,Grass,The Final,5,Sinner J.,Alcaraz C.,1,2.0,10430,9300.0,4.0,6.0,6.0,4.0,6.0,4.0,6.0,4.0,,,3.0,1.0,Completed,1.83,2.0,1.85,2.07,1.87,2.07,1.82,1.98,,
37,Bastad,Nordea Open,2025-07-14,ATP250,Outdoor,Clay,1st Round,3,De Jong J.,Rejchtman Vinciguerra W.,106,1476.0,590,3.0,6.0,3.0,6.0,2.0,,,,,,,2.0,0.0,Completed,1.02,15.0,1.01,36.9,1.02,36.9,1.01,19.53,,
37,Bastad,Nordea Open,2025-07-14,ATP250,Outdoor,Clay,1st Round,3,Darderi L.,Collignon R.,55,84.0,1039,715.0,6.0,2.0,2.0,6.0,6.0,2.0,,,,,2.0,1.0,Completed,1.4,3.0,1.41,3.11,1.43,3.2,1.4,2.94,,
37,Bastad,Nordea Open,2025-07-15,ATP250,Outdoor,Clay,1st Round,3,Gaston H.,Tseng C.H.,91,98.0,663,631.0,6.0,4.0,6.0,3.0,,,,,,,2.0,0.0,Completed,2.25,1.67,2.35,1.66,2.35,1.67,2.23,1.64,,
37,Bastad,Nordea Open,2025-07-15,ATP250,Outdoor,Clay,1st Round,3,Dzumhur D.,Ofner S.,70,141.0,894,433.0,6.0,4.0,6.0,4.0,,,,,,,2.0,0.0,Completed,2.4,1.53,2.43,1.62,2.5,1.62,2.37,1.56,,
37,Bastad,Nordea Open,2025-07-15,ATP250,Outdoor,Clay,1st Round,3,Kopriva V.,Dellien H.,83,94.0,719,661.0,6.0,1.0,3.0,0.0,,,,,,,1.0,0.0,Retired,1.57,2.4,1.63,2.41,1.63,2.55,1.55,2.41,,
37,Bastad,Nordea Open,2025-07-15,ATP250,Outdoor,Clay,1st Round,3,Pellegrino A.,Faria J.,139,115.0,437,543.0,2.0,6.0,6.0,3.0,6.0,3.0,,,,,2.0,1.0,Completed,1.7,2.2,1.72,2.2,1.76,2.2,1.71,2.11,,
37,Bastad,Nordea Open,2025-07-15,ATP250,Outdoor,Clay,1st Round,3,Budkov Kjaer N.,Monteiro T.,298,152.0,180,375.0,5.0,7.0,6.0,3.0,7.0,6.0,,,,,2.0,1.0,Completed,2.7,1.45,2.75,1.49,2.75,1.5,2.63,1.47,,
37,Bastad,Nordea Open,2025-07-15,ATP250,Outdoor,Clay,1st Round,3,Ymer E.,Boyer T.,264,126.0,211,486.0,6.0,3.0,3.0,6.0,6.0,2.0,,,,,2.0,1.0,Completed,1.5,2.5,1.72,2.23,1.73,2.5,1.68,2.17,,
37,Bastad,Nordea Open,2025-07-16,ATP250,Outdoor,Clay,1st Round,3,Navone M.,Barrios M.,75,124.0,810,493.0,7.0,5.0,7.0,5.0,,,,,,,2.0,0.0,Completed,1.22,4.33,1.25,4.43,1.28,4.43,1.25,3.89,,
37,Bastad,Nordea Open,2025-07-16,ATP250,Outdoor,Clay,1st Round,3,Misolic F.,Moller E.,105,102.0,593,609.0,6.0,3.0,3.0,6.0,7.0,5.0,,,,,2.0,1.0,Completed,1.45,2.63,1.5,2.78,1.5,2.78,1.44,2.7,,
37,Bastad,Nordea Open,2025-07-16,ATP250,Outdoor,Clay,1st Round,3,Ugo Carabelli C.,Garin C.,59,117.0,972,535.0,6.0,4.0,6.0,4.0,,,,,,,2.0,0.0,Completed,2.2,1.62,2.29,1.69,2.3,1.69,2.22,1.64,,
37,Bastad,Nordea Open,2025-07-16,ATP250,Outdoor,Clay,1st Round,3,Van De Zandschulp B.,Ymer M.,100,618.0,622,53.0,6.0,4.0,6.0,1.0,,,,,,,2.0,0.0,Completed,1.44,2.8,1.43,3.01,1.44,3.01,1.42,2.84,,
37,Bastad,Nordea Open,2025-07-16,ATP250,Outdoor,Clay,2nd Round,3,De Jong J.,Kopriva V.,106,83.0,590,719.0,7.0,6.0,7.0,5.0,,,,,,,2.0,0.0,Completed,2.0,1.83,2.03,1.86,2.1,1.86,1.97,1.81,,
37,Bastad,Nordea Open,2025-07-16,ATP250,Outdoor,Clay,2nd Round,3,Griekspoor T.,Pellegrino A.,29,139.0,1715,437.0,4.0,6.0,7.0,6.0,6.0,3.0,,,,,2.0,1.0,Completed,1.29,3.75,1.31,3.78,1.31,3.95,1.28,3.65,,
37,Bastad,Nordea Open,2025-07-16,ATP250,Outdoor,Clay,2nd Round,3,Darderi L.,Ymer E.,55,264.0,1039,211.0,6.0,2.0,6.0,2.0,,,,,,,2.0,0.0,Completed,1.25,4.0,1.24,4.49,1.29,4.49,1.25,3.87,,
37,Bastad,Nordea Open,2025-07-16,ATP250,Outdoor,Clay,2nd Round,3,Baez S.,Budkov Kjaer N.,37,298.0,1370,180.0,3.0,6.0,6.0,2.0,7.0,5.0,,,,,2.0,1.0,Completed,1.3,3.6,1.32,3.66,1.33,3.66,1.31,3.44,,
37,Bastad,Nordea Open,2025-07-17,ATP250,Outdoor,Clay,2nd Round,3,Ugo Carabelli C.,Van De Zandschulp B.,59,100.0,972,622.0,7.0,6.0,5.0,7.0,6.0,3.0,,,,,2.0,1.0,Completed,2.0,1.83,2.03,1.87,2.03,1.87,1.97,1.82,,
37,Bastad,Nordea Open,2025-07-17,ATP250,Outdoor,Clay,2nd Round,3,Misolic F.,Borges N.,105,35.0,593,1490.0,3.0,6.0,7.0,6.0,6.0,3.0,,,,,2.0,1.0,Completed,2.1,1.73,2.17,1.76,2.2,1.76,2.13,1.69,,
37,Bastad,Nordea Open,2025-07-17,ATP250,Outdoor,Clay,2nd Round,3,Cerundolo F.,Navone M.,20,75.0,2285,810.0,6.0,3.0,6.0,3.0,,,,,,,2.0,0.0,Completed,1.75,2.1,1.79,2.13,1.79,2.13,1.73,2.07,,
37,Bastad,Nordea Open,2025-07-17,ATP250,Outdoor,Clay,2nd Round,3,Dzumhur D.,Gaston H.,70,91.0,894,663.0,4.0,6.0,6.0,2.0,6.0,2.0,,,,,2.0,1.0,Completed,1.83,2.0,1.85,2.05,1.85,2.1,1.74,2.06,,
37,Bastad,Nordea Open,2025-07-18,ATP250,Outdoor,Clay,Quarterfinals,3,De Jong J.,Griekspoor T.,106,29.0,590,1715.0,4.0,6.0,7.0,6.0,6.0,3.0,,,,,2.0,1.0,Completed,2.25,1.6,2.33,1.68,2.33,1.68,2.26,1.62,,
37,Bastad,Nordea Open,2025-07-18,ATP250,Outdoor,Clay,Quarterfinals,3,Ugo Carabelli C.,Misolic F.,59,105.0,972,593.0,6.0,3.0,7.0,5.0,,,,,,,2.0,0.0,Completed,1.9,1.85,1.98,1.93,2.04,1.93,1.94,1.84,,
37,Bastad,Nordea Open,2025-07-18,ATP250,Outdoor,Clay,Quarterfinals,3,Darderi L.,Baez S.,55,37.0,1039,1370.0,6.0,0.0,6.0,2.0,,,,,,,2.0,0.0,Completed,1.7,2.2,1.75,2.21,1.75,2.21,1.68,2.16,,
37,Bastad,Nordea Open,2025-07-18,ATP250,Outdoor,Clay,Quarterfinals,3,Cerundolo F.,Dzumhur D.,20,70.0,2285,894.0,6.0,0.0,3.0,6.0,6.0,3.0,,,,,2.0,1.0,Completed,1.14,5.0,1.21,5.01,1.22,5.01,1.18,4.72,,
37,Bastad,Nordea Open,2025-07-19,ATP250,Outdoor,Clay,Semifinals,3,De Jong J.,Ugo Carabelli C.,106,59.0,590,972.0,6.0,3.0,7.0,6.0,,,,,,,2.0,0.0,Completed,1.8,2.05,1.83,2.09,1.83,2.1,1.77,2.02,,
37,Bastad,Nordea Open,2025-07-19,ATP250,Outdoor,Clay,Semifinals,3,Darderi L.,Cerundolo F.,55,20.0,1039,2285.0,6.0,2.0,3.0,6.0,7.0,6.0,,,,,2.0,1.0,Completed,2.3,1.57,2.47,1.62,2.47,1.62,2.36,1.57,,
37,Bastad,Nordea Open,2025-07-20,ATP250,Outdoor,Clay,The Final,3,Darderi L.,De Jong J.,55,106.0,1039,590.0,6.0,4.0,3.0,6.0,6.0,3.0,,,,,2.0,1.0,Completed,1.5,2.63,1.6,2.52,1.6,2.63,1.53,2.48,,
38,Gstaad,Suisse Open Gstaad,2025-07-14,ATP250,Outdoor,Clay,1st Round,3,Majchrzak K.,Atmane T.,81,127.0,727,477.0,6.0,4.0,3.0,6.0,6.0,2.0,,,,,2.0,1.0,Completed,1.33,3.4,1.34,3.51,1.34,3.75,1.31,3.44,,
38,Gstaad,Suisse Open Gstaad,2025-07-14,ATP250,Outdoor,Clay,1st Round,3,Burruchaga R.,Svrcina D.,136,120.0,445,514.0,6.0,3.0,6.0,1.0,,,,,,,2.0,0.0,Completed,1.73,2.05,1.83,2.08,1.83,2.1,1.77,2.02,,
38,Gstaad,Suisse Open Gstaad,2025-07-14,ATP250,Outdoor,Clay,1st Round,3,Buse I.,Djere L.,167,60.0,340,961.0,7.0,6.0,1.0,6.0,6.0,4.0,,,,,2.0,1.0,Completed,3.2,1.36,3.32,1.37,3.5,1.37,3.23,1.33,,
38,Gstaad,Suisse Open Gstaad,2025-07-14,ATP250,Outdoor,Clay,1st Round,3,Cazaux A.,Basilashvili N.,116,112.0,535,552.0,4.0,6.0,7.0,5.0,7.0,6.0,,,,,2.0,1.0,Completed,1.75,2.1,1.75,2.19,1.75,2.19,1.72,2.1,,
38,Gstaad,Suisse Open Gstaad,2025-07-14,ATP250,Outdoor,Clay,1st Round,3,Stricker D.,Herbert P.,229,144.0,245,431.0,4.0,6.0,6.0,4.0,6.0,2.0,,,,,2.0,1.0,Completed,1.62,2.3,1.68,2.31,1.68,2.31,1.63,2.24,,
38,Gstaad,Suisse Open Gstaad,2025-07-15,ATP250,Outdoor,Clay,1st Round,3,Comesana F.,Trungelliti M.,74,147.0,824,396.0,6.0,3.0,6.0,4.0,,,,,,,2.0,0.0,Completed,1.6,2.38,1.62,2.43,1.62,2.43,1.59,2.32,,
38,Gstaad,Suisse Open Gstaad,2025-07-15,ATP250,Outdoor,Clay,1st Round,3,Cerundolo J.M.,Struff J.L.,109,129.0,577,475.0,6.0,3.0,3.0,6.0,6.0,3.0,,,,,2.0,1.0,Completed,2.3,1.62,2.37,1.65,2.38,1.65,2.29,1.6,,
38,Gstaad,Suisse Open Gstaad,2025-07-15,ATP250,Outdoor,Clay,1st Round,3,Passaro F.,Rinderknech A.,131,64.0,461,923.0,6.0,1.0,7.0,5.0,,,,,,,2.0,0.0,Completed,1.9,1.83,1.93,1.93,1.93,2.02,1.83,1.94,,
38,Gstaad,Suisse Open Gstaad,2025-07-15,ATP250,Outdoor,Clay,1st Round,3,Goffin D.,Landaluce M.,68,138.0,914,440.0,7.0,6.0,6.0,3.0,,,,,,,2.0,0.0,Completed,2.25,1.6,2.35,1.66,2.35,1.67,2.22,1.64,,
38,Gstaad,Suisse Open Gstaad,2025-07-15,ATP250,Outdoor,Clay,1st Round,3,Carballes Baena R.,Taberner C.,79,107.0,740,581.0,1.0,6.0,6.0,2.0,7.0,6.0,,,,,2.0,1.0,Completed,1.83,2.0,1.83,2.08,1.83,2.08,1.79,2.0,,
38,Gstaad,Suisse Open Gstaad,2025-07-15,ATP250,Outdoor,Clay,1st Round,3,Kym J.,Hemery C.,154,171.0,369,331.0,7.0,5.0,4.0,6.0,7.0,5.0,,,,,2.0,1.0,Completed,1.5,2.6,1.55,2.59,1.55,2.7,1.49,2.58,,
38,Gstaad,Suisse Open Gstaad,2025-07-15,ATP250,Outdoor,Clay,1st Round,3,Shevchenko A.,Wawrinka S.,101,156.0,610,357.0,6.0,3.0,6.0,2.0,,,,,,,2.0,0.0,Completed,2.0,1.83,1.95,1.93,2.0,1.93,1.96,1.82,,
38,Gstaad,Suisse Open Gstaad,2025-07-16,ATP250,Outdoor,Clay,2nd Round,3,Buse I.,Majchrzak K.,167,81.0,340,727.0,1.0,6.0,7.0,5.0,6.0,1.0,,,,,2.0,1.0,Completed,2.5,1.53,2.52,1.58,2.55,1.58,2.46,1.53,,
38,Gstaad,Suisse Open Gstaad,2025-07-16,ATP250,Outdoor,Clay,2nd Round,3,Burruchaga R.,Zahraj P.,136,283.0,445,193.0,4.0,6.0,6.0,4.0,6.0,1.0,,,,,2.0,1.0,Completed,1.2,4.5,1.2,5.17,1.22,5.17,1.2,4.47,,
38,Gstaad,Suisse Open Gstaad,2025-07-16,ATP250,Outdoor,Clay,2nd Round,3,Ruud C.,Stricker D.,13,229.0,2855,245.0,7.0,5.0,7.0,6.0,,,,,,,2.0,0.0,Completed,1.29,3.75,1.3,3.86,1.3,4.0,1.26,3.77,,
38,Gstaad,Suisse Open Gstaad,2025-07-17,ATP250,Outdoor,Clay,2nd Round,3,Comesana F.,Carballes Baena R.,74,79.0,824,740.0,6.0,1.0,6.0,4.0,,,,,,,2.0,0.0,Completed,1.4,2.8,1.48,2.84,1.48,2.84,1.45,2.71,,
38,Gstaad,Suisse Open Gstaad,2025-07-17,ATP250,Outdoor,Clay,2nd Round,3,Cerundolo J.M.,Goffin D.,109,68.0,577,914.0,5.0,7.0,6.0,4.0,6.0,1.0,,,,,2.0,1.0,Completed,1.62,2.3,1.68,2.31,1.68,2.4,1.6,2.29,,
38,Gstaad,Suisse Open Gstaad,2025-07-17,ATP250,Outdoor,Clay,2nd Round,3,Cazaux A.,Etcheverry T.,116,58.0,535,985.0,6.0,3.0,4.0,6.0,6.0,4.0,,,,,2.0,1.0,Completed,2.63,1.44,2.75,1.51,2.75,1.51,2.67,1.45,,
38,Gstaad,Suisse Open Gstaad,2025-07-17,ATP250,Outdoor,Clay,2nd Round,3,Bublik A.,Shevchenko A.,34,101.0,1585,610.0,6.0,2.0,6.0,3.0,,,,,,,2.0,0.0,Completed,1.45,2.6,1.52,2.68,1.52,2.75,1.48,2.61,,
38,Gstaad,Suisse Open Gstaad,2025-07-17,ATP250,Outdoor,Clay,2nd Round,3,Kym J.,Passaro F.,154,131.0,369,461.0,7.0,6.0,7.0,6.0,,,,,,,2.0,0.0,Completed,2.2,1.62,2.22,1.72,2.3,1.72,2.23,1.63,,
38,Gstaad,Suisse Open Gstaad,2025-07-18,ATP250,Outdoor,Clay,Quarterfinals,3,Buse I.,Burruchaga R.,167,136.0,340,445.0,6.0,3.0,3.0,6.0,6.0,1.0,,,,,2.0,1.0,Completed,1.75,2.0,1.82,2.11,1.82,2.11,1.74,2.06,,
38,Gstaad,Suisse Open Gstaad,2025-07-18,ATP250,Outdoor,Clay,Quarterfinals,3,Cerundolo J.M.,Ruud C.,109,13.0,577,2855.0,6.0,2.0,1.0,6.0,6.0,3.0,,,,,2.0,1.0,Completed,4.33,1.22,4.66,1.24,4.75,1.24,4.51,1.2,,
38,Gstaad,Suisse Open Gstaad,2025-07-18,ATP250,Outdoor,Clay,Quarterfinals,3,Bublik A.,Comesana F.,34,74.0,1585,824.0,6.0,4.0,6.0,3.0,,,,,,,2.0,0.0,Completed,1.62,2.3,1.67,2.36,1.67,2.38,1.61,2.27,,
38,Gstaad,Suisse Open Gstaad,2025-07-18,ATP250,Outdoor,Clay,Quarterfinals,3,Cazaux A.,Kym J.,116,154.0,535,369.0,7.0,6.0,3.0,6.0,7.0,5.0,,,,,2.0,1.0,Completed,1.85,1.95,1.88,2.04,1.88,2.04,1.81,1.97,,
38,Gstaad,Suisse Open Gstaad,2025-07-19,ATP250,Outdoor,Clay,Semifinals,3,Cerundolo J.M.,Buse I.,109,167.0,577,340.0,6.0,3.0,6.0,3.0,,,,,,,2.0,0.0,Completed,1.7,2.2,1.7,2.29,1.72,2.29,1.69,2.15,,
38,Gstaad,Suisse Open Gstaad,2025-07-19,ATP250,Outdoor,Clay,Semifinals,3,Bublik A.,Cazaux A.,34,116.0,1585,535.0,6.0,1.0,7.0,5.0,,,,,,,2.0,0.0,Completed,1.4,3.0,1.38,3.31,1.4,3.31,1.37,3.04,,
38,Gstaad,Suisse Open Gstaad,2025-07-20,ATP250,Outdoor,Clay,The Final,3,Bublik A.,Cerundolo J.M.,34,109.0,1585,577.0,6.0,4.0,4.0,6.0,6.0,3.0,,,,,2.0,1.0,Completed,1.25,4.0,1.32,3.77,1.32,4.0,1.28,3.66,,
39,Los Cabos,Los Cabos Open,2025-07-15,ATP250,Outdoor,Hard,1st Round,3,Kovacevic A.,Habib H.,76,172.0,799,326.0,6.0,1.0,3.0,6.0,6.0,3.0,,,,,2.0,1.0,Completed,1.33,3.4,1.38,3.28,1.38,3.4,1.32,3.34,,
39,Los Cabos,Los Cabos Open,2025-07-15,ATP250,Outdoor,Hard,1st Round,3,Nava E.,Vukic A.,123,90.0,495,664.0,7.0,6.0,6.0,3.0,,,,,,,2.0,0.0,Completed,2.0,1.8,2.08,1.83,2.08,1.91,1.95,1.83,,
39,Los Cabos,Los Cabos Open,2025-07-15,ATP250,Outdoor,Hard,1st Round,3,Ficovich J.P.,Kachmazov A.,148,183.0,391,308.0,6.0,3.0,6.0,2.0,,,,,,,2.0,0.0,Completed,2.38,1.53,2.52,1.58,2.52,1.6,2.35,1.57,,
39,Los Cabos,Los Cabos Open,2025-07-15,ATP250,Outdoor,Hard,1st Round,3,Hernandez A.,Daniel T.,493,155.0,82,368.0,3.0,6.0,7.0,5.0,6.0,4.0,,,,,2.0,1.0,Completed,3.1,1.33,3.35,1.37,3.4,1.37,3.2,1.34,,
39,Los Cabos,Los Cabos Open,2025-07-16,ATP250,Outdoor,Hard,1st Round,3,Nanda G.,Smith C.,405,135.0,115,448.0,6.0,4.0,6.0,2.0,,,,,,,2.0,0.0,Completed,4.0,1.22,4.71,1.22,4.71,1.9,4.09,1.27,,
39,Los Cabos,Los Cabos Open,2025-07-16,ATP250,Outdoor,Hard,1st Round,3,Schoolkate T.,Wu Y.,110,259.0,574,215.0,4.0,6.0,6.0,4.0,6.0,1.0,,,,,2.0,1.0,Completed,2.6,1.5,2.63,1.54,2.63,1.54,2.59,1.49,,
39,Los Cabos,Los Cabos Open,2025-07-16,ATP250,Outdoor,Hard,1st Round,3,Altmaier D.,Krueger M.,61,159.0,958,352.0,6.0,4.0,6.0,3.0,,,,,,,2.0,0.0,Completed,1.45,2.75,1.5,2.78,1.5,2.78,1.45,2.7,,
39,Los Cabos,Los Cabos Open,2025-07-16,ATP250,Outdoor,Hard,1st Round,3,Bu Y.,Magadan A.,73,921.0,862,18.0,7.0,6.0,6.0,2.0,,,,,,,2.0,0.0,Completed,1.07,7.5,1.08,9.78,1.08,9.78,1.07,8.4,,
39,Los Cabos,Los Cabos Open,2025-07-16,ATP250,Outdoor,Hard,1st Round,3,Basavareddy N.,Mejia N.,111,244.0,561,226.0,6.0,4.0,6.0,1.0,,,,,,,2.0,0.0,Completed,1.33,3.1,1.35,3.46,1.35,3.5,1.32,3.27,,
39,Los Cabos,Los Cabos Open,2025-07-16,ATP250,Outdoor,Hard,1st Round,3,Duckworth J.,Mannarino A.,113,93.0,550,661.0,6.0,3.0,6.0,4.0,,,,,,,2.0,0.0,Completed,1.75,2.0,1.85,2.05,1.85,2.05,1.78,2.0,,
39,Los Cabos,Los Cabos Open,2025-07-16,ATP250,Outdoor,Hard,1st Round,3,Walton A.,Pacheco Mendez R.,97,219.0,638,252.0,7.0,6.0,6.0,2.0,,,,,,,2.0,0.0,Completed,1.53,2.5,1.54,2.62,1.54,2.62,1.51,2.53,,
39,Los Cabos,Los Cabos Open,2025-07-16,ATP250,Outdoor,Hard,1st Round,3,Alvarez Valdes L.C.,McCabe J.,784,164.0,29,341.0,6.0,1.0,6.0,2.0,,,,,,,2.0,0.0,Completed,3.4,1.29,3.63,1.33,3.63,1.35,3.33,1.32,,
39,Los Cabos,Los Cabos Open,2025-07-17,ATP250,Outdoor,Hard,2nd Round,3,Ficovich J.P.,Halys Q.,148,52.0,391,1054.0,6.0,4.0,6.0,7.0,6.0,3.0,,,,,2.0,1.0,Completed,3.4,1.33,3.45,1.35,3.5,1.35,3.36,1.32,,
39,Los Cabos,Los Cabos Open,2025-07-17,ATP250,Outdoor,Hard,2nd Round,3,Shapovalov D.,Nanda G.,33,405.0,1586,115.0,6.0,1.0,6.0,2.0,,,,,,,2.0,0.0,Completed,1.22,4.33,1.24,4.56,1.24,4.56,1.22,4.24,,
39,Los Cabos,Los Cabos Open,2025-07-17,ATP250,Outdoor,Hard,2nd Round,3,Nava E.,Bu Y.,123,73.0,495,862.0,3.0,6.0,7.0,5.0,7.0,6.0,,,,,2.0,1.0,Completed,2.05,1.73,2.15,1.78,2.15,1.83,2.01,1.77,,
39,Los Cabos,Los Cabos Open,2025-07-17,ATP250,Outdoor,Hard,2nd Round,3,Rublev A.,Hernandez A.,10,493.0,3110,82.0,6.0,3.0,6.0,2.0,,,,,,,2.0,0.0,Completed,1.01,13.0,1.02,30.52,1.03,30.52,1.02,16.04,,
39,Los Cabos,Los Cabos Open,2025-07-17,ATP250,Outdoor,Hard,2nd Round,3,Kovacevic A.,Alvarez Valdes L.C.,76,784.0,799,29.0,7.0,5.0,6.0,4.0,,,,,,,2.0,0.0,Completed,1.14,5.0,1.17,5.8,1.17,5.8,1.15,5.3,,
39,Los Cabos,Los Cabos Open,2025-07-17,ATP250,Outdoor,Hard,2nd Round,3,Duckworth J.,Davidovich Fokina A.,113,26.0,550,1945.0,6.0,3.0,6.0,4.0,,,,,,,2.0,0.0,Completed,4.33,1.22,4.5,1.24,4.5,1.24,4.22,1.22,,
39,Los Cabos,Los Cabos Open,2025-07-17,ATP250,Outdoor,Hard,2nd Round,3,Schoolkate T.,Altmaier D.,110,61.0,574,958.0,6.0,3.0,6.0,4.0,,,,,,,2.0,0.0,Completed,2.3,1.57,2.4,1.64,2.4,1.65,2.25,1.62,,
39,Los Cabos,Los Cabos Open,2025-07-17,ATP250,Outdoor,Hard,2nd Round,3,Walton A.,Basavareddy N.,97,111.0,638,561.0,6.0,1.0,6.0,0.0,,,,,,,2.0,0.0,Completed,2.4,1.53,2.46,1.61,2.46,1.61,2.34,1.57,,
39,Los Cabos,Los Cabos Open,2025-07-18,ATP250,Outdoor,Hard,Quarterfinals,3,Shapovalov D.,Schoolkate T.,33,110.0,1586,574.0,6.0,3.0,6.0,2.0,,,,,,,2.0,0.0,Completed,1.36,3.2,1.36,3.45,1.4,3.45,1.38,3.02,,
39,Los Cabos,Los Cabos Open,2025-07-18,ATP250,Outdoor,Hard,Quarterfinals,3,Walton A.,Duckworth J.,97,113.0,638,550.0,3.0,6.0,6.0,3.0,6.0,4.0,,,,,2.0,1.0,Completed,1.67,2.25,1.68,2.32,1.68,2.32,1.64,2.23,,
39,Los Cabos,Los Cabos Open,2025-07-18,ATP250,Outdoor,Hard,Quarterfinals,3,Rublev A.,Nava E.,10,123.0,3110,495.0,5.0,7.0,6.0,4.0,6.0,3.0,,,,,2.0,1.0,Completed,1.2,4.75,1.2,5.31,1.2,5.31,1.17,4.9,,
39,Los Cabos,Los Cabos Open,2025-07-18,ATP250,Outdoor,Hard,Quarterfinals,3,Kovacevic A.,Ficovich J.P.,76,148.0,799,391.0,6.0,3.0,6.0,1.0,,,,,,,2.0,0.0,Completed,1.44,2.7,1.43,3.07,1.45,3.07,1.42,2.81,,
39,Los Cabos,Los Cabos Open,2025-07-19,ATP250,Outdoor,Hard,Semifinals,3,Shapovalov D.,Walton A.,33,97.0,1586,638.0,6.0,2.0,6.0,2.0,,,,,,,2.0,0.0,Completed,1.29,3.4,1.35,3.51,1.35,3.51,1.32,3.32,,
39,Los Cabos,Los Cabos Open,2025-07-19,ATP250,Outdoor,Hard,Semifinals,3,Kovacevic A.,Rublev A.,76,10.0,799,3110.0,3.0,6.0,6.0,4.0,6.0,4.0,,,,,2.0,1.0,Completed,4.0,1.22,4.27,1.27,4.33,1.27,4.01,1.23,,
39,Los Cabos,Los Cabos Open,2025-07-20,ATP250,Outdoor,Hard,The Final,3,Shapovalov D.,Kovacevic A.,33,76.0,1586,799.0,6.0,4.0,6.0,2.0,,,,,,,2.0,0.0,Completed,1.33,3.4,1.39,3.27,1.39,3.5,1.33,3.27,,
40,Kitzbuhel,Generali Open,2025-07-21,ATP250,Outdoor,Clay,1st Round,3,Shevchenko A.,Galan D.E.,110,125.0,585,487.0,2.0,6.0,6.0,3.0,6.0,4.0,,,,,2.0,1.0,Completed,1.62,2.2,1.67,2.33,1.67,2.38,1.6,2.28,,
40,Kitzbuhel,Generali Open,2025-07-21,ATP250,Outdoor,Clay,1st Round,3,Comesana F.,Boyer T.,73,126.0,861,480.0,6.0,3.0,7.0,6.0,,,,,,,2.0,0.0,Completed,1.2,4.5,1.23,4.6,1.23,4.6,1.21,4.36,,
40,Kitzbuhel,Generali Open,2025-07-21,ATP250,Outdoor,Clay,1st Round,3,Fucsovics M.,Schwaerzler J.J.,91,354.0,670,140.0,6.0,2.0,2.0,6.0,6.0,3.0,,,,,2.0,1.0,Completed,1.3,3.6,1.29,3.97,1.3,3.97,1.28,3.64,,
40,Kitzbuhel,Generali Open,2025-07-21,ATP250,Outdoor,Clay,1st Round,3,Gombos N.,Gaston H.,307,99.0,166,638.0,6.0,3.0,6.0,4.0,,,,,,,2.0,0.0,Completed,2.5,1.53,2.54,1.57,2.65,1.57,2.58,1.49,,
40,Kitzbuhel,Generali Open,2025-07-21,ATP250,Outdoor,Clay,1st Round,3,Rinderknech A.,Bagnis F.,65,772.0,914,31.0,7.0,6.0,4.0,6.0,6.0,3.0,,,,,2.0,1.0,Completed,1.5,2.6,1.53,2.67,1.53,2.75,1.47,2.65,,
40,Kitzbuhel,Generali Open,2025-07-22,ATP250,Outdoor,Clay,1st Round,3,Van De Zandschulp B.,Jarry N.,103,98.0,622,638.0,6.0,4.0,4.0,6.0,6.0,3.0,,,,,2.0,1.0,Completed,2.5,1.53,2.52,1.58,2.63,1.58,2.47,1.52,,
40,Kitzbuhel,Generali Open,2025-07-22,ATP250,Outdoor,Clay,1st Round,3,Hanfmann Y.,Neumayer L.,141,162.0,429,345.0,7.0,5.0,6.0,2.0,,,,,,,2.0,0.0,Completed,1.44,2.63,1.49,2.79,1.49,2.79,1.44,2.7,,
40,Kitzbuhel,Generali Open,2025-07-22,ATP250,Outdoor,Clay,1st Round,3,Struff J.L.,Ofner S.,152,138.0,375,433.0,6.0,4.0,6.0,2.0,,,,,,,2.0,0.0,Completed,2.2,1.7,2.2,1.74,2.2,1.74,2.15,1.69,,
40,Kitzbuhel,Generali Open,2025-07-22,ATP250,Outdoor,Clay,1st Round,3,Cazaux A.,Buse I.,100,133.0,635,453.0,6.0,3.0,3.0,6.0,7.0,5.0,,,,,2.0,1.0,Completed,1.91,1.9,1.99,1.9,2.0,1.9,1.95,1.83,,
40,Kitzbuhel,Generali Open,2025-07-22,ATP250,Outdoor,Clay,1st Round,3,Misolic F.,Etcheverry T.,97,58.0,649,960.0,7.0,5.0,5.0,7.0,6.0,3.0,,,,,2.0,1.0,Completed,1.91,1.9,1.9,1.99,1.91,2.0,1.86,1.92,,
40,Kitzbuhel,Generali Open,2025-07-22,ATP250,Outdoor,Clay,1st Round,3,Tirante T.A.,Faria J.,130,119.0,461,530.0,6.0,2.0,6.0,2.0,,,,,,,2.0,0.0,Completed,1.57,2.4,1.58,2.51,1.58,2.51,1.54,2.43,,
40,Kitzbuhel,Generali Open,2025-07-22,ATP250,Outdoor,Clay,1st Round,3,Seyboth Wild T.,Engel J.,132,208.0,455,262.0,7.0,5.0,6.0,3.0,,,,,,,2.0,0.0,Completed,1.53,2.5,1.56,2.58,1.56,2.58,1.53,2.45,,
40,Kitzbuhel,Generali Open,2025-07-23,ATP250,Outdoor,Clay,2nd Round,3,Hanfmann Y.,Baez S.,141,43.0,429,1220.0,5.0,7.0,6.0,3.0,7.0,5.0,,,,,2.0,1.0,Completed,1.87,1.87,2.02,1.88,2.02,1.88,1.97,1.81,,
40,Kitzbuhel,Generali Open,2025-07-23,ATP250,Outdoor,Clay,2nd Round,3,Rinderknech A.,Gombos N.,65,307.0,914,166.0,6.0,7.0,6.0,4.0,6.0,4.0,,,,,2.0,1.0,Completed,1.45,2.63,1.5,2.76,1.52,2.76,1.49,2.58,,
40,Kitzbuhel,Generali Open,2025-07-23,ATP250,Outdoor,Clay,2nd Round,3,Cazaux A.,Comesana F.,100,73.0,635,861.0,6.0,4.0,7.0,6.0,,,,,,,2.0,0.0,Completed,2.8,1.45,2.88,1.47,2.88,1.47,2.74,1.44,,
40,Kitzbuhel,Generali Open,2025-07-23,ATP250,Outdoor,Clay,2nd Round,3,Struff J.L.,Martinez P.,152,62.0,375,930.0,6.0,2.0,6.0,2.0,,,,,,,2.0,0.0,Completed,1.44,2.8,1.46,2.92,1.46,2.92,1.42,2.77,,
40,Kitzbuhel,Generali Open,2025-07-23,ATP250,Outdoor,Clay,2nd Round,3,Van De Zandschulp B.,Misolic F.,103,97.0,622,649.0,6.0,3.0,7.0,6.0,,,,,,,2.0,0.0,Completed,2.3,1.62,2.41,1.63,2.5,1.65,2.29,1.6,,
40,Kitzbuhel,Generali Open,2025-07-23,ATP250,Outdoor,Clay,2nd Round,3,Shevchenko A.,Fucsovics M.,110,91.0,585,670.0,7.0,5.0,6.0,4.0,,,,,,,2.0,0.0,Completed,2.38,1.6,2.42,1.63,2.42,1.63,2.33,1.58,,
40,Kitzbuhel,Generali Open,2025-07-23,ATP250,Outdoor,Clay,2nd Round,3,Bublik A.,Tirante T.A.,30,130.0,1825,461.0,6.0,3.0,6.0,4.0,,,,,,,2.0,0.0,Completed,1.44,2.63,1.52,2.69,1.57,2.69,1.52,2.48,,
40,Kitzbuhel,Generali Open,2025-07-23,ATP250,Outdoor,Clay,2nd Round,3,Seyboth Wild T.,Bautista Agut R.,132,53.0,455,1046.0,7.0,5.0,7.0,5.0,,,,,,,2.0,0.0,Completed,1.75,2.1,1.84,2.06,1.84,2.1,1.79,2.0,,
40,Kitzbuhel,Generali Open,2025-07-24,ATP250,Outdoor,Clay,Quarterfinals,3,Rinderknech A.,Hanfmann Y.,65,141.0,914,429.0,6.0,4.0,3.0,6.0,6.0,1.0,,,,,2.0,1.0,Completed,2.2,1.7,2.19,1.76,2.2,1.76,2.16,1.68,,
40,Kitzbuhel,Generali Open,2025-07-24,ATP250,Outdoor,Clay,Quarterfinals,3,Cazaux A.,Struff J.L.,100,152.0,635,375.0,6.0,3.0,6.0,4.0,,,,,,,2.0,0.0,Completed,2.25,1.67,2.42,1.64,2.42,1.67,2.21,1.65,,
40,Kitzbuhel,Generali Open,2025-07-24,ATP250,Outdoor,Clay,Quarterfinals,3,Bublik A.,Shevchenko A.,30,110.0,1825,585.0,6.0,4.0,6.0,2.0,,,,,,,2.0,0.0,Completed,1.29,3.75,1.32,3.71,1.32,4.0,1.27,3.69,,
40,Kitzbuhel,Generali Open,2025-07-24,ATP250,Outdoor,Clay,Quarterfinals,3,Van De Zandschulp B.,Seyboth Wild T.,103,132.0,622,455.0,7.0,6.0,6.0,2.0,,,,,,,2.0,0.0,Completed,1.75,2.1,1.77,2.15,1.77,2.18,1.72,2.09,,
40,Kitzbuhel,Generali Open,2025-07-25,ATP250,Outdoor,Clay,Semifinals,3,Cazaux A.,Rinderknech A.,100,65.0,635,914.0,7.0,5.0,6.0,3.0,,,,,,,2.0,0.0,Completed,1.67,2.25,1.65,2.37,1.67,2.37,1.61,2.27,,
40,Kitzbuhel,Generali Open,2025-07-25,ATP250,Outdoor,Clay,Semifinals,3,Bublik A.,Van De Zandschulp B.,30,103.0,1825,622.0,6.0,3.0,6.0,4.0,,,,,,,2.0,0.0,Completed,1.33,3.2,1.34,3.62,1.34,3.62,1.31,3.41,,
40,Kitzbuhel,Generali Open,2025-07-26,ATP250,Outdoor,Clay,The Final,3,Bublik A.,Cazaux A.,30,100.0,1825,635.0,6.0,4.0,6.0,3.0,,,,,,,2.0,0.0,Completed,1.29,3.4,1.33,3.69,1.33,3.75,1.28,3.59,,
41,Umag,Croatia Open,2025-07-20,ATP250,Outdoor,Clay,1st Round,3,Kopriva V.,Collignon R.,79,88.0,744,690.0,3.0,6.0,6.0,4.0,6.0,3.0,,,,,2.0,1.0,Completed,1.8,1.95,1.87,2.03,1.87,2.03,1.82,1.96,,
41,Umag,Croatia Open,2025-07-20,ATP250,Outdoor,Clay,1st Round,3,Passaro F.,Dodig M.,121,242.0,499,231.0,4.0,6.0,6.0,1.0,6.0,2.0,,,,,2.0,1.0,Completed,1.44,2.88,1.44,2.97,1.5,2.97,1.46,2.69,,
41,Umag,Croatia Open,2025-07-21,ATP250,Outdoor,Clay,1st Round,3,Taberner C.,Herbert P.,111,140.0,581,431.0,6.0,4.0,7.0,6.0,,,,,,,2.0,0.0,Completed,1.5,2.5,1.54,2.63,1.57,2.63,1.51,2.5,,
41,Umag,Croatia Open,2025-07-21,ATP250,Outdoor,Clay,1st Round,3,Tseng C.H.,Zeppieri G.,101,290.0,631,180.0,7.0,5.0,6.0,4.0,,,,,,,2.0,0.0,Completed,2.1,1.75,2.1,1.79,2.14,1.79,2.08,1.73,,
41,Umag,Croatia Open,2025-07-21,ATP250,Outdoor,Clay,1st Round,3,Llamas Ruiz P.,Majchrzak K.,537,78.0,70,752.0,6.0,2.0,6.0,4.0,,,,,,,2.0,0.0,Completed,2.38,1.6,2.39,1.64,2.39,1.64,2.33,1.58,,
41,Umag,Croatia Open,2025-07-21,ATP250,Outdoor,Clay,1st Round,3,Atmane T.,Lajovic D.,136,129.0,439,464.0,6.0,3.0,6.0,4.0,,,,,,,2.0,0.0,Completed,2.8,1.45,2.83,1.48,2.88,1.48,2.75,1.43,,
41,Umag,Croatia Open,2025-07-21,ATP250,Outdoor,Clay,1st Round,3,Droguet T.,Garin C.,176,118.0,317,535.0,6.0,3.0,6.0,3.0,,,,,,,2.0,0.0,Completed,2.2,1.67,2.21,1.74,2.3,1.74,2.17,1.67,,
41,Umag,Croatia Open,2025-07-21,ATP250,Outdoor,Clay,1st Round,3,Basilashvili N.,Carballes Baena R.,114,85.0,552,715.0,6.0,3.0,6.0,4.0,,,,,,,2.0,0.0,Completed,1.67,2.1,1.75,2.19,1.75,2.19,1.71,2.1,,
41,Umag,Croatia Open,2025-07-21,ATP250,Outdoor,Clay,1st Round,3,Navone M.,Barrios M.,76,142.0,785,425.0,6.0,1.0,6.0,2.0,,,,,,,2.0,0.0,Completed,1.29,3.75,1.26,4.26,1.29,4.26,1.26,3.83,,
41,Umag,Croatia Open,2025-07-21,ATP250,Outdoor,Clay,1st Round,3,Wawrinka S.,Guillen Meza A.,156,244.0,357,228.0,6.0,4.0,6.0,1.0,,,,,,,2.0,0.0,Completed,1.53,2.5,1.58,2.53,1.58,2.63,1.53,2.48,,
41,Umag,Croatia Open,2025-07-22,ATP250,Outdoor,Clay,1st Round,3,De Jong J.,Poljicak M.,83,277.0,730,193.0,6.0,3.0,6.0,3.0,,,,,,,2.0,0.0,Completed,1.3,3.6,1.3,3.87,1.33,3.87,1.3,3.49,,
41,Umag,Croatia Open,2025-07-22,ATP250,Outdoor,Clay,1st Round,3,Prizmic D.,Moller E.,143,107.0,420,601.0,6.0,4.0,6.0,2.0,,,,,,,2.0,0.0,Completed,1.7,2.1,1.72,2.23,1.72,2.23,1.68,2.16,,
41,Umag,Croatia Open,2025-07-22,ATP250,Outdoor,Clay,2nd Round,3,Ugo Carabelli C.,Passaro F.,51,121.0,1058,499.0,6.0,7.0,6.0,2.0,6.0,3.0,,,,,2.0,1.0,Completed,1.87,1.95,1.88,2.01,1.91,2.02,1.84,1.93,,
41,Umag,Croatia Open,2025-07-22,ATP250,Outdoor,Clay,2nd Round,3,Llamas Ruiz P.,Atmane T.,537,136.0,70,439.0,6.0,3.0,6.0,3.0,,,,,,,2.0,0.0,Completed,0.0,0.0,1.49,2.81,1.49,2.81,1.45,2.69,,
41,Umag,Croatia Open,2025-07-23,ATP250,Outdoor,Clay,2nd Round,3,De Jong J.,Navone M.,83,76.0,730,785.0,6.0,3.0,6.0,4.0,,,,,,,2.0,0.0,Completed,2.8,1.45,2.97,1.44,2.97,1.45,2.78,1.43,,
41,Umag,Croatia Open,2025-07-23,ATP250,Outdoor,Clay,2nd Round,3,Taberner C.,Cerundolo F.,111,19.0,581,2285.0,6.0,7.0,6.0,4.0,7.0,5.0,,,,,2.0,1.0,Completed,5.0,1.17,5.39,1.19,5.39,1.19,5.03,1.17,,
41,Umag,Croatia Open,2025-07-23,ATP250,Outdoor,Clay,2nd Round,3,Droguet T.,Kopriva V.,176,79.0,317,744.0,6.0,2.0,6.0,3.0,,,,,,,2.0,0.0,Completed,2.2,1.7,2.3,1.68,2.3,1.7,2.17,1.67,,
41,Umag,Croatia Open,2025-07-23,ATP250,Outdoor,Clay,2nd Round,3,Prizmic D.,Basilashvili N.,143,114.0,420,552.0,2.0,6.0,6.0,3.0,6.0,2.0,,,,,2.0,1.0,Completed,1.5,2.5,1.52,2.68,1.52,2.68,1.5,2.58,,
41,Umag,Croatia Open,2025-07-23,ATP250,Outdoor,Clay,2nd Round,3,Darderi L.,Tseng C.H.,46,101.0,1189,631.0,7.0,5.0,6.0,0.0,,,,,,,2.0,0.0,Completed,1.33,3.25,1.38,3.29,1.38,3.4,1.34,3.2,,
41,Umag,Croatia Open,2025-07-23,ATP250,Outdoor,Clay,2nd Round,3,Dzumhur D.,Wawrinka S.,61,156.0,936,357.0,6.0,4.0,7.0,5.0,,,,,,,2.0,0.0,Completed,1.53,2.5,1.53,2.68,1.53,2.68,1.51,2.51,,
41,Umag,Croatia Open,2025-07-24,ATP250,Outdoor,Clay,Quarterfinals,3,Ugo Carabelli C.,Llamas Ruiz P.,51,537.0,1058,70.0,6.0,4.0,5.0,2.0,,,,,,,1.0,0.0,Retired,2.0,1.83,2.08,1.83,2.08,1.83,2.0,1.79,,
41,Umag,Croatia Open,2025-07-24,ATP250,Outdoor,Clay,Quarterfinals,3,Taberner C.,De Jong J.,111,83.0,581,730.0,7.0,5.0,6.0,3.0,,,,,,,2.0,0.0,Completed,2.8,1.4,3.13,1.41,3.13,1.44,2.86,1.41,,
41,Umag,Croatia Open,2025-07-24,ATP250,Outdoor,Clay,Quarterfinals,3,Darderi L.,Prizmic D.,46,143.0,1189,420.0,1.0,6.0,6.0,2.0,6.0,3.0,,,,,2.0,1.0,Completed,1.53,2.4,1.69,2.29,1.69,2.5,1.54,2.41,,
41,Umag,Croatia Open,2025-07-24,ATP250,Outdoor,Clay,Quarterfinals,3,Dzumhur D.,Droguet T.,61,176.0,936,317.0,3.0,6.0,7.0,5.0,6.0,2.0,,,,,2.0,1.0,Completed,1.9,1.91,2.03,1.86,2.03,1.91,1.9,1.87,,
41,Umag,Croatia Open,2025-07-25,ATP250,Outdoor,Clay,Semifinals,3,Darderi L.,Ugo Carabelli C.,46,51.0,1189,1058.0,7.0,6.0,6.0,3.0,,,,,,,2.0,0.0,Completed,1.36,3.2,1.34,3.62,1.36,3.62,1.34,3.19,,
41,Umag,Croatia Open,2025-07-25,ATP250,Outdoor,Clay,Semifinals,3,Taberner C.,Dzumhur D.,111,61.0,581,936.0,6.0,2.0,6.0,1.0,,,,,,,2.0,0.0,Completed,2.0,1.83,2.09,1.83,2.09,1.83,1.98,1.8,,
41,Umag,Croatia Open,2025-07-26,ATP250,Outdoor,Clay,The Final,3,Darderi L.,Taberner C.,46,111.0,1189,581.0,6.0,3.0,6.0,3.0,,,,,,,2.0,0.0,Completed,1.44,2.8,1.47,2.93,1.47,2.93,1.44,2.73,,
42,Washington,Citi Open,2025-07-21,ATP500,Outdoor,Hard,1st Round,3,Arnaldi M.,Altmaier D.,44,56.0,1215,973.0,4.0,6.0,6.0,2.0,7.0,6.0,,,,,2.0,1.0,Completed,1.62,2.2,1.7,2.27,1.7,2.3,1.65,2.2,,
42,Washington,Citi Open,2025-07-21,ATP500,Outdoor,Hard,1st Round,3,Marozsan F.,Bonzi B.,54,69.0,1030,905.0,7.0,5.0,6.0,1.0,,,,,,,2.0,0.0,Completed,1.67,2.25,1.65,2.36,1.67,2.36,1.62,2.26,,
42,Washington,Citi Open,2025-07-21,ATP500,Outdoor,Hard,1st Round,3,Quinn E.,O Connell C.,86,77.0,707,775.0,6.0,3.0,6.0,2.0,,,,,,,2.0,0.0,Completed,1.53,2.5,1.56,2.58,1.6,2.6,1.54,2.45,,
42,Washington,Citi Open,2025-07-21,ATP500,Outdoor,Hard,1st Round,3,Evans D.,Bergs Z.,144,52.0,415,1049.0,3.0,6.0,6.0,4.0,6.0,3.0,,,,,2.0,1.0,Completed,2.3,1.62,2.37,1.65,2.4,1.65,2.32,1.59,,
42,Washington,Citi Open,2025-07-21,ATP500,Outdoor,Hard,1st Round,3,Muller A.,Zhukayev B.,39,218.0,1271,253.0,6.0,4.0,6.0,4.0,,,,,,,2.0,0.0,Completed,1.4,2.9,1.44,2.99,1.44,3.2,1.4,2.91,,
42,Washington,Citi Open,2025-07-21,ATP500,Outdoor,Hard,1st Round,3,McDonald M.,Smith C.,95,139.0,655,432.0,6.0,4.0,6.0,1.0,,,,,,,2.0,0.0,Completed,1.6,2.38,1.64,2.4,1.64,2.5,1.58,2.35,,
42,Washington,Citi Open,2025-07-21,ATP500,Outdoor,Hard,1st Round,3,Norrie C.,Harris B.,41,148.0,1227,402.0,6.0,3.0,7.0,6.0,,,,,,,2.0,0.0,Completed,1.2,4.5,1.23,4.56,1.23,5.0,1.19,4.64,,
42,Washington,Citi Open,2025-07-21,ATP500,Outdoor,Hard,1st Round,3,Opelka R.,Cassone M.,74,185.0,827,299.0,7.0,6.0,6.0,7.0,6.0,3.0,,,,,2.0,1.0,Completed,1.36,3.2,1.42,3.09,1.42,3.3,1.35,3.15,,
42,Washington,Citi Open,2025-07-21,ATP500,Outdoor,Hard,1st Round,3,Tien L.,Nava E.,67,116.0,912,539.0,6.0,1.0,6.0,4.0,,,,,,,2.0,0.0,Completed,1.67,2.2,1.68,2.31,1.68,2.38,1.63,2.23,,
42,Washington,Citi Open,2025-07-21,ATP500,Outdoor,Hard,1st Round,3,Nishioka Y.,Brooksby J.,89,102.0,684,627.0,6.0,4.0,5.0,7.0,6.0,1.0,,,,,2.0,1.0,Completed,3.4,1.33,3.31,1.37,3.4,1.37,3.22,1.34,,
42,Washington,Citi Open,2025-07-22,ATP500,Outdoor,Hard,1st Round,3,Vukic A.,Mpetshi G.,105,45.0,614,1205.0,6.0,4.0,3.0,6.0,6.0,3.0,,,,,2.0,1.0,Completed,2.4,1.57,2.43,1.62,2.5,1.63,2.36,1.58,,
42,Washington,Citi Open,2025-07-22,ATP500,Outdoor,Hard,1st Round,3,Bu Y.,Goffin D.,75,60.0,812,939.0,6.0,4.0,7.0,5.0,,,,,,,2.0,0.0,Completed,1.5,2.6,1.55,2.6,1.57,2.6,1.52,2.47,,
42,Washington,Citi Open,2025-07-22,ATP500,Outdoor,Hard,1st Round,3,Svajda Z.,Kecmanovic M.,153,49.0,371,1106.0,1.0,6.0,6.0,2.0,6.0,2.0,,,,,2.0,1.0,Completed,2.6,1.5,2.57,1.56,2.75,1.56,2.61,1.48,,
42,Washington,Citi Open,2025-07-22,ATP500,Outdoor,Hard,1st Round,3,Wu Y.,Monfils G.,243,48.0,228,1115.0,6.0,3.0,6.0,1.0,,,,,,,2.0,0.0,Completed,2.75,1.44,2.74,1.51,2.75,1.51,2.67,1.46,,
42,Washington,Citi Open,2025-07-22,ATP500,Outdoor,Hard,1st Round,3,Kovacevic A.,Halys Q.,66,71.0,914,886.0,6.0,2.0,3.0,6.0,6.0,3.0,,,,,2.0,1.0,Completed,1.83,2.0,1.9,1.99,1.9,2.0,1.83,1.94,,
42,Washington,Citi Open,2025-07-22,ATP500,Outdoor,Hard,1st Round,3,Munar J.,Giron M.,50,57.0,1062,960.0,7.0,5.0,6.0,3.0,,,,,,,2.0,0.0,Completed,2.1,1.75,2.1,1.81,2.1,1.81,2.06,1.74,,
42,Washington,Citi Open,2025-07-22,ATP500,Outdoor,Hard,2nd Round,3,Nakashima B.,Quinn E.,32,86.0,1650,707.0,6.0,3.0,6.0,4.0,,,,,,,2.0,0.0,Completed,1.4,3.0,1.47,2.93,1.47,3.05,1.39,2.94,,
42,Washington,Citi Open,2025-07-22,ATP500,Outdoor,Hard,2nd Round,3,Norrie C.,Musetti L.,41,7.0,1227,3350.0,3.0,6.0,6.0,2.0,6.0,3.0,,,,,2.0,1.0,Completed,2.1,1.7,2.22,1.74,2.28,1.74,2.17,1.67,,
42,Washington,Citi Open,2025-07-22,ATP500,Outdoor,Hard,2nd Round,3,Diallo G.,Marozsan F.,35,54.0,1358,1030.0,6.0,3.0,6.0,4.0,,,,,,,2.0,0.0,Completed,1.6,2.38,1.63,2.43,1.63,2.43,1.59,2.32,,
42,Washington,Citi Open,2025-07-22,ATP500,Outdoor,Hard,2nd Round,3,Shelton B.,McDonald M.,8,95.0,3330,655.0,6.0,3.0,6.0,4.0,,,,,,,2.0,0.0,Completed,1.29,3.75,1.28,4.16,1.29,4.33,1.24,3.97,,
42,Washington,Citi Open,2025-07-22,ATP500,Outdoor,Hard,2nd Round,3,Evans D.,Michelsen A.,144,34.0,415,1555.0,6.0,4.0,6.0,4.0,,,,,,,2.0,0.0,Completed,3.1,1.33,3.51,1.35,3.51,1.35,3.25,1.33,,
42,Washington,Citi Open,2025-07-23,ATP500,Outdoor,Hard,2nd Round,3,Moutet C.,Muller A.,59,39.0,944,1271.0,6.0,0.0,6.0,1.0,,,,,,,2.0,0.0,Completed,,,1.96,1.93,1.96,1.93,1.89,1.87,,
42,Washington,Citi Open,2025-07-23,ATP500,Outdoor,Hard,2nd Round,3,Lehecka J.,Svajda Z.,25,153.0,2015,371.0,6.0,4.0,6.0,7.0,6.0,3.0,,,,,2.0,1.0,Completed,1.45,2.63,1.41,3.19,1.45,3.25,1.36,3.1,,
42,Washington,Citi Open,2025-07-23,ATP500,Outdoor,Hard,2nd Round,3,Wu Y.,Popyrin A.,243,24.0,228,2050.0,7.0,5.0,5.0,7.0,6.0,3.0,,,,,2.0,1.0,Completed,2.25,1.6,2.07,1.85,2.25,1.85,2.01,1.78,,
42,Washington,Citi Open,2025-07-23,ATP500,Outdoor,Hard,2nd Round,3,Medvedev D.,Opelka R.,14,74.0,2630,827.0,3.0,6.0,7.0,5.0,6.0,1.0,,,,,2.0,1.0,Completed,1.33,3.1,1.31,3.81,1.33,3.81,1.29,3.48,,
42,Washington,Citi Open,2025-07-23,ATP500,Outdoor,Hard,2nd Round,3,Arnaldi M.,Sonego L.,44,37.0,1215,1321.0,7.0,5.0,7.0,5.0,,,,,,,2.0,0.0,Completed,2.05,1.8,1.99,1.91,2.05,1.91,1.99,1.8,,
42,Washington,Citi Open,2025-07-23,ATP500,Outdoor,Hard,2nd Round,3,De Minaur A.,Bu Y.,13,75.0,2885,812.0,7.0,6.0,6.0,2.0,,,,,,,2.0,0.0,Completed,1.18,5.0,1.16,6.09,1.18,6.09,1.15,5.44,,
42,Washington,Citi Open,2025-07-23,ATP500,Outdoor,Hard,2nd Round,3,Fritz T.,Vukic A.,4,105.0,5035,614.0,6.0,3.0,6.0,2.0,,,,,,,2.0,0.0,Completed,1.13,5.5,1.14,6.84,1.14,6.84,1.12,6.11,,
42,Washington,Citi Open,2025-07-23,ATP500,Outdoor,Hard,2nd Round,3,Tien L.,Rublev A.,67,10.0,912,3160.0,7.0,5.0,6.0,2.0,,,,,,,2.0,0.0,Completed,2.8,1.45,2.81,1.5,2.81,1.5,2.73,1.44,,
42,Washington,Citi Open,2025-07-24,ATP500,Outdoor,Hard,2nd Round,3,Cobolli F.,Nishioka Y.,18,89.0,2360,684.0,6.0,2.0,7.0,6.0,,,,,,,2.0,0.0,Completed,1.36,3.1,1.41,3.18,1.41,3.2,1.36,3.05,,
42,Washington,Citi Open,2025-07-24,ATP500,Outdoor,Hard,2nd Round,3,Davidovich Fokina A.,Munar J.,26,50.0,1945,1062.0,6.0,4.0,6.0,2.0,,,,,,,2.0,0.0,Completed,1.75,2.1,1.78,2.16,1.79,2.16,1.75,2.04,,
42,Washington,Citi Open,2025-07-24,ATP500,Outdoor,Hard,2nd Round,3,Tiafoe F.,Kovacevic A.,11,66.0,2940,914.0,7.0,5.0,3.0,6.0,6.0,3.0,,,,,2.0,1.0,Completed,1.4,3.0,1.44,3.03,1.44,3.05,1.39,2.97,,
42,Washington,Citi Open,2025-07-24,ATP500,Outdoor,Hard,3rd Round,3,Medvedev D.,Wu Y.,14,243.0,2630,228.0,6.0,3.0,6.0,2.0,,,,,,,2.0,0.0,Completed,1.25,4.0,1.26,4.22,1.26,4.22,1.25,3.91,,
42,Washington,Citi Open,2025-07-24,ATP500,Outdoor,Hard,3rd Round,3,Nakashima B.,Norrie C.,32,41.0,1650,1227.0,7.0,6.0,6.0,3.0,,,,,,,2.0,0.0,Completed,1.87,1.87,1.86,2.05,1.87,2.14,1.74,2.07,,
42,Washington,Citi Open,2025-07-24,ATP500,Outdoor,Hard,3rd Round,3,Moutet C.,Evans D.,59,144.0,944,415.0,6.0,2.0,7.0,6.0,,,,,,,2.0,0.0,Completed,1.45,2.8,1.48,2.88,1.48,3.0,1.43,2.77,,
42,Washington,Citi Open,2025-07-24,ATP500,Outdoor,Hard,3rd Round,3,De Minaur A.,Lehecka J.,13,25.0,2885,2015.0,7.0,6.0,6.0,7.0,6.0,4.0,,,,,2.0,1.0,Completed,1.53,2.5,1.54,2.62,1.54,2.63,1.51,2.53,,
42,Washington,Citi Open,2025-07-24,ATP500,Outdoor,Hard,3rd Round,3,Davidovich Fokina A.,Tien L.,26,67.0,1945,912.0,6.0,2.0,6.0,2.0,,,,,,,2.0,0.0,Completed,1.67,2.2,1.62,2.43,1.68,2.43,1.64,2.23,,
42,Washington,Citi Open,2025-07-24,ATP500,Outdoor,Hard,3rd Round,3,Shelton B.,Diallo G.,8,35.0,3330,1358.0,6.0,3.0,6.0,2.0,,,,,,,2.0,0.0,Completed,1.5,2.6,1.55,2.65,1.55,2.65,1.5,2.56,,
42,Washington,Citi Open,2025-07-24,ATP500,Outdoor,Hard,3rd Round,3,Tiafoe F.,Cobolli F.,11,18.0,2940,2360.0,6.0,1.0,6.0,4.0,,,,,,,2.0,0.0,Completed,1.73,2.1,1.78,2.16,1.78,2.16,1.72,2.1,,
42,Washington,Citi Open,2025-07-25,ATP500,Outdoor,Hard,3rd Round,3,Fritz T.,Arnaldi M.,4,44.0,5035,1215.0,6.0,3.0,6.0,4.0,,,,,,,2.0,0.0,Completed,1.15,5.5,1.16,6.09,1.17,6.09,1.15,5.24,,
42,Washington,Citi Open,2025-07-25,ATP500,Outdoor,Hard,Quarterfinals,3,Moutet C.,Medvedev D.,59,14.0,944,2630.0,1.0,6.0,6.0,4.0,6.0,4.0,,,,,2.0,1.0,Completed,4.33,1.22,4.41,1.25,4.41,1.25,4.17,1.22,,
42,Washington,Citi Open,2025-07-25,ATP500,Outdoor,Hard,Quarterfinals,3,De Minaur A.,Nakashima B.,13,32.0,2885,1650.0,6.0,4.0,6.0,4.0,,,,,,,2.0,0.0,Completed,1.45,2.7,1.48,2.82,1.5,2.82,1.46,2.67,,
42,Washington,Citi Open,2025-07-26,ATP500,Outdoor,Hard,Quarterfinals,3,Shelton B.,Tiafoe F.,8,11.0,3330,2940.0,7.0,6.0,6.0,4.0,,,,,,,2.0,0.0,Completed,1.4,3.0,1.47,2.91,1.47,3.0,1.43,2.78,,
42,Washington,Citi Open,2025-07-26,ATP500,Outdoor,Hard,Quarterfinals,3,Davidovich Fokina A.,Fritz T.,26,4.0,1945,5035.0,7.0,6.0,3.0,6.0,7.0,5.0,,,,,2.0,1.0,Completed,3.75,1.29,3.77,1.32,3.77,1.32,3.69,1.28,,
42,Washington,Citi Open,2025-07-27,ATP500,Outdoor,Hard,Semifinals,3,De Minaur A.,Moutet C.,13,59.0,2885,944.0,6.0,4.0,6.0,3.0,,,,,,,2.0,0.0,Completed,1.15,5.5,1.19,5.44,1.2,5.5,1.17,5.0,,
42,Washington,Citi Open,2025-07-27,ATP500,Outdoor,Hard,Semifinals,3,Davidovich Fokina A.,Shelton B.,26,8.0,1945,3330.0,6.0,2.0,7.0,5.0,,,,,,,2.0,0.0,Completed,3.4,1.33,3.63,1.33,3.63,1.33,3.4,1.31,,
42,Washington,Citi Open,2025-07-27,ATP500,Outdoor,Hard,The Final,3,De Minaur A.,Davidovich Fokina A.,13,26.0,2885,1945.0,5.0,7.0,6.0,1.0,7.0,6.0,,,,,2.0,1.0,Completed,1.4,3.0,1.44,3.0,1.45,3.0,1.42,2.8,,
43,Toronto,Canadian Open,2025-07-27,Masters 1000,Outdoor,Hard,1st Round,3,Walton A.,Bonzi B.,88,66.0,706,905.0,4.0,6.0,6.0,0.0,6.0,3.0,,,,,2.0,1.0,Completed,1.87,1.87,1.93,1.95,1.93,2.0,1.84,1.92,,
43,Toronto,Canadian Open,2025-07-27,Masters 1000,Outdoor,Hard,1st Round,3,Opelka R.,Ofner S.,74,141.0,827,433.0,7.0,6.0,7.0,5.0,,,,,,,2.0,0.0,Completed,1.53,2.5,1.52,2.65,1.53,2.65,1.5,2.55,,
43,Toronto,Canadian Open,2025-07-27,Masters 1000,Outdoor,Hard,1st Round,3,Tien L.,Smith C.,61,136.0,940,448.0,6.0,4.0,7.0,5.0,,,,,,,2.0,0.0,Completed,1.5,2.63,,,1.53,2.63,1.51,2.5,,
43,Toronto,Canadian Open,2025-07-27,Masters 1000,Outdoor,Hard,1st Round,3,Barrios M.,Monfils G.,143,48.0,425,1115.0,6.0,4.0,4.0,6.0,7.0,6.0,,,,,2.0,1.0,Completed,4.0,1.25,,,4.0,1.28,3.78,1.26,,
43,Toronto,Canadian Open,2025-07-27,Masters 1000,Outdoor,Hard,1st Round,3,Mpetshi G.,Mochizuki S.,43,122.0,1205,491.0,6.0,4.0,6.0,2.0,,,,,,,2.0,0.0,Completed,1.44,2.7,,,1.53,2.75,1.47,2.63,,
43,Toronto,Canadian Open,2025-07-27,Masters 1000,Outdoor,Hard,1st Round,3,Etcheverry T.,Herbert P.,60,142.0,960,431.0,6.0,4.0,4.0,6.0,7.0,5.0,,,,,2.0,1.0,Completed,1.5,2.6,,,1.53,2.6,1.5,2.56,,
43,Toronto,Canadian Open,2025-07-27,Masters 1000,Outdoor,Hard,1st Round,3,Ficovich J.P.,Fearnley J.,140,55.0,435,1007.0,6.0,2.0,6.0,3.0,,,,,,,2.0,0.0,Completed,4.0,1.25,,,5.0,1.25,4.14,1.22,,
43,Toronto,Canadian Open,2025-07-27,Masters 1000,Outdoor,Hard,1st Round,3,Safiullin R.,Blanchet U.,82,231.0,741,243.0,4.0,6.0,6.0,2.0,7.0,6.0,,,,,2.0,1.0,Completed,1.4,2.8,,,1.4,3.05,1.38,2.95,,
43,Toronto,Canadian Open,2025-07-27,Masters 1000,Outdoor,Hard,1st Round,3,Arseneault N.,Royer V.,638,111.0,51,579.0,6.0,3.0,7.0,6.0,,,,,,,2.0,0.0,Completed,7.5,1.08,,,9.0,1.1,7.31,1.09,,
43,Toronto,Canadian Open,2025-07-27,Masters 1000,Outdoor,Hard,1st Round,3,Nava E.,Bergs Z.,114,52.0,539,1049.0,6.0,1.0,7.0,6.0,,,,,,,2.0,0.0,Completed,2.3,1.62,2.35,1.65,2.35,1.68,2.23,1.63,,
43,Toronto,Canadian Open,2025-07-28,Masters 1000,Outdoor,Hard,1st Round,3,Bagnis F.,Pospisil V.,689,1250.0,44,6.0,6.0,2.0,3.0,6.0,6.0,3.0,,,,,2.0,1.0,Completed,1.14,5.0,1.16,5.78,1.17,6.0,1.15,5.4,,
43,Toronto,Canadian Open,2025-07-28,Masters 1000,Outdoor,Hard,1st Round,3,Kecmanovic M.,Halys Q.,50,69.0,1106,886.0,4.0,6.0,6.0,4.0,7.0,5.0,,,,,2.0,1.0,Completed,1.53,2.5,1.58,2.53,1.58,2.53,1.54,2.42,,
43,Toronto,Canadian Open,2025-07-28,Masters 1000,Outdoor,Hard,1st Round,3,Duckworth J.,Shang J.,106,109.0,600,580.0,6.0,3.0,7.0,6.0,,,,,,,2.0,0.0,Completed,1.6,2.38,1.55,2.58,1.6,2.58,1.55,2.41,,
43,Toronto,Canadian Open,2025-07-28,Masters 1000,Outdoor,Hard,1st Round,3,Bu Y.,Kopriva V.,76,80.0,793,756.0,7.0,6.0,6.0,2.0,,,,,,,2.0,0.0,Completed,1.4,3.0,1.42,3.09,1.42,3.09,1.39,2.95,,
43,Toronto,Canadian Open,2025-07-28,Masters 1000,Outdoor,Hard,1st Round,3,McDonald M.,Goffin D.,96,65.0,655,914.0,6.0,4.0,6.0,4.0,,,,,,,2.0,0.0,Completed,1.5,2.5,1.64,2.39,1.64,2.5,1.57,2.35,,
43,Toronto,Canadian Open,2025-07-28,Masters 1000,Outdoor,Hard,1st Round,3,Quinn E.,Nishioka Y.,86,131.0,726,459.0,7.0,6.0,6.0,2.0,,,,,,,2.0,0.0,Completed,1.7,2.1,1.85,2.04,1.85,2.14,1.72,2.08,,
43,Toronto,Canadian Open,2025-07-28,Masters 1000,Outdoor,Hard,1st Round,3,O Connell C.,Tseng C.H.,78,107.0,775,599.0,6.0,1.0,6.0,2.0,,,,,,,2.0,0.0,Completed,1.62,2.3,1.69,2.27,1.69,2.3,1.62,2.24,,
43,Toronto,Canadian Open,2025-07-28,Masters 1000,Outdoor,Hard,1st Round,3,Munar J.,Martin D.,51,560.0,1087,65.0,6.0,3.0,6.0,0.0,,,,,,,2.0,0.0,Completed,1.02,15.0,1.02,28.33,1.02,28.33,1.02,18.29,,
43,Toronto,Canadian Open,2025-07-28,Masters 1000,Outdoor,Hard,1st Round,3,Svrcina D.,Blockx A.,120,121.0,514,492.0,6.0,4.0,6.0,2.0,,,,,,,2.0,0.0,Completed,2.7,1.45,2.76,1.49,2.76,1.49,2.67,1.46,,
43,Toronto,Canadian Open,2025-07-28,Masters 1000,Outdoor,Hard,1st Round,3,Gaston H.,Bellucci M.,126,72.0,473,871.0,3.0,6.0,6.0,4.0,2.0,0.0,,,,,1.0,1.0,Retired,2.63,1.45,2.73,1.51,2.8,1.51,2.69,1.45,,
43,Toronto,Canadian Open,2025-07-28,Masters 1000,Outdoor,Hard,1st Round,3,Vukic A.,Martinez P.,99,68.0,639,890.0,7.0,5.0,6.0,3.0,,,,,,,2.0,0.0,Completed,1.36,3.2,1.36,3.41,1.36,3.5,1.34,3.21,,
43,Toronto,Canadian Open,2025-07-28,Masters 1000,Outdoor,Hard,1st Round,3,Watanuki Y.,Altmaier D.,158,58.0,358,973.0,3.0,6.0,6.0,1.0,6.0,4.0,,,,,2.0,1.0,Completed,2.0,1.8,2.47,1.59,2.47,1.8,2.1,1.72,,
43,Toronto,Canadian Open,2025-07-28,Masters 1000,Outdoor,Hard,1st Round,3,Schoolkate T.,Fonseca J.,103,49.0,616,1110.0,7.0,6.0,6.0,4.0,,,,,,,2.0,0.0,Completed,4.0,1.22,3.92,1.28,4.33,1.28,3.97,1.24,,
43,Toronto,Canadian Open,2025-07-28,Masters 1000,Outdoor,Hard,1st Round,3,Mannarino A.,Giron M.,94,59.0,661,960.0,6.0,4.0,6.0,4.0,,,,,,,2.0,0.0,Completed,2.9,1.36,3.05,1.42,3.05,1.44,2.84,1.41,,
43,Toronto,Canadian Open,2025-07-28,Masters 1000,Outdoor,Hard,1st Round,3,Comesana F.,Dzumhur D.,71,54.0,874,1028.0,6.0,3.0,7.0,5.0,,,,,,,2.0,0.0,Completed,1.45,2.63,1.56,2.59,1.56,2.75,1.48,2.61,,
43,Toronto,Canadian Open,2025-07-28,Masters 1000,Outdoor,Hard,1st Round,3,Boyer T.,Kovacevic A.,123,62.0,480,929.0,7.0,5.0,7.0,6.0,,,,,,,2.0,0.0,Completed,3.2,1.36,3.48,1.34,3.48,1.36,3.26,1.33,,
43,Toronto,Canadian Open,2025-07-28,Masters 1000,Outdoor,Hard,1st Round,3,Carballes Baena R.,Ugo Carabelli C.,89,47.0,690,1133.0,6.0,4.0,4.0,1.0,,,,,,,1.0,0.0,Retired,2.1,1.75,2.2,1.74,2.2,1.75,2.1,1.72,,
43,Toronto,Canadian Open,2025-07-28,Masters 1000,Outdoor,Hard,1st Round,3,Gigante M.,Coric B.,125,92.0,476,680.0,4.0,6.0,6.0,2.0,7.0,6.0,,,,,2.0,1.0,Completed,1.95,1.85,2.01,1.88,2.06,1.88,1.98,1.8,,
43,Toronto,Canadian Open,2025-07-29,Masters 1000,Outdoor,Hard,1st Round,3,Carreno Busta P.,Draxl L.,93,113.0,662,548.0,2.0,6.0,6.0,4.0,6.0,4.0,,,,,2.0,1.0,Completed,2.5,1.5,2.54,1.57,2.54,1.57,2.44,1.53,,
43,Toronto,Canadian Open,2025-07-29,Masters 1000,Outdoor,Hard,1st Round,3,Marozsan F.,Dellien H.,56,98.0,1005,654.0,6.0,2.0,6.0,2.0,,,,,,,2.0,0.0,Completed,1.12,6.5,1.13,7.16,1.13,7.16,1.11,6.58,,
43,Toronto,Canadian Open,2025-07-29,Masters 1000,Outdoor,Hard,1st Round,3,Galarneau A.,Rinderknech A.,193,64.0,285,914.0,7.0,6.0,6.0,3.0,,,,,,,2.0,0.0,Completed,2.4,1.57,2.61,1.55,2.61,1.57,2.42,1.55,,
43,Toronto,Canadian Open,2025-07-29,Masters 1000,Outdoor,Hard,1st Round,3,Moutet C.,Brooksby J.,46,102.0,1139,627.0,6.0,2.0,6.0,1.0,,,,,,,2.0,0.0,Completed,1.75,2.1,1.76,2.17,1.76,2.17,1.73,2.08,,
43,Toronto,Canadian Open,2025-07-29,Masters 1000,Outdoor,Hard,2nd Round,3,Nava E.,Atmane T.,114,132.0,539,458.0,6.0,2.0,7.0,5.0,,,,,,,2.0,0.0,Completed,,,,,1.29,3.75,1.29,3.75,,
43,Toronto,Canadian Open,2025-07-29,Masters 1000,Outdoor,Hard,2nd Round,3,Michelsen A.,Barrios M.,34,143.0,1555,425.0,7.0,6.0,6.0,3.0,,,,,,,2.0,0.0,Completed,1.22,4.33,1.22,4.79,1.22,4.79,1.21,4.33,,
43,Toronto,Canadian Open,2025-07-29,Masters 1000,Outdoor,Hard,2nd Round,3,Rune H.,Mpetshi G.,9,43.0,3250,1205.0,7.0,6.0,6.0,3.0,,,,,,,2.0,0.0,Completed,1.6,2.38,1.61,2.46,1.61,2.5,1.58,2.35,,
43,Toronto,Canadian Open,2025-07-29,Masters 1000,Outdoor,Hard,2nd Round,3,Muller A.,Kecmanovic M.,40,50.0,1271,1106.0,2.0,6.0,6.0,3.0,7.0,5.0,,,,,2.0,1.0,Completed,2.6,1.5,2.66,1.53,2.66,1.53,2.51,1.51,,
43,Toronto,Canadian Open,2025-07-29,Masters 1000,Outdoor,Hard,2nd Round,3,Khachanov K.,Ficovich J.P.,16,140.0,2590,435.0,6.0,4.0,6.0,2.0,,,,,,,2.0,0.0,Completed,1.12,6.5,1.13,7.38,1.13,7.38,1.11,6.73,,
43,Toronto,Canadian Open,2025-07-29,Masters 1000,Outdoor,Hard,2nd Round,3,Musetti L.,Duckworth J.,10,106.0,3195,600.0,7.0,5.0,6.0,1.0,,,,,,,2.0,0.0,Completed,1.3,3.6,1.33,3.67,1.33,3.67,1.31,3.44,,
43,Toronto,Canadian Open,2025-07-29,Masters 1000,Outdoor,Hard,2nd Round,3,Popyrin A.,Arseneault N.,26,638.0,2050,51.0,7.0,6.0,6.0,3.0,,,,,,,2.0,0.0,Completed,1.06,9.0,1.07,11.35,1.07,11.35,1.06,9.36,,
43,Toronto,Canadian Open,2025-07-29,Masters 1000,Outdoor,Hard,2nd Round,3,Etcheverry T.,Griekspoor T.,60,31.0,960,1715.0,6.0,4.0,7.0,6.0,,,,,,,2.0,0.0,Completed,2.8,1.44,2.86,1.48,3.2,1.48,2.77,1.43,,
43,Toronto,Canadian Open,2025-07-29,Masters 1000,Outdoor,Hard,2nd Round,3,Cerundolo F.,Munar J.,24,51.0,2085,1087.0,7.0,6.0,4.0,6.0,6.0,4.0,,,,,2.0,1.0,Completed,1.87,1.87,1.91,1.99,1.95,1.99,1.9,1.87,,
43,Toronto,Canadian Open,2025-07-29,Masters 1000,Outdoor,Hard,2nd Round,3,Ruud C.,Safiullin R.,13,82.0,2905,741.0,6.0,3.0,6.0,3.0,,,,,,,2.0,0.0,Completed,1.45,2.8,1.48,2.88,1.48,2.88,1.44,2.73,,
43,Toronto,Canadian Open,2025-07-29,Masters 1000,Outdoor,Hard,2nd Round,3,Borges N.,Bagnis F.,42,689.0,1265,44.0,5.0,7.0,7.0,6.0,6.0,2.0,,,,,2.0,1.0,Completed,1.15,5.5,1.16,6.16,1.16,6.16,1.15,5.33,,
43,Toronto,Canadian Open,2025-07-29,Masters 1000,Outdoor,Hard,2nd Round,3,Medvedev D.,Svrcina D.,14,120.0,2720,514.0,7.0,6.0,6.0,4.0,,,,,,,2.0,0.0,Completed,1.07,8.5,1.09,9.91,1.09,10.0,1.07,8.71,,
43,Toronto,Canadian Open,2025-07-30,Masters 1000,Outdoor,Hard,2nd Round,3,Tien L.,Shapovalov D.,61,29.0,940,1836.0,7.0,6.0,7.0,5.0,,,,,,,2.0,0.0,Completed,2.38,1.6,2.43,1.63,2.43,1.63,2.34,1.58,,
43,Toronto,Canadian Open,2025-07-30,Masters 1000,Outdoor,Hard,2nd Round,3,Opelka R.,Machac T.,74,22.0,827,2110.0,7.0,6.0,6.0,7.0,6.0,3.0,,,,,2.0,1.0,Completed,2.3,1.62,2.39,1.65,2.39,1.65,2.31,1.59,,
43,Toronto,Canadian Open,2025-07-30,Masters 1000,Outdoor,Hard,2nd Round,3,Arnaldi M.,Schoolkate T.,41,103.0,1265,616.0,6.0,3.0,3.0,6.0,6.0,3.0,,,,,2.0,1.0,Completed,1.6,2.25,1.65,2.38,1.65,2.5,1.56,2.38,,
43,Toronto,Canadian Open,2025-07-30,Masters 1000,Outdoor,Hard,2nd Round,3,Zverev A.,Walton A.,3,88.0,6030,706.0,7.0,6.0,6.0,4.0,,,,,,,2.0,0.0,Completed,1.1,6.0,1.12,7.6,1.12,7.6,1.1,6.73,,
43,Toronto,Canadian Open,2025-07-30,Masters 1000,Outdoor,Hard,2nd Round,3,Rublev A.,Gaston H.,11,126.0,3110,473.0,6.0,2.0,6.0,3.0,,,,,,,2.0,0.0,Completed,1.1,7.0,1.11,8.12,1.11,8.12,1.09,7.33,,
43,Toronto,Canadian Open,2025-07-30,Masters 1000,Outdoor,Hard,2nd Round,3,Shelton B.,Mannarino A.,7,94.0,3520,661.0,6.0,2.0,6.0,3.0,,,,,,,2.0,0.0,Completed,1.18,5.0,1.19,5.45,1.19,5.45,1.17,4.87,,
43,Toronto,Canadian Open,2025-07-30,Masters 1000,Outdoor,Hard,2nd Round,3,Vukic A.,Norrie C.,99,39.0,639,1277.0,6.0,3.0,6.0,7.0,6.0,3.0,,,,,2.0,1.0,Completed,2.9,1.36,3.06,1.43,3.06,1.43,2.94,1.38,,
43,Toronto,Canadian Open,2025-07-30,Masters 1000,Outdoor,Hard,2nd Round,3,Sonego L.,Bu Y.,38,76.0,1281,793.0,6.0,1.0,6.0,4.0,,,,,,,2.0,0.0,Completed,1.7,2.1,1.85,2.07,1.85,2.1,1.75,2.05,,
43,Toronto,Canadian Open,2025-07-30,Masters 1000,Outdoor,Hard,2nd Round,3,Cobolli F.,Galarneau A.,17,193.0,2385,285.0,6.0,4.0,5.0,7.0,6.0,4.0,,,,,2.0,1.0,Completed,1.22,4.33,1.24,4.56,1.24,4.56,1.21,4.27,,
43,Toronto,Canadian Open,2025-07-30,Masters 1000,Outdoor,Hard,2nd Round,3,Diallo G.,Gigante M.,36,125.0,1333,476.0,6.0,3.0,7.0,6.0,,,,,,,2.0,0.0,Completed,1.3,3.6,1.32,3.71,1.32,3.75,1.29,3.57,,
43,Toronto,Canadian Open,2025-07-30,Masters 1000,Outdoor,Hard,2nd Round,3,Nakashima B.,Quinn E.,32,86.0,1700,726.0,7.0,6.0,6.0,4.0,,,,,,,2.0,0.0,Completed,1.4,3.0,1.42,3.14,1.42,3.14,1.4,2.91,,
43,Toronto,Canadian Open,2025-07-30,Masters 1000,Outdoor,Hard,2nd Round,3,Mensik J.,Boyer T.,18,123.0,2362,480.0,6.0,4.0,6.0,4.0,,,,,,,2.0,0.0,Completed,1.2,4.5,1.22,4.95,1.22,5.0,1.19,4.69,,
43,Toronto,Canadian Open,2025-07-30,Masters 1000,Outdoor,Hard,2nd Round,3,Tiafoe F.,Watanuki Y.,12,158.0,2990,358.0,1.0,6.0,7.0,5.0,7.0,6.0,,,,,2.0,1.0,Completed,1.36,3.2,1.39,3.28,1.39,3.28,1.36,3.1,,
43,Toronto,Canadian Open,2025-07-30,Masters 1000,Outdoor,Hard,2nd Round,3,Lehecka J.,McDonald M.,27,96.0,2015,655.0,7.0,6.0,6.0,4.0,,,,,,,2.0,0.0,Completed,1.3,3.25,1.37,3.42,1.37,3.42,1.33,3.26,,
43,Toronto,Canadian Open,2025-07-30,Masters 1000,Outdoor,Hard,2nd Round,3,Davidovich Fokina A.,Moutet C.,19,46.0,2225,1139.0,6.0,4.0,6.0,3.0,,,,,,,2.0,0.0,Completed,1.62,2.3,1.67,2.36,1.67,2.36,1.62,2.25,,
43,Toronto,Canadian Open,2025-07-31,Masters 1000,Outdoor,Hard,2nd Round,3,Marozsan F.,Auger-Aliassime F.,56,28.0,1005,1865.0,6.0,4.0,6.0,4.0,,,,,,,2.0,0.0,Completed,2.5,1.53,2.49,1.61,2.55,1.62,2.45,1.54,,
43,Toronto,Canadian Open,2025-07-31,Masters 1000,Outdoor,Hard,2nd Round,3,O Connell C.,Tsitsipas S.,78,30.0,775,1825.0,6.0,4.0,4.0,6.0,6.0,2.0,,,,,2.0,1.0,Completed,3.0,1.36,3.11,1.42,3.11,1.42,2.92,1.39,,
43,Toronto,Canadian Open,2025-07-31,Masters 1000,Outdoor,Hard,2nd Round,3,Fils A.,Carreno Busta P.,21,93.0,2130,662.0,6.0,3.0,6.0,4.0,,,,,,,2.0,0.0,Completed,1.4,3.0,1.4,3.25,1.4,3.4,1.36,3.1,,
43,Toronto,Canadian Open,2025-07-31,Masters 1000,Outdoor,Hard,2nd Round,3,Fritz T.,Carballes Baena R.,4,89.0,5135,690.0,7.0,5.0,7.0,6.0,,,,,,,2.0,0.0,Completed,1.05,10.0,1.06,13.33,1.06,13.33,1.05,10.22,,
43,Toronto,Canadian Open,2025-07-31,Masters 1000,Outdoor,Hard,2nd Round,3,De Minaur A.,Comesana F.,8,71.0,3335,874.0,6.0,4.0,6.0,2.0,,,,,,,2.0,0.0,Completed,1.1,7.0,1.1,9.0,1.11,9.0,1.09,7.34,,
43,Toronto,Canadian Open,2025-07-31,Masters 1000,Outdoor,Hard,3rd Round,3,Khachanov K.,Nava E.,16,114.0,2590,539.0,6.0,7.0,6.0,4.0,6.0,1.0,,,,,2.0,1.0,Completed,1.25,4.0,1.31,3.79,1.31,4.0,1.27,3.75,,
43,Toronto,Canadian Open,2025-07-31,Masters 1000,Outdoor,Hard,3rd Round,3,Michelsen A.,Musetti L.,34,10.0,1555,3195.0,3.0,6.0,7.0,6.0,6.0,4.0,,,,,2.0,1.0,Completed,2.5,1.53,2.58,1.57,2.58,1.57,2.51,1.51,,
43,Toronto,Canadian Open,2025-07-31,Masters 1000,Outdoor,Hard,3rd Round,3,Cerundolo F.,Etcheverry T.,24,60.0,2085,960.0,6.0,3.0,6.0,4.0,,,,,,,2.0,0.0,Completed,1.53,2.5,1.53,2.7,1.53,2.7,1.51,2.52,,
43,Toronto,Canadian Open,2025-07-31,Masters 1000,Outdoor,Hard,3rd Round,3,Ruud C.,Borges N.,13,42.0,2905,1265.0,7.0,5.0,6.0,4.0,,,,,,,2.0,0.0,Completed,1.5,2.5,1.53,2.71,1.53,2.75,1.5,2.53,,
43,Toronto,Canadian Open,2025-07-31,Masters 1000,Outdoor,Hard,3rd Round,3,Tien L.,Opelka R.,61,74.0,940,827.0,7.0,6.0,6.0,3.0,,,,,,,2.0,0.0,Completed,1.73,2.1,1.74,2.23,1.74,2.23,1.71,2.11,,
43,Toronto,Canadian Open,2025-08-01,Masters 1000,Outdoor,Hard,3rd Round,3,Zverev A.,Arnaldi M.,3,41.0,6030,1265.0,6.0,7.0,6.0,3.0,6.0,2.0,,,,,2.0,1.0,Completed,1.22,4.5,1.22,4.82,1.22,4.82,1.21,4.38,,
43,Toronto,Canadian Open,2025-08-01,Masters 1000,Outdoor,Hard,3rd Round,3,Rune H.,Muller A.,9,40.0,3250,1271.0,6.0,2.0,6.0,4.0,,,,,,,2.0,0.0,Completed,1.25,4.0,1.27,4.17,1.27,4.33,1.23,4.09,,
43,Toronto,Canadian Open,2025-08-01,Masters 1000,Outdoor,Hard,3rd Round,3,Popyrin A.,Medvedev D.,26,14.0,2050,2720.0,5.0,7.0,6.0,4.0,6.0,4.0,,,,,2.0,1.0,Completed,3.75,1.25,4.22,1.27,4.22,1.28,3.86,1.25,,
43,Toronto,Canadian Open,2025-08-01,Masters 1000,Outdoor,Hard,3rd Round,3,Davidovich Fokina A.,Mensik J.,19,18.0,2225,2362.0,6.0,2.0,6.0,4.0,,,,,,,2.0,0.0,Completed,1.87,1.95,1.95,1.95,1.95,1.95,1.88,1.89,,
43,Toronto,Canadian Open,2025-08-01,Masters 1000,Outdoor,Hard,3rd Round,3,Rublev A.,Sonego L.,11,38.0,3110,1281.0,5.0,7.0,6.0,4.0,6.0,3.0,,,,,2.0,1.0,Completed,1.4,3.0,1.43,3.09,1.43,3.15,1.38,2.99,,
43,Toronto,Canadian Open,2025-08-01,Masters 1000,Outdoor,Hard,3rd Round,3,Lehecka J.,Fils A.,27,21.0,2015,2130.0,3.0,6.0,6.0,3.0,6.0,4.0,,,,,2.0,1.0,Completed,1.7,2.2,1.7,2.28,1.7,2.28,1.66,2.19,,
43,Toronto,Canadian Open,2025-08-01,Masters 1000,Outdoor,Hard,3rd Round,3,Tiafoe F.,Vukic A.,12,99.0,2990,639.0,6.0,3.0,4.0,6.0,6.0,3.0,,,,,2.0,1.0,Completed,1.4,2.75,1.4,3.2,1.42,3.2,1.4,2.9,,
43,Toronto,Canadian Open,2025-08-01,Masters 1000,Outdoor,Hard,3rd Round,3,Cobolli F.,Marozsan F.,17,56.0,2385,1005.0,6.0,2.0,4.0,6.0,6.0,3.0,,,,,2.0,1.0,Completed,1.95,1.85,2.05,1.86,2.05,1.86,1.95,1.83,,
43,Toronto,Canadian Open,2025-08-02,Masters 1000,Outdoor,Hard,3rd Round,3,Fritz T.,Diallo G.,4,36.0,5135,1333.0,6.0,4.0,6.0,2.0,,,,,,,2.0,0.0,Completed,1.36,3.0,1.4,3.17,1.4,3.25,1.35,3.13,,
43,Toronto,Canadian Open,2025-08-02,Masters 1000,Outdoor,Hard,3rd Round,3,Shelton B.,Nakashima B.,7,32.0,3520,1700.0,6.0,7.0,6.0,2.0,7.0,6.0,,,,,2.0,1.0,Completed,1.4,3.0,1.42,3.09,1.42,3.25,1.37,3.06,,
43,Toronto,Canadian Open,2025-08-02,Masters 1000,Outdoor,Hard,3rd Round,3,De Minaur A.,O Connell C.,8,78.0,3335,775.0,,,,,,,,,,,,,Walkover,1.08,8.0,1.08,9.37,1.09,9.37,1.08,7.9,,
43,Toronto,Canadian Open,2025-08-02,Masters 1000,Outdoor,Hard,4th Round,3,Michelsen A.,Tien L.,34,61.0,1555,940.0,6.0,3.0,6.0,3.0,,,,,,,2.0,0.0,Completed,1.95,1.85,1.98,1.93,1.98,1.93,1.93,1.85,,
43,Toronto,Canadian Open,2025-08-02,Masters 1000,Outdoor,Hard,4th Round,3,Khachanov K.,Ruud C.,16,13.0,2590,2905.0,6.0,4.0,7.0,5.0,,,,,,,2.0,0.0,Completed,1.75,2.1,1.78,2.17,1.78,2.17,1.73,2.08,,
43,Toronto,Canadian Open,2025-08-03,Masters 1000,Outdoor,Hard,4th Round,3,Popyrin A.,Rune H.,26,9.0,2050,3250.0,4.0,6.0,6.0,2.0,6.0,3.0,,,,,2.0,1.0,Completed,2.8,1.45,2.86,1.48,2.86,1.48,2.72,1.44,,
43,Toronto,Canadian Open,2025-08-03,Masters 1000,Outdoor,Hard,4th Round,3,Zverev A.,Cerundolo F.,3,24.0,6030,2085.0,6.0,4.0,1.0,0.0,,,,,,,1.0,0.0,Retired,1.25,3.75,1.3,3.9,1.3,3.9,1.29,3.55,,
43,Toronto,Canadian Open,2025-08-03,Masters 1000,Outdoor,Hard,4th Round,3,De Minaur A.,Tiafoe F.,8,12.0,3335,2990.0,6.0,2.0,4.0,6.0,6.0,4.0,,,,,2.0,1.0,Completed,1.25,4.0,1.28,4.1,1.3,4.1,1.28,3.69,,
43,Toronto,Canadian Open,2025-08-03,Masters 1000,Outdoor,Hard,4th Round,3,Rublev A.,Davidovich Fokina A.,11,19.0,3110,2225.0,6.0,7.0,7.0,6.0,3.0,0.0,,,,,1.0,1.0,Retired,2.1,1.75,2.18,1.77,2.18,1.77,2.08,1.73,,
43,Toronto,Canadian Open,2025-08-04,Masters 1000,Outdoor,Hard,4th Round,3,Shelton B.,Cobolli F.,7,17.0,3520,2385.0,6.0,4.0,4.0,6.0,7.0,6.0,,,,,2.0,1.0,Completed,1.4,3.0,1.44,3.05,1.44,3.2,1.4,2.91,,
43,Toronto,Canadian Open,2025-08-04,Masters 1000,Outdoor,Hard,4th Round,3,Fritz T.,Lehecka J.,4,27.0,5135,2015.0,7.0,6.0,6.0,7.0,7.0,6.0,,,,,2.0,1.0,Completed,1.3,3.4,1.34,3.56,1.35,3.6,1.32,3.32,,
43,Toronto,Canadian Open,2025-08-05,Masters 1000,Outdoor,Hard,Quarterfinals,3,Zverev A.,Popyrin A.,3,26.0,6030,2050.0,6.0,7.0,6.0,4.0,6.0,3.0,,,,,2.0,1.0,Completed,1.29,3.4,1.34,3.62,1.34,3.62,1.3,3.47,,
43,Toronto,Canadian Open,2025-08-05,Masters 1000,Outdoor,Hard,Quarterfinals,3,Khachanov K.,Michelsen A.,16,34.0,2590,1555.0,6.0,4.0,7.0,6.0,,,,,,,2.0,0.0,Completed,1.5,2.6,1.44,3.05,1.5,3.05,1.44,2.75,,
43,Toronto,Canadian Open,2025-08-06,Masters 1000,Outdoor,Hard,Quarterfinals,3,Fritz T.,Rublev A.,4,11.0,5135,3110.0,6.0,3.0,7.0,6.0,,,,,,,2.0,0.0,Completed,1.4,2.8,1.48,2.86,1.48,2.88,1.42,2.79,,
43,Toronto,Canadian Open,2025-08-06,Masters 1000,Outdoor,Hard,Quarterfinals,3,Shelton B.,De Minaur A.,7,8.0,3520,3335.0,6.0,3.0,6.0,4.0,,,,,,,2.0,0.0,Completed,2.3,1.62,2.4,1.65,2.4,1.65,2.3,1.6,,
43,Toronto,Canadian Open,2025-08-07,Masters 1000,Outdoor,Hard,Semifinals,3,Khachanov K.,Zverev A.,16,3.0,2590,6030.0,6.0,3.0,4.0,6.0,7.0,6.0,,,,,2.0,1.0,Completed,2.9,1.4,2.91,1.47,3.0,1.47,2.91,1.4,,
43,Toronto,Canadian Open,2025-08-07,Masters 1000,Outdoor,Hard,Semifinals,3,Shelton B.,Fritz T.,7,4.0,3520,5135.0,6.0,4.0,6.0,3.0,,,,,,,2.0,0.0,Completed,2.4,1.57,2.5,1.6,2.5,1.6,2.39,1.56,,
43,Toronto,Canadian Open,2025-08-08,Masters 1000,Outdoor,Hard,The Final,3,Shelton B.,Khachanov K.,7,16.0,3520,2590.0,6.0,7.0,6.0,4.0,7.0,6.0,,,,,2.0,1.0,Completed,1.5,2.63,1.56,2.62,1.56,2.65,1.5,2.57,,
44,Cincinnati,Western & Southern Financial Group Masters,2025-08-07,Masters 1000,Outdoor,Hard,1st Round,3,Rinderknech A.,Borges N.,70,38.0,874,1290.0,6.0,3.0,6.0,3.0,,,,,,,2.0,0.0,Completed,2.5,1.5,2.69,1.51,2.75,1.53,2.53,1.5,,
44,Cincinnati,Western & Southern Financial Group Masters,2025-08-07,Masters 1000,Outdoor,Hard,1st Round,3,Fonseca J.,Bu Y.,52,75.0,1045,813.0,4.0,6.0,6.0,2.0,7.0,5.0,,,,,2.0,1.0,Completed,1.33,3.25,1.45,2.91,1.4,3.3,1.35,3.13,,
44,Cincinnati,Western & Southern Financial Group Masters,2025-08-07,Masters 1000,Outdoor,Hard,1st Round,3,Carballes Baena R.,Gaston H.,87,123.0,720,503.0,6.0,4.0,5.0,7.0,6.0,3.0,,,,,2.0,1.0,Completed,1.8,2.05,1.82,2.07,1.8,2.1,1.75,2.04,,
44,Cincinnati,Western & Southern Financial Group Masters,2025-08-07,Masters 1000,Outdoor,Hard,1st Round,3,Bonzi B.,Arnaldi M.,63,37.0,907,1315.0,6.0,7.0,6.0,3.0,6.0,4.0,,,,,2.0,1.0,Completed,2.8,1.45,3.25,1.38,2.9,1.45,2.77,1.43,,
44,Cincinnati,Western & Southern Financial Group Masters,2025-08-07,Masters 1000,Outdoor,Hard,1st Round,3,Martinez P.,Jarry N.,66,100.0,890,638.0,1.0,6.0,6.0,4.0,6.0,3.0,,,,,2.0,1.0,Completed,4.0,1.25,3.63,1.32,4.0,1.3,3.7,1.27,,
44,Cincinnati,Western & Southern Financial Group Masters,2025-08-07,Masters 1000,Outdoor,Hard,1st Round,3,Wong C.,Mpetshi G.,177,42.0,307,1185.0,6.0,3.0,6.0,2.0,,,,,,,2.0,0.0,Completed,2.4,1.53,,,2.63,1.55,2.47,1.52,,
44,Cincinnati,Western & Southern Financial Group Masters,2025-08-07,Masters 1000,Outdoor,Hard,1st Round,3,Bergs Z.,Fearnley J.,54,57.0,1034,1004.0,6.0,1.0,6.0,4.0,,,,,,,2.0,0.0,Completed,2.1,1.75,2.15,1.78,2.1,1.8,2.06,1.74,,
44,Cincinnati,Western & Southern Financial Group Masters,2025-08-07,Masters 1000,Outdoor,Hard,1st Round,3,Galan D.E.,Kopriva V.,144,81.0,430,760.0,6.0,2.0,6.0,4.0,,,,,,,2.0,0.0,Completed,1.7,2.1,1.74,2.18,1.8,2.1,1.73,2.06,,
44,Cincinnati,Western & Southern Financial Group Masters,2025-08-07,Masters 1000,Outdoor,Hard,1st Round,3,Safiullin R.,Tabilo A.,80,103.0,761,605.0,6.0,3.0,6.0,3.0,,,,,,,2.0,0.0,Completed,1.4,3.0,1.42,3.08,1.4,3.5,1.37,2.99,,
44,Cincinnati,Western & Southern Financial Group Masters,2025-08-07,Masters 1000,Outdoor,Hard,1st Round,3,Atmane T.,Nishioka Y.,136,130.0,460,469.0,6.0,2.0,6.0,2.0,,,,,,,2.0,0.0,Completed,2.1,1.7,2.19,1.75,2.23,1.73,2.16,1.68,,
44,Cincinnati,Western & Southern Financial Group Masters,2025-08-07,Masters 1000,Outdoor,Hard,1st Round,3,Etcheverry T.,Shang J.,58,110.0,985,565.0,6.0,7.0,7.0,6.0,6.0,4.0,,,,,2.0,1.0,Completed,1.57,2.4,1.66,2.34,1.57,2.48,1.55,2.39,,
44,Cincinnati,Western & Southern Financial Group Masters,2025-08-07,Masters 1000,Outdoor,Hard,1st Round,3,Mannarino A.,Thompson J.,89,50.0,704,1085.0,6.0,2.0,6.0,2.0,,,,,,,2.0,0.0,Completed,1.67,2.2,1.73,2.2,1.7,2.23,1.66,2.19,,
44,Cincinnati,Western & Southern Financial Group Masters,2025-08-08,Masters 1000,Outdoor,Hard,1st Round,3,Moutet C.,McDonald M.,44,95.0,1156,669.0,7.0,5.0,6.0,3.0,,,,,,,2.0,0.0,Completed,1.6,2.38,1.66,2.35,1.65,2.38,1.61,2.29,,
44,Cincinnati,Western & Southern Financial Group Masters,2025-08-08,Masters 1000,Outdoor,Hard,1st Round,3,Marozsan F.,Smith C.,51,138.0,1045,453.0,6.0,1.0,4.0,6.0,6.0,4.0,,,,,2.0,1.0,Completed,1.67,2.2,1.7,2.26,1.7,2.25,1.65,2.2,,
44,Cincinnati,Western & Southern Financial Group Masters,2025-08-08,Masters 1000,Outdoor,Hard,1st Round,3,Baez S.,Goffin D.,43,64.0,1170,899.0,6.0,1.0,6.0,3.0,,,,,,,2.0,0.0,Completed,2.9,1.4,3.02,1.43,2.9,1.47,2.73,1.44,,
44,Cincinnati,Western & Southern Financial Group Masters,2025-08-08,Masters 1000,Outdoor,Hard,1st Round,3,Boyer T.,Holt B.,116,106.0,530,594.0,6.0,3.0,7.0,6.0,,,,,,,2.0,0.0,Completed,1.75,2.1,1.75,2.18,1.75,2.1,1.73,2.08,,
44,Cincinnati,Western & Southern Financial Group Masters,2025-08-08,Masters 1000,Outdoor,Hard,1st Round,3,Nardi L.,Tirante T.A.,98,135.0,655,461.0,6.0,4.0,7.0,6.0,,,,,,,2.0,0.0,Completed,2.4,1.53,2.37,1.65,2.5,1.6,2.4,1.54,,
44,Cincinnati,Western & Southern Financial Group Masters,2025-08-08,Masters 1000,Outdoor,Hard,1st Round,3,Ugo Carabelli C.,Nishikori K.,47,65.0,1118,893.0,7.0,5.0,6.0,3.0,,,,,,,2.0,0.0,Completed,2.5,1.5,2.74,1.51,2.63,1.55,2.52,1.5,,
44,Cincinnati,Western & Southern Financial Group Masters,2025-08-08,Masters 1000,Outdoor,Hard,1st Round,3,Blockx A.,Giron M.,119,61.0,514,960.0,6.0,2.0,3.0,6.0,6.0,3.0,,,,,2.0,1.0,Completed,2.3,1.62,2.41,1.63,2.35,1.65,2.28,1.6,,
44,Cincinnati,Western & Southern Financial Group Masters,2025-08-08,Masters 1000,Outdoor,Hard,1st Round,3,Nava E.,Coric B.,105,90.0,597,690.0,6.0,3.0,7.0,5.0,,,,,,,2.0,0.0,Completed,1.53,2.5,1.53,2.66,1.56,2.75,1.53,2.48,,
44,Cincinnati,Western & Southern Financial Group Masters,2025-08-08,Masters 1000,Outdoor,Hard,1st Round,3,Quinn E.,Kecmanovic M.,82,49.0,749,1086.0,7.0,6.0,6.0,4.0,,,,,,,2.0,0.0,Completed,2.0,1.75,2.13,1.79,2.1,1.8,2.03,1.75,,
44,Cincinnati,Western & Southern Financial Group Masters,2025-08-08,Masters 1000,Outdoor,Hard,1st Round,3,Comesana F.,Munar J.,71,48.0,869,1107.0,6.0,4.0,6.0,4.0,,,,,,,2.0,0.0,Completed,2.8,1.4,2.89,1.47,3.2,1.45,2.83,1.42,,
44,Cincinnati,Western & Southern Financial Group Masters,2025-08-08,Masters 1000,Outdoor,Hard,1st Round,3,Brooksby J.,Muller A.,101,41.0,637,1196.0,7.0,6.0,5.0,7.0,6.0,1.0,,,,,2.0,1.0,Completed,1.73,2.1,1.78,2.14,1.85,2.15,1.73,2.08,,
44,Cincinnati,Western & Southern Financial Group Masters,2025-08-08,Masters 1000,Outdoor,Hard,1st Round,3,Opelka R.,Dellien H.,73,108.0,852,589.0,7.0,5.0,7.0,6.0,,,,,,,2.0,0.0,Completed,1.13,6.0,1.14,6.54,1.15,6.5,1.13,5.89,,
44,Cincinnati,Western & Southern Financial Group Masters,2025-08-08,Masters 1000,Outdoor,Hard,1st Round,3,Walton A.,Navone M.,85,78.0,726,785.0,4.0,6.0,7.0,6.0,6.0,1.0,,,,,2.0,1.0,Completed,1.83,2.0,1.88,2.01,1.84,2.25,1.75,2.05,,
44,Cincinnati,Western & Southern Financial Group Masters,2025-08-08,Masters 1000,Outdoor,Hard,1st Round,3,Medjedovic H.,Kovacevic A.,72,67.0,864,889.0,6.0,2.0,6.0,3.0,,,,,,,2.0,0.0,Completed,1.91,1.9,1.98,1.91,1.95,1.91,1.91,1.86,,
44,Cincinnati,Western & Southern Financial Group Masters,2025-08-08,Masters 1000,Outdoor,Hard,1st Round,3,Bautista Agut R.,Altmaier D.,53,60.0,1036,967.0,7.0,6.0,7.0,6.0,,,,,,,2.0,0.0,Completed,1.6,2.38,1.55,2.6,1.6,2.45,1.57,2.36,,
44,Cincinnati,Western & Southern Financial Group Masters,2025-08-08,Masters 1000,Outdoor,Hard,1st Round,3,Landaluce M.,Kypson P.,142,212.0,440,258.0,3.0,6.0,6.0,3.0,6.0,2.0,,,,,2.0,1.0,Completed,2.2,1.67,2.34,1.66,2.3,1.67,2.22,1.63,,
44,Cincinnati,Western & Southern Financial Group Masters,2025-08-09,Masters 1000,Outdoor,Hard,1st Round,3,Tien L.,Riedi L.,55,522.0,1028,74.0,6.0,3.0,6.0,4.0,,,,,,,2.0,0.0,Completed,1.4,3.0,1.42,3.07,1.42,3.2,1.39,2.94,,
44,Cincinnati,Western & Southern Financial Group Masters,2025-08-09,Masters 1000,Outdoor,Hard,1st Round,3,Dzumhur D.,Bellucci M.,56,74.0,1028,840.0,7.0,6.0,7.0,6.0,,,,,,,2.0,0.0,Completed,2.0,1.8,2.11,1.8,2.3,1.8,2.09,1.72,,
44,Cincinnati,Western & Southern Financial Group Masters,2025-08-09,Masters 1000,Outdoor,Hard,1st Round,3,Royer V.,Ofner S.,104,141.0,601,443.0,5.0,7.0,6.0,3.0,6.0,3.0,,,,,2.0,1.0,Completed,1.91,1.91,1.83,2.07,1.91,2.3,1.83,1.97,,
44,Cincinnati,Western & Southern Financial Group Masters,2025-08-09,Masters 1000,Outdoor,Hard,1st Round,3,Basavareddy N.,Vukic A.,109,94.0,585,679.0,7.0,6.0,7.0,5.0,,,,,,,2.0,0.0,Completed,2.1,1.75,2.02,1.87,2.1,1.81,2.01,1.77,,
44,Cincinnati,Western & Southern Financial Group Masters,2025-08-09,Masters 1000,Outdoor,Hard,2nd Round,3,Rune H.,Safiullin R.,9,80.0,3340,761.0,7.0,5.0,7.0,6.0,,,,,,,2.0,0.0,Completed,1.33,3.1,1.37,3.38,1.36,3.5,1.33,3.25,,
44,Cincinnati,Western & Southern Financial Group Masters,2025-08-09,Masters 1000,Outdoor,Hard,2nd Round,3,Rinderknech A.,Ruud C.,70,13.0,874,2995.0,6.0,7.0,6.0,4.0,6.0,2.0,,,,,2.0,1.0,Completed,3.0,1.36,3.23,1.4,3.1,1.4,3.03,1.37,,
44,Cincinnati,Western & Southern Financial Group Masters,2025-08-09,Masters 1000,Outdoor,Hard,2nd Round,3,Bonzi B.,Musetti L.,63,10.0,907,3235.0,5.0,7.0,6.0,4.0,7.0,6.0,,,,,2.0,1.0,Completed,3.2,1.36,3.39,1.37,4.5,1.36,3.3,1.33,,
44,Cincinnati,Western & Southern Financial Group Masters,2025-08-09,Masters 1000,Outdoor,Hard,2nd Round,3,Michelsen A.,Moutet C.,33,44.0,1655,1156.0,3.0,6.0,6.0,3.0,6.0,4.0,,,,,2.0,1.0,Completed,1.8,2.05,1.96,1.93,1.84,2.1,1.78,2.01,,
44,Cincinnati,Western & Southern Financial Group Masters,2025-08-09,Masters 1000,Outdoor,Hard,2nd Round,3,Auger-Aliassime F.,Etcheverry T.,28,58.0,1825,985.0,6.0,2.0,7.0,6.0,,,,,,,2.0,0.0,Completed,1.4,2.8,1.44,3.05,1.43,3.05,1.4,2.9,,
44,Cincinnati,Western & Southern Financial Group Masters,2025-08-09,Masters 1000,Outdoor,Hard,2nd Round,3,Paul T.,Martinez P.,16,66.0,2610,890.0,6.0,2.0,6.0,2.0,,,,,,,2.0,0.0,Completed,1.12,6.5,1.12,7.64,1.12,8.0,1.1,6.81,,
44,Cincinnati,Western & Southern Financial Group Masters,2025-08-09,Masters 1000,Outdoor,Hard,2nd Round,3,Tsitsipas S.,Marozsan F.,29,51.0,1790,1045.0,7.0,6.0,6.0,2.0,,,,,,,2.0,0.0,Completed,2.0,1.75,2.04,1.87,2.0,1.91,1.92,1.85,,
44,Cincinnati,Western & Southern Financial Group Masters,2025-08-09,Masters 1000,Outdoor,Hard,2nd Round,3,Mannarino A.,Machac T.,89,24.0,704,2110.0,6.0,3.0,6.0,3.0,,,,,,,2.0,0.0,Completed,2.3,1.57,2.49,1.61,2.4,1.62,2.34,1.57,,
44,Cincinnati,Western & Southern Financial Group Masters,2025-08-09,Masters 1000,Outdoor,Hard,2nd Round,3,Diallo G.,Baez S.,35,43.0,1367,1170.0,7.0,5.0,6.0,4.0,,,,,,,2.0,0.0,Completed,1.25,4.0,1.25,4.48,1.25,4.4,1.22,4.16,,
44,Cincinnati,Western & Southern Financial Group Masters,2025-08-09,Masters 1000,Outdoor,Hard,2nd Round,3,Sinner J.,Galan D.E.,1,144.0,12030,430.0,6.0,1.0,6.0,1.0,,,,,,,2.0,0.0,Completed,1.02,15.0,,,1.02,26.0,1.01,19.02,,
44,Cincinnati,Western & Southern Financial Group Masters,2025-08-09,Masters 1000,Outdoor,Hard,2nd Round,3,Humbert U.,Wong C.,25,177.0,2085,307.0,6.0,3.0,6.0,4.0,,,,,,,2.0,0.0,Completed,1.5,2.5,1.49,2.84,1.5,2.7,1.48,2.6,,
44,Cincinnati,Western & Southern Financial Group Masters,2025-08-09,Masters 1000,Outdoor,Hard,2nd Round,3,Fonseca J.,Davidovich Fokina A.,52,18.0,1045,2275.0,6.0,7.0,5.0,4.0,,,,,,,0.0,1.0,Retired,2.1,1.75,2.08,1.83,2.15,1.8,2.06,1.74,,
44,Cincinnati,Western & Southern Financial Group Masters,2025-08-09,Masters 1000,Outdoor,Hard,2nd Round,3,Sonego L.,Bergs Z.,36,54.0,1321,1034.0,6.0,3.0,7.0,6.0,,,,,,,2.0,0.0,Completed,1.67,2.2,1.69,2.31,1.8,2.25,1.66,2.18,,
44,Cincinnati,Western & Southern Financial Group Masters,2025-08-09,Masters 1000,Outdoor,Hard,2nd Round,3,Atmane T.,Cobolli F.,136,22.0,460,2155.0,6.0,4.0,3.0,6.0,7.0,6.0,,,,,2.0,1.0,Completed,3.4,1.3,3.64,1.33,3.85,1.32,3.47,1.3,,
44,Cincinnati,Western & Southern Financial Group Masters,2025-08-10,Masters 1000,Outdoor,Hard,2nd Round,3,Tiafoe F.,Carballes Baena R.,14,87.0,2890,720.0,6.0,4.0,6.0,3.0,,,,,,,2.0,0.0,Completed,1.22,4.33,1.22,4.84,1.22,4.65,1.2,4.41,,
44,Cincinnati,Western & Southern Financial Group Masters,2025-08-10,Masters 1000,Outdoor,Hard,2nd Round,3,Fritz T.,Nava E.,4,105.0,5525,597.0,6.0,4.0,6.0,4.0,,,,,,,2.0,0.0,Completed,,,1.16,6.34,1.16,6.0,1.15,5.34,,
44,Cincinnati,Western & Southern Financial Group Masters,2025-08-10,Masters 1000,Outdoor,Hard,2nd Round,3,Opelka R.,De Minaur A.,73,8.0,852,3480.0,7.0,6.0,6.0,4.0,,,,,,,2.0,0.0,Completed,4.33,1.2,4.66,1.24,4.55,1.23,4.19,1.22,,
44,Cincinnati,Western & Southern Financial Group Masters,2025-08-10,Masters 1000,Outdoor,Hard,2nd Round,3,Comesana F.,Darderi L.,71,34.0,869,1404.0,6.0,4.0,3.0,1.0,,,,,,,1.0,0.0,Retired,,,1.79,2.14,1.75,2.25,1.71,2.1,,
44,Cincinnati,Western & Southern Financial Group Masters,2025-08-10,Masters 1000,Outdoor,Hard,2nd Round,3,Lehecka J.,Boyer T.,26,116.0,2065,530.0,4.0,6.0,6.0,1.0,6.0,4.0,,,,,2.0,1.0,Completed,1.17,5.0,1.18,5.57,1.17,5.75,1.15,5.34,,
44,Cincinnati,Western & Southern Financial Group Masters,2025-08-10,Masters 1000,Outdoor,Hard,2nd Round,3,Rublev A.,Tien L.,11,55.0,3210,1028.0,7.0,6.0,6.0,3.0,,,,,,,2.0,0.0,Completed,1.44,2.63,1.51,2.76,1.53,2.75,1.47,2.62,,
44,Cincinnati,Western & Southern Financial Group Masters,2025-08-10,Masters 1000,Outdoor,Hard,2nd Round,3,Bautista Agut R.,Norrie C.,53,39.0,1036,1277.0,6.0,4.0,6.0,3.0,,,,,,,2.0,0.0,Completed,2.2,1.67,2.53,1.59,2.43,1.67,2.29,1.6,,
44,Cincinnati,Western & Southern Financial Group Masters,2025-08-10,Masters 1000,Outdoor,Hard,2nd Round,3,Mensik J.,Quinn E.,17,82.0,2396,749.0,6.0,4.0,6.0,2.0,,,,,,,2.0,0.0,Completed,,,1.53,2.7,1.48,2.75,1.44,2.7,,
44,Cincinnati,Western & Southern Financial Group Masters,2025-08-10,Masters 1000,Outdoor,Hard,2nd Round,3,Popyrin A.,Landaluce M.,19,142.0,2250,440.0,7.0,6.0,6.0,3.0,,,,,,,2.0,0.0,Completed,1.3,3.25,1.33,3.58,1.34,3.5,1.31,3.33,,
44,Cincinnati,Western & Southern Financial Group Masters,2025-08-10,Masters 1000,Outdoor,Hard,2nd Round,3,Alcaraz C.,Dzumhur D.,2,56.0,8590,1028.0,6.0,1.0,2.0,6.0,6.0,3.0,,,,,2.0,1.0,Completed,1.03,13.0,1.02,17.54,1.03,18.0,1.02,14.72,,
44,Cincinnati,Western & Southern Financial Group Masters,2025-08-10,Masters 1000,Outdoor,Hard,2nd Round,3,Brooksby J.,Cazaux A.,101,76.0,637,800.0,7.0,5.0,6.0,1.0,,,,,,,2.0,0.0,Completed,1.87,1.87,1.92,1.99,1.91,2.0,1.84,1.93,,
44,Cincinnati,Western & Southern Financial Group Masters,2025-08-10,Masters 1000,Outdoor,Hard,2nd Round,3,Walton A.,Medvedev D.,85,15.0,726,2760.0,6.0,7.0,6.0,4.0,6.0,1.0,,,,,2.0,1.0,Completed,5.0,1.17,5.74,1.18,5.5,1.18,5.06,1.16,,
44,Cincinnati,Western & Southern Financial Group Masters,2025-08-10,Masters 1000,Outdoor,Hard,2nd Round,3,Nardi L.,Shapovalov D.,98,30.0,655,1746.0,6.0,7.0,6.0,3.0,6.0,4.0,,,,,2.0,1.0,Completed,3.6,1.3,3.92,1.3,3.85,1.3,3.63,1.28,,
44,Cincinnati,Western & Southern Financial Group Masters,2025-08-10,Masters 1000,Outdoor,Hard,2nd Round,3,Medjedovic H.,Griekspoor T.,72,32.0,864,1675.0,6.0,4.0,7.0,6.0,,,,,,,2.0,0.0,Completed,2.0,1.83,2.07,1.85,2.1,1.87,1.96,1.81,,
44,Cincinnati,Western & Southern Financial Group Masters,2025-08-10,Masters 1000,Outdoor,Hard,2nd Round,3,Khachanov K.,Royer V.,12,104.0,3190,601.0,6.0,4.0,7.0,6.0,,,,,,,2.0,0.0,Completed,1.25,3.75,1.27,4.24,1.25,4.33,1.23,3.98,,
44,Cincinnati,Western & Southern Financial Group Masters,2025-08-11,Masters 1000,Outdoor,Hard,2nd Round,3,Nakashima B.,Blockx A.,31,119.0,1700,514.0,4.0,6.0,6.0,3.0,7.0,6.0,,,,,2.0,1.0,Completed,1.33,3.1,1.38,3.33,1.4,3.5,1.35,3.14,,
44,Cincinnati,Western & Southern Financial Group Masters,2025-08-11,Masters 1000,Outdoor,Hard,2nd Round,3,Shelton B.,Ugo Carabelli C.,6,47.0,4320,1118.0,6.0,3.0,3.0,1.0,,,,,,,1.0,0.0,Retired,1.12,5.5,1.15,6.62,1.13,6.75,1.11,6.31,,
44,Cincinnati,Western & Southern Financial Group Masters,2025-08-11,Masters 1000,Outdoor,Hard,2nd Round,3,Zverev A.,Basavareddy N.,3,109.0,6380,585.0,6.0,3.0,6.0,3.0,,,,,,,2.0,0.0,Completed,1.15,5.5,1.15,6.41,1.15,6.5,1.13,5.78,,
44,Cincinnati,Western & Southern Financial Group Masters,2025-08-11,Masters 1000,Outdoor,Hard,3rd Round,3,Auger-Aliassime F.,Rinderknech A.,28,70.0,1825,874.0,7.0,6.0,4.0,2.0,,,,,,,1.0,0.0,Retired,1.4,2.88,1.44,3.01,1.45,3.0,1.4,2.86,,
44,Cincinnati,Western & Southern Financial Group Masters,2025-08-11,Masters 1000,Outdoor,Hard,3rd Round,3,Rune H.,Michelsen A.,9,33.0,3340,1655.0,7.0,6.0,6.0,3.0,,,,,,,2.0,0.0,Completed,1.53,2.5,1.59,2.53,1.57,2.6,1.54,2.43,,
44,Cincinnati,Western & Southern Financial Group Masters,2025-08-11,Masters 1000,Outdoor,Hard,3rd Round,3,Tiafoe F.,Humbert U.,14,25.0,2890,2085.0,6.0,4.0,6.0,4.0,,,,,,,2.0,0.0,Completed,1.62,2.2,1.69,2.32,1.8,2.25,1.66,2.19,,
44,Cincinnati,Western & Southern Financial Group Masters,2025-08-11,Masters 1000,Outdoor,Hard,3rd Round,3,Bonzi B.,Tsitsipas S.,63,29.0,907,1790.0,6.0,7.0,6.0,3.0,6.0,4.0,,,,,2.0,1.0,Completed,2.6,1.5,2.79,1.5,2.75,1.5,2.6,1.48,,
44,Cincinnati,Western & Southern Financial Group Masters,2025-08-11,Masters 1000,Outdoor,Hard,3rd Round,3,Fritz T.,Sonego L.,4,36.0,5525,1321.0,7.0,6.0,7.0,5.0,,,,,,,2.0,0.0,Completed,1.18,5.0,1.19,5.43,1.18,6.0,1.16,5.08,,
44,Cincinnati,Western & Southern Financial Group Masters,2025-08-12,Masters 1000,Outdoor,Hard,3rd Round,3,Atmane T.,Fonseca J.,136,52.0,460,1045.0,6.0,3.0,6.0,4.0,,,,,,,2.0,0.0,Completed,3.6,1.25,4.04,1.29,3.8,1.3,3.64,1.28,,
44,Cincinnati,Western & Southern Financial Group Masters,2025-08-12,Masters 1000,Outdoor,Hard,3rd Round,3,Sinner J.,Diallo G.,1,35.0,12030,1367.0,6.0,2.0,7.0,6.0,,,,,,,2.0,0.0,Completed,1.04,9.0,1.05,14.5,1.05,15.0,1.03,12.7,,
44,Cincinnati,Western & Southern Financial Group Masters,2025-08-12,Masters 1000,Outdoor,Hard,3rd Round,3,Mannarino A.,Paul T.,89,16.0,704,2610.0,5.0,7.0,6.0,3.0,6.0,4.0,,,,,2.0,1.0,Completed,3.6,1.3,3.56,1.34,3.75,1.32,3.5,1.3,,
44,Cincinnati,Western & Southern Financial Group Masters,2025-08-12,Masters 1000,Outdoor,Hard,3rd Round,3,Comesana F.,Opelka R.,71,73.0,869,852.0,6.0,7.0,6.0,4.0,7.0,5.0,,,,,2.0,1.0,Completed,2.6,1.5,2.65,1.55,2.75,1.5,2.65,1.47,,
44,Cincinnati,Western & Southern Financial Group Masters,2025-08-12,Masters 1000,Outdoor,Hard,3rd Round,3,Rublev A.,Popyrin A.,11,19.0,3210,2250.0,6.0,7.0,7.0,6.0,7.0,5.0,,,,,2.0,1.0,Completed,1.5,2.63,1.55,2.64,1.5,2.75,1.48,2.59,,
44,Cincinnati,Western & Southern Financial Group Masters,2025-08-12,Masters 1000,Outdoor,Hard,3rd Round,3,Alcaraz C.,Medjedovic H.,2,72.0,8590,864.0,6.0,4.0,6.0,4.0,,,,,,,2.0,0.0,Completed,1.13,6.0,1.18,5.63,1.16,6.0,1.14,5.44,,
44,Cincinnati,Western & Southern Financial Group Masters,2025-08-12,Masters 1000,Outdoor,Hard,3rd Round,3,Nardi L.,Mensik J.,98,17.0,655,2396.0,6.0,2.0,2.0,1.0,,,,,,,1.0,0.0,Retired,4.0,1.25,4.64,1.24,4.33,1.45,3.93,1.25,,
44,Cincinnati,Western & Southern Financial Group Masters,2025-08-12,Masters 1000,Outdoor,Hard,3rd Round,3,Khachanov K.,Brooksby J.,12,101.0,3190,637.0,6.0,3.0,6.0,3.0,,,,,,,2.0,0.0,Completed,1.44,2.8,1.52,2.72,1.45,3.3,1.42,2.79,,
44,Cincinnati,Western & Southern Financial Group Masters,2025-08-12,Masters 1000,Outdoor,Hard,3rd Round,3,Lehecka J.,Walton A.,26,85.0,2065,726.0,7.0,6.0,7.0,6.0,,,,,,,2.0,0.0,Completed,1.25,4.0,1.27,4.24,1.25,4.35,1.23,4.06,,
44,Cincinnati,Western & Southern Financial Group Masters,2025-08-13,Masters 1000,Outdoor,Hard,3rd Round,3,Zverev A.,Nakashima B.,3,31.0,6380,1700.0,6.0,4.0,6.0,4.0,,,,,,,2.0,0.0,Completed,1.3,3.6,1.3,3.88,1.3,3.85,1.28,3.65,,
44,Cincinnati,Western & Southern Financial Group Masters,2025-08-13,Masters 1000,Outdoor,Hard,3rd Round,3,Shelton B.,Bautista Agut R.,6,53.0,4320,1036.0,7.0,6.0,6.0,3.0,,,,,,,2.0,0.0,Completed,1.18,5.0,1.19,5.48,1.18,5.5,1.16,5.06,,
44,Cincinnati,Western & Southern Financial Group Masters,2025-08-13,Masters 1000,Outdoor,Hard,4th Round,3,Rune H.,Tiafoe F.,9,14.0,3340,2890.0,6.0,4.0,3.0,1.0,,,,,,,1.0,0.0,Retired,1.75,2.1,1.73,2.24,1.8,2.16,1.72,2.07,,
44,Cincinnati,Western & Southern Financial Group Masters,2025-08-13,Masters 1000,Outdoor,Hard,4th Round,3,Sinner J.,Mannarino A.,1,89.0,12030,704.0,6.0,4.0,7.0,6.0,,,,,,,2.0,0.0,Completed,1.03,13.0,1.05,14.37,1.04,18.0,1.03,13.06,,
44,Cincinnati,Western & Southern Financial Group Masters,2025-08-13,Masters 1000,Outdoor,Hard,4th Round,3,Auger-Aliassime F.,Bonzi B.,28,63.0,1825,907.0,6.0,4.0,6.0,3.0,,,,,,,2.0,0.0,Completed,1.36,3.2,1.41,3.17,1.4,3.75,1.37,3.08,,
44,Cincinnati,Western & Southern Financial Group Masters,2025-08-13,Masters 1000,Outdoor,Hard,4th Round,3,Atmane T.,Fritz T.,136,4.0,460,5525.0,3.0,6.0,7.0,5.0,6.0,3.0,,,,,2.0,1.0,Completed,6.0,1.13,7.42,1.13,7.0,1.13,6.33,1.11,,
44,Cincinnati,Western & Southern Financial Group Masters,2025-08-14,Masters 1000,Outdoor,Hard,4th Round,3,Alcaraz C.,Nardi L.,2,98.0,8590,655.0,6.0,1.0,6.0,4.0,,,,,,,2.0,0.0,Completed,1.06,9.0,1.06,11.64,1.06,11.0,1.05,9.91,,
44,Cincinnati,Western & Southern Financial Group Masters,2025-08-14,Masters 1000,Outdoor,Hard,4th Round,3,Rublev A.,Comesana F.,11,71.0,3210,869.0,6.0,2.0,6.0,3.0,,,,,,,2.0,0.0,Completed,1.2,4.33,1.24,4.62,1.22,4.5,1.21,4.33,,
44,Cincinnati,Western & Southern Financial Group Masters,2025-08-14,Masters 1000,Outdoor,Hard,4th Round,3,Zverev A.,Khachanov K.,3,12.0,6380,3190.0,7.0,5.0,3.0,0.0,,,,,,,1.0,0.0,Retired,1.44,2.8,1.45,3.0,1.45,3.0,1.43,2.78,,
44,Cincinnati,Western & Southern Financial Group Masters,2025-08-14,Masters 1000,Outdoor,Hard,4th Round,3,Shelton B.,Lehecka J.,6,26.0,4320,2065.0,6.0,4.0,6.0,4.0,,,,,,,2.0,0.0,Completed,1.67,2.2,1.69,2.3,1.7,2.25,1.67,2.17,,
44,Cincinnati,Western & Southern Financial Group Masters,2025-08-14,Masters 1000,Outdoor,Hard,Quarterfinals,3,Sinner J.,Auger-Aliassime F.,1,28.0,12030,1825.0,6.0,0.0,6.0,2.0,,,,,,,2.0,0.0,Completed,1.1,7.0,1.11,8.0,1.12,8.0,1.1,6.83,,
44,Cincinnati,Western & Southern Financial Group Masters,2025-08-15,Masters 1000,Outdoor,Hard,Quarterfinals,3,Atmane T.,Rune H.,136,9.0,460,3340.0,6.0,2.0,6.0,3.0,,,,,,,2.0,0.0,Completed,3.75,1.29,3.93,1.3,3.8,1.3,3.67,1.28,,
44,Cincinnati,Western & Southern Financial Group Masters,2025-08-15,Masters 1000,Outdoor,Hard,Quarterfinals,3,Alcaraz C.,Rublev A.,2,11.0,8590,3210.0,6.0,3.0,4.0,6.0,7.0,5.0,,,,,2.0,1.0,Completed,1.22,4.33,1.24,4.61,1.25,4.5,1.22,4.23,,
44,Cincinnati,Western & Southern Financial Group Masters,2025-08-16,Masters 1000,Outdoor,Hard,Quarterfinals,3,Zverev A.,Shelton B.,3,6.0,6380,4320.0,6.0,2.0,6.0,2.0,,,,,,,2.0,0.0,Completed,1.67,2.2,1.66,2.37,1.67,2.33,1.62,2.25,,
44,Cincinnati,Western & Southern Financial Group Masters,2025-08-16,Masters 1000,Outdoor,Hard,Semifinals,3,Sinner J.,Atmane T.,1,136.0,12030,460.0,7.0,6.0,6.0,2.0,,,,,,,2.0,0.0,Completed,1.08,8.0,1.09,7.43,1.09,10.0,1.06,8.63,,
44,Cincinnati,Western & Southern Financial Group Masters,2025-08-16,Masters 1000,Outdoor,Hard,Semifinals,3,Alcaraz C.,Zverev A.,2,3.0,8590,6380.0,6.0,4.0,6.0,3.0,,,,,,,2.0,0.0,Completed,1.57,2.4,1.61,2.43,1.6,2.5,1.55,2.43,,
44,Cincinnati,Western & Southern Financial Group Masters,2025-08-18,Masters 1000,Outdoor,Hard,The Final,3,Alcaraz C.,Sinner J.,2,1.0,8590,12030.0,5.0,0.0,,,,,,,,,0.0,0.0,Retired,2.75,1.44,2.71,1.53,2.75,1.53,2.62,1.49,,
45,Winston-Salem,Winston-Salem Open at Wake Forest University,2025-08-17,ATP250,Outdoor,Hard,1st Round,3,Kopriva V.,Ofner S.,87,141.0,726,453.0,3.0,6.0,6.0,4.0,6.0,3.0,,,,,2.0,1.0,Completed,2.5,1.53,2.44,1.61,2.6,1.56,2.44,1.53,2.62,1.6
45,Winston-Salem,Winston-Salem Open at Wake Forest University,2025-08-17,ATP250,Outdoor,Hard,1st Round,3,Majchrzak K.,Jarry N.,78,103.0,794,628.0,7.0,6.0,6.0,4.0,,,,,,,2.0,0.0,Completed,1.91,1.91,1.93,1.95,2.0,1.91,1.92,1.85,2.0,1.98
45,Winston-Salem,Winston-Salem Open at Wake Forest University,2025-08-17,ATP250,Outdoor,Hard,1st Round,3,Martinez P.,Goffin D.,64,68.0,910,884.0,6.0,3.0,6.0,3.0,,,,,,,2.0,0.0,Completed,2.1,1.73,2.12,1.79,2.2,1.75,2.08,1.72,2.28,1.76
45,Winston-Salem,Winston-Salem Open at Wake Forest University,2025-08-17,ATP250,Outdoor,Hard,1st Round,3,Van De Zandschulp B.,Walton A.,92,82.0,684,763.0,2.0,6.0,7.0,5.0,6.0,3.0,,,,,2.0,1.0,Completed,2.1,1.73,2.14,1.78,2.1,1.76,2.06,1.73,2.2,1.81
45,Winston-Salem,Winston-Salem Open at Wake Forest University,2025-08-17,ATP250,Outdoor,Hard,1st Round,3,Medjedovic H.,Rinderknech A.,65,77.0,907,794.0,6.0,3.0,7.0,6.0,,,,,,,2.0,0.0,Completed,1.53,2.5,1.55,2.57,1.53,2.6,1.52,2.5,1.57,2.72
45,Winston-Salem,Winston-Salem Open at Wake Forest University,2025-08-17,ATP250,Outdoor,Hard,1st Round,3,Bu Y.,Tseng C.H.,76,119.0,801,529.0,6.0,7.0,6.0,3.0,7.0,6.0,,,,,2.0,1.0,Completed,1.25,4.0,1.29,3.9,1.3,4.75,1.27,3.71,1.31,4.1
45,Winston-Salem,Winston-Salem Open at Wake Forest University,2025-08-17,ATP250,Outdoor,Hard,1st Round,3,Carreno Busta P.,Nishioka Y.,113,149.0,549,399.0,6.0,0.0,6.0,3.0,,,,,,,2.0,0.0,Completed,1.57,2.38,1.68,2.31,1.65,2.75,1.58,2.34,1.65,2.5
45,Winston-Salem,Winston-Salem Open at Wake Forest University,2025-08-18,ATP250,Outdoor,Hard,1st Round,3,McDonald M.,Holt B.,102,111.0,639,554.0,6.0,4.0,6.0,7.0,7.0,6.0,,,,,2.0,1.0,Completed,1.36,3.2,1.41,3.11,1.4,3.2,1.38,2.98,1.45,3.1
45,Winston-Salem,Winston-Salem Open at Wake Forest University,2025-08-18,ATP250,Outdoor,Hard,1st Round,3,Basavareddy N.,Collignon R.,106,105.0,593,608.0,6.0,2.0,7.0,6.0,,,,,,,2.0,0.0,Completed,1.36,3.2,1.36,3.42,1.37,3.3,1.34,3.16,1.4,3.4
45,Winston-Salem,Winston-Salem Open at Wake Forest University,2025-08-18,ATP250,Outdoor,Hard,1st Round,3,O Connell C.,Safiullin R.,79,90.0,784,691.0,6.0,3.0,6.0,3.0,,,,,,,2.0,0.0,Completed,2.5,1.53,2.69,1.52,2.75,1.55,2.51,1.51,2.72,1.55
45,Winston-Salem,Winston-Salem Open at Wake Forest University,2025-08-18,ATP250,Outdoor,Hard,1st Round,3,Blanch Dar.,Coric B.,409,104.0,115,620.0,6.0,4.0,7.0,6.0,,,,,,,2.0,0.0,Completed,2.5,1.53,2.36,1.65,2.6,1.6,2.4,1.55,2.42,1.7
45,Winston-Salem,Winston-Salem Open at Wake Forest University,2025-08-18,ATP250,Outdoor,Hard,1st Round,3,Fucsovics M.,Gaston H.,94,125.0,679,513.0,6.0,3.0,6.0,3.0,,,,,,,2.0,0.0,Completed,1.4,3.0,1.45,2.95,1.45,3.0,1.41,2.81,1.44,3.2
45,Winston-Salem,Winston-Salem Open at Wake Forest University,2025-08-18,ATP250,Outdoor,Hard,1st Round,3,Kovacevic A.,Misolic F.,71,95.0,859,677.0,7.0,6.0,7.0,6.0,,,,,,,2.0,0.0,Completed,1.58,2.3,1.64,2.39,1.65,2.38,1.58,2.31,1.67,2.46
45,Winston-Salem,Winston-Salem Open at Wake Forest University,2025-08-18,ATP250,Outdoor,Hard,1st Round,3,Navone M.,Suresh D.,74,645.0,810,50.0,6.0,3.0,6.0,3.0,,,,,,,2.0,0.0,Completed,1.4,3.0,1.44,3.0,1.45,3.0,1.41,2.83,1.45,3.15
45,Winston-Salem,Winston-Salem Open at Wake Forest University,2025-08-18,ATP250,Outdoor,Hard,1st Round,3,Bellucci M.,Comesana F.,63,54.0,911,962.0,6.0,4.0,6.0,3.0,,,,,,,2.0,0.0,Completed,2.0,1.8,2.16,1.77,2.1,2.2,2.03,1.77,2.24,1.76
45,Winston-Salem,Winston-Salem Open at Wake Forest University,2025-08-19,ATP250,Outdoor,Hard,1st Round,3,Dostanic S.,Vukic A.,412,93.0,114,683.0,6.0,4.0,6.0,2.0,,,,,,,2.0,0.0,Completed,3.75,1.29,3.12,1.4,3.85,1.29,3.65,1.28,4.0,1.32
45,Winston-Salem,Winston-Salem Open at Wake Forest University,2025-08-18,ATP250,Outdoor,Hard,2nd Round,3,Korda S.,Kopriva V.,86,87.0,735,726.0,6.0,3.0,6.0,4.0,,,,,,,2.0,0.0,Completed,1.4,3.0,1.45,2.95,1.42,3.0,1.39,2.89,1.46,3.05
45,Winston-Salem,Winston-Salem Open at Wake Forest University,2025-08-19,ATP250,Outdoor,Hard,2nd Round,3,Majchrzak K.,Borges N.,78,42.0,794,1145.0,6.0,1.0,6.0,3.0,,,,,,,2.0,0.0,Completed,2.0,1.77,2.11,1.79,2.1,1.77,2.07,1.73,2.18,1.84
45,Winston-Salem,Winston-Salem Open at Wake Forest University,2025-08-19,ATP250,Outdoor,Hard,2nd Round,3,Bautista Agut R.,O Connell C.,47,79.0,1060,784.0,6.0,4.0,0.0,0.0,,,,,,,1.0,0.0,Retired,1.57,2.38,1.57,2.52,1.6,2.45,1.56,2.38,1.66,2.46
45,Winston-Salem,Winston-Salem Open at Wake Forest University,2025-08-19,ATP250,Outdoor,Hard,2nd Round,3,Muller A.,Blanch Dar.,38,409.0,1193,115.0,6.0,7.0,6.0,3.0,7.0,5.0,,,,,2.0,1.0,Completed,1.53,2.5,1.59,2.47,1.57,2.6,1.53,2.46,1.64,2.56
45,Winston-Salem,Winston-Salem Open at Wake Forest University,2025-08-19,ATP250,Outdoor,Hard,2nd Round,3,Fucsovics M.,Griekspoor T.,94,31.0,679,1655.0,6.0,3.0,4.0,6.0,6.0,3.0,,,,,2.0,1.0,Completed,2.1,1.73,2.18,1.74,2.1,1.8,2.03,1.76,2.14,1.86
45,Winston-Salem,Winston-Salem Open at Wake Forest University,2025-08-19,ATP250,Outdoor,Hard,2nd Round,3,Mpetshi G.,Martinez P.,39,64.0,1185,910.0,2.0,6.0,6.0,3.0,7.0,6.0,,,,,2.0,1.0,Completed,1.44,2.75,1.52,2.7,1.5,2.75,1.45,2.68,1.53,2.86
45,Winston-Salem,Winston-Salem Open at Wake Forest University,2025-08-19,ATP250,Outdoor,Hard,2nd Round,3,Diallo G.,Basavareddy N.,33,106.0,1388,593.0,,,,,,,,,,,,,Walkover,1.57,2.38,1.63,2.39,1.6,2.45,1.56,2.37,1.68,2.44
45,Winston-Salem,Winston-Salem Open at Wake Forest University,2025-08-19,ATP250,Outdoor,Hard,2nd Round,3,Medjedovic H.,Fearnley J.,65,59.0,907,939.0,6.0,4.0,7.0,6.0,,,,,,,2.0,0.0,Completed,1.44,2.75,1.49,2.79,1.5,2.75,1.47,2.63,1.51,2.88
45,Winston-Salem,Winston-Salem Open at Wake Forest University,2025-08-19,ATP250,Outdoor,Hard,2nd Round,3,Kecmanovic M.,Kovacevic A.,45,71.0,1086,859.0,6.0,4.0,7.0,6.0,,,,,,,2.0,0.0,Completed,1.63,2.2,1.72,2.2,1.67,2.25,1.65,2.19,1.79,2.26
45,Winston-Salem,Winston-Salem Open at Wake Forest University,2025-08-19,ATP250,Outdoor,Hard,2nd Round,3,Navone M.,Giron M.,74,55.0,810,960.0,6.0,2.0,6.0,2.0,,,,,,,2.0,0.0,Completed,2.2,1.67,2.28,1.68,2.75,1.67,2.23,1.63,2.36,1.72
45,Winston-Salem,Winston-Salem Open at Wake Forest University,2025-08-19,ATP250,Outdoor,Hard,2nd Round,3,Darderi L.,McDonald M.,34,102.0,1364,639.0,7.0,6.0,6.0,7.0,6.0,4.0,,,,,2.0,1.0,Completed,2.1,1.73,2.07,1.83,2.1,1.84,2.02,1.76,2.18,1.83
45,Winston-Salem,Winston-Salem Open at Wake Forest University,2025-08-19,ATP250,Outdoor,Hard,2nd Round,3,Van De Zandschulp B.,Arnaldi M.,92,62.0,684,915.0,6.0,3.0,6.0,3.0,,,,,,,2.0,0.0,Completed,2.1,1.73,2.1,1.81,2.1,1.8,2.03,1.75,2.12,1.86
45,Winston-Salem,Winston-Salem Open at Wake Forest University,2025-08-19,ATP250,Outdoor,Hard,2nd Round,3,Baez S.,Carreno Busta P.,40,113.0,1160,549.0,7.0,5.0,6.0,2.0,,,,,,,2.0,0.0,Completed,2.75,1.44,2.92,1.46,2.9,1.45,2.76,1.43,3.05,1.46
45,Winston-Salem,Winston-Salem Open at Wake Forest University,2025-08-19,ATP250,Outdoor,Hard,2nd Round,3,Munar J.,Bellucci M.,46,63.0,1077,911.0,6.0,3.0,6.0,1.0,,,,,,,2.0,0.0,Completed,1.73,2.1,1.69,2.28,1.95,2.3,1.7,2.12,1.76,2.28
45,Winston-Salem,Winston-Salem Open at Wake Forest University,2025-08-20,ATP250,Outdoor,Hard,2nd Round,3,Bu Y.,Tsitsipas S.,76,28.0,801,1790.0,6.0,3.0,6.0,2.0,,,,,,,2.0,0.0,Completed,2.63,1.5,2.73,1.51,2.75,1.5,2.66,1.46,2.72,1.57
45,Winston-Salem,Winston-Salem Open at Wake Forest University,2025-08-20,ATP250,Outdoor,Hard,2nd Round,3,Sonego L.,Dostanic S.,35,412.0,1315,114.0,6.0,3.0,6.0,7.0,7.0,6.0,,,,,2.0,1.0,Completed,1.17,5.0,1.21,4.91,1.2,5.0,1.18,4.69,1.22,5.1
45,Winston-Salem,Winston-Salem Open at Wake Forest University,2025-08-20,ATP250,Outdoor,Hard,3rd Round,3,Korda S.,Majchrzak K.,86,78.0,735,794.0,6.0,7.0,6.0,3.0,6.0,4.0,,,,,2.0,1.0,Completed,1.73,2.1,1.72,2.23,1.77,2.1,1.74,2.04,1.86,2.14
45,Winston-Salem,Winston-Salem Open at Wake Forest University,2025-08-20,ATP250,Outdoor,Hard,3rd Round,3,Kecmanovic M.,Darderi L.,45,34.0,1086,1364.0,6.0,3.0,6.0,1.0,,,,,,,2.0,0.0,Completed,1.5,2.63,1.51,2.74,1.55,2.75,1.49,2.6,1.52,2.88
45,Winston-Salem,Winston-Salem Open at Wake Forest University,2025-08-20,ATP250,Outdoor,Hard,3rd Round,3,Fucsovics M.,Bautista Agut R.,94,47.0,679,1060.0,6.0,4.0,6.0,3.0,,,,,,,2.0,0.0,Completed,1.73,2.1,1.74,2.21,1.75,2.25,1.71,2.09,1.77,2.28
45,Winston-Salem,Winston-Salem Open at Wake Forest University,2025-08-20,ATP250,Outdoor,Hard,3rd Round,3,Mpetshi G.,Muller A.,39,38.0,1185,1193.0,6.0,3.0,6.0,2.0,,,,,,,2.0,0.0,Completed,1.8,2.0,1.88,2.01,2.0,2.0,1.84,1.93,1.93,2.04
45,Winston-Salem,Winston-Salem Open at Wake Forest University,2025-08-20,ATP250,Outdoor,Hard,3rd Round,3,Medjedovic H.,Diallo G.,65,33.0,907,1388.0,6.0,4.0,6.0,2.0,,,,,,,2.0,0.0,Completed,2.1,1.73,2.17,1.76,2.12,1.74,2.08,1.72,2.28,1.77
45,Winston-Salem,Winston-Salem Open at Wake Forest University,2025-08-20,ATP250,Outdoor,Hard,3rd Round,3,Munar J.,Sonego L.,46,35.0,1077,1315.0,4.0,6.0,6.0,4.0,6.0,1.0,,,,,2.0,1.0,Completed,1.67,2.2,1.68,2.29,1.7,2.4,1.65,2.21,1.76,2.28
45,Winston-Salem,Winston-Salem Open at Wake Forest University,2025-08-20,ATP250,Outdoor,Hard,3rd Round,3,Bu Y.,Navone M.,76,74.0,801,810.0,6.0,4.0,6.0,4.0,,,,,,,2.0,0.0,Completed,1.67,2.2,1.7,2.24,1.71,2.2,1.67,2.16,1.73,2.32
45,Winston-Salem,Winston-Salem Open at Wake Forest University,2025-08-21,ATP250,Outdoor,Hard,3rd Round,3,Van De Zandschulp B.,Baez S.,92,40.0,684,1160.0,0.0,6.0,6.0,1.0,6.0,4.0,,,,,2.0,1.0,Completed,1.44,2.75,1.44,2.99,1.45,3.0,1.41,2.85,1.44,3.15
45,Winston-Salem,Winston-Salem Open at Wake Forest University,2025-08-21,ATP250,Outdoor,Hard,Quarterfinals,3,Korda S.,Kecmanovic M.,86,45.0,735,1086.0,6.0,1.0,6.0,4.0,,,,,,,2.0,0.0,Completed,1.73,2.1,1.84,2.08,1.8,2.1,1.75,2.03,1.89,2.12
45,Winston-Salem,Winston-Salem Open at Wake Forest University,2025-08-21,ATP250,Outdoor,Hard,Quarterfinals,3,Fucsovics M.,Munar J.,94,46.0,679,1077.0,7.0,5.0,6.0,3.0,,,,,,,2.0,0.0,Completed,2.1,1.73,2.28,1.71,2.25,1.74,2.1,1.71,2.24,1.78
45,Winston-Salem,Winston-Salem Open at Wake Forest University,2025-08-21,ATP250,Outdoor,Hard,Quarterfinals,3,Mpetshi G.,Medjedovic H.,39,65.0,1185,907.0,7.0,6.0,6.0,2.0,,,,,,,2.0,0.0,Completed,2.75,1.44,2.94,1.46,2.8,1.47,2.7,1.44,2.92,1.51
45,Winston-Salem,Winston-Salem Open at Wake Forest University,2025-08-22,ATP250,Outdoor,Hard,Quarterfinals,3,Van De Zandschulp B.,Bu Y.,92,76.0,684,801.0,6.0,3.0,5.0,7.0,6.0,3.0,,,,,2.0,1.0,Completed,2.0,1.8,1.99,1.89,2.0,8.5,1.83,2.58,2.04,1.93
45,Winston-Salem,Winston-Salem Open at Wake Forest University,2025-08-22,ATP250,Outdoor,Hard,Semifinals,3,Fucsovics M.,Korda S.,94,86.0,679,735.0,,,,,,,,,,,,,Walkover,2.63,1.47,2.68,1.53,2.7,1.5,2.58,1.48,2.52,1.65
45,Winston-Salem,Winston-Salem Open at Wake Forest University,2025-08-22,ATP250,Outdoor,Hard,Semifinals,3,Van De Zandschulp B.,Mpetshi G.,92,39.0,684,1185.0,6.0,4.0,7.0,5.0,,,,,,,2.0,0.0,Completed,2.38,1.57,2.34,1.66,2.4,1.62,2.32,1.58,2.56,1.63
45,Winston-Salem,Winston-Salem Open at Wake Forest University,2025-08-23,ATP250,Outdoor,Hard,The Final,3,Fucsovics M.,Van De Zandschulp B.,94,92.0,679,684.0,6.0,3.0,7.0,6.0,,,,,,,2.0,0.0,Completed,1.73,2.1,1.8,2.13,1.8,2.1,1.76,2.03,1.88,2.12
46,New York,US Open,2025-08-24,Grand Slam,Outdoor,Hard,1st Round,5,Davidovich Fokina A.,Shevchenko A.,18,91.0,2185,692.0,6.0,1.0,6.0,1.0,6.0,2.0,,,,,3.0,0.0,Completed,1.14,5.5,1.19,5.41,1.2,5.5,1.16,5.23,1.19,6.0
46,New York,US Open,2025-08-24,Grand Slam,Outdoor,Hard,1st Round,5,Rinderknech A.,Carballes Baena R.,82,87.0,782,740.0,7.0,6.0,7.0,5.0,4.0,6.0,6.0,2.0,,,3.0,1.0,Completed,1.5,2.63,1.5,2.77,1.52,2.75,1.48,2.63,1.52,2.88
46,New York,US Open,2025-08-24,Grand Slam,Outdoor,Hard,1st Round,5,Mensik J.,Jarry N.,16,102.0,2430,628.0,7.0,6.0,6.0,3.0,6.0,4.0,,,,,3.0,0.0,Completed,1.36,3.2,1.41,3.11,1.4,3.2,1.38,2.99,1.44,3.2
46,New York,US Open,2025-08-24,Grand Slam,Outdoor,Hard,1st Round,5,Shelton B.,Buse I.,6,135.0,4280,473.0,6.0,3.0,6.0,2.0,6.0,4.0,,,,,3.0,0.0,Completed,1.03,17.0,,,1.04,17.0,1.02,14.3,1.04,21.0
46,New York,US Open,2025-08-24,Grand Slam,Outdoor,Hard,1st Round,5,Fritz T.,Nava E.,4,968.0,5575,21.0,7.0,5.0,6.0,2.0,6.0,3.0,,,,,3.0,0.0,Completed,1.08,8.0,1.11,7.89,1.1,8.5,1.08,7.5,1.11,9.6
46,New York,US Open,2025-08-24,Grand Slam,Outdoor,Hard,1st Round,5,Blanchet U.,Marozsan F.,184,53.0,295,975.0,6.0,4.0,3.0,6.0,7.0,6.0,6.0,2.0,,,3.0,1.0,Completed,4.0,1.25,3.96,1.29,4.0,1.32,3.74,1.26,3.95,1.33
46,New York,US Open,2025-08-24,Grand Slam,Outdoor,Hard,1st Round,5,Spizzirri E.,Dostanic S.,127,389.0,493,127.0,7.0,5.0,6.0,4.0,7.0,6.0,,,,,3.0,0.0,Completed,1.44,2.75,1.5,2.75,1.5,2.75,1.46,2.68,1.53,2.82
46,New York,US Open,2025-08-24,Grand Slam,Outdoor,Hard,1st Round,5,Darderi L.,Hijikata R.,34,103.0,1379,623.0,6.0,2.0,6.0,1.0,6.0,2.0,,,,,3.0,0.0,Completed,1.57,2.38,1.65,2.38,1.63,2.4,1.58,2.34,1.63,2.54
46,New York,US Open,2025-08-24,Grand Slam,Outdoor,Hard,1st Round,5,Lehecka J.,Coric B.,21,105.0,2115,595.0,3.0,6.0,6.0,4.0,7.0,6.0,6.0,1.0,,,3.0,1.0,Completed,1.13,6.0,1.16,5.97,1.15,6.5,1.13,5.76,1.17,6.4
46,New York,US Open,2025-08-24,Grand Slam,Outdoor,Hard,1st Round,5,Mannarino A.,Griekspoor T.,77,30.0,811,1655.0,7.0,5.0,6.0,4.0,6.0,0.0,,,,,3.0,0.0,Completed,2.3,1.62,2.37,1.65,2.3,1.67,2.25,1.63,2.36,1.72
46,New York,US Open,2025-08-24,Grand Slam,Outdoor,Hard,1st Round,5,Machac T.,Nardi L.,22,86.0,2110,755.0,6.0,3.0,6.0,1.0,6.0,1.0,,,,,3.0,0.0,Completed,1.4,3.0,1.44,2.98,1.5,3.1,1.41,2.89,1.42,3.3
46,New York,US Open,2025-08-24,Grand Slam,Outdoor,Hard,1st Round,5,Svajda Z.,Piros Z.,145,156.0,421,362.0,6.0,4.0,6.0,2.0,7.0,5.0,,,,,3.0,0.0,Completed,1.4,3.0,1.42,3.06,1.45,3.1,1.4,2.94,1.47,3.05
46,New York,US Open,2025-08-24,Grand Slam,Outdoor,Hard,1st Round,5,Kym J.,Quinn E.,175,84.0,309,771.0,6.0,3.0,6.0,2.0,3.0,6.0,7.0,6.0,,,3.0,1.0,Completed,2.2,1.67,2.27,1.7,2.4,3.2,2.02,1.85,2.18,1.82
46,New York,US Open,2025-08-24,Grand Slam,Outdoor,Hard,1st Round,5,Carreno Busta P.,Llamas Ruiz P.,137,361.0,468,136.0,7.0,6.0,6.0,4.0,6.0,2.0,,,,,3.0,0.0,Completed,1.53,2.5,1.54,2.62,1.57,2.5,1.53,2.45,1.59,2.66
46,New York,US Open,2025-08-24,Grand Slam,Outdoor,Hard,1st Round,5,Etcheverry T.,Ugo Carabelli C.,59,43.0,940,1123.0,6.0,3.0,6.0,2.0,6.0,0.0,,,,,3.0,0.0,Completed,1.3,3.5,1.38,3.25,1.35,3.5,1.32,3.28,1.38,3.55
46,New York,US Open,2025-08-24,Grand Slam,Outdoor,Hard,1st Round,5,Thompson J.,Moutet C.,58,40.0,945,1146.0,6.0,2.0,6.0,4.0,1.0,6.0,6.0,3.0,,,3.0,1.0,Completed,3.4,1.33,3.43,1.35,3.5,1.4,3.26,1.33,3.45,1.4
46,New York,US Open,2025-08-24,Grand Slam,Outdoor,Hard,1st Round,5,Giron M.,Navone M.,55,78.0,960,810.0,6.0,0.0,7.0,5.0,4.0,6.0,5.0,7.0,6.0,4.0,3.0,2.0,Completed,2.0,1.8,2.05,1.85,2.1,1.95,2.01,1.78,2.08,1.89
46,New York,US Open,2025-08-25,Grand Slam,Outdoor,Hard,1st Round,5,Nakashima B.,De Jong J.,31,83.0,1570,774.0,6.0,2.0,6.0,7.0,2.0,6.0,6.0,2.0,7.0,6.0,3.0,2.0,Completed,1.25,4.0,1.3,3.85,1.32,4.0,1.29,3.6,1.32,3.95
46,New York,US Open,2025-08-25,Grand Slam,Outdoor,Hard,1st Round,5,Djokovic N.,Tien L.,7,50.0,4130,1000.0,6.0,1.0,7.0,6.0,6.0,2.0,,,,,3.0,0.0,Completed,1.14,5.5,1.15,6.2,1.18,7.0,1.14,5.67,1.18,6.2
46,New York,US Open,2025-08-25,Grand Slam,Outdoor,Hard,1st Round,5,Bonzi B.,Medvedev D.,51,13.0,999,2760.0,6.0,3.0,7.0,5.0,6.0,7.0,0.0,6.0,6.0,4.0,3.0,2.0,Completed,4.5,1.2,4.57,1.23,4.6,1.22,4.41,1.2,4.7,1.26
46,New York,US Open,2025-08-25,Grand Slam,Outdoor,Hard,1st Round,5,Harris L.,Baez S.,353,39.0,139,1175.0,6.0,3.0,7.0,5.0,6.0,4.0,,,,,3.0,0.0,Completed,1.53,2.5,1.55,2.62,1.56,2.6,1.51,2.5,1.55,2.78
46,New York,US Open,2025-08-25,Grand Slam,Outdoor,Hard,1st Round,5,Damm M.,Blanch Dar.,431,364.0,106,136.0,6.0,3.0,6.0,4.0,6.0,4.0,,,,,3.0,0.0,Completed,2.0,1.8,2.08,1.83,2.04,1.85,2.0,1.78,2.1,1.88
46,New York,US Open,2025-08-25,Grand Slam,Outdoor,Hard,1st Round,5,Wong C.,Kovacevic A.,173,71.0,315,862.0,6.0,4.0,7.0,5.0,7.0,6.0,,,,,3.0,0.0,Completed,2.1,1.73,2.28,1.69,2.25,1.77,2.08,1.72,2.2,1.82
46,New York,US Open,2025-08-25,Grand Slam,Outdoor,Hard,1st Round,5,Walton A.,Humbert U.,85,23.0,763,2085.0,6.0,4.0,7.0,6.0,5.0,7.0,6.0,1.0,,,3.0,1.0,Completed,2.75,1.44,3.04,1.43,3.0,1.47,2.74,1.43,2.88,1.53
46,New York,US Open,2025-08-25,Grand Slam,Outdoor,Hard,1st Round,5,Bergs Z.,Tseng C.H.,48,118.0,1039,529.0,6.0,3.0,6.0,4.0,6.0,3.0,,,,,3.0,0.0,Completed,1.36,3.2,1.42,3.06,1.4,3.2,1.38,3.02,1.38,3.55
46,New York,US Open,2025-08-25,Grand Slam,Outdoor,Hard,1st Round,5,Norrie C.,Korda S.,35,75.0,1297,835.0,7.0,5.0,6.0,4.0,,,,,,,2.0,0.0,Completed,2.38,1.57,2.68,1.52,2.6,1.6,2.43,1.53,2.62,1.61
46,New York,US Open,2025-08-25,Grand Slam,Outdoor,Hard,1st Round,5,Fonseca J.,Kecmanovic M.,45,42.0,1095,1126.0,7.0,6.0,7.0,6.0,6.0,3.0,,,,,3.0,0.0,Completed,1.57,2.38,1.69,2.28,1.57,2.6,1.53,2.47,1.57,2.7
46,New York,US Open,2025-08-25,Grand Slam,Outdoor,Hard,1st Round,5,Draper J.,Gomez F.A.,5,203.0,4440,268.0,6.0,4.0,7.0,5.0,6.0,7.0,6.0,2.0,,,3.0,1.0,Completed,1.02,19.0,,,1.03,20.0,1.02,15.13,1.04,21.0
46,New York,US Open,2025-08-25,Grand Slam,Outdoor,Hard,1st Round,5,Collignon R.,Galan D.E.,107,131.0,583,480.0,6.0,4.0,6.0,4.0,6.0,4.0,,,,,3.0,0.0,Completed,1.91,1.91,1.76,2.18,2.0,2.0,1.86,1.92,2.04,1.94
46,New York,US Open,2025-08-25,Grand Slam,Outdoor,Hard,1st Round,5,Comesana F.,Michelsen A.,54,32.0,962,1525.0,1.0,6.0,6.0,3.0,6.0,4.0,6.0,4.0,,,3.0,1.0,Completed,3.5,1.3,3.59,1.33,3.75,1.33,3.46,1.3,3.5,1.39
46,New York,US Open,2025-08-25,Grand Slam,Outdoor,Hard,1st Round,5,Cobolli F.,Passaro F.,26,120.0,2040,524.0,7.0,5.0,4.0,6.0,6.0,4.0,3.0,6.0,6.0,3.0,3.0,2.0,Completed,1.22,4.33,1.22,4.74,1.25,4.5,1.22,4.16,1.24,4.9
46,New York,US Open,2025-08-25,Grand Slam,Outdoor,Hard,1st Round,5,Bellucci M.,Shang J.,65,111.0,914,550.0,7.0,6.0,1.0,6.0,6.0,3.0,,,,,2.0,1.0,Completed,1.67,2.2,1.67,2.33,1.7,2.28,1.66,2.18,1.73,2.34
46,New York,US Open,2025-08-25,Grand Slam,Outdoor,Hard,1st Round,5,Brooksby J.,Vukic A.,92,95.0,687,668.0,6.0,3.0,6.0,7.0,6.0,4.0,3.0,6.0,6.0,4.0,3.0,2.0,Completed,1.4,3.0,1.43,3.03,1.42,3.1,1.38,2.99,1.44,3.2
46,New York,US Open,2025-08-25,Grand Slam,Outdoor,Hard,1st Round,5,Rune H.,Van De Zandschulp B.,11,73.0,3050,849.0,6.0,3.0,7.0,6.0,7.0,6.0,,,,,3.0,0.0,Completed,1.3,3.5,1.35,3.47,1.35,3.5,1.31,3.36,1.35,3.75
46,New York,US Open,2025-08-25,Grand Slam,Outdoor,Hard,1st Round,5,Tiafoe F.,Nishioka Y.,17,149.0,2340,399.0,6.0,3.0,7.0,6.0,6.0,3.0,,,,,3.0,0.0,Completed,1.1,7.0,1.11,7.88,1.12,8.0,1.09,7.04,1.12,8.8
46,New York,US Open,2025-08-25,Grand Slam,Outdoor,Hard,1st Round,5,Munar J.,Faria J.,44,117.0,1117,530.0,6.0,0.0,6.0,3.0,5.0,7.0,6.0,2.0,,,3.0,1.0,Completed,1.25,4.0,1.26,4.28,1.27,4.25,1.24,3.9,1.28,4.4
46,New York,US Open,2025-08-25,Grand Slam,Outdoor,Hard,1st Round,5,Majchrzak K.,Dellien H.,76,121.0,819,524.0,6.0,1.0,6.0,4.0,6.0,7.0,6.0,4.0,,,3.0,1.0,Completed,1.05,11.0,1.07,10.76,1.07,11.0,1.06,9.46,1.09,11.5
46,New York,US Open,2025-08-25,Grand Slam,Outdoor,Hard,1st Round,5,Struff J.L.,McDonald M.,144,100.0,428,642.0,3.0,6.0,7.0,6.0,6.0,3.0,6.0,3.0,,,3.0,1.0,Completed,1.91,1.91,1.92,1.97,1.95,1.95,1.9,1.88,1.96,2.02
46,New York,US Open,2025-08-25,Grand Slam,Outdoor,Hard,1st Round,5,Boyer T.,Duckworth J.,113,106.0,546,584.0,6.0,3.0,7.0,5.0,6.0,4.0,,,,,3.0,0.0,Completed,2.1,1.73,2.07,1.83,2.1,1.8,2.04,1.76,2.2,1.82
46,New York,US Open,2025-08-25,Grand Slam,Outdoor,Hard,1st Round,5,Khachanov K.,Basavareddy N.,9,104.0,3240,604.0,6.0,7.0,6.0,3.0,7.0,5.0,6.0,1.0,,,3.0,1.0,Completed,1.25,4.0,1.27,4.18,1.27,4.25,1.24,3.98,1.27,4.6
46,New York,US Open,2025-08-25,Grand Slam,Outdoor,Hard,1st Round,5,Rublev A.,Prizmic D.,15,124.0,2610,514.0,6.0,4.0,6.0,4.0,6.0,4.0,,,,,3.0,0.0,Completed,1.29,3.75,1.3,3.89,1.3,3.75,1.28,3.63,1.31,4.1
46,New York,US Open,2025-08-26,Grand Slam,Outdoor,Hard,1st Round,5,Ruud C.,Ofner S.,12,140.0,2905,453.0,6.0,1.0,6.0,2.0,7.0,6.0,,,,,3.0,0.0,Completed,1.22,4.33,1.25,4.37,1.28,4.33,1.23,4.09,1.27,4.6
46,New York,US Open,2025-08-26,Grand Slam,Outdoor,Hard,1st Round,5,Diallo G.,Dzumhur D.,33,61.0,1388,933.0,7.0,6.0,4.0,6.0,7.0,5.0,7.0,5.0,,,3.0,1.0,Completed,1.29,3.75,1.28,4.02,1.35,3.8,1.28,3.62,1.31,4.1
46,New York,US Open,2025-08-26,Grand Slam,Outdoor,Hard,1st Round,5,Alcaraz C.,Opelka R.,2,67.0,9590,895.0,6.0,4.0,7.0,5.0,6.0,4.0,,,,,3.0,0.0,Completed,1.04,13.0,1.05,14.58,1.06,17.0,1.05,10.44,1.05,17.5
46,New York,US Open,2025-08-26,Grand Slam,Outdoor,Hard,1st Round,5,Shapovalov D.,Fucsovics M.,29,63.0,1748,916.0,6.0,4.0,6.0,4.0,6.0,0.0,,,,,3.0,0.0,Completed,1.8,2.0,1.93,1.96,1.9,2.0,1.84,1.94,1.97,2.02
46,New York,US Open,2025-08-26,Grand Slam,Outdoor,Hard,1st Round,5,Cerundolo F.,Arnaldi M.,19,64.0,2135,915.0,3.0,6.0,2.0,6.0,7.0,5.0,6.0,4.0,6.0,3.0,3.0,2.0,Completed,1.73,2.1,1.75,2.19,1.82,2.2,1.72,2.11,1.79,2.22
46,New York,US Open,2025-08-26,Grand Slam,Outdoor,Hard,1st Round,5,Musetti L.,Mpetshi G.,10,37.0,3205,1275.0,6.0,7.0,6.0,3.0,6.0,4.0,6.0,4.0,,,3.0,1.0,Completed,1.4,3.0,1.41,3.15,1.44,3.0,1.39,2.92,1.42,3.3
46,New York,US Open,2025-08-26,Grand Slam,Outdoor,Hard,1st Round,5,Goffin D.,Halys Q.,80,70.0,784,873.0,6.0,7.0,6.0,4.0,6.0,3.0,7.0,5.0,,,3.0,1.0,Completed,2.5,1.53,2.69,1.52,2.6,1.57,2.48,1.53,2.56,1.63
46,New York,US Open,2025-08-26,Grand Slam,Outdoor,Hard,1st Round,5,Bublik A.,Cilic M.,24,62.0,2055,922.0,6.0,4.0,6.0,1.0,6.0,4.0,,,,,3.0,0.0,Completed,1.44,2.75,1.45,2.95,1.5,2.8,1.44,2.71,1.5,2.94
46,New York,US Open,2025-08-26,Grand Slam,Outdoor,Hard,1st Round,5,Riedi L.,Martinez P.,435,66.0,104,913.0,6.0,4.0,6.0,2.0,6.0,3.0,,,,,3.0,0.0,Completed,1.57,2.38,1.63,2.42,1.62,2.41,1.57,2.37,1.63,2.58
46,New York,US Open,2025-08-26,Grand Slam,Outdoor,Hard,1st Round,5,Sinner J.,Kopriva V.,1,89.0,11480,732.0,6.0,1.0,6.0,1.0,6.0,2.0,,,,,3.0,0.0,Completed,1.0,51.0,,,1.02,51.0,1.01,27.37,1.01,80.0
46,New York,US Open,2025-08-26,Grand Slam,Outdoor,Hard,1st Round,5,Royer V.,Bu Y.,98,74.0,643,841.0,6.0,1.0,6.0,4.0,7.0,6.0,,,,,3.0,0.0,Completed,2.38,1.57,2.47,1.6,2.5,1.62,2.35,1.57,2.46,1.67
46,New York,US Open,2025-08-26,Grand Slam,Outdoor,Hard,1st Round,5,Popyrin A.,Ruusuvuori E.,36,752.0,1290,36.0,6.0,3.0,6.0,4.0,7.0,6.0,,,,,3.0,0.0,Completed,1.05,11.0,1.06,11.4,1.06,15.0,1.05,10.45,1.08,12.5
46,New York,US Open,2025-08-26,Grand Slam,Outdoor,Hard,1st Round,5,Auger-Aliassime F.,Harris B.,27,151.0,1965,382.0,6.0,4.0,7.0,6.0,6.0,4.0,,,,,3.0,0.0,Completed,1.08,8.0,1.11,8.25,1.1,8.5,1.08,7.55,1.1,9.8
46,New York,US Open,2025-08-26,Grand Slam,Outdoor,Hard,1st Round,5,Mochizuki S.,Gaston H.,112,125.0,550,513.0,6.0,4.0,6.0,3.0,6.0,4.0,,,,,3.0,0.0,Completed,1.57,2.38,1.59,2.5,1.63,2.75,1.54,2.44,1.65,2.52
46,New York,US Open,2025-08-26,Grand Slam,Outdoor,Hard,1st Round,5,Altmaier D.,Medjedovic H.,56,57.0,952,950.0,7.0,5.0,6.0,7.0,7.0,6.0,6.0,7.0,6.0,4.0,3.0,2.0,Completed,3.5,1.3,3.53,1.34,4.0,1.33,3.51,1.29,3.85,1.34
46,New York,US Open,2025-08-26,Grand Slam,Outdoor,Hard,1st Round,5,Schoolkate T.,Sonego L.,96,46.0,654,1090.0,6.0,3.0,7.0,6.0,1.0,6.0,1.0,6.0,7.0,6.0,3.0,2.0,Completed,3.4,1.36,3.22,1.39,3.4,1.45,3.07,1.36,3.35,1.41
46,New York,US Open,2025-08-26,Grand Slam,Outdoor,Hard,1st Round,5,Tsitsipas S.,Muller A.,28,38.0,1790,1208.0,4.0,6.0,6.0,0.0,6.0,1.0,7.0,6.0,,,3.0,1.0,Completed,1.44,2.75,1.56,2.59,1.55,2.75,1.5,2.54,1.54,2.78
46,New York,US Open,2025-08-26,Grand Slam,Outdoor,Hard,1st Round,5,De Minaur A.,O Connell C.,8,81.0,3545,784.0,6.0,3.0,6.0,4.0,6.0,4.0,,,,,3.0,0.0,Completed,1.04,13.0,1.05,14.54,1.06,15.0,1.04,11.02,1.05,20.0
46,New York,US Open,2025-08-26,Grand Slam,Outdoor,Hard,1st Round,5,Borges N.,Holt B.,41,110.0,1145,554.0,6.0,4.0,6.0,2.0,6.0,3.0,,,,,3.0,0.0,Completed,1.36,3.2,1.36,3.37,1.42,3.2,1.37,3.02,1.42,3.3
46,New York,US Open,2025-08-26,Grand Slam,Outdoor,Hard,1st Round,5,Safiullin R.,Monfils G.,94,49.0,676,1015.0,6.0,4.0,2.0,6.0,6.0,1.0,3.0,6.0,6.0,4.0,3.0,2.0,Completed,1.91,1.91,1.98,1.9,2.0,1.92,1.92,1.86,2.04,1.94
46,New York,US Open,2025-08-27,Grand Slam,Outdoor,Hard,1st Round,5,Fearnley J.,Bautista Agut R.,60,47.0,939,1075.0,7.0,5.0,6.0,2.0,5.0,7.0,6.0,4.0,,,3.0,1.0,Completed,2.2,1.67,2.3,1.68,2.3,1.7,2.22,1.65,2.34,1.74
46,New York,US Open,2025-08-27,Grand Slam,Outdoor,Hard,1st Round,5,Paul T.,Moller E.,14,109.0,2610,560.0,6.0,3.0,6.0,3.0,6.0,1.0,,,,,3.0,0.0,Completed,1.03,15.0,1.07,11.34,1.06,15.0,1.04,10.89,1.06,15.0
46,New York,US Open,2025-08-27,Grand Slam,Outdoor,Hard,1st Round,5,Zverev A.,Tabilo A.,3,122.0,6230,517.0,6.0,2.0,7.0,6.0,6.0,4.0,,,,,3.0,0.0,Completed,1.03,17.0,,,1.04,17.0,1.03,14.1,1.04,22.0
46,New York,US Open,2025-08-27,Grand Slam,Outdoor,Hard,2nd Round,5,Lehecka J.,Etcheverry T.,21,59.0,2115,940.0,3.0,6.0,6.0,0.0,6.0,2.0,6.0,4.0,,,3.0,1.0,Completed,1.25,4.0,1.28,4.08,1.27,4.33,1.25,3.86,1.28,4.4
46,New York,US Open,2025-08-27,Grand Slam,Outdoor,Hard,2nd Round,5,Kym J.,Nakashima B.,175,31.0,309,1570.0,4.0,6.0,7.0,6.0,7.0,5.0,3.0,6.0,7.0,6.0,3.0,2.0,Completed,3.5,1.3,3.66,1.33,3.75,1.36,3.46,1.31,3.65,1.37
46,New York,US Open,2025-08-27,Grand Slam,Outdoor,Hard,2nd Round,5,Djokovic N.,Svajda Z.,7,145.0,4130,421.0,6.0,7.0,6.0,3.0,6.0,3.0,6.0,1.0,,,3.0,1.0,Completed,1.05,11.0,1.09,9.74,1.08,13.0,1.05,9.92,1.06,15.0
46,New York,US Open,2025-08-27,Grand Slam,Outdoor,Hard,2nd Round,5,Machac T.,Fonseca J.,22,45.0,2110,1095.0,7.0,6.0,6.0,2.0,6.0,3.0,,,,,3.0,0.0,Completed,2.0,1.8,1.83,2.09,2.05,1.88,1.99,1.8,2.1,1.89
46,New York,US Open,2025-08-27,Grand Slam,Outdoor,Hard,2nd Round,5,Collignon R.,Ruud C.,107,12.0,583,2905.0,6.0,4.0,3.0,6.0,3.0,6.0,6.0,4.0,7.0,5.0,3.0,2.0,Completed,5.0,1.17,6.11,1.16,5.25,1.2,4.94,1.17,5.8,1.2
46,New York,US Open,2025-08-27,Grand Slam,Outdoor,Hard,2nd Round,5,Bonzi B.,Giron M.,51,55.0,999,960.0,2.0,6.0,4.0,6.0,7.0,5.0,6.0,3.0,6.0,4.0,3.0,2.0,Completed,1.91,1.91,1.98,1.93,1.96,1.95,1.89,1.89,2.04,1.94
46,New York,US Open,2025-08-27,Grand Slam,Outdoor,Hard,2nd Round,5,Fritz T.,Harris L.,4,353.0,5575,139.0,4.0,6.0,7.0,6.0,6.0,2.0,6.0,4.0,,,3.0,1.0,Completed,1.06,10.0,1.09,9.59,1.1,10.0,1.07,8.36,1.09,11.0
46,New York,US Open,2025-08-27,Grand Slam,Outdoor,Hard,2nd Round,5,Norrie C.,Comesana F.,35,54.0,1297,962.0,7.0,6.0,6.0,3.0,6.0,7.0,7.0,6.0,,,3.0,1.0,Completed,1.5,2.63,1.54,2.67,1.55,2.63,1.5,2.57,1.54,2.82
46,New York,US Open,2025-08-27,Grand Slam,Outdoor,Hard,2nd Round,5,Rinderknech A.,Davidovich Fokina A.,82,18.0,782,2185.0,6.0,4.0,3.0,6.0,2.0,6.0,6.0,2.0,6.0,3.0,3.0,2.0,Completed,5.0,1.17,5.24,1.19,5.25,1.21,4.65,1.19,5.5,1.21
46,New York,US Open,2025-08-27,Grand Slam,Outdoor,Hard,2nd Round,5,Blanchet U.,Mensik J.,184,16.0,295,2430.0,6.0,7.0,7.0,6.0,3.0,6.0,6.0,4.0,7.0,6.0,3.0,2.0,Completed,4.5,1.2,4.9,1.21,5.0,1.22,4.62,1.19,5.5,1.21
46,New York,US Open,2025-08-27,Grand Slam,Outdoor,Hard,2nd Round,5,Tiafoe F.,Damm M.,17,431.0,2340,106.0,6.0,4.0,7.0,5.0,6.0,7.0,7.0,5.0,,,3.0,1.0,Completed,1.13,6.0,1.15,6.24,1.17,7.0,1.12,6.13,1.15,7.0
46,New York,US Open,2025-08-27,Grand Slam,Outdoor,Hard,2nd Round,5,Darderi L.,Spizzirri E.,34,127.0,1379,493.0,6.0,0.0,7.0,6.0,2.0,6.0,6.0,4.0,,,3.0,1.0,Completed,1.57,2.38,1.69,2.3,1.65,2.4,1.59,2.31,1.69,2.4
46,New York,US Open,2025-08-27,Grand Slam,Outdoor,Hard,2nd Round,5,Mannarino A.,Thompson J.,77,58.0,811,945.0,6.0,4.0,6.0,7.0,6.0,3.0,6.0,3.0,,,3.0,1.0,Completed,1.53,2.5,1.57,2.58,1.63,2.6,1.53,2.48,1.58,2.68
46,New York,US Open,2025-08-28,Grand Slam,Outdoor,Hard,2nd Round,5,Struff J.L.,Rune H.,144,11.0,428,3050.0,7.0,6.0,2.0,6.0,6.0,3.0,4.0,6.0,7.0,5.0,3.0,2.0,Completed,3.4,1.33,3.58,1.34,4.0,1.35,3.33,1.32,3.7,1.36
46,New York,US Open,2025-08-28,Grand Slam,Outdoor,Hard,2nd Round,5,Alcaraz C.,Bellucci M.,2,65.0,9590,914.0,6.0,1.0,6.0,0.0,6.0,3.0,,,,,3.0,0.0,Completed,1.02,21.0,1.04,18.27,1.03,21.0,1.02,14.88,1.02,40.0
46,New York,US Open,2025-08-28,Grand Slam,Outdoor,Hard,2nd Round,5,Shelton B.,Carreno Busta P.,6,137.0,4280,468.0,6.0,4.0,6.0,2.0,6.0,4.0,,,,,3.0,0.0,Completed,1.07,9.0,1.08,8.72,1.08,9.0,1.07,8.38,1.09,11.0
46,New York,US Open,2025-08-28,Grand Slam,Outdoor,Hard,2nd Round,5,Bergs Z.,Draper J.,48,5.0,1039,4440.0,,,,,,,,,,,,,Walkover,4.5,1.2,5.77,1.18,5.5,1.2,4.85,1.17,4.9,1.24
46,New York,US Open,2025-08-28,Grand Slam,Outdoor,Hard,2nd Round,5,Rublev A.,Boyer T.,15,113.0,2610,546.0,6.0,3.0,6.0,3.0,5.0,7.0,7.0,6.0,,,3.0,1.0,Completed,1.05,11.0,1.06,12.34,1.06,11.0,1.05,10.22,1.07,14.5
46,New York,US Open,2025-08-28,Grand Slam,Outdoor,Hard,2nd Round,5,Musetti L.,Goffin D.,10,80.0,3205,784.0,6.0,4.0,6.0,0.0,6.0,2.0,,,,,3.0,0.0,Completed,1.14,5.5,1.16,6.28,1.17,6.0,1.14,5.49,1.17,6.6
46,New York,US Open,2025-08-28,Grand Slam,Outdoor,Hard,2nd Round,5,Wong C.,Walton A.,173,85.0,315,763.0,7.0,6.0,6.0,2.0,4.0,6.0,6.0,4.0,,,3.0,1.0,Completed,2.38,1.57,2.41,1.64,3.2,1.62,2.42,1.56,2.52,1.64
46,New York,US Open,2025-08-28,Grand Slam,Outdoor,Hard,2nd Round,5,Majchrzak K.,Khachanov K.,76,9.0,819,3240.0,2.0,6.0,6.0,7.0,6.0,4.0,7.0,5.0,7.0,6.0,3.0,2.0,Completed,4.5,1.2,4.84,1.22,4.75,1.21,4.45,1.2,5.4,1.22
46,New York,US Open,2025-08-28,Grand Slam,Outdoor,Hard,2nd Round,5,Shapovalov D.,Royer V.,29,98.0,1748,643.0,7.0,6.0,3.0,6.0,7.0,6.0,6.0,3.0,,,3.0,1.0,Completed,1.36,3.2,1.36,3.43,1.36,3.4,1.34,3.19,1.4,3.45
46,New York,US Open,2025-08-28,Grand Slam,Outdoor,Hard,2nd Round,5,Riedi L.,Cerundolo F.,435,19.0,104,2135.0,3.0,6.0,4.0,6.0,6.0,4.0,6.0,4.0,6.0,2.0,3.0,2.0,Completed,2.75,1.44,2.77,1.51,2.75,1.5,2.69,1.46,2.92,1.51
46,New York,US Open,2025-08-28,Grand Slam,Outdoor,Hard,2nd Round,5,Cobolli F.,Brooksby J.,26,92.0,2040,687.0,5.0,7.0,6.0,3.0,6.0,4.0,2.0,6.0,7.0,6.0,3.0,2.0,Completed,1.62,2.3,1.61,2.48,1.62,2.4,1.58,2.33,1.69,2.44
46,New York,US Open,2025-08-28,Grand Slam,Outdoor,Hard,2nd Round,5,Sinner J.,Popyrin A.,1,36.0,11480,1290.0,6.0,3.0,6.0,2.0,6.0,2.0,,,,,3.0,0.0,Completed,1.02,21.0,,,1.04,21.0,1.02,14.88,1.03,28.0
46,New York,US Open,2025-08-28,Grand Slam,Outdoor,Hard,2nd Round,5,Munar J.,Diallo G.,44,33.0,1117,1388.0,7.0,5.0,6.0,3.0,7.0,5.0,,,,,3.0,0.0,Completed,1.91,1.91,1.81,2.13,1.91,1.98,1.86,1.91,1.96,2.04
46,New York,US Open,2025-08-28,Grand Slam,Outdoor,Hard,2nd Round,5,Bublik A.,Schoolkate T.,24,96.0,2055,654.0,6.0,3.0,6.0,3.0,6.0,3.0,,,,,3.0,0.0,Completed,1.2,4.5,1.22,4.87,1.21,4.75,1.2,4.43,1.23,5.3
46,New York,US Open,2025-08-29,Grand Slam,Outdoor,Hard,2nd Round,5,Zverev A.,Fearnley J.,3,60.0,6230,939.0,6.0,4.0,6.0,4.0,6.0,4.0,,,,,3.0,0.0,Completed,1.07,9.0,1.07,9.54,1.09,9.5,1.07,8.37,1.08,12.5
46,New York,US Open,2025-08-29,Grand Slam,Outdoor,Hard,2nd Round,5,Altmaier D.,Tsitsipas S.,56,28.0,952,1790.0,7.0,6.0,1.0,6.0,4.0,6.0,6.0,3.0,7.0,5.0,3.0,2.0,Completed,3.5,1.3,3.79,1.32,3.75,1.36,3.47,1.3,3.8,1.35
46,New York,US Open,2025-08-29,Grand Slam,Outdoor,Hard,2nd Round,5,Auger-Aliassime F.,Safiullin R.,27,94.0,1965,676.0,6.0,1.0,7.0,6.0,7.0,6.0,,,,,3.0,0.0,Completed,1.33,3.4,1.37,3.37,1.36,3.5,1.33,3.24,1.36,3.7
46,New York,US Open,2025-08-29,Grand Slam,Outdoor,Hard,2nd Round,5,De Minaur A.,Mochizuki S.,8,112.0,3545,550.0,6.0,2.0,6.0,4.0,6.0,2.0,,,,,3.0,0.0,Completed,1.03,15.0,1.04,15.57,1.05,15.0,1.03,12.67,1.04,21.0
46,New York,US Open,2025-08-29,Grand Slam,Outdoor,Hard,2nd Round,5,Paul T.,Borges N.,14,41.0,2610,1145.0,7.0,6.0,6.0,3.0,5.0,7.0,5.0,7.0,7.0,5.0,3.0,2.0,Completed,1.25,4.0,1.28,3.99,1.32,4.0,1.26,3.77,1.29,4.3
46,New York,US Open,2025-08-29,Grand Slam,Outdoor,Hard,3rd Round,5,Lehecka J.,Collignon R.,21,107.0,2115,583.0,6.0,4.0,6.0,4.0,6.0,4.0,,,,,3.0,0.0,Completed,1.13,6.0,1.13,7.29,1.15,7.0,1.12,6.23,1.15,7.6
46,New York,US Open,2025-08-29,Grand Slam,Outdoor,Hard,3rd Round,5,Rinderknech A.,Bonzi B.,82,51.0,782,999.0,4.0,6.0,6.0,3.0,6.0,3.0,6.0,2.0,,,3.0,1.0,Completed,2.0,1.8,2.01,1.9,2.02,1.95,1.96,1.82,2.08,1.92
46,New York,US Open,2025-08-29,Grand Slam,Outdoor,Hard,3rd Round,5,Alcaraz C.,Darderi L.,2,34.0,9590,1379.0,6.0,2.0,6.0,4.0,6.0,0.0,,,,,3.0,0.0,Completed,1.01,26.0,,,1.03,26.0,1.02,16.9,1.01,50.0
46,New York,US Open,2025-08-29,Grand Slam,Outdoor,Hard,3rd Round,5,Mannarino A.,Shelton B.,77,6.0,811,4280.0,3.0,6.0,6.0,3.0,4.0,6.0,6.0,4.0,,,2.0,2.0,Retired,5.5,1.14,6.34,1.16,7.0,1.18,5.61,1.14,7.2,1.15
46,New York,US Open,2025-08-29,Grand Slam,Outdoor,Hard,3rd Round,5,Struff J.L.,Tiafoe F.,144,17.0,428,2340.0,6.0,4.0,6.0,3.0,7.0,6.0,,,,,3.0,0.0,Completed,3.2,1.36,3.33,1.38,3.35,1.4,3.21,1.34,3.25,1.43
46,New York,US Open,2025-08-30,Grand Slam,Outdoor,Hard,3rd Round,5,Djokovic N.,Norrie C.,7,35.0,4130,1297.0,6.0,4.0,6.0,7.0,6.0,2.0,6.0,3.0,,,3.0,1.0,Completed,1.08,8.0,1.1,8.89,1.12,8.0,1.09,7.25,1.13,8.6
46,New York,US Open,2025-08-30,Grand Slam,Outdoor,Hard,3rd Round,5,Machac T.,Blanchet U.,22,184.0,2110,295.0,7.0,5.0,6.0,3.0,6.0,1.0,,,,,3.0,0.0,Completed,1.14,5.5,1.17,5.96,1.22,6.0,1.15,5.24,1.18,6.2
46,New York,US Open,2025-08-30,Grand Slam,Outdoor,Hard,3rd Round,5,Fritz T.,Kym J.,4,175.0,5575,309.0,7.0,6.0,6.0,7.0,6.0,4.0,6.0,4.0,,,3.0,1.0,Completed,1.06,10.0,1.08,10.63,1.08,10.0,1.06,9.26,1.08,12.5
46,New York,US Open,2025-08-30,Grand Slam,Outdoor,Hard,3rd Round,5,Musetti L.,Cobolli F.,10,26.0,3205,2040.0,6.0,3.0,6.0,2.0,2.0,0.0,,,,,2.0,0.0,Retired,1.36,3.2,1.37,3.38,1.4,3.25,1.35,3.17,1.38,3.55
46,New York,US Open,2025-08-30,Grand Slam,Outdoor,Hard,3rd Round,5,Munar J.,Bergs Z.,44,48.0,1117,1039.0,6.0,1.0,6.0,4.0,6.0,4.0,,,,,3.0,0.0,Completed,1.44,2.75,1.44,3.01,1.45,2.9,1.42,2.8,1.5,2.98
46,New York,US Open,2025-08-30,Grand Slam,Outdoor,Hard,3rd Round,5,Sinner J.,Shapovalov D.,1,29.0,11480,1748.0,5.0,7.0,6.0,4.0,6.0,3.0,6.0,3.0,,,3.0,1.0,Completed,1.02,21.0,,,1.04,21.0,1.02,15.75,1.03,32.0
46,New York,US Open,2025-08-30,Grand Slam,Outdoor,Hard,3rd Round,5,Rublev A.,Wong C.,15,173.0,2610,315.0,2.0,6.0,6.0,4.0,6.0,3.0,4.0,6.0,6.0,3.0,3.0,2.0,Completed,1.08,8.0,1.09,9.51,1.12,8.0,1.09,7.42,1.11,9.2
46,New York,US Open,2025-08-30,Grand Slam,Outdoor,Hard,3rd Round,5,Riedi L.,Majchrzak K.,435,76.0,104,819.0,5.0,3.0,,,,,,,,,0.0,0.0,Retired,2.3,1.62,2.3,1.69,3.5,1.66,2.35,1.6,2.44,1.68
46,New York,US Open,2025-08-30,Grand Slam,Outdoor,Hard,3rd Round,5,De Minaur A.,Altmaier D.,8,56.0,3545,952.0,6.0,7.0,6.0,3.0,6.0,4.0,2.0,0.0,,,2.0,1.0,Retired,1.05,11.0,1.05,14.48,1.06,12.0,1.05,10.3,1.07,15.0
46,New York,US Open,2025-08-31,Grand Slam,Outdoor,Hard,3rd Round,5,Auger-Aliassime F.,Zverev A.,27,3.0,1965,6230.0,4.0,6.0,7.0,6.0,6.0,4.0,6.0,4.0,,,3.0,1.0,Completed,3.75,1.29,4.06,1.28,4.0,1.29,3.76,1.26,4.3,1.29
46,New York,US Open,2025-08-31,Grand Slam,Outdoor,Hard,3rd Round,5,Bublik A.,Paul T.,24,14.0,2055,2610.0,7.0,6.0,6.0,7.0,6.0,3.0,6.0,7.0,6.0,1.0,3.0,2.0,Completed,1.91,1.91,1.92,1.99,1.95,2.1,1.88,1.9,1.98,2.0
46,New York,US Open,2025-08-31,Grand Slam,Outdoor,Hard,4th Round,5,Lehecka J.,Mannarino A.,21,77.0,2115,811.0,7.0,6.0,6.0,4.0,2.0,6.0,6.0,2.0,,,3.0,1.0,Completed,1.33,3.4,1.37,3.42,1.36,3.4,1.33,3.25,1.38,3.55
46,New York,US Open,2025-08-31,Grand Slam,Outdoor,Hard,4th Round,5,Alcaraz C.,Rinderknech A.,2,82.0,9590,782.0,7.0,6.0,6.0,3.0,6.0,4.0,,,,,3.0,0.0,Completed,1.01,23.0,,,1.03,23.0,1.02,16.67,1.02,46.0
46,New York,US Open,2025-08-31,Grand Slam,Outdoor,Hard,4th Round,5,Fritz T.,Machac T.,4,22.0,5575,2110.0,6.0,4.0,6.0,3.0,6.0,3.0,,,,,3.0,0.0,Completed,1.36,3.2,1.39,3.29,1.4,3.2,1.36,3.07,1.39,3.5
46,New York,US Open,2025-09-01,Grand Slam,Outdoor,Hard,4th Round,5,Djokovic N.,Struff J.L.,7,144.0,4130,428.0,6.0,3.0,6.0,3.0,6.0,2.0,,,,,3.0,0.0,Completed,1.14,5.5,1.17,5.55,1.17,5.75,1.15,5.43,1.18,6.4
46,New York,US Open,2025-09-01,Grand Slam,Outdoor,Hard,4th Round,5,De Minaur A.,Riedi L.,8,435.0,3545,104.0,6.0,3.0,6.0,2.0,6.0,1.0,,,,,3.0,0.0,Completed,1.05,11.0,1.07,11.05,1.09,11.0,1.06,9.47,1.08,12.0
46,New York,US Open,2025-09-01,Grand Slam,Outdoor,Hard,4th Round,5,Auger-Aliassime F.,Rublev A.,27,15.0,1965,2610.0,7.0,5.0,6.0,3.0,6.0,4.0,,,,,3.0,0.0,Completed,2.1,1.73,2.1,1.82,2.1,1.8,2.05,1.75,2.2,1.82
46,New York,US Open,2025-09-01,Grand Slam,Outdoor,Hard,4th Round,5,Musetti L.,Munar J.,10,44.0,3205,1117.0,6.0,3.0,6.0,0.0,6.0,1.0,,,,,3.0,0.0,Completed,1.44,2.75,1.47,2.89,1.48,2.9,1.44,2.78,1.5,2.98
46,New York,US Open,2025-09-02,Grand Slam,Outdoor,Hard,4th Round,5,Sinner J.,Bublik A.,1,24.0,11480,2055.0,6.0,1.0,6.0,1.0,6.0,1.0,,,,,3.0,0.0,Completed,1.08,8.0,1.09,8.96,1.12,8.5,1.09,7.59,1.12,9.2
46,New York,US Open,2025-09-02,Grand Slam,Outdoor,Hard,Quarterfinals,5,Alcaraz C.,Lehecka J.,2,21.0,9590,2115.0,6.0,4.0,6.0,2.0,6.0,4.0,,,,,3.0,0.0,Completed,1.05,11.0,1.06,12.75,1.08,11.0,1.05,10.11,1.07,15.0
46,New York,US Open,2025-09-03,Grand Slam,Outdoor,Hard,Quarterfinals,5,Djokovic N.,Fritz T.,7,4.0,4130,5575.0,6.0,3.0,7.0,5.0,3.0,6.0,6.0,4.0,,,3.0,1.0,Completed,1.44,2.75,1.53,2.69,1.48,2.88,1.45,2.76,1.51,2.94
46,New York,US Open,2025-09-03,Grand Slam,Outdoor,Hard,Quarterfinals,5,Auger-Aliassime F.,De Minaur A.,27,8.0,1965,3545.0,4.0,6.0,7.0,6.0,7.0,5.0,7.0,6.0,,,3.0,1.0,Completed,2.2,1.67,2.36,1.67,2.3,1.82,2.23,1.66,2.36,1.73
46,New York,US Open,2025-09-04,Grand Slam,Outdoor,Hard,Quarterfinals,5,Sinner J.,Musetti L.,1,10.0,11480,3205.0,6.0,1.0,6.0,4.0,6.0,2.0,,,,,3.0,0.0,Completed,1.03,15.0,1.05,16.01,1.05,17.0,1.04,12.69,1.05,17.5
46,New York,US Open,2025-09-05,Grand Slam,Outdoor,Hard,Semifinals,5,Alcaraz C.,Djokovic N.,2,7.0,9590,4130.0,6.0,4.0,7.0,6.0,6.0,2.0,,,,,3.0,0.0,Completed,1.25,4.0,1.29,4.03,1.3,4.0,1.27,3.73,1.3,4.3
46,New York,US Open,2025-09-06,Grand Slam,Outdoor,Hard,Semifinals,5,Sinner J.,Auger-Aliassime F.,1,27.0,11480,1965.0,6.0,1.0,3.0,6.0,6.0,3.0,6.0,4.0,,,3.0,1.0,Completed,1.03,17.0,1.05,15.13,1.05,17.0,1.03,13.38,1.04,22.0
46,New York,US Open,2025-09-07,Grand Slam,Outdoor,Hard,The Final,5,Alcaraz C.,Sinner J.,2,1.0,9590,11480.0,6.0,2.0,3.0,6.0,6.0,1.0,6.0,4.0,,,3.0,1.0,Completed,2.15,1.75,2.12,1.81,2.15,1.83,2.09,1.75,2.24,1.79
47,Chengdu,Chengdu Open,2025-09-17,ATP250,Outdoor,Hard,1st Round,3,Giron M.,Quinn E.,50,81.0,1000,773.0,7.0,5.0,6.0,4.0,,,,,,,2.0,0.0,Completed,1.8,2.0,1.85,2.03,1.81,2.02,1.79,1.99,1.87,2.12
47,Chengdu,Chengdu Open,2025-09-17,ATP250,Outdoor,Hard,1st Round,3,Zhou Y.,Norrie C.,304,34.0,170,1397.0,6.0,7.0,6.0,4.0,7.0,6.0,,,,,2.0,1.0,Completed,4.5,1.2,4.64,1.22,4.5,1.22,4.35,1.21,4.8,1.25
47,Chengdu,Chengdu Open,2025-09-17,ATP250,Outdoor,Hard,1st Round,3,O Connell C.,Halys Q.,103,75.0,619,806.0,6.0,7.0,6.0,3.0,6.0,4.0,,,,,2.0,1.0,Completed,1.91,1.91,1.93,1.94,1.93,1.95,1.9,1.87,2.0,1.98
47,Chengdu,Chengdu Open,2025-09-17,ATP250,Outdoor,Hard,1st Round,3,Shang J.,Bergs Z.,138,46.0,460,1089.0,6.0,1.0,5.0,7.0,6.0,4.0,,,,,2.0,1.0,Completed,1.8,2.0,1.76,2.15,1.81,2.1,1.75,2.04,1.84,2.16
47,Chengdu,Chengdu Open,2025-09-18,ATP250,Outdoor,Hard,1st Round,3,Mpetshi G.,Misolic F.,36,92.0,1275,671.0,3.0,6.0,6.0,1.0,6.0,4.0,,,,,2.0,1.0,Completed,1.57,2.38,1.61,2.42,1.6,2.4,1.57,2.36,1.62,2.56
47,Chengdu,Chengdu Open,2025-09-18,ATP250,Outdoor,Hard,1st Round,3,Sonego L.,Cerundolo J.M.,44,72.0,1090,829.0,4.0,6.0,6.0,3.0,6.0,1.0,,,,,2.0,1.0,Completed,1.53,2.5,1.56,2.56,1.55,2.6,1.52,2.51,1.56,2.74
47,Chengdu,Chengdu Open,2025-09-18,ATP250,Outdoor,Hard,1st Round,3,Tabilo A.,Thompson J.,112,78.0,567,795.0,6.0,4.0,6.0,3.0,,,,,,,2.0,0.0,Completed,1.8,2.0,1.84,2.04,2.05,2.05,1.82,1.95,1.87,2.1
47,Chengdu,Chengdu Open,2025-09-18,ATP250,Outdoor,Hard,1st Round,3,Daniel T.,Wong C.,168,149.0,326,418.0,6.0,3.0,6.0,2.0,,,,,,,2.0,0.0,Completed,3.0,1.4,2.85,1.47,3.0,1.8,2.7,1.46,3.05,1.47
47,Chengdu,Chengdu Open,2025-09-18,ATP250,Outdoor,Hard,1st Round,3,Prizmic D.,Atmane T.,121,70.0,536,852.0,6.0,4.0,6.0,3.0,,,,,,,2.0,0.0,Completed,1.8,2.0,1.81,2.07,1.83,2.4,1.76,2.03,1.83,2.14
47,Chengdu,Chengdu Open,2025-09-18,ATP250,Outdoor,Hard,1st Round,3,McDonald M.,Van De Zandschulp B.,98,83.0,642,759.0,6.0,4.0,3.0,6.0,6.0,3.0,,,,,2.0,1.0,Completed,1.91,1.91,1.95,1.92,2.02,1.91,1.93,1.85,2.0,1.95
47,Chengdu,Chengdu Open,2025-09-18,ATP250,Outdoor,Hard,1st Round,3,Shevchenko A.,Monfils G.,96,52.0,652,975.0,6.0,7.0,6.0,3.0,1.0,0.0,,,,,1.0,1.0,Retired,2.5,1.53,2.53,1.57,2.5,1.6,2.42,1.55,2.56,1.61
47,Chengdu,Chengdu Open,2025-09-18,ATP250,Outdoor,Hard,1st Round,3,Basilashvili N.,Harris B.,114,131.0,558,492.0,7.0,6.0,6.0,3.0,,,,,,,2.0,0.0,Completed,,,,,1.75,2.11,1.72,2.08,1.77,2.2
47,Chengdu,Chengdu Open,2025-09-19,ATP250,Outdoor,Hard,2nd Round,3,Giron M.,Sonego L.,50,44.0,1000,1090.0,6.0,4.0,6.0,4.0,,,,,,,2.0,0.0,Completed,1.91,1.91,1.96,1.91,2.0,1.91,1.96,1.82,2.08,1.88
47,Chengdu,Chengdu Open,2025-09-19,ATP250,Outdoor,Hard,2nd Round,3,Tabilo A.,Darderi L.,112,30.0,567,1584.0,6.0,4.0,6.0,3.0,,,,,,,2.0,0.0,Completed,1.67,2.2,1.68,2.27,1.67,2.38,1.62,2.26,1.68,2.44
47,Chengdu,Chengdu Open,2025-09-19,ATP250,Outdoor,Hard,2nd Round,3,O Connell C.,Zhou Y.,103,304.0,619,170.0,6.0,2.0,6.0,4.0,,,,,,,2.0,0.0,Completed,1.53,2.5,1.55,2.6,1.55,2.65,1.5,2.56,1.57,2.7
47,Chengdu,Chengdu Open,2025-09-19,ATP250,Outdoor,Hard,2nd Round,3,Nakashima B.,Shang J.,33,138.0,1420,460.0,7.0,5.0,6.0,3.0,,,,,,,2.0,0.0,Completed,1.57,2.38,1.68,2.3,1.57,2.6,1.52,2.47,1.57,2.7
47,Chengdu,Chengdu Open,2025-09-20,ATP250,Outdoor,Hard,2nd Round,3,Basilashvili N.,McDonald M.,114,98.0,558,642.0,6.0,2.0,7.0,6.0,,,,,,,2.0,0.0,Completed,2.5,1.53,2.4,1.63,2.5,1.6,2.36,1.56,2.54,1.63
47,Chengdu,Chengdu Open,2025-09-20,ATP250,Outdoor,Hard,2nd Round,3,Daniel T.,Griekspoor T.,168,31.0,326,1565.0,3.0,6.0,6.0,4.0,6.0,3.0,,,,,2.0,1.0,Completed,2.75,1.44,2.69,1.52,2.75,1.54,2.56,1.49,2.8,1.53
47,Chengdu,Chengdu Open,2025-09-20,ATP250,Outdoor,Hard,2nd Round,3,Musetti L.,Prizmic D.,9,121.0,3505,536.0,7.0,5.0,3.0,6.0,6.0,2.0,,,,,2.0,1.0,Completed,1.33,3.4,1.4,3.17,1.4,3.4,1.37,3.07,1.42,3.35
47,Chengdu,Chengdu Open,2025-09-20,ATP250,Outdoor,Hard,2nd Round,3,Shevchenko A.,Mpetshi G.,96,36.0,652,1275.0,6.0,7.0,7.0,6.0,6.0,4.0,,,,,2.0,1.0,Completed,2.75,1.44,2.75,1.5,3.4,1.5,2.7,1.45,2.9,1.51
47,Chengdu,Chengdu Open,2025-09-21,ATP250,Outdoor,Hard,Quarterfinals,3,Tabilo A.,O Connell C.,112,103.0,567,619.0,4.0,6.0,7.0,5.0,6.0,2.0,,,,,2.0,1.0,Completed,1.5,2.63,1.54,2.67,1.53,2.75,1.49,2.59,1.55,2.78
47,Chengdu,Chengdu Open,2025-09-21,ATP250,Outdoor,Hard,Quarterfinals,3,Nakashima B.,Giron M.,33,50.0,1420,1000.0,6.0,3.0,2.0,6.0,7.0,6.0,,,,,2.0,1.0,Completed,1.44,2.75,1.45,2.98,1.5,2.8,1.44,2.71,1.53,2.88
47,Chengdu,Chengdu Open,2025-09-21,ATP250,Outdoor,Hard,Quarterfinals,3,Musetti L.,Basilashvili N.,9,114.0,3505,558.0,6.0,3.0,6.0,3.0,,,,,,,2.0,0.0,Completed,1.3,3.5,1.31,3.87,1.33,3.75,1.29,3.62,1.29,4.3
47,Chengdu,Chengdu Open,2025-09-21,ATP250,Outdoor,Hard,Quarterfinals,3,Shevchenko A.,Daniel T.,96,168.0,652,326.0,7.0,6.0,3.0,6.0,6.0,2.0,,,,,2.0,1.0,Completed,1.8,2.0,1.85,2.06,1.82,2.05,1.78,2.01,1.78,2.26
47,Chengdu,Chengdu Open,2025-09-22,ATP250,Outdoor,Hard,Semifinals,3,Tabilo A.,Nakashima B.,112,33.0,567,1420.0,6.0,4.0,7.0,6.0,,,,,,,2.0,0.0,Completed,2.5,1.53,2.59,1.56,2.63,1.55,2.52,1.51,2.84,1.53
47,Chengdu,Chengdu Open,2025-09-22,ATP250,Outdoor,Hard,Semifinals,3,Musetti L.,Shevchenko A.,9,96.0,3505,652.0,6.0,3.0,6.0,1.0,,,,,,,2.0,0.0,Completed,1.14,5.5,1.19,5.48,1.18,6.0,1.16,5.12,1.18,6.2
47,Chengdu,Chengdu Open,2025-09-23,ATP250,Outdoor,Hard,The Final,3,Tabilo A.,Musetti L.,112,9.0,567,96.0,6.0,3.0,2.0,6.0,7.0,6.0,,,,,2.0,1.0,Completed,4.33,1.22,3.89,1.3,4.33,1.3,3.82,1.26,4.5,1.28
48,Hangzhou,Hangzhou Open,2025-09-17,ATP250,Outdoor,Hard,1st Round,3,Tien L.,Navone M.,54,82.0,945,770.0,5.0,7.0,6.0,3.0,6.0,4.0,,,,,2.0,1.0,Completed,1.44,2.75,1.6,2.47,1.55,2.75,1.5,2.54,1.6,2.62
48,Hangzhou,Hangzhou Open,2025-09-17,ATP250,Outdoor,Hard,1st Round,3,Wu Y.,Mannarino A.,196,53.0,272,947.0,4.0,6.0,7.0,6.0,7.0,5.0,,,,,2.0,1.0,Completed,1.73,2.1,1.83,2.07,1.8,2.11,1.73,2.07,1.84,2.16
48,Hangzhou,Hangzhou Open,2025-09-18,ATP250,Outdoor,Hard,1st Round,3,Etcheverry T.,Dzumhur D.,63,68.0,890,868.0,6.0,2.0,6.0,4.0,,,,,,,2.0,0.0,Completed,1.4,3.0,1.43,3.05,1.45,3.0,1.4,2.9,1.47,3.05
48,Hangzhou,Hangzhou Open,2025-09-18,ATP250,Outdoor,Hard,1st Round,3,Svrcina D.,Berrettini M.,99,57.0,641,925.0,6.0,3.0,6.0,3.0,,,,,,,2.0,0.0,Completed,3.2,1.36,3.37,1.36,3.5,1.36,3.25,1.33,3.4,1.41
48,Hangzhou,Hangzhou Open,2025-09-18,ATP250,Outdoor,Hard,1st Round,3,Basavareddy N.,Cilic M.,109,59.0,590,914.0,4.0,6.0,6.0,4.0,6.0,3.0,,,,,2.0,1.0,Completed,1.5,2.63,1.53,2.61,1.55,2.63,1.5,2.55,1.64,2.52
48,Hangzhou,Hangzhou Open,2025-09-18,ATP250,Outdoor,Hard,1st Round,3,Zeppieri G.,Sun F.,169,236.0,324,241.0,6.0,3.0,6.0,2.0,,,,,,,2.0,0.0,Completed,1.17,5.0,1.21,5.01,1.2,5.5,1.18,4.72,1.2,5.6
48,Hangzhou,Hangzhou Open,2025-09-18,ATP250,Outdoor,Hard,1st Round,3,Zhang Zh.,Bu Y.,192,74.0,275,811.0,6.0,7.0,6.0,4.0,7.0,6.0,,,,,2.0,1.0,Completed,3.2,1.36,3.19,1.4,3.2,1.4,3.06,1.36,3.3,1.4
48,Hangzhou,Hangzhou Open,2025-09-19,ATP250,Outdoor,Hard,1st Round,3,Hijikata R.,Ugo Carabelli C.,111,43.0,583,1123.0,7.0,6.0,6.0,4.0,,,,,,,2.0,0.0,Completed,1.44,2.75,1.49,2.8,1.57,2.75,1.48,2.58,1.53,2.82
48,Hangzhou,Hangzhou Open,2025-09-19,ATP250,Outdoor,Hard,1st Round,3,Korda S.,Walton A.,79,76.0,795,803.0,7.0,5.0,6.0,3.0,,,,,,,2.0,0.0,Completed,1.44,2.75,1.53,2.67,1.65,2.75,1.47,2.62,1.51,2.9
48,Hangzhou,Hangzhou Open,2025-09-19,ATP250,Outdoor,Hard,1st Round,3,Cazaux A.,Arnaldi M.,84,73.0,757,825.0,6.0,4.0,3.0,6.0,7.0,5.0,,,,,2.0,1.0,Completed,2.0,1.8,1.94,1.94,2.0,1.91,1.91,1.86,2.0,1.98
48,Hangzhou,Hangzhou Open,2025-09-19,ATP250,Outdoor,Hard,1st Round,3,Royer V.,Kovacevic A.,88,69.0,677,862.0,4.0,6.0,7.0,6.0,6.0,3.0,,,,,2.0,1.0,Completed,1.67,2.2,1.78,2.15,1.73,2.4,1.69,2.15,1.76,2.28
48,Hangzhou,Hangzhou Open,2025-09-19,ATP250,Outdoor,Hard,1st Round,3,Vukic A.,Goffin D.,93,87.0,668,734.0,6.0,4.0,1.0,6.0,6.0,1.0,,,,,2.0,1.0,Completed,1.73,2.1,1.76,2.17,1.73,2.14,1.71,2.1,1.79,2.24
48,Hangzhou,Hangzhou Open,2025-09-20,ATP250,Outdoor,Hard,2nd Round,3,Medvedev D.,Basavareddy N.,18,109.0,2370,590.0,6.0,2.0,6.0,3.0,,,,,,,2.0,0.0,Completed,1.36,3.2,1.42,3.09,1.44,3.45,1.37,2.99,1.45,3.15
48,Hangzhou,Hangzhou Open,2025-09-20,ATP250,Outdoor,Hard,2nd Round,3,Tien L.,Zeppieri G.,54,169.0,945,324.0,6.0,4.0,6.0,3.0,,,,,,,2.0,0.0,Completed,1.53,2.5,1.62,2.42,1.65,2.6,1.57,2.38,1.64,2.5
48,Hangzhou,Hangzhou Open,2025-09-20,ATP250,Outdoor,Hard,2nd Round,3,Moutet C.,Cazaux A.,39,84.0,1146,757.0,6.0,7.0,6.0,3.0,7.0,6.0,,,,,2.0,1.0,Completed,1.8,2.0,1.85,2.04,1.95,2.0,1.82,1.96,1.89,2.12
48,Hangzhou,Hangzhou Open,2025-09-20,ATP250,Outdoor,Hard,2nd Round,3,Wu Y.,Korda S.,196,79.0,272,795.0,4.0,6.0,6.0,1.0,6.0,4.0,,,,,2.0,1.0,Completed,2.63,1.5,2.49,1.59,2.63,1.57,2.45,1.54,2.62,1.6
48,Hangzhou,Hangzhou Open,2025-09-20,ATP250,Outdoor,Hard,2nd Round,3,Etcheverry T.,Hijikata R.,63,111.0,890,583.0,6.0,1.0,6.0,4.0,,,,,,,2.0,0.0,Completed,1.5,2.63,1.56,2.59,1.53,2.63,1.51,2.54,1.56,2.74
48,Hangzhou,Hangzhou Open,2025-09-20,ATP250,Outdoor,Hard,2nd Round,3,Royer V.,Rublev A.,88,14.0,677,2610.0,6.0,4.0,7.0,6.0,,,,,,,2.0,0.0,Completed,4.33,1.22,4.03,1.27,4.33,1.25,4.04,1.23,4.7,1.25
48,Hangzhou,Hangzhou Open,2025-09-20,ATP250,Outdoor,Hard,2nd Round,3,Bublik A.,Vukic A.,19,93.0,2245,668.0,6.0,7.0,6.0,4.0,6.0,4.0,,,,,2.0,1.0,Completed,1.3,3.5,1.34,3.53,1.35,3.5,1.32,3.32,1.35,3.7
48,Hangzhou,Hangzhou Open,2025-09-20,ATP250,Outdoor,Hard,2nd Round,3,Svrcina D.,Zhang Zh.,99,192.0,641,275.0,6.0,4.0,6.0,3.0,,,,,,,2.0,0.0,Completed,2.2,1.67,2.19,1.75,2.25,1.71,2.16,1.67,2.28,1.75
48,Hangzhou,Hangzhou Open,2025-09-21,ATP250,Outdoor,Hard,Quarterfinals,3,Moutet C.,Etcheverry T.,39,63.0,1146,890.0,3.0,6.0,3.0,0.0,,,,,,,0.0,1.0,Retired,2.3,1.62,2.1,1.81,2.35,1.73,2.15,1.68,2.2,1.81
48,Hangzhou,Hangzhou Open,2025-09-21,ATP250,Outdoor,Hard,Quarterfinals,3,Royer V.,Tien L.,88,54.0,677,945.0,7.0,6.0,4.0,6.0,6.0,2.0,,,,,2.0,1.0,Completed,2.3,1.62,2.53,1.58,2.4,1.62,2.36,1.57,2.58,1.61
48,Hangzhou,Hangzhou Open,2025-09-21,ATP250,Outdoor,Hard,Quarterfinals,3,Wu Y.,Medvedev D.,196,18.0,272,2370.0,5.0,7.0,7.0,6.0,6.0,4.0,,,,,2.0,1.0,Completed,3.5,1.3,3.64,1.33,3.75,1.3,3.58,1.28,3.75,1.35
48,Hangzhou,Hangzhou Open,2025-09-21,ATP250,Outdoor,Hard,Quarterfinals,3,Bublik A.,Svrcina D.,19,99.0,2245,641.0,6.0,1.0,6.0,1.0,,,,,,,2.0,0.0,Completed,1.3,3.5,1.33,3.64,1.33,3.7,1.3,3.45,1.37,3.65
48,Hangzhou,Hangzhou Open,2025-09-22,ATP250,Outdoor,Hard,Semifinals,3,Royer V.,Moutet C.,88,39.0,677,1146.0,6.0,3.0,6.0,2.0,,,,,,,2.0,0.0,Completed,2.3,1.62,2.37,1.65,2.33,1.65,2.26,1.62,2.4,1.71
48,Hangzhou,Hangzhou Open,2025-09-22,ATP250,Outdoor,Hard,Semifinals,3,Bublik A.,Wu Y.,19,196.0,2245,272.0,6.0,3.0,6.0,3.0,,,,,,,2.0,0.0,Completed,1.3,3.5,1.36,3.45,1.33,3.55,1.3,3.4,1.34,3.8
48,Hangzhou,Hangzhou Open,2025-09-23,ATP250,Outdoor,Hard,The Final,3,Bublik A.,Royer V.,19,88.0,2245,677.0,7.0,6.0,7.0,6.0,,,,,,,2.0,0.0,Completed,1.25,4.0,1.28,4.15,1.26,4.1,1.25,3.92,1.3,4.2
49,Beijing,China Open,2025-09-25,ATP500,Outdoor,Hard,1st Round,3,Muller A.,Khachanov K.,38,10.0,1168,3280.0,4.0,6.0,7.0,6.0,6.0,4.0,,,,,2.0,1.0,Completed,4.5,1.2,4.49,1.24,4.6,1.29,4.23,1.22,4.7,1.25
49,Beijing,China Open,2025-09-25,ATP500,Outdoor,Hard,1st Round,3,Marozsan F.,Bonzi B.,57,47.0,920,1083.0,7.0,6.0,6.0,3.0,,,,,,,2.0,0.0,Completed,1.62,2.3,1.65,2.36,1.66,2.34,1.62,2.26,1.72,2.34
49,Beijing,China Open,2025-09-25,ATP500,Outdoor,Hard,1st Round,3,Atmane T.,Zhang Zh.,68,370.0,839,135.0,6.0,4.0,6.0,2.0,,,,,,,2.0,0.0,Completed,1.57,2.38,1.58,2.49,1.57,2.6,1.52,2.49,1.59,2.6
49,Beijing,China Open,2025-09-25,ATP500,Outdoor,Hard,1st Round,3,Davidovich Fokina A.,Ugo Carabelli C.,20,43.0,2225,1123.0,6.0,1.0,6.0,3.0,,,,,,,2.0,0.0,Completed,1.13,6.0,1.16,5.97,1.17,6.0,1.15,5.33,1.18,6.2
49,Beijing,China Open,2025-09-25,ATP500,Outdoor,Hard,1st Round,3,Sinner J.,Cilic M.,2,97.0,10780,664.0,6.0,2.0,6.0,2.0,,,,,,,2.0,0.0,Completed,1.03,17.0,1.02,23.11,1.03,21.0,1.02,15.63,1.03,29.0
49,Beijing,China Open,2025-09-26,ATP500,Outdoor,Hard,1st Round,3,Mensik J.,Kecmanovic M.,19,46.0,2380,1086.0,7.0,5.0,6.0,4.0,,,,,,,2.0,0.0,Completed,1.5,2.63,1.51,2.73,1.5,2.75,1.48,2.62,1.52,2.88
49,Beijing,China Open,2025-09-26,ATP500,Outdoor,Hard,1st Round,3,Cobolli F.,Rublev A.,25,14.0,2040,2610.0,7.0,6.0,6.0,3.0,,,,,,,2.0,0.0,Completed,2.75,1.44,2.96,1.45,2.9,1.47,2.82,1.42,3.15,1.45
49,Beijing,China Open,2025-09-26,ATP500,Outdoor,Hard,1st Round,3,Rinderknech A.,Goffin D.,54,87.0,932,734.0,6.0,4.0,3.0,6.0,6.0,4.0,,,,,2.0,1.0,Completed,1.67,2.2,,,1.73,2.2,1.7,2.13,,
49,Beijing,China Open,2025-09-26,ATP500,Outdoor,Hard,1st Round,3,De Minaur A.,Bu Y.,8,89.0,3545,721.0,6.0,4.0,6.0,0.0,,,,,,,2.0,0.0,Completed,1.2,4.5,1.22,4.85,1.22,4.75,1.19,4.6,1.23,5.3
49,Beijing,China Open,2025-09-26,ATP500,Outdoor,Hard,1st Round,3,Cazaux A.,Shang J.,80,238.0,782,235.0,0.0,6.0,7.0,6.0,7.0,5.0,,,,,2.0,1.0,Completed,2.0,1.8,1.89,1.99,2.0,1.91,1.93,1.84,1.96,2.0
49,Beijing,China Open,2025-09-26,ATP500,Outdoor,Hard,1st Round,3,Tien L.,Cerundolo F.,52,21.0,985,2135.0,4.0,6.0,6.0,3.0,6.0,4.0,,,,,2.0,1.0,Completed,2.2,1.67,2.12,1.79,2.2,1.85,2.08,1.73,2.22,1.81
49,Beijing,China Open,2025-09-26,ATP500,Outdoor,Hard,1st Round,3,Medvedev D.,Norrie C.,18,34.0,2410,1397.0,6.0,3.0,6.0,4.0,,,,,,,2.0,0.0,Completed,1.3,3.5,1.29,3.91,1.4,3.5,1.32,3.34,1.34,3.8
49,Beijing,China Open,2025-09-26,ATP500,Outdoor,Hard,1st Round,3,Mannarino A.,Bublik A.,60,16.0,897,2445.0,6.0,3.0,6.0,2.0,,,,,,,2.0,0.0,Completed,3.0,1.4,3.18,1.4,3.0,1.5,2.87,1.41,3.25,1.42
49,Beijing,China Open,2025-09-26,ATP500,Outdoor,Hard,1st Round,3,Moutet C.,Griekspoor T.,37,31.0,1233,1565.0,6.0,4.0,7.0,5.0,,,,,,,2.0,0.0,Completed,1.73,2.1,1.79,2.12,1.73,2.25,1.7,2.12,1.85,2.16
49,Beijing,China Open,2025-09-26,ATP500,Outdoor,Hard,1st Round,3,Musetti L.,Mpetshi G.,9,36.0,3505,1275.0,7.0,6.0,6.0,7.0,6.0,4.0,,,,,2.0,1.0,Completed,1.33,3.4,1.36,3.42,1.36,3.75,1.34,3.25,1.35,3.7
49,Beijing,China Open,2025-09-26,ATP500,Outdoor,Hard,1st Round,3,Zverev A.,Sonego L.,3,44.0,5930,1105.0,6.0,4.0,6.0,3.0,,,,,,,2.0,0.0,Completed,1.25,4.0,1.27,4.12,1.27,5.25,1.23,4.06,1.28,4.4
49,Beijing,China Open,2025-09-27,ATP500,Outdoor,Hard,2nd Round,3,Marozsan F.,Muller A.,57,38.0,920,1168.0,6.0,3.0,7.0,6.0,,,,,,,2.0,0.0,Completed,1.57,2.38,1.64,2.42,1.62,2.38,1.59,2.29,1.67,2.44
49,Beijing,China Open,2025-09-27,ATP500,Outdoor,Hard,2nd Round,3,De Minaur A.,Rinderknech A.,8,54.0,3545,932.0,6.0,3.0,3.0,6.0,7.0,6.0,,,,,2.0,1.0,Completed,1.07,9.0,1.11,8.03,1.12,9.0,1.1,6.96,1.13,8.2
49,Beijing,China Open,2025-09-27,ATP500,Outdoor,Hard,2nd Round,3,Sinner J.,Atmane T.,2,68.0,10780,839.0,6.0,4.0,5.0,7.0,6.0,0.0,,,,,2.0,1.0,Completed,1.04,13.0,1.02,19.03,1.05,13.0,1.04,10.92,1.05,17.5
49,Beijing,China Open,2025-09-27,ATP500,Outdoor,Hard,2nd Round,3,Mensik J.,Cazaux A.,19,80.0,2380,782.0,6.0,3.0,2.0,6.0,6.0,4.0,,,,,2.0,1.0,Completed,1.44,2.75,1.45,2.98,1.46,2.9,1.43,2.78,1.48,3.0
49,Beijing,China Open,2025-09-28,ATP500,Outdoor,Hard,2nd Round,3,Tien L.,Cobolli F.,52,25.0,985,2040.0,6.0,3.0,6.0,2.0,,,,,,,2.0,0.0,Completed,2.5,1.53,2.47,1.61,2.5,1.57,2.37,1.56,2.48,1.66
49,Beijing,China Open,2025-09-28,ATP500,Outdoor,Hard,2nd Round,3,Musetti L.,Mannarino A.,9,60.0,3505,897.0,6.0,3.0,6.0,3.0,,,,,,,2.0,0.0,Completed,1.44,2.75,1.53,2.7,1.5,2.8,1.44,2.7,1.55,2.78
49,Beijing,China Open,2025-09-28,ATP500,Outdoor,Hard,2nd Round,3,Medvedev D.,Davidovich Fokina A.,18,20.0,2410,2225.0,6.0,3.0,6.0,3.0,,,,,,,2.0,0.0,Completed,1.67,2.2,1.75,2.21,1.73,2.2,1.7,2.12,1.75,2.3
49,Beijing,China Open,2025-09-28,ATP500,Outdoor,Hard,2nd Round,3,Zverev A.,Moutet C.,3,37.0,5930,1233.0,7.0,5.0,3.0,6.0,6.0,3.0,,,,,2.0,1.0,Completed,1.17,5.0,1.21,5.15,1.21,5.0,1.19,4.65,1.21,5.6
49,Beijing,China Open,2025-09-29,ATP500,Outdoor,Hard,Quarterfinals,3,De Minaur A.,Mensik J.,8,19.0,3545,2380.0,4.0,1.0,,,,,,,,,0.0,0.0,Retired,1.4,3.0,1.47,2.9,1.45,3.0,1.42,2.84,1.43,3.25
49,Beijing,China Open,2025-09-29,ATP500,Outdoor,Hard,Quarterfinals,3,Sinner J.,Marozsan F.,2,57.0,10780,920.0,6.0,1.0,7.0,5.0,,,,,,,2.0,0.0,Completed,1.04,13.0,,,1.05,14.0,1.04,10.73,1.04,22.0
49,Beijing,China Open,2025-09-29,ATP500,Outdoor,Hard,Quarterfinals,3,Tien L.,Musetti L.,52,9.0,985,3505.0,4.0,6.0,6.0,3.0,3.0,0.0,,,,,1.0,1.0,Retired,3.2,1.36,3.26,1.39,3.3,1.4,3.14,1.36,3.45,1.4
49,Beijing,China Open,2025-09-29,ATP500,Outdoor,Hard,Quarterfinals,3,Medvedev D.,Zverev A.,18,3.0,2410,5930.0,6.0,3.0,6.0,3.0,,,,,,,2.0,0.0,Completed,1.8,2.0,1.86,2.03,1.91,2.12,1.78,2.01,1.8,2.2
49,Beijing,China Open,2025-09-30,ATP500,Outdoor,Hard,Semifinals,3,Sinner J.,De Minaur A.,2,8.0,10780,3545.0,6.0,3.0,4.0,6.0,6.0,2.0,,,,,2.0,1.0,Completed,1.11,6.5,1.16,6.18,1.14,6.5,1.12,6.0,1.15,7.2
49,Beijing,China Open,2025-09-30,ATP500,Outdoor,Hard,Semifinals,3,Tien L.,Medvedev D.,52,18.0,985,2410.0,5.0,7.0,7.0,5.0,4.0,0.0,,,,,1.0,1.0,Retired,3.5,1.3,3.52,1.34,4.0,1.32,3.55,1.29,4.0,1.32
49,Beijing,China Open,2025-10-01,ATP500,Outdoor,Hard,The Final,3,Sinner J.,Tien L.,2,52.0,10780,985.0,6.0,2.0,6.0,2.0,,,,,,,2.0,0.0,Completed,1.03,15.0,,,1.05,15.0,1.03,12.08,1.04,23.0
50,Tokyo,Japan Open Tennis Championships,2025-09-24,ATP500,Outdoor,Hard,1st Round,3,Berrettini M.,Munar J.,56,40.0,925,1138.0,6.0,4.0,6.0,2.0,,,,,,,2.0,0.0,Completed,2.3,1.62,2.26,1.71,2.33,1.64,2.27,1.61,2.4,1.68
50,Tokyo,Japan Open Tennis Championships,2025-09-24,ATP500,Outdoor,Hard,1st Round,3,Borges N.,Watanuki Y.,51,147.0,995,401.0,2.0,6.0,6.0,4.0,6.0,1.0,,,,,2.0,1.0,Completed,1.57,2.38,1.68,2.31,1.62,2.4,1.59,2.32,1.67,2.44
50,Tokyo,Japan Open Tennis Championships,2025-09-24,ATP500,Outdoor,Hard,1st Round,3,Altmaier D.,Shapovalov D.,50,26.0,1003,1838.0,7.0,5.0,6.0,3.0,,,,,,,2.0,0.0,Completed,3.4,1.33,3.61,1.33,3.5,1.34,3.29,1.33,3.65,1.37
50,Tokyo,Japan Open Tennis Championships,2025-09-24,ATP500,Outdoor,Hard,1st Round,3,Fucsovics M.,Tiafoe F.,58,29.0,916,1640.0,3.0,6.0,6.0,1.0,7.0,5.0,,,,,2.0,1.0,Completed,1.8,2.0,1.69,2.25,1.83,2.06,1.79,2.0,1.88,2.12
50,Tokyo,Japan Open Tennis Championships,2025-09-25,ATP500,Outdoor,Hard,1st Round,3,Brooksby J.,Humbert U.,86,24.0,737,2045.0,7.0,6.0,6.0,3.0,,,,,,,2.0,0.0,Completed,2.5,1.53,2.18,1.76,2.5,1.64,2.32,1.59,2.44,1.64
50,Tokyo,Japan Open Tennis Championships,2025-09-25,ATP500,Outdoor,Hard,1st Round,3,Darderi L.,Nishioka Y.,30,157.0,1584,374.0,7.0,6.0,6.0,3.0,,,,,,,2.0,0.0,Completed,1.62,2.3,1.71,2.25,1.67,2.3,1.64,2.24,1.67,2.38
50,Tokyo,Japan Open Tennis Championships,2025-09-25,ATP500,Outdoor,Hard,1st Round,3,Korda S.,Giron M.,74,48.0,820,1040.0,4.0,6.0,6.0,3.0,7.0,6.0,,,,,2.0,1.0,Completed,1.53,2.5,1.58,2.52,1.57,2.5,1.54,2.44,1.64,2.52
50,Tokyo,Japan Open Tennis Championships,2025-09-25,ATP500,Outdoor,Hard,1st Round,3,Shimabukuro S.,Machac T.,273,22.0,198,2110.0,6.0,3.0,7.0,6.0,,,,,,,2.0,0.0,Completed,3.5,1.3,3.64,1.33,4.0,1.3,3.55,1.29,4.1,1.31
50,Tokyo,Japan Open Tennis Championships,2025-09-25,ATP500,Outdoor,Hard,1st Round,3,Fritz T.,Diallo G.,5,35.0,4675,1308.0,4.0,6.0,6.0,3.0,7.0,6.0,,,,,2.0,1.0,Completed,1.29,3.75,1.27,4.11,1.29,3.9,1.27,3.72,1.29,4.2
50,Tokyo,Japan Open Tennis Championships,2025-09-25,ATP500,Outdoor,Hard,1st Round,3,Vukic A.,Dzumhur D.,95,66.0,668,868.0,6.0,4.0,3.0,6.0,6.0,3.0,,,,,2.0,1.0,Completed,1.53,2.5,1.55,2.6,1.53,2.75,1.5,2.55,1.54,2.78
50,Tokyo,Japan Open Tennis Championships,2025-09-25,ATP500,Outdoor,Hard,1st Round,3,Nakashima B.,Thompson J.,33,78.0,1420,795.0,6.0,7.0,7.0,6.0,6.0,2.0,,,,,2.0,1.0,Completed,1.44,2.75,1.5,2.77,1.45,2.9,1.42,2.79,1.46,3.1
50,Tokyo,Japan Open Tennis Championships,2025-09-25,ATP500,Outdoor,Hard,1st Round,3,Quinn E.,Michelsen A.,81,32.0,773,1485.0,7.0,5.0,6.0,2.0,,,,,,,2.0,0.0,Completed,2.3,1.62,2.49,1.6,2.3,1.72,2.2,1.66,2.2,1.81
50,Tokyo,Japan Open Tennis Championships,2025-09-25,ATP500,Outdoor,Hard,1st Round,3,Ruud C.,Mochizuki S.,12,106.0,2755,607.0,4.0,6.0,6.0,1.0,6.0,1.0,,,,,2.0,1.0,Completed,1.33,3.4,1.41,3.11,1.4,3.4,1.37,3.06,1.43,3.25
50,Tokyo,Japan Open Tennis Championships,2025-09-25,ATP500,Outdoor,Hard,1st Round,3,Bergs Z.,Tabilo A.,45,72.0,1089,826.0,1.0,6.0,7.0,6.0,7.0,6.0,,,,,2.0,1.0,Completed,1.73,2.1,1.8,2.11,1.78,2.12,1.72,2.09,1.83,2.18
50,Tokyo,Japan Open Tennis Championships,2025-09-25,ATP500,Outdoor,Hard,1st Round,3,Rune H.,Medjedovic H.,11,63.0,3090,883.0,7.0,6.0,6.0,1.0,,,,,,,2.0,0.0,Completed,1.62,2.3,1.65,2.37,1.65,2.3,1.62,2.25,1.66,2.46
50,Tokyo,Japan Open Tennis Championships,2025-09-25,ATP500,Outdoor,Hard,1st Round,3,Alcaraz C.,Baez S.,1,41.0,11540,1135.0,6.0,4.0,6.0,2.0,,,,,,,2.0,0.0,Completed,1.02,19.0,,,1.02,23.0,1.01,17.87,1.01,50.0
50,Tokyo,Japan Open Tennis Championships,2025-09-26,ATP500,Outdoor,Hard,2nd Round,3,Vukic A.,Altmaier D.,95,50.0,668,1003.0,6.0,4.0,6.0,2.0,,,,,,,2.0,0.0,Completed,2.1,1.73,1.95,1.93,2.1,1.9,1.95,1.82,2.04,1.94
50,Tokyo,Japan Open Tennis Championships,2025-09-26,ATP500,Outdoor,Hard,2nd Round,3,Korda S.,Shimabukuro S.,74,273.0,820,198.0,6.0,1.0,6.0,4.0,,,,,,,2.0,0.0,Completed,1.33,3.4,1.37,3.34,1.34,3.4,1.33,3.25,1.37,3.6
50,Tokyo,Japan Open Tennis Championships,2025-09-26,ATP500,Outdoor,Hard,2nd Round,3,Fritz T.,Borges N.,5,51.0,4675,995.0,7.0,5.0,7.0,6.0,,,,,,,2.0,0.0,Completed,1.14,5.5,1.2,5.19,1.19,5.5,1.16,5.07,1.21,5.5
50,Tokyo,Japan Open Tennis Championships,2025-09-26,ATP500,Outdoor,Hard,2nd Round,3,Ruud C.,Berrettini M.,12,56.0,2755,925.0,7.0,6.0,6.0,2.0,,,,,,,2.0,0.0,Completed,1.67,2.2,1.71,2.27,1.68,2.23,1.66,2.2,1.72,2.36
50,Tokyo,Japan Open Tennis Championships,2025-09-27,ATP500,Outdoor,Hard,2nd Round,3,Brooksby J.,Darderi L.,86,30.0,737,1584.0,7.0,6.0,6.0,1.0,,,,,,,2.0,0.0,Completed,1.5,2.63,1.57,2.57,1.53,2.63,1.52,2.5,1.59,2.6
50,Tokyo,Japan Open Tennis Championships,2025-09-27,ATP500,Outdoor,Hard,2nd Round,3,Nakashima B.,Fucsovics M.,33,58.0,1420,916.0,7.0,5.0,6.0,3.0,,,,,,,2.0,0.0,Completed,1.73,2.1,1.8,2.14,1.78,2.1,1.75,2.06,1.84,2.18
50,Tokyo,Japan Open Tennis Championships,2025-09-27,ATP500,Outdoor,Hard,2nd Round,3,Rune H.,Quinn E.,11,81.0,3090,773.0,6.0,4.0,6.0,2.0,,,,,,,2.0,0.0,Completed,1.36,3.2,1.42,3.12,1.4,3.2,1.36,3.08,1.41,3.3
50,Tokyo,Japan Open Tennis Championships,2025-09-27,ATP500,Outdoor,Hard,2nd Round,3,Alcaraz C.,Bergs Z.,1,45.0,11540,1089.0,6.0,4.0,6.0,3.0,,,,,,,2.0,0.0,Completed,1.04,13.0,,,1.06,13.0,1.04,10.71,1.06,16.0
50,Tokyo,Japan Open Tennis Championships,2025-09-28,ATP500,Outdoor,Hard,Quarterfinals,3,Fritz T.,Korda S.,5,74.0,4675,820.0,6.0,3.0,6.0,7.0,6.0,3.0,,,,,2.0,1.0,Completed,1.33,3.4,1.39,3.3,1.35,3.4,1.34,3.23,1.39,3.5
50,Tokyo,Japan Open Tennis Championships,2025-09-28,ATP500,Outdoor,Hard,Quarterfinals,3,Brooksby J.,Rune H.,86,11.0,737,3090.0,6.0,3.0,6.0,3.0,,,,,,,2.0,0.0,Completed,3.0,1.4,2.91,1.46,3.0,1.47,2.8,1.42,3.05,1.47
50,Tokyo,Japan Open Tennis Championships,2025-09-28,ATP500,Outdoor,Hard,Quarterfinals,3,Ruud C.,Vukic A.,12,95.0,2755,668.0,6.0,3.0,6.0,2.0,,,,,,,2.0,0.0,Completed,1.33,3.4,1.34,3.59,1.35,3.4,1.33,3.3,1.35,3.75
50,Tokyo,Japan Open Tennis Championships,2025-09-28,ATP500,Outdoor,Hard,Quarterfinals,3,Alcaraz C.,Nakashima B.,1,33.0,11540,1420.0,6.0,2.0,6.0,4.0,,,,,,,2.0,0.0,Completed,1.08,8.0,1.08,8.42,1.08,8.5,1.07,7.98,1.1,10.0
50,Tokyo,Japan Open Tennis Championships,2025-09-29,ATP500,Outdoor,Hard,Semifinals,3,Fritz T.,Brooksby J.,5,86.0,4675,737.0,6.0,4.0,6.0,3.0,,,,,,,2.0,0.0,Completed,1.25,4.0,1.32,3.65,1.3,4.0,1.28,3.66,1.32,4.0
50,Tokyo,Japan Open Tennis Championships,2025-09-29,ATP500,Outdoor,Hard,Semifinals,3,Alcaraz C.,Ruud C.,1,12.0,11540,2755.0,3.0,6.0,6.0,3.0,6.0,4.0,,,,,2.0,1.0,Completed,1.11,6.5,1.13,7.27,1.12,7.0,1.11,6.47,1.13,8.4
50,Tokyo,Japan Open Tennis Championships,2025-09-30,ATP500,Outdoor,Hard,The Final,3,Alcaraz C.,Fritz T.,1,5.0,11540,4675.0,6.0,4.0,6.0,4.0,,,,,,,2.0,0.0,Completed,1.25,4.0,1.23,4.59,1.29,4.1,1.26,3.87,1.3,4.3
51,Shanghai,Shanghai Masters,2025-10-01,Masters 1000,Outdoor,Hard,1st Round,3,Bellucci M.,Walton A.,69,77.0,857,802.0,7.0,6.0,6.0,1.0,,,,,,,2.0,0.0,Completed,1.8,2.0,1.89,2.0,1.8,2.04,1.79,1.99,1.87,2.12
51,Shanghai,Shanghai Masters,2025-10-01,Masters 1000,Outdoor,Hard,1st Round,3,Nardi L.,Ofner S.,88,138.0,727,453.0,3.0,6.0,6.0,3.0,6.0,2.0,,,,,2.0,1.0,Completed,1.67,2.2,1.66,2.34,1.67,2.3,1.61,2.26,1.68,2.46
51,Shanghai,Shanghai Masters,2025-10-01,Masters 1000,Outdoor,Hard,1st Round,3,Munar J.,Fucsovics M.,41,53.0,1138,984.0,4.0,6.0,7.0,5.0,6.0,1.0,,,,,2.0,1.0,Completed,2.1,1.73,2.04,1.85,2.1,1.79,2.07,1.73,2.3,1.75
51,Shanghai,Shanghai Masters,2025-10-01,Masters 1000,Outdoor,Hard,1st Round,3,Goffin D.,Muller A.,83,39.0,759,1205.0,6.0,7.0,6.0,1.0,6.0,1.0,,,,,2.0,1.0,Completed,2.0,1.8,1.95,1.93,2.0,1.85,1.97,1.81,2.12,1.89
51,Shanghai,Shanghai Masters,2025-10-01,Masters 1000,Outdoor,Hard,1st Round,3,Thompson J.,Holmgren A.,85,178.0,745,315.0,4.0,6.0,6.0,3.0,6.0,4.0,,,,,2.0,1.0,Completed,1.4,3.0,1.41,3.1,1.45,3.0,1.43,2.75,1.5,2.96
51,Shanghai,Shanghai Masters,2025-10-01,Masters 1000,Outdoor,Hard,1st Round,3,Altmaier D.,Schoolkate T.,49,96.0,1043,654.0,6.0,3.0,6.0,4.0,,,,,,,2.0,0.0,Completed,2.0,1.8,1.97,1.9,2.0,1.84,1.95,1.82,2.02,1.97
51,Shanghai,Shanghai Masters,2025-10-01,Masters 1000,Outdoor,Hard,1st Round,3,Mannarino A.,Berrettini M.,60,59.0,922,925.0,7.0,5.0,7.0,6.0,,,,,,,2.0,0.0,Completed,2.2,1.67,2.32,1.67,2.25,1.7,2.2,1.65,2.38,1.68
51,Shanghai,Shanghai Masters,2025-10-01,Masters 1000,Outdoor,Hard,1st Round,3,Cilic M.,Basilashvili N.,94,100.0,664,618.0,6.0,3.0,7.0,6.0,,,,,,,2.0,0.0,Completed,2.0,1.8,2.01,1.86,2.05,1.81,2.0,1.77,2.1,1.88
51,Shanghai,Shanghai Masters,2025-10-01,Masters 1000,Outdoor,Hard,1st Round,3,Nishioka Y.,Shevchenko A.,173,89.0,324,727.0,6.0,1.0,6.0,2.0,,,,,,,2.0,0.0,Completed,1.67,2.2,1.72,2.23,1.73,2.2,1.71,2.11,1.85,2.12
51,Shanghai,Shanghai Masters,2025-10-01,Masters 1000,Outdoor,Hard,1st Round,3,Vacherot V.,Djere L.,204,82.0,263,766.0,6.0,3.0,6.0,4.0,,,,,,,2.0,0.0,Completed,1.53,2.5,1.55,2.61,1.53,2.6,1.51,2.51,1.56,2.72
51,Shanghai,Shanghai Masters,2025-10-01,Masters 1000,Outdoor,Hard,1st Round,3,Bergs Z.,Korda S.,44,63.0,1129,910.0,6.0,4.0,7.0,5.0,,,,,,,2.0,0.0,Completed,3.0,1.4,2.88,1.47,3.0,1.42,2.84,1.41,3.15,1.46
51,Shanghai,Shanghai Masters,2025-10-01,Masters 1000,Outdoor,Hard,1st Round,3,Baez S.,Zhang Zh.,42,368.0,1135,135.0,2.0,6.0,6.0,3.0,6.0,4.0,,,,,2.0,1.0,Completed,2.0,1.8,2.22,1.72,2.1,1.84,2.04,1.76,2.16,1.84
51,Shanghai,Shanghai Masters,2025-10-01,Masters 1000,Outdoor,Hard,1st Round,3,Hanfmann Y.,Sonego L.,150,46.0,394,1105.0,2.0,6.0,6.0,3.0,6.0,1.0,,,,,2.0,1.0,Completed,2.3,1.62,2.38,1.64,2.34,1.67,2.24,1.63,2.34,1.73
51,Shanghai,Shanghai Masters,2025-10-01,Masters 1000,Outdoor,Hard,1st Round,3,Marozsan F.,Wawrinka S.,52,131.0,1010,502.0,6.0,1.0,4.0,6.0,6.0,4.0,,,,,2.0,1.0,Completed,1.4,3.0,1.43,3.01,1.42,3.0,1.4,2.88,1.47,3.05
51,Shanghai,Shanghai Masters,2025-10-02,Masters 1000,Outdoor,Hard,1st Round,3,Ugo Carabelli C.,Atmane T.,45,61.0,1123,914.0,4.0,4.0,,,,,,,,,0.0,0.0,Retired,4.5,1.2,4.13,1.27,4.5,1.24,4.25,1.21,4.3,1.28
51,Shanghai,Shanghai Masters,2025-10-02,Masters 1000,Outdoor,Hard,1st Round,3,Svrcina D.,Wu Y.,91,159.0,684,372.0,7.0,5.0,,,,,,,,,1.0,0.0,Retired,2.38,1.57,2.38,1.64,2.45,1.62,2.32,1.58,2.44,1.69
51,Shanghai,Shanghai Masters,2025-10-02,Masters 1000,Outdoor,Hard,1st Round,3,Borges N.,Van De Zandschulp B.,51,84.0,1020,747.0,7.0,6.0,7.0,6.0,,,,,,,2.0,0.0,Completed,1.8,2.0,1.9,1.99,2.0,2.0,1.83,1.95,1.85,2.16
51,Shanghai,Shanghai Masters,2025-10-02,Masters 1000,Outdoor,Hard,1st Round,3,Comesana F.,Blanchet U.,62,151.0,912,390.0,6.0,4.0,6.0,2.0,,,,,,,2.0,0.0,Completed,1.8,2.0,1.79,2.12,1.8,2.05,1.78,2.0,1.86,2.16
51,Shanghai,Shanghai Masters,2025-10-02,Masters 1000,Outdoor,Hard,1st Round,3,Brooksby J.,Trotter J.K.,57,213.0,937,257.0,7.0,6.0,6.0,1.0,,,,,,,2.0,0.0,Completed,1.29,3.75,1.33,3.59,1.3,3.75,1.29,3.54,1.3,4.2
51,Shanghai,Shanghai Masters,2025-10-02,Masters 1000,Outdoor,Hard,1st Round,3,O Connell C.,Dzumhur D.,109,67.0,582,868.0,6.0,2.0,6.0,4.0,,,,,,,2.0,0.0,Completed,1.62,2.3,1.67,2.32,1.73,2.3,1.62,2.24,1.68,2.44
51,Shanghai,Shanghai Masters,2025-10-02,Masters 1000,Outdoor,Hard,1st Round,3,Bonzi B.,Opelka R.,48,64.0,1075,895.0,7.0,6.0,6.0,4.0,,,,,,,2.0,0.0,Completed,2.0,1.8,2.07,1.83,2.05,1.81,2.0,1.78,2.12,1.86
51,Shanghai,Shanghai Masters,2025-10-02,Masters 1000,Outdoor,Hard,1st Round,3,Majchrzak K.,Quinn E.,66,72.0,868,836.0,6.0,3.0,6.0,4.0,,,,,,,2.0,0.0,Completed,2.2,1.67,2.19,1.75,2.2,1.73,2.13,1.68,2.32,1.74
51,Shanghai,Shanghai Masters,2025-10-02,Masters 1000,Outdoor,Hard,1st Round,3,De Jong J.,Zhou Y.,81,308.0,772,170.0,6.0,7.0,6.0,2.0,7.0,6.0,,,,,2.0,1.0,Completed,1.44,2.75,1.52,2.69,1.5,2.75,1.48,2.63,1.52,2.84
51,Shanghai,Shanghai Masters,2025-10-02,Masters 1000,Outdoor,Hard,1st Round,3,Cazaux A.,Martinez P.,70,73.0,843,833.0,6.0,3.0,3.0,6.0,7.0,5.0,,,,,2.0,1.0,Completed,1.17,5.0,1.22,4.84,1.2,5.0,1.18,4.64,1.24,5.0
51,Shanghai,Shanghai Masters,2025-10-02,Masters 1000,Outdoor,Hard,1st Round,3,Royer V.,Navone M.,76,86.0,805,745.0,3.0,6.0,6.0,4.0,6.0,4.0,,,,,2.0,1.0,Completed,1.4,3.0,1.45,2.96,1.45,3.0,1.41,2.83,1.47,3.05
51,Shanghai,Shanghai Masters,2025-10-02,Masters 1000,Outdoor,Hard,1st Round,3,Tabilo A.,Giron M.,74,50.0,826,1040.0,6.0,4.0,6.0,3.0,,,,,,,2.0,0.0,Completed,1.73,2.1,1.83,2.07,1.79,2.1,1.74,2.06,1.83,2.18
51,Shanghai,Shanghai Masters,2025-10-02,Masters 1000,Outdoor,Hard,1st Round,3,Halys Q.,McDonald M.,75,99.0,809,642.0,6.0,3.0,6.0,2.0,,,,,,,2.0,0.0,Completed,2.5,1.53,2.49,1.6,2.5,1.57,2.42,1.55,2.62,1.6
51,Shanghai,Shanghai Masters,2025-10-02,Masters 1000,Outdoor,Hard,1st Round,3,Shang J.,Kovacevic A.,237,68.0,235,862.0,6.0,4.0,3.0,6.0,6.0,3.0,,,,,2.0,1.0,Completed,1.44,2.75,1.45,2.96,1.47,2.88,1.43,2.73,1.54,2.82
51,Shanghai,Shanghai Masters,2025-10-02,Masters 1000,Outdoor,Hard,1st Round,3,Rinderknech A.,Medjedovic H.,54,65.0,982,872.0,6.0,7.0,1.0,0.0,,,,,,,0.0,1.0,Retired,2.1,1.73,2.34,1.66,2.28,1.73,2.15,1.68,2.24,1.79
51,Shanghai,Shanghai Masters,2025-10-02,Masters 1000,Outdoor,Hard,1st Round,3,Arnaldi M.,Sakamoto R.,71,188.0,838,292.0,7.0,6.0,6.0,4.0,,,,,,,2.0,0.0,Completed,1.57,2.38,1.63,2.4,1.6,2.5,1.57,2.34,1.63,2.58
51,Shanghai,Shanghai Masters,2025-10-02,Masters 1000,Outdoor,Hard,1st Round,3,Bu Y.,Cerundolo J.M.,121,87.0,531,742.0,6.0,3.0,6.0,7.0,6.0,3.0,,,,,2.0,1.0,Completed,1.53,2.5,1.55,2.61,1.56,2.63,1.51,2.51,1.59,2.66
51,Shanghai,Shanghai Masters,2025-10-03,Masters 1000,Outdoor,Hard,1st Round,3,Tien L.,Kecmanovic M.,36,47.0,1303,1086.0,4.0,6.0,6.0,3.0,6.0,4.0,,,,,2.0,1.0,Completed,1.91,1.91,1.89,2.0,1.92,1.95,1.87,1.9,1.94,2.04
51,Shanghai,Shanghai Masters,2025-10-03,Masters 1000,Outdoor,Hard,2nd Round,3,Goffin D.,Shelton B.,83,6.0,759,4190.0,6.0,2.0,6.0,4.0,,,,,,,2.0,0.0,Completed,3.75,1.29,3.1,1.41,3.75,1.34,3.4,1.31,3.95,1.32
51,Shanghai,Shanghai Masters,2025-10-03,Masters 1000,Outdoor,Hard,2nd Round,3,Diallo G.,Bonzi B.,35,48.0,1308,1075.0,6.0,4.0,6.0,4.0,,,,,,,2.0,0.0,Completed,1.5,2.63,1.57,2.52,1.54,2.63,1.51,2.52,1.61,2.62
51,Shanghai,Shanghai Masters,2025-10-03,Masters 1000,Outdoor,Hard,2nd Round,3,Hanfmann Y.,Tiafoe F.,150,28.0,394,1640.0,6.0,7.0,6.0,2.0,6.0,1.0,,,,,2.0,1.0,Completed,2.5,1.53,2.37,1.65,2.63,1.58,2.39,1.55,2.66,1.58
51,Shanghai,Shanghai Masters,2025-10-03,Masters 1000,Outdoor,Hard,2nd Round,3,Cerundolo F.,Mannarino A.,21,60.0,2135,922.0,7.0,6.0,7.0,6.0,,,,,,,2.0,0.0,Completed,1.91,1.91,1.99,1.9,1.95,2.1,1.85,1.94,1.95,2.04
51,Shanghai,Shanghai Masters,2025-10-03,Masters 1000,Outdoor,Hard,2nd Round,3,Rune H.,Baez S.,11,42.0,2990,1135.0,7.0,5.0,6.0,4.0,,,,,,,2.0,0.0,Completed,1.17,5.0,1.2,5.06,1.22,5.0,1.19,4.54,1.21,5.4
51,Shanghai,Shanghai Masters,2025-10-03,Masters 1000,Outdoor,Hard,2nd Round,3,Humbert U.,Thompson J.,26,85.0,1725,745.0,6.0,3.0,7.0,6.0,,,,,,,2.0,0.0,Completed,1.57,2.38,1.72,2.22,1.6,2.6,1.57,2.35,1.68,2.44
51,Shanghai,Shanghai Masters,2025-10-03,Masters 1000,Outdoor,Hard,2nd Round,3,Machac T.,Bellucci M.,23,69.0,1920,857.0,6.0,3.0,6.0,4.0,,,,,,,2.0,0.0,Completed,1.5,2.63,1.54,2.63,1.53,2.63,1.5,2.53,1.56,2.7
51,Shanghai,Shanghai Masters,2025-10-03,Masters 1000,Outdoor,Hard,2nd Round,3,Mpetshi G.,Nardi L.,37,88.0,1275,727.0,6.0,3.0,7.0,6.0,,,,,,,2.0,0.0,Completed,1.53,2.5,1.54,2.64,1.54,2.54,1.51,2.5,1.6,2.62
51,Shanghai,Shanghai Masters,2025-10-03,Masters 1000,Outdoor,Hard,2nd Round,3,Djokovic N.,Cilic M.,5,94.0,4830,664.0,7.0,6.0,6.0,4.0,,,,,,,2.0,0.0,Completed,1.08,8.0,1.11,8.0,1.1,8.0,1.09,7.46,1.11,9.4
51,Shanghai,Shanghai Masters,2025-10-03,Masters 1000,Outdoor,Hard,2nd Round,3,Griekspoor T.,Brooksby J.,31,57.0,1565,937.0,6.0,1.0,1.0,6.0,6.0,1.0,,,,,2.0,1.0,Completed,2.75,1.44,2.6,1.55,2.75,1.5,2.7,1.45,2.88,1.51
51,Shanghai,Shanghai Masters,2025-10-03,Masters 1000,Outdoor,Hard,2nd Round,3,Munar J.,Cobolli F.,41,22.0,1138,1990.0,7.0,5.0,6.0,1.0,,,,,,,2.0,0.0,Completed,2.1,1.73,2.17,1.76,2.11,1.8,2.05,1.75,2.06,1.92
51,Shanghai,Shanghai Masters,2025-10-03,Masters 1000,Outdoor,Hard,2nd Round,3,Vacherot V.,Bublik A.,204,17.0,263,2445.0,3.0,6.0,6.0,3.0,6.0,4.0,,,,,2.0,1.0,Completed,3.75,1.29,3.4,1.36,3.75,1.32,3.55,1.29,3.9,1.34
51,Shanghai,Shanghai Masters,2025-10-03,Masters 1000,Outdoor,Hard,2nd Round,3,Bergs Z.,Ruud C.,44,12.0,1129,2945.0,3.0,6.0,7.0,5.0,4.0,1.0,,,,,1.0,1.0,Retired,3.5,1.3,3.38,1.36,3.5,1.35,3.24,1.34,3.7,1.36
51,Shanghai,Shanghai Masters,2025-10-03,Masters 1000,Outdoor,Hard,2nd Round,3,Fritz T.,Marozsan F.,4,52.0,4995,1010.0,2.0,6.0,7.0,6.0,7.0,6.0,,,,,2.0,1.0,Completed,1.25,4.0,1.31,3.74,1.3,4.33,1.26,3.73,1.28,4.5
51,Shanghai,Shanghai Masters,2025-10-04,Masters 1000,Outdoor,Hard,2nd Round,3,Majchrzak K.,Nakashima B.,66,32.0,868,1470.0,6.0,4.0,6.0,0.0,,,,,,,2.0,0.0,Completed,2.63,1.5,2.68,1.53,2.65,1.5,2.59,1.49,2.74,1.55
51,Shanghai,Shanghai Masters,2025-10-04,Masters 1000,Outdoor,Hard,2nd Round,3,De Minaur A.,Ugo Carabelli C.,7,45.0,3735,1123.0,6.0,4.0,6.0,2.0,,,,,,,2.0,0.0,Completed,1.03,15.0,1.05,13.76,1.05,15.0,1.04,11.2,1.05,16.0
51,Shanghai,Shanghai Masters,2025-10-04,Masters 1000,Outdoor,Hard,2nd Round,3,Lehecka J.,Halys Q.,19,75.0,2365,809.0,6.0,4.0,7.0,5.0,,,,,,,2.0,0.0,Completed,1.2,4.5,1.23,4.68,1.23,4.5,1.21,4.31,1.25,4.9
51,Shanghai,Shanghai Masters,2025-10-04,Masters 1000,Outdoor,Hard,2nd Round,3,Auger-Aliassime F.,Tabilo A.,13,74.0,2755,826.0,6.0,3.0,6.0,3.0,,,,,,,2.0,0.0,Completed,1.53,2.5,1.63,2.4,1.57,2.5,1.54,2.44,1.58,2.68
51,Shanghai,Shanghai Masters,2025-10-04,Masters 1000,Outdoor,Hard,2nd Round,3,Nishioka Y.,Rublev A.,173,14.0,324,2560.0,2.0,6.0,6.0,1.0,6.0,4.0,,,,,2.0,1.0,Completed,3.75,1.29,3.93,1.29,3.8,1.29,3.61,1.28,4.2,1.3
51,Shanghai,Shanghai Masters,2025-10-04,Masters 1000,Outdoor,Hard,2nd Round,3,Rinderknech A.,Michelsen A.,54,34.0,982,1385.0,6.0,3.0,6.0,4.0,,,,,,,2.0,0.0,Completed,2.0,1.8,1.86,2.03,2.0,1.87,1.96,1.82,2.04,1.93
51,Shanghai,Shanghai Masters,2025-10-04,Masters 1000,Outdoor,Hard,2nd Round,3,Shapovalov D.,O Connell C.,24,109.0,1838,582.0,6.0,3.0,6.0,2.0,,,,,,,2.0,0.0,Completed,1.4,3.0,1.44,2.97,1.42,3.0,1.4,2.88,1.46,3.05
51,Shanghai,Shanghai Masters,2025-10-04,Masters 1000,Outdoor,Hard,2nd Round,3,De Jong J.,Mensik J.,81,16.0,772,2455.0,4.0,6.0,7.0,6.0,6.0,4.0,,,,,2.0,1.0,Completed,2.75,1.44,2.81,1.49,2.75,1.45,2.72,1.44,2.88,1.52
51,Shanghai,Shanghai Masters,2025-10-04,Masters 1000,Outdoor,Hard,2nd Round,3,Zverev A.,Royer V.,3,76.0,5980,805.0,6.0,4.0,6.0,4.0,,,,,,,2.0,0.0,Completed,1.25,4.0,1.28,3.99,1.3,4.0,1.28,3.66,1.29,4.3
51,Shanghai,Shanghai Masters,2025-10-04,Masters 1000,Outdoor,Hard,2nd Round,3,Musetti L.,Comesana F.,9,62.0,3555,912.0,6.0,4.0,6.0,0.0,,,,,,,2.0,0.0,Completed,1.25,4.0,1.34,3.55,1.33,4.0,1.29,3.5,1.34,3.85
51,Shanghai,Shanghai Masters,2025-10-04,Masters 1000,Outdoor,Hard,2nd Round,3,Tien L.,Moutet C.,36,38.0,1303,1258.0,4.0,6.0,6.0,4.0,6.0,4.0,,,,,2.0,1.0,Completed,1.91,1.91,2.22,1.71,2.15,1.91,2.02,1.78,2.14,1.85
51,Shanghai,Shanghai Masters,2025-10-04,Masters 1000,Outdoor,Hard,2nd Round,3,Davidovich Fokina A.,Arnaldi M.,20,71.0,2240,838.0,6.0,4.0,6.0,4.0,,,,,,,2.0,0.0,Completed,1.4,3.0,1.48,2.82,1.44,3.0,1.41,2.84,1.47,3.1
51,Shanghai,Shanghai Masters,2025-10-04,Masters 1000,Outdoor,Hard,2nd Round,3,Darderi L.,Bu Y.,29,121.0,1609,531.0,6.0,4.0,6.0,4.0,,,,,,,2.0,0.0,Completed,2.1,1.73,2.14,1.78,2.1,1.76,2.05,1.74,2.12,1.88
51,Shanghai,Shanghai Masters,2025-10-04,Masters 1000,Outdoor,Hard,2nd Round,3,Norrie C.,Cazaux A.,33,70.0,1397,843.0,6.0,3.0,0.0,6.0,7.0,6.0,,,,,2.0,1.0,Completed,1.91,1.91,1.84,2.06,1.98,1.91,1.93,1.85,2.0,1.98
51,Shanghai,Shanghai Masters,2025-10-04,Masters 1000,Outdoor,Hard,2nd Round,3,Medvedev D.,Svrcina D.,18,91.0,2410,684.0,6.0,1.0,6.0,1.0,,,,,,,2.0,0.0,Completed,1.22,4.33,1.27,4.12,1.25,4.33,1.24,3.92,1.29,4.4
51,Shanghai,Shanghai Masters,2025-10-04,Masters 1000,Outdoor,Hard,2nd Round,3,Sinner J.,Altmaier D.,2,49.0,10950,1043.0,6.0,3.0,6.0,3.0,,,,,,,2.0,0.0,Completed,1.03,17.0,1.04,13.94,1.03,17.0,1.02,13.25,1.04,22.0
51,Shanghai,Shanghai Masters,2025-10-04,Masters 1000,Outdoor,Hard,2nd Round,3,Borges N.,Vukic A.,51,79.0,1020,783.0,7.0,6.0,6.0,4.0,,,,,,,2.0,0.0,Completed,1.44,2.75,1.47,2.84,1.47,2.88,1.45,2.7,1.52,2.88
51,Shanghai,Shanghai Masters,2025-10-04,Masters 1000,Outdoor,Hard,2nd Round,3,Shang J.,Khachanov K.,237,10.0,235,3190.0,7.0,6.0,6.0,3.0,,,,,,,2.0,0.0,Completed,2.38,1.57,2.63,1.54,2.5,1.58,2.4,1.56,2.68,1.58
51,Shanghai,Shanghai Masters,2025-10-05,Masters 1000,Outdoor,Hard,3rd Round,3,Diallo G.,Goffin D.,35,83.0,1308,759.0,3.0,0.0,,,,,,,,,0.0,0.0,Retired,1.53,2.5,1.56,2.59,1.53,2.65,1.5,2.55,1.6,2.62
51,Shanghai,Shanghai Masters,2025-10-05,Masters 1000,Outdoor,Hard,3rd Round,3,Rune H.,Humbert U.,11,26.0,2990,1725.0,6.0,4.0,6.0,4.0,,,,,,,2.0,0.0,Completed,1.5,2.63,1.54,2.66,1.54,2.63,1.51,2.51,1.57,2.66
51,Shanghai,Shanghai Masters,2025-10-05,Masters 1000,Outdoor,Hard,3rd Round,3,Bergs Z.,Cerundolo F.,44,21.0,1129,2135.0,7.0,6.0,6.0,3.0,,,,,,,2.0,0.0,Completed,2.3,1.62,2.39,1.65,2.31,1.65,2.25,1.62,2.36,1.7
51,Shanghai,Shanghai Masters,2025-10-05,Masters 1000,Outdoor,Hard,3rd Round,3,Mpetshi G.,Fritz T.,37,4.0,1275,4995.0,6.0,4.0,7.0,5.0,,,,,,,2.0,0.0,Completed,4.5,1.2,4.04,1.29,4.5,1.25,4.04,1.23,4.7,1.27
51,Shanghai,Shanghai Masters,2025-10-05,Masters 1000,Outdoor,Hard,3rd Round,3,Munar J.,Nishioka Y.,41,173.0,1138,324.0,6.0,4.0,5.0,7.0,6.0,1.0,,,,,2.0,1.0,Completed,1.5,2.63,1.49,2.83,1.62,2.7,1.48,2.61,1.5,2.94
51,Shanghai,Shanghai Masters,2025-10-05,Masters 1000,Outdoor,Hard,3rd Round,3,Djokovic N.,Hanfmann Y.,5,150.0,4830,394.0,4.0,6.0,7.0,5.0,6.0,3.0,,,,,2.0,1.0,Completed,1.08,8.0,1.11,8.0,1.1,8.0,1.08,7.32,1.11,9.8
51,Shanghai,Shanghai Masters,2025-10-05,Masters 1000,Outdoor,Hard,3rd Round,3,Vacherot V.,Machac T.,204,23.0,263,1920.0,6.0,0.0,3.0,1.0,,,,,,,1.0,0.0,Retired,3.2,1.36,3.3,1.39,3.25,1.36,3.14,1.35,3.45,1.4
51,Shanghai,Shanghai Masters,2025-10-05,Masters 1000,Outdoor,Hard,3rd Round,3,Griekspoor T.,Sinner J.,31,2.0,1565,10950.0,6.0,7.0,7.0,5.0,3.0,2.0,,,,,1.0,1.0,Retired,19.0,1.02,0.0,0.0,19.0,1.03,14.04,1.02,23.0,1.04
51,Shanghai,Shanghai Masters,2025-10-06,Masters 1000,Outdoor,Hard,3rd Round,3,De Minaur A.,Majchrzak K.,7,66.0,3735,868.0,6.0,1.0,7.0,5.0,,,,,,,2.0,0.0,Completed,1.14,5.5,1.15,6.45,1.14,6.4,1.12,5.89,1.15,7.2
51,Shanghai,Shanghai Masters,2025-10-06,Masters 1000,Outdoor,Hard,3rd Round,3,Auger-Aliassime F.,De Jong J.,13,81.0,2755,772.0,6.0,4.0,7.0,5.0,,,,,,,2.0,0.0,Completed,1.22,4.33,1.24,4.53,1.24,4.33,1.23,4.11,1.25,4.8
51,Shanghai,Shanghai Masters,2025-10-06,Masters 1000,Outdoor,Hard,3rd Round,3,Borges N.,Shang J.,51,237.0,1020,235.0,7.0,6.0,4.0,6.0,6.0,3.0,,,,,2.0,1.0,Completed,2.2,1.67,2.26,1.71,2.2,1.72,2.16,1.68,2.34,1.73
51,Shanghai,Shanghai Masters,2025-10-06,Masters 1000,Outdoor,Hard,3rd Round,3,Lehecka J.,Shapovalov D.,19,24.0,2365,1838.0,6.0,4.0,6.0,4.0,,,,,,,2.0,0.0,Completed,1.53,2.5,1.55,2.63,1.56,2.5,1.54,2.46,1.57,2.68
51,Shanghai,Shanghai Masters,2025-10-06,Masters 1000,Outdoor,Hard,3rd Round,3,Musetti L.,Darderi L.,9,29.0,3555,1609.0,7.0,5.0,7.0,6.0,,,,,,,2.0,0.0,Completed,1.22,4.33,1.25,4.5,1.33,4.33,1.23,4.05,1.25,4.9
51,Shanghai,Shanghai Masters,2025-10-06,Masters 1000,Outdoor,Hard,3rd Round,3,Rinderknech A.,Zverev A.,54,3.0,982,5980.0,4.0,6.0,6.0,3.0,6.0,2.0,,,,,2.0,1.0,Completed,3.5,1.3,3.5,1.35,3.6,1.33,3.42,1.31,3.75,1.36
51,Shanghai,Shanghai Masters,2025-10-06,Masters 1000,Outdoor,Hard,3rd Round,3,Tien L.,Norrie C.,36,33.0,1303,1397.0,7.0,6.0,6.0,3.0,,,,,,,2.0,0.0,Completed,1.73,2.1,1.76,2.2,1.8,2.17,1.72,2.1,1.81,2.2
51,Shanghai,Shanghai Masters,2025-10-06,Masters 1000,Outdoor,Hard,3rd Round,3,Medvedev D.,Davidovich Fokina A.,18,20.0,2410,2240.0,6.0,3.0,7.0,6.0,,,,,,,2.0,0.0,Completed,1.44,2.75,1.54,2.66,1.5,2.75,1.47,2.62,1.52,2.88
51,Shanghai,Shanghai Masters,2025-10-07,Masters 1000,Outdoor,Hard,4th Round,3,Bergs Z.,Diallo G.,44,35.0,1129,1308.0,3.0,6.0,7.0,5.0,7.0,6.0,,,,,2.0,1.0,Completed,2.63,1.5,2.57,1.57,2.63,1.55,2.5,1.52,2.66,1.59
51,Shanghai,Shanghai Masters,2025-10-07,Masters 1000,Outdoor,Hard,4th Round,3,Rune H.,Mpetshi G.,11,37.0,2990,1275.0,6.0,4.0,6.0,7.0,6.0,3.0,,,,,2.0,1.0,Completed,1.5,2.63,1.56,2.61,1.55,2.75,1.52,2.5,1.59,2.66
51,Shanghai,Shanghai Masters,2025-10-07,Masters 1000,Outdoor,Hard,4th Round,3,Djokovic N.,Munar J.,5,41.0,4830,1138.0,6.0,3.0,5.0,7.0,6.0,2.0,,,,,2.0,1.0,Completed,1.17,5.0,1.23,4.42,1.21,5.0,1.19,4.54,1.23,5.1
51,Shanghai,Shanghai Masters,2025-10-07,Masters 1000,Outdoor,Hard,4th Round,3,Vacherot V.,Griekspoor T.,204,31.0,263,1565.0,4.0,6.0,7.0,6.0,6.0,4.0,,,,,2.0,1.0,Completed,2.3,1.62,2.43,1.63,2.38,1.62,2.31,1.59,2.42,1.69
51,Shanghai,Shanghai Masters,2025-10-08,Masters 1000,Outdoor,Hard,4th Round,3,Rinderknech A.,Lehecka J.,54,19.0,982,2365.0,6.0,3.0,7.0,6.0,,,,,,,2.0,0.0,Completed,3.4,1.33,3.64,1.33,3.4,1.36,3.31,1.32,3.7,1.36
51,Shanghai,Shanghai Masters,2025-10-08,Masters 1000,Outdoor,Hard,4th Round,3,De Minaur A.,Borges N.,7,51.0,3735,1020.0,7.0,5.0,6.0,2.0,,,,,,,2.0,0.0,Completed,1.13,6.0,1.14,6.72,1.15,6.0,1.13,5.79,1.16,6.8
51,Shanghai,Shanghai Masters,2025-10-08,Masters 1000,Outdoor,Hard,4th Round,3,Auger-Aliassime F.,Musetti L.,13,9.0,2755,3555.0,6.0,4.0,6.0,2.0,,,,,,,2.0,0.0,Completed,1.91,1.91,1.96,1.94,2.0,1.91,1.91,1.87,2.02,1.96
51,Shanghai,Shanghai Masters,2025-10-08,Masters 1000,Outdoor,Hard,4th Round,3,Medvedev D.,Tien L.,18,36.0,2410,1303.0,7.0,6.0,6.0,7.0,6.0,4.0,,,,,2.0,1.0,Completed,1.33,3.4,1.37,3.39,1.36,3.4,1.35,3.17,1.37,3.6
51,Shanghai,Shanghai Masters,2025-10-09,Masters 1000,Outdoor,Hard,Quarterfinals,3,Vacherot V.,Rune H.,204,11.0,263,2990.0,2.0,6.0,7.0,6.0,6.0,4.0,,,,,2.0,1.0,Completed,4.0,1.25,3.89,1.3,4.0,1.29,3.69,1.27,3.85,1.34
51,Shanghai,Shanghai Masters,2025-10-09,Masters 1000,Outdoor,Hard,Quarterfinals,3,Djokovic N.,Bergs Z.,5,44.0,4830,1129.0,6.0,3.0,7.0,5.0,,,,,,,2.0,0.0,Completed,1.33,3.4,1.29,3.97,1.35,3.7,1.33,3.33,1.39,3.5
51,Shanghai,Shanghai Masters,2025-10-10,Masters 1000,Outdoor,Hard,Quarterfinals,3,Rinderknech A.,Auger-Aliassime F.,54,13.0,982,2755.0,6.0,3.0,6.0,4.0,,,,,,,2.0,0.0,Completed,3.5,1.3,3.6,1.34,3.75,1.33,3.5,1.31,3.7,1.36
51,Shanghai,Shanghai Masters,2025-10-10,Masters 1000,Outdoor,Hard,Quarterfinals,3,Medvedev D.,De Minaur A.,18,7.0,2410,3735.0,6.0,4.0,6.0,4.0,,,,,,,2.0,0.0,Completed,2.63,1.5,2.6,1.56,2.65,1.57,2.55,1.52,2.68,1.58
51,Shanghai,Shanghai Masters,2025-10-11,Masters 1000,Outdoor,Hard,Semifinals,3,Vacherot V.,Djokovic N.,204,5.0,263,4830.0,6.0,3.0,6.0,4.0,,,,,,,2.0,0.0,Completed,6.5,1.11,6.68,1.14,6.5,1.15,5.77,1.13,7.6,1.14
51,Shanghai,Shanghai Masters,2025-10-11,Masters 1000,Outdoor,Hard,Semifinals,3,Rinderknech A.,Medvedev D.,54,18.0,982,2410.0,4.0,6.0,6.0,2.0,6.0,4.0,,,,,2.0,1.0,Completed,3.2,1.36,3.26,1.38,3.25,1.4,3.09,1.36,3.5,1.39
51,Shanghai,Shanghai Masters,2025-10-12,Masters 1000,Outdoor,Hard,The Final,3,Vacherot V.,Rinderknech A.,204,54.0,263,982.0,4.0,6.0,6.0,3.0,6.0,3.0,,,,,2.0,1.0,Completed,2.3,1.62,2.28,1.69,2.38,1.68,2.26,1.62,2.44,1.68
52,Almaty,Almaty Open,2025-10-13,ATP250,Indoor,Hard,1st Round,3,Marozsan F.,Nardi L.,52,83.0,1040,747.0,7.0,6.0,6.0,3.0,,,,,,,2.0,0.0,Completed,1.4,3.0,1.46,2.9,1.41,3.0,1.39,2.93,1.45,3.15
52,Almaty,Almaty Open,2025-10-13,ATP250,Indoor,Hard,1st Round,3,Diallo G.,Omarkhanov A.,35,1137.0,1368,10.0,6.0,3.0,6.0,1.0,,,,,,,2.0,0.0,Completed,1.01,23.0,,,1.03,29.0,1.02,16.1,1.02,38.0
52,Almaty,Almaty Open,2025-10-13,ATP250,Indoor,Hard,1st Round,3,Duckworth J.,Blanchet U.,138,150.0,465,420.0,6.0,3.0,6.0,4.0,,,,,,,2.0,0.0,Completed,2.1,1.73,2.18,1.74,2.15,1.85,2.08,1.72,2.26,1.76
52,Almaty,Almaty Open,2025-10-13,ATP250,Indoor,Hard,1st Round,3,Moutet C.,Tomic B.,41,181.0,1243,312.0,6.0,1.0,7.0,6.0,,,,,,,2.0,0.0,Completed,1.25,4.0,1.28,4.03,1.26,4.0,1.25,3.83,1.3,4.2
52,Almaty,Almaty Open,2025-10-14,ATP250,Indoor,Hard,1st Round,3,Walton A.,Schoolkate T.,76,96.0,796,662.0,7.0,6.0,6.0,7.0,6.0,2.0,,,,,2.0,1.0,Completed,1.8,2.0,1.88,2.01,1.83,2.0,1.79,1.98,1.88,2.1
52,Almaty,Almaty Open,2025-10-14,ATP250,Indoor,Hard,1st Round,3,Vukic A.,Topo M.,84,277.0,733,196.0,6.0,4.0,3.0,6.0,6.0,1.0,,,,,2.0,1.0,Completed,1.44,2.75,1.5,2.77,1.45,2.8,1.43,2.74,1.5,2.96
52,Almaty,Almaty Open,2025-10-14,ATP250,Indoor,Hard,1st Round,3,Hijikata R.,Skatov T.,114,236.0,558,238.0,7.0,6.0,2.0,6.0,6.0,3.0,,,,,2.0,1.0,Completed,1.44,2.75,,,1.5,2.75,1.49,2.58,1.55,2.54
52,Almaty,Almaty Open,2025-10-14,ATP250,Indoor,Hard,1st Round,3,Nakashima B.,Medjedovic H.,34,64.0,1430,877.0,7.0,6.0,6.0,2.0,,,,,,,2.0,0.0,Completed,1.8,2.0,1.81,2.09,1.83,2.02,1.79,1.98,1.93,2.06
52,Almaty,Almaty Open,2025-10-14,ATP250,Indoor,Hard,1st Round,3,Shevchenko A.,Djere L.,91,79.0,687,776.0,7.0,6.0,7.0,6.0,,,,,,,2.0,0.0,Completed,1.62,2.3,1.68,2.3,1.64,2.43,1.59,2.29,1.67,2.42
52,Almaty,Almaty Open,2025-10-15,ATP250,Indoor,Hard,1st Round,3,Mochizuki S.,Cazaux A.,102,58.0,636,952.0,6.0,4.0,6.0,4.0,,,,,,,2.0,0.0,Completed,3.75,1.29,3.61,1.33,3.75,1.34,3.46,1.29,3.6,1.37
52,Almaty,Almaty Open,2025-10-15,ATP250,Indoor,Hard,1st Round,3,Struff J.L.,McDonald M.,98,99.0,648,646.0,2.0,6.0,6.0,3.0,6.0,4.0,,,,,2.0,1.0,Completed,1.62,2.3,1.65,2.37,1.65,2.3,1.61,2.27,1.64,2.52
52,Almaty,Almaty Open,2025-10-15,ATP250,Indoor,Hard,1st Round,3,Michelsen A.,Zhukayev B.,36,237.0,1365,235.0,6.0,2.0,6.0,3.0,,,,,,,2.0,0.0,Completed,1.44,2.75,1.49,2.79,1.45,2.8,1.44,2.71,1.48,3.0
52,Almaty,Almaty Open,2025-10-15,ATP250,Indoor,Hard,2nd Round,3,Duckworth J.,Diallo G.,138,35.0,465,1368.0,7.0,6.0,6.0,7.0,6.0,4.0,,,,,2.0,1.0,Completed,4.5,1.2,4.79,1.22,5.0,1.25,4.31,1.21,5.1,1.23
52,Almaty,Almaty Open,2025-10-15,ATP250,Indoor,Hard,2nd Round,3,Cobolli F.,Hijikata R.,22,114.0,1950,558.0,6.0,4.0,7.0,5.0,,,,,,,2.0,0.0,Completed,1.44,2.75,1.44,2.97,1.47,2.9,1.42,2.8,1.47,3.1
52,Almaty,Almaty Open,2025-10-15,ATP250,Indoor,Hard,2nd Round,3,Moutet C.,Shevchenko A.,41,91.0,1243,687.0,7.0,5.0,6.0,3.0,,,,,,,2.0,0.0,Completed,1.4,3.0,1.46,2.89,1.44,3.0,1.41,2.86,1.49,3.0
52,Almaty,Almaty Open,2025-10-15,ATP250,Indoor,Hard,2nd Round,3,Marozsan F.,Nakashima B.,52,34.0,1040,1430.0,7.0,6.0,6.0,1.0,,,,,,,2.0,0.0,Completed,2.5,1.53,2.44,1.6,2.6,1.55,2.48,1.52,2.62,1.61
52,Almaty,Almaty Open,2025-10-16,ATP250,Indoor,Hard,2nd Round,3,Michelsen A.,Vukic A.,36,84.0,1365,733.0,6.0,3.0,6.0,2.0,,,,,,,2.0,0.0,Completed,1.44,2.75,1.61,2.45,1.5,2.9,1.47,2.64,1.54,2.8
52,Almaty,Almaty Open,2025-10-16,ATP250,Indoor,Hard,2nd Round,3,Mochizuki S.,Darderi L.,102,26.0,636,1649.0,6.0,3.0,6.0,3.0,,,,,,,2.0,0.0,Completed,2.3,1.62,2.28,1.68,2.32,1.62,2.28,1.6,2.5,1.64
52,Almaty,Almaty Open,2025-10-16,ATP250,Indoor,Hard,2nd Round,3,Medvedev D.,Walton A.,14,76.0,2610,796.0,7.0,5.0,7.0,6.0,,,,,,,2.0,0.0,Completed,1.14,5.5,1.16,6.13,1.15,6.0,1.13,5.68,1.16,6.8
52,Almaty,Almaty Open,2025-10-16,ATP250,Indoor,Hard,2nd Round,3,Struff J.L.,Khachanov K.,98,10.0,648,3190.0,4.0,6.0,7.0,6.0,6.0,3.0,,,,,2.0,1.0,Completed,2.75,1.44,2.89,1.47,3.1,1.46,2.79,1.42,3.0,1.48
52,Almaty,Almaty Open,2025-10-17,ATP250,Indoor,Hard,Quarterfinals,3,Duckworth J.,Cobolli F.,138,22.0,465,1950.0,6.0,3.0,6.0,2.0,,,,,,,2.0,0.0,Completed,3.0,1.4,3.09,1.43,3.0,1.45,2.85,1.41,3.05,1.46
52,Almaty,Almaty Open,2025-10-17,ATP250,Indoor,Hard,Quarterfinals,3,Medvedev D.,Marozsan F.,14,52.0,2610,1040.0,7.0,5.0,6.0,2.0,,,,,,,2.0,0.0,Completed,1.4,3.0,1.43,3.07,1.45,3.0,1.39,2.91,1.44,3.2
52,Almaty,Almaty Open,2025-10-17,ATP250,Indoor,Hard,Quarterfinals,3,Michelsen A.,Mochizuki S.,36,102.0,1365,636.0,6.0,3.0,3.0,6.0,6.0,2.0,,,,,2.0,1.0,Completed,1.44,2.75,1.52,2.74,1.52,2.9,1.48,2.63,1.53,2.82
52,Almaty,Almaty Open,2025-10-17,ATP250,Indoor,Hard,Quarterfinals,3,Moutet C.,Struff J.L.,41,98.0,1243,648.0,6.0,4.0,7.0,5.0,,,,,,,2.0,0.0,Completed,1.73,2.1,1.74,2.23,1.73,2.2,1.69,2.14,1.78,2.28
52,Almaty,Almaty Open,2025-10-18,ATP250,Indoor,Hard,Semifinals,3,Medvedev D.,Duckworth J.,14,138.0,2610,465.0,6.0,7.0,6.0,3.0,6.0,2.0,,,,,2.0,1.0,Completed,1.14,5.5,1.19,5.35,1.21,5.5,1.17,4.97,1.18,6.2
52,Almaty,Almaty Open,2025-10-18,ATP250,Indoor,Hard,Semifinals,3,Moutet C.,Michelsen A.,41,36.0,1243,1365.0,7.0,5.0,6.0,4.0,,,,,,,2.0,0.0,Completed,1.8,2.0,1.83,2.07,1.95,2.02,1.83,1.95,1.97,2.0
52,Almaty,Almaty Open,2025-10-19,ATP250,Indoor,Hard,The Final,3,Medvedev D.,Moutet C.,14,41.0,2610,1243.0,7.0,5.0,4.0,6.0,6.0,3.0,,,,,2.0,1.0,Completed,1.36,3.2,,,1.4,3.25,1.36,3.1,1.41,3.35
53,Brussels,European Open,2025-10-13,ATP250,Indoor,Hard,1st Round,3,Giron M.,Bellucci M.,54,71.0,1000,837.0,6.0,3.0,6.0,4.0,,,,,,,2.0,0.0,Completed,1.67,2.2,1.76,2.17,1.7,2.23,1.68,2.16,1.79,2.24
53,Brussels,European Open,2025-10-13,ATP250,Indoor,Hard,1st Round,3,Bonzi B.,Opelka R.,53,62.0,1005,895.0,6.0,4.0,6.0,4.0,,,,,,,2.0,0.0,Completed,1.67,2.2,1.81,2.11,1.73,2.2,1.68,2.15,1.78,2.26
53,Brussels,European Open,2025-10-14,ATP250,Indoor,Hard,1st Round,3,Bailly G.A.,Altmaier D.,247,51.0,221,1048.0,6.0,4.0,6.0,7.0,6.0,3.0,,,,,2.0,1.0,Completed,2.75,1.44,2.89,1.45,3.0,1.45,2.78,1.42,2.88,1.52
53,Brussels,European Open,2025-10-14,ATP250,Indoor,Hard,1st Round,3,Spizzirri E.,Martinez P.,111,89.0,563,718.0,6.0,4.0,6.0,1.0,,,,,,,2.0,0.0,Completed,1.33,3.4,1.36,3.37,1.33,3.5,1.31,3.36,1.35,3.75
53,Brussels,European Open,2025-10-14,ATP250,Indoor,Hard,1st Round,3,Mpetshi G.,Ruusuvuori E.,37,608.0,1365,58.0,7.0,6.0,6.0,7.0,6.0,4.0,,,,,2.0,1.0,Completed,1.44,2.75,1.55,2.62,1.46,3.0,1.41,2.83,1.45,3.2
53,Brussels,European Open,2025-10-14,ATP250,Indoor,Hard,1st Round,3,Royer V.,Baez S.,70,44.0,847,1155.0,6.0,2.0,6.0,3.0,,,,,,,2.0,0.0,Completed,1.3,3.5,1.42,3.03,1.35,3.5,1.33,3.25,1.39,3.5
53,Brussels,European Open,2025-10-14,ATP250,Indoor,Hard,1st Round,3,Comesana F.,Goffin D.,68,105.0,867,609.0,7.0,6.0,6.0,4.0,,,,,,,2.0,0.0,Completed,2.3,1.62,2.35,1.66,2.38,1.7,2.19,1.66,2.3,1.74
53,Brussels,European Open,2025-10-14,ATP250,Indoor,Hard,1st Round,3,Collignon R.,Bergs Z.,90,39.0,713,1299.0,6.0,4.0,7.0,6.0,,,,,,,2.0,0.0,Completed,2.2,1.67,2.06,1.84,2.3,1.72,2.2,1.65,2.32,1.75
53,Brussels,European Open,2025-10-14,ATP250,Indoor,Hard,1st Round,3,Van De Zandschulp B.,Fonseca J.,86,45.0,727,1129.0,7.0,5.0,7.0,6.0,,,,,,,2.0,0.0,Completed,2.75,1.44,2.69,1.52,2.75,1.5,2.62,1.47,2.94,1.51
53,Brussels,European Open,2025-10-15,ATP250,Indoor,Hard,1st Round,3,Basilashvili N.,Halys Q.,101,77.0,642,789.0,6.0,4.0,6.0,4.0,,,,,,,2.0,0.0,Completed,2.0,1.8,2.2,1.74,2.1,1.8,2.02,1.77,2.16,1.85
53,Brussels,European Open,2025-10-15,ATP250,Indoor,Hard,1st Round,3,Dzumhur D.,Cina F.,67,226.0,868,247.0,6.0,7.0,6.0,2.0,7.0,6.0,,,,,2.0,1.0,Completed,1.57,2.38,1.6,2.47,1.58,2.5,1.57,2.38,1.64,2.46
53,Brussels,European Open,2025-10-15,ATP250,Indoor,Hard,1st Round,3,Hanfmann Y.,Arnaldi M.,139,74.0,464,818.0,6.0,7.0,6.0,4.0,6.0,4.0,,,,,2.0,1.0,Completed,1.73,2.1,1.76,2.17,1.75,2.12,1.71,2.1,1.81,2.2
53,Brussels,European Open,2025-10-15,ATP250,Indoor,Hard,2nd Round,3,Bonzi B.,Royer V.,53,70.0,1005,847.0,7.0,6.0,4.0,6.0,6.0,1.0,,,,,2.0,1.0,Completed,1.8,2.0,1.94,1.93,1.96,2.05,1.81,1.97,1.92,2.06
53,Brussels,European Open,2025-10-15,ATP250,Indoor,Hard,2nd Round,3,Lehecka J.,Bailly G.A.,17,247.0,2415,221.0,6.0,3.0,6.0,2.0,,,,,,,2.0,0.0,Completed,1.17,5.0,1.14,6.36,1.18,5.75,1.17,4.89,1.24,5.0
53,Brussels,European Open,2025-10-15,ATP250,Indoor,Hard,2nd Round,3,Collignon R.,Comesana F.,90,68.0,713,867.0,7.0,5.0,3.0,6.0,7.0,6.0,,,,,2.0,1.0,Completed,1.44,2.75,,,1.46,2.8,1.44,2.72,1.5,2.98
53,Brussels,European Open,2025-10-15,ATP250,Indoor,Hard,2nd Round,3,Davidovich Fokina A.,Giron M.,20,54.0,2260,1000.0,6.0,7.0,6.0,1.0,6.0,4.0,,,,,2.0,1.0,Completed,1.53,2.5,1.71,2.26,1.6,2.54,1.53,2.46,1.56,2.74
53,Brussels,European Open,2025-10-16,ATP250,Indoor,Hard,2nd Round,3,Mpetshi G.,Basilashvili N.,37,101.0,1365,642.0,7.0,5.0,0.0,0.0,,,,,,,1.0,0.0,Retired,1.53,2.5,1.62,2.42,1.56,2.5,1.52,2.48,1.59,2.66
53,Brussels,European Open,2025-10-16,ATP250,Indoor,Hard,2nd Round,3,Auger-Aliassime F.,Dzumhur D.,13,67.0,2905,868.0,7.0,6.0,4.0,6.0,7.0,6.0,,,,,2.0,1.0,Completed,1.13,6.0,1.14,6.36,1.14,6.5,1.13,5.76,1.15,7.4
53,Brussels,European Open,2025-10-16,ATP250,Indoor,Hard,2nd Round,3,Musetti L.,Hanfmann Y.,8,139.0,3645,464.0,7.0,6.0,7.0,5.0,,,,,,,2.0,0.0,Completed,1.4,3.0,1.38,3.26,1.44,3.1,1.38,2.98,1.39,3.5
53,Brussels,European Open,2025-10-16,ATP250,Indoor,Hard,2nd Round,3,Spizzirri E.,Van De Zandschulp B.,111,86.0,563,727.0,7.0,5.0,6.0,0.0,,,,,,,2.0,0.0,Completed,2.63,1.5,2.78,1.49,2.65,1.5,2.58,1.49,2.8,1.54
53,Brussels,European Open,2025-10-17,ATP250,Indoor,Hard,Quarterfinals,3,Lehecka J.,Bonzi B.,17,53.0,2415,1005.0,6.0,7.0,6.0,1.0,4.0,1.0,,,,,1.0,1.0,Retired,1.29,3.75,1.32,3.72,1.33,3.75,1.28,3.6,1.32,4.0
53,Brussels,European Open,2025-10-17,ATP250,Indoor,Hard,Quarterfinals,3,Mpetshi G.,Musetti L.,37,8.0,1365,3645.0,6.0,4.0,7.0,6.0,,,,,,,2.0,0.0,Completed,2.63,1.5,2.51,1.6,2.65,1.5,2.57,1.49,2.74,1.56
53,Brussels,European Open,2025-10-17,ATP250,Indoor,Hard,Quarterfinals,3,Auger-Aliassime F.,Spizzirri E.,13,111.0,2905,563.0,6.0,2.0,7.0,6.0,,,,,,,2.0,0.0,Completed,1.29,3.75,1.3,3.96,1.29,4.0,1.27,3.7,1.31,4.1
53,Brussels,European Open,2025-10-17,ATP250,Indoor,Hard,Quarterfinals,3,Collignon R.,Davidovich Fokina A.,90,20.0,713,2260.0,7.0,6.0,6.0,1.0,,,,,,,2.0,0.0,Completed,2.75,1.44,2.77,1.51,2.75,1.48,2.68,1.45,2.84,1.52
53,Brussels,European Open,2025-10-18,ATP250,Indoor,Hard,Semifinals,3,Lehecka J.,Mpetshi G.,17,37.0,2415,1365.0,7.0,6.0,7.0,6.0,,,,,,,2.0,0.0,Completed,1.57,2.38,,,1.6,2.43,1.57,2.36,1.61,2.6
53,Brussels,European Open,2025-10-18,ATP250,Indoor,Hard,Semifinals,3,Auger-Aliassime F.,Collignon R.,13,90.0,2905,713.0,7.0,6.0,6.0,4.0,,,,,,,2.0,0.0,Completed,1.4,3.0,1.39,3.26,1.4,3.1,1.37,3.0,1.42,3.35
53,Brussels,European Open,2025-10-19,ATP250,Indoor,Hard,The Final,3,Auger-Aliassime F.,Lehecka J.,13,17.0,2905,2415.0,7.0,6.0,6.0,7.0,6.0,2.0,,,,,2.0,1.0,Completed,1.91,1.91,1.95,1.95,1.91,2.0,1.85,1.93,1.91,2.06
54,Stockholm,Nordic Open,2025-10-13,ATP250,Indoor,Hard,1st Round,3,Kecmanovic M.,Muller A.,49,43.0,1066,1165.0,6.0,4.0,6.0,1.0,,,,,,,2.0,0.0,Completed,1.53,2.5,1.56,2.57,1.56,2.5,1.53,2.46,1.61,2.6
54,Stockholm,Nordic Open,2025-10-13,ATP250,Indoor,Hard,1st Round,3,Fearnley J.,Griekspoor T.,81,27.0,764,1615.0,6.0,3.0,6.0,7.0,7.0,6.0,,,,,2.0,1.0,Completed,2.75,1.44,2.74,1.51,2.75,1.45,2.7,1.44,2.9,1.51
54,Stockholm,Nordic Open,2025-10-13,ATP250,Indoor,Hard,1st Round,3,Korda S.,Popyrin A.,60,48.0,920,1090.0,6.0,7.0,6.0,1.0,6.0,3.0,,,,,2.0,1.0,Completed,1.44,2.75,1.52,2.71,1.5,2.75,1.48,2.6,1.55,2.78
54,Stockholm,Nordic Open,2025-10-13,ATP250,Indoor,Hard,1st Round,3,Borg L.,Ofner S.,622,140.0,57,463.0,6.0,3.0,6.0,4.0,,,,,,,2.0,0.0,Completed,4.33,1.22,5.01,1.21,4.5,1.22,4.37,1.21,5.4,1.21
54,Stockholm,Nordic Open,2025-10-14,ATP250,Indoor,Hard,1st Round,3,Etcheverry T.,Lajal M.,63,149.0,880,423.0,7.0,6.0,6.0,7.0,6.0,3.0,,,,,2.0,1.0,Completed,2.1,1.73,2.1,1.79,2.24,1.75,2.15,1.68,2.28,1.77
54,Stockholm,Nordic Open,2025-10-14,ATP250,Indoor,Hard,1st Round,3,Majchrzak K.,Misolic F.,75,95.0,818,663.0,6.0,2.0,6.0,2.0,,,,,,,2.0,0.0,Completed,1.4,3.0,1.39,3.17,1.41,3.5,1.39,2.97,1.46,3.1
54,Stockholm,Nordic Open,2025-10-14,ATP250,Indoor,Hard,1st Round,3,Cilic M.,Budkov Kjaer N.,92,136.0,684,473.0,7.0,5.0,6.0,3.0,,,,,,,2.0,0.0,Completed,1.91,1.91,1.91,1.98,1.95,1.91,1.9,1.86,2.0,1.96
54,Stockholm,Nordic Open,2025-10-14,ATP250,Indoor,Hard,1st Round,3,Ymer E.,Ymer M.,243,617.0,225,57.0,6.0,2.0,7.0,6.0,,,,,,,2.0,0.0,Completed,2.2,1.67,2.26,1.71,2.2,1.76,2.11,1.71,2.26,1.76
54,Stockholm,Nordic Open,2025-10-14,ATP250,Indoor,Hard,1st Round,3,Berrettini M.,Zeppieri G.,61,160.0,905,362.0,6.0,4.0,6.0,2.0,,,,,,,2.0,0.0,Completed,1.44,2.75,1.5,2.76,1.55,2.75,1.47,2.64,1.51,2.86
54,Stockholm,Nordic Open,2025-10-15,ATP250,Indoor,Hard,1st Round,3,Kovacevic A.,Ugo Carabelli C.,69,50.0,862,1053.0,4.0,6.0,7.0,5.0,4.0,0.0,,,,,1.0,1.0,Retired,1.36,3.2,1.36,3.43,1.38,3.2,1.36,3.06,1.43,3.25
54,Stockholm,Nordic Open,2025-10-15,ATP250,Indoor,Hard,1st Round,3,Sonego L.,Fery A.,47,221.0,1105,251.0,6.0,4.0,6.0,2.0,,,,,,,2.0,0.0,Completed,1.57,2.38,1.69,2.28,1.7,2.4,1.63,2.23,1.71,2.38
54,Stockholm,Nordic Open,2025-10-15,ATP250,Indoor,Hard,1st Round,3,Fucsovics M.,De Jong J.,55,82.0,986,760.0,6.0,1.0,6.0,2.0,,,,,,,2.0,0.0,Completed,1.62,2.3,1.63,2.42,1.62,2.4,1.58,2.33,1.63,2.56
54,Stockholm,Nordic Open,2025-10-15,ATP250,Indoor,Hard,2nd Round,3,Korda S.,Majchrzak K.,60,75.0,920,818.0,6.0,4.0,4.0,6.0,7.0,5.0,,,,,2.0,1.0,Completed,1.5,2.63,1.57,2.52,1.57,2.63,1.53,2.51,1.55,2.8
54,Stockholm,Nordic Open,2025-10-15,ATP250,Indoor,Hard,2nd Round,3,Ruud C.,Cilic M.,12,92.0,2945,684.0,7.0,6.0,6.0,4.0,,,,,,,2.0,0.0,Completed,1.57,2.38,1.54,2.59,1.67,2.55,1.58,2.35,1.63,2.58
54,Stockholm,Nordic Open,2025-10-15,ATP250,Indoor,Hard,2nd Round,3,Shapovalov D.,Borg L.,23,622.0,1838,57.0,6.0,2.0,5.0,7.0,6.0,1.0,,,,,2.0,1.0,Completed,1.07,9.0,1.07,11.36,1.07,9.5,1.06,8.7,1.09,11.0
54,Stockholm,Nordic Open,2025-10-16,ATP250,Indoor,Hard,2nd Round,3,Sonego L.,Kovacevic A.,47,69.0,1105,862.0,7.0,6.0,6.0,1.0,,,,,,,2.0,0.0,Completed,1.44,2.75,1.51,2.73,1.5,2.8,1.45,2.67,1.52,2.82
54,Stockholm,Nordic Open,2025-10-16,ATP250,Indoor,Hard,2nd Round,3,Etcheverry T.,Kecmanovic M.,63,49.0,880,1066.0,6.0,4.0,4.0,6.0,6.0,3.0,,,,,2.0,1.0,Completed,2.38,1.57,2.47,1.6,2.5,1.58,2.39,1.56,2.52,1.64
54,Stockholm,Nordic Open,2025-10-16,ATP250,Indoor,Hard,2nd Round,3,Humbert U.,Berrettini M.,25,61.0,1725,905.0,7.0,6.0,6.0,3.0,,,,,,,2.0,0.0,Completed,1.91,1.91,1.99,1.9,2.0,1.92,1.91,1.87,2.06,1.93
54,Stockholm,Nordic Open,2025-10-16,ATP250,Indoor,Hard,2nd Round,3,Rune H.,Fucsovics M.,11,55.0,3090,986.0,6.0,4.0,6.0,4.0,,,,,,,2.0,0.0,Completed,1.44,2.75,1.5,2.76,1.48,2.75,1.46,2.68,1.52,2.84
54,Stockholm,Nordic Open,2025-10-16,ATP250,Indoor,Hard,2nd Round,3,Ymer E.,Fearnley J.,243,81.0,225,764.0,6.0,2.0,6.0,2.0,,,,,,,2.0,0.0,Completed,4.5,1.2,5.03,1.2,4.75,1.21,4.52,1.19,5.4,1.22
54,Stockholm,Nordic Open,2025-10-17,ATP250,Indoor,Hard,Quarterfinals,3,Humbert U.,Sonego L.,25,47.0,1725,1105.0,6.0,7.0,6.0,0.0,6.0,3.0,,,,,2.0,1.0,Completed,1.5,2.63,1.57,2.55,1.53,2.65,1.5,2.54,1.56,2.76
54,Stockholm,Nordic Open,2025-10-17,ATP250,Indoor,Hard,Quarterfinals,3,Rune H.,Etcheverry T.,11,63.0,3090,880.0,6.0,7.0,6.0,3.0,6.0,4.0,,,,,2.0,1.0,Completed,1.25,4.0,1.29,3.93,1.27,4.0,1.25,3.82,1.29,4.3
54,Stockholm,Nordic Open,2025-10-17,ATP250,Indoor,Hard,Quarterfinals,3,Ruud C.,Korda S.,12,60.0,2945,920.0,6.0,7.0,6.0,4.0,6.0,4.0,,,,,2.0,1.0,Completed,1.67,2.2,1.69,2.3,1.73,2.25,1.67,2.17,1.73,2.34
54,Stockholm,Nordic Open,2025-10-17,ATP250,Indoor,Hard,Quarterfinals,3,Shapovalov D.,Ymer E.,23,243.0,1838,225.0,6.0,4.0,6.0,7.0,6.0,1.0,,,,,2.0,1.0,Completed,1.3,3.5,1.26,4.29,1.3,4.33,1.26,3.8,1.31,4.1
54,Stockholm,Nordic Open,2025-10-18,ATP250,Indoor,Hard,Semifinals,3,Humbert U.,Rune H.,25,11.0,1725,3090.0,4.0,6.0,2.0,2.0,,,,,,,0.0,1.0,Retired,1.91,1.91,2.01,1.88,1.95,2.0,1.83,1.95,2.06,1.93
54,Stockholm,Nordic Open,2025-10-18,ATP250,Indoor,Hard,Semifinals,3,Ruud C.,Shapovalov D.,12,23.0,2945,1838.0,6.0,3.0,6.0,4.0,,,,,,,2.0,0.0,Completed,1.5,2.63,1.58,2.55,1.53,2.63,1.5,2.54,1.56,2.74
54,Stockholm,Nordic Open,2025-10-19,ATP250,Indoor,Hard,The Final,3,Ruud C.,Humbert U.,12,25.0,2945,1725.0,6.0,2.0,6.0,3.0,,,,,,,2.0,0.0,Completed,1.57,2.38,1.59,2.52,1.6,2.4,1.56,2.38,1.62,2.58
55,Basel,Swiss Indoors,2025-10-20,ATP500,Indoor,Hard,1st Round,3,Brooksby J.,Muller A.,55,44.0,967,1153.0,6.0,4.0,6.0,3.0,,,,,,,2.0,0.0,Completed,1.36,3.2,1.41,3.14,1.4,3.2,1.39,2.97,1.44,3.2
55,Basel,Swiss Indoors,2025-10-20,ATP500,Indoor,Hard,1st Round,3,Davidovich Fokina A.,Sonego L.,18,45.0,2285,1130.0,7.0,6.0,6.0,4.0,,,,,,,2.0,0.0,Completed,1.53,2.5,1.61,2.46,1.6,2.5,1.56,2.37,1.64,2.5
55,Basel,Swiss Indoors,2025-10-20,ATP500,Indoor,Hard,1st Round,3,Munar J.,Bertola R.,42,268.0,1208,203.0,6.0,2.0,6.0,4.0,,,,,,,2.0,0.0,Completed,1.36,3.2,1.44,3.0,1.4,3.2,1.38,3.02,1.43,3.25
55,Basel,Swiss Indoors,2025-10-20,ATP500,Indoor,Hard,1st Round,3,Mensik J.,Bernet H.,19,481.0,2265,89.0,7.0,6.0,6.0,7.0,6.0,3.0,,,,,2.0,1.0,Completed,1.14,5.5,1.16,5.87,1.17,6.0,1.15,5.23,1.2,5.7
55,Basel,Swiss Indoors,2025-10-21,ATP500,Indoor,Hard,1st Round,3,Opelka R.,Baez S.,62,43.0,895,1155.0,6.0,3.0,6.0,4.0,,,,,,,2.0,0.0,Completed,1.33,3.4,1.38,3.22,1.38,3.5,1.35,3.13,1.39,3.5
55,Basel,Swiss Indoors,2025-10-21,ATP500,Indoor,Hard,1st Round,3,Cilic M.,Goffin D.,89,104.0,709,609.0,7.0,6.0,7.0,5.0,,,,,,,2.0,0.0,Completed,1.44,2.75,,,1.47,2.8,1.45,2.71,1.49,2.98
55,Basel,Swiss Indoors,2025-10-21,ATP500,Indoor,Hard,1st Round,3,Royer V.,Collignon R.,69,73.0,869,813.0,6.0,4.0,7.0,6.0,,,,,,,2.0,0.0,Completed,1.91,1.91,,,2.06,2.0,1.94,1.83,2.08,1.87
55,Basel,Swiss Indoors,2025-10-21,ATP500,Indoor,Hard,1st Round,3,Fonseca J.,Mpetshi G.,46,33.0,1129,1455.0,7.0,6.0,6.0,3.0,,,,,,,2.0,0.0,Completed,2.1,1.73,2.06,1.84,2.11,1.79,2.05,1.75,2.16,1.85
55,Basel,Swiss Indoors,2025-10-21,ATP500,Indoor,Hard,1st Round,3,Shapovalov D.,Giron M.,23,57.0,1928,925.0,6.0,7.0,6.0,0.0,7.0,6.0,,,,,2.0,1.0,Completed,1.67,2.2,1.81,2.09,1.73,2.2,1.69,2.12,1.82,2.18
55,Basel,Swiss Indoors,2025-10-21,ATP500,Indoor,Hard,1st Round,3,Shelton B.,Majchrzak K.,6,70.0,4100,836.0,6.0,7.0,6.0,3.0,7.0,6.0,,,,,2.0,1.0,Completed,1.5,2.63,1.55,2.61,1.52,2.63,1.49,2.58,1.56,2.74
55,Basel,Swiss Indoors,2025-10-21,ATP500,Indoor,Hard,1st Round,3,Wawrinka S.,Kecmanovic M.,158,52.0,372,1041.0,6.0,1.0,7.0,6.0,,,,,,,2.0,0.0,Completed,2.5,1.53,2.57,1.56,2.63,1.55,2.52,1.52,2.84,1.53
55,Basel,Swiss Indoors,2025-10-22,ATP500,Indoor,Hard,1st Round,3,Van De Zandschulp B.,Lehecka J.,82,17.0,752,2415.0,6.0,2.0,6.0,2.0,,,,,,,2.0,0.0,Completed,3.5,1.3,3.55,1.34,3.5,1.32,3.46,1.3,3.7,1.35
55,Basel,Swiss Indoors,2025-10-22,ATP500,Indoor,Hard,1st Round,3,Humbert U.,Korda S.,24,56.0,1880,960.0,6.0,3.0,6.0,4.0,,,,,,,2.0,0.0,Completed,2.1,1.73,2.19,1.75,2.15,1.75,2.12,1.71,2.2,1.82
55,Basel,Swiss Indoors,2025-10-22,ATP500,Indoor,Hard,1st Round,3,Ruud C.,Halys Q.,11,78.0,3145,774.0,6.0,1.0,7.0,6.0,,,,,,,2.0,0.0,Completed,1.2,4.5,1.24,4.54,1.25,4.5,1.21,4.25,1.22,5.5
55,Basel,Swiss Indoors,2025-10-22,ATP500,Indoor,Hard,1st Round,3,Auger-Aliassime F.,Diallo G.,12,41.0,3145,1228.0,6.0,2.0,7.0,5.0,,,,,,,2.0,0.0,Completed,1.36,3.2,1.4,3.17,1.41,3.2,1.38,2.96,1.42,3.3
55,Basel,Swiss Indoors,2025-10-22,ATP500,Indoor,Hard,1st Round,3,Fritz T.,Vacherot V.,4,39.0,4645,1283.0,4.0,6.0,7.0,6.0,7.0,5.0,,,,,2.0,1.0,Completed,1.22,4.33,1.24,4.44,1.25,4.33,1.23,4.1,1.27,4.6
55,Basel,Swiss Indoors,2025-10-22,ATP500,Indoor,Hard,2nd Round,3,Davidovich Fokina A.,Brooksby J.,18,55.0,2285,967.0,6.0,7.0,6.0,4.0,7.0,5.0,,,,,2.0,1.0,Completed,1.67,2.2,1.76,2.19,1.73,2.23,1.69,2.15,1.81,2.2
55,Basel,Swiss Indoors,2025-10-22,ATP500,Indoor,Hard,2nd Round,3,Fonseca J.,Mensik J.,46,19.0,1129,2265.0,,,,,,,,,,,,,Walkover,1.67,2.2,1.7,2.28,1.67,2.28,1.66,2.21,1.7,2.4
55,Basel,Swiss Indoors,2025-10-23,ATP500,Indoor,Hard,2nd Round,3,Auger-Aliassime F.,Cilic M.,12,89.0,3145,709.0,7.0,6.0,7.0,6.0,,,,,,,2.0,0.0,Completed,1.3,3.5,,,1.33,3.6,1.32,3.38,1.35,3.8
55,Basel,Swiss Indoors,2025-10-23,ATP500,Indoor,Hard,2nd Round,3,Shapovalov D.,Royer V.,23,69.0,1928,869.0,7.0,6.0,6.0,2.0,,,,,,,2.0,0.0,Completed,1.57,2.38,,,1.73,2.5,1.6,2.3,1.64,2.54
55,Basel,Swiss Indoors,2025-10-23,ATP500,Indoor,Hard,2nd Round,3,Munar J.,Shelton B.,42,6.0,1208,4100.0,6.0,3.0,6.0,4.0,,,,,,,2.0,0.0,Completed,2.63,1.5,,,2.7,1.53,2.57,1.49,2.56,1.63
55,Basel,Swiss Indoors,2025-10-23,ATP500,Indoor,Hard,2nd Round,3,Opelka R.,Van De Zandschulp B.,62,82.0,895,752.0,7.0,6.0,6.0,7.0,6.0,3.0,,,,,2.0,1.0,Completed,2.0,1.8,,,2.02,1.82,2.0,1.8,2.1,1.87
55,Basel,Swiss Indoors,2025-10-23,ATP500,Indoor,Hard,2nd Round,3,Ruud C.,Wawrinka S.,11,158.0,3145,372.0,6.0,4.0,7.0,6.0,,,,,,,2.0,0.0,Completed,1.2,4.5,,,1.22,4.75,1.21,4.29,1.23,5.2
55,Basel,Swiss Indoors,2025-10-23,ATP500,Indoor,Hard,2nd Round,3,Humbert U.,Fritz T.,24,4.0,1880,4645.0,6.0,3.0,6.0,4.0,,,,,,,2.0,0.0,Completed,2.75,1.44,,,2.85,1.5,2.7,1.46,2.94,1.5
55,Basel,Swiss Indoors,2025-10-24,ATP500,Indoor,Hard,Quarterfinals,3,Munar J.,Auger-Aliassime F.,42,12.0,1208,3145.0,6.0,3.0,,,,,,,,,1.0,0.0,Retired,3.4,1.33,,,3.6,1.34,3.42,1.31,4.0,1.32
55,Basel,Swiss Indoors,2025-10-24,ATP500,Indoor,Hard,Quarterfinals,3,Fonseca J.,Shapovalov D.,46,23.0,1129,1928.0,3.0,6.0,6.0,3.0,4.0,1.0,,,,,1.0,1.0,Retired,1.8,2.0,,,1.8,2.08,1.79,2.01,1.86,2.12
55,Basel,Swiss Indoors,2025-10-24,ATP500,Indoor,Hard,Quarterfinals,3,Humbert U.,Opelka R.,24,62.0,1880,895.0,7.0,6.0,6.0,4.0,,,,,,,2.0,0.0,Completed,1.36,3.2,,,1.4,3.2,1.37,3.07,1.42,3.3
55,Basel,Swiss Indoors,2025-10-24,ATP500,Indoor,Hard,Quarterfinals,3,Davidovich Fokina A.,Ruud C.,18,11.0,2285,3145.0,7.0,6.0,,,,,,,,,1.0,0.0,Retired,2.75,1.44,,,2.75,1.5,2.62,1.48,2.78,1.55
55,Basel,Swiss Indoors,2025-10-25,ATP500,Indoor,Hard,Semifinals,3,Fonseca J.,Munar J.,46,42.0,1129,1208.0,7.0,6.0,7.0,5.0,,,,,,,2.0,0.0,Completed,1.67,2.2,,,1.72,2.24,1.68,2.15,1.78,2.26
55,Basel,Swiss Indoors,2025-10-25,ATP500,Indoor,Hard,Semifinals,3,Davidovich Fokina A.,Humbert U.,18,24.0,2285,1880.0,7.0,6.0,3.0,1.0,,,,,,,1.0,0.0,Retired,2.38,1.57,,,2.4,1.73,2.3,1.6,2.38,1.72
55,Basel,Swiss Indoors,2025-10-26,ATP500,Indoor,Hard,The Final,3,Fonseca J.,Davidovich Fokina A.,46,18.0,1129,2285.0,6.0,3.0,6.0,4.0,,,,,,,2.0,0.0,Completed,1.73,2.1,,,1.83,2.1,1.8,2.0,1.87,2.12
56,Vienna,Vienna Open,2025-10-20,ATP500,Indoor,Hard,1st Round,3,Nakashima B.,Darderi L.,32,26.0,1470,1649.0,6.0,2.0,7.0,5.0,,,,,,,2.0,0.0,Completed,1.3,3.5,1.36,3.38,1.34,3.5,1.33,3.28,1.38,3.55
56,Vienna,Vienna Open,2025-10-20,ATP500,Indoor,Hard,1st Round,3,Bublik A.,Tabilo A.,16,75.0,2430,792.0,6.0,4.0,6.0,4.0,,,,,,,2.0,0.0,Completed,1.44,2.75,1.45,2.94,1.44,2.9,1.41,2.82,1.49,3.0
56,Vienna,Vienna Open,2025-10-20,ATP500,Indoor,Hard,1st Round,3,Arnaldi M.,Kovacevic A.,72,65.0,818,877.0,7.0,5.0,6.0,4.0,,,,,,,2.0,0.0,Completed,1.53,2.5,1.59,2.47,1.58,2.5,1.54,2.42,1.62,2.58
56,Vienna,Vienna Open,2025-10-20,ATP500,Indoor,Hard,1st Round,3,De Minaur A.,Rodionov J.,7,154.0,3935,383.0,6.0,4.0,6.0,1.0,,,,,,,2.0,0.0,Completed,1.06,10.0,1.07,11.58,1.06,10.0,1.05,9.18,1.07,14.5
56,Vienna,Vienna Open,2025-10-20,ATP500,Indoor,Hard,1st Round,3,Griekspoor T.,Khachanov K.,28,13.0,1565,2950.0,6.0,3.0,5.0,7.0,6.0,4.0,,,,,2.0,1.0,Completed,2.5,1.53,2.56,1.56,2.6,1.53,2.5,1.52,2.68,1.58
56,Vienna,Vienna Open,2025-10-21,ATP500,Indoor,Hard,1st Round,3,Misolic F.,Ugo Carabelli C.,95,50.0,676,1053.0,7.0,5.0,7.0,6.0,,,,,,,2.0,0.0,Completed,1.4,3.0,1.42,3.06,1.42,3.0,1.4,2.88,1.45,3.1
56,Vienna,Vienna Open,2025-10-21,ATP500,Indoor,Hard,1st Round,3,Norrie C.,Rublev A.,35,15.0,1433,2560.0,6.0,2.0,6.0,7.0,6.0,2.0,,,,,2.0,1.0,Completed,2.75,1.44,2.68,1.53,2.75,1.5,2.64,1.47,2.84,1.52
56,Vienna,Vienna Open,2025-10-21,ATP500,Indoor,Hard,1st Round,3,Etcheverry T.,Budkov Kjaer N.,60,137.0,905,473.0,6.0,3.0,6.0,3.0,,,,,,,2.0,0.0,Completed,1.67,2.2,1.75,2.18,1.73,2.2,1.68,2.14,1.8,2.22
56,Vienna,Vienna Open,2025-10-21,ATP500,Indoor,Hard,1st Round,3,Cerundolo F.,Michelsen A.,21,34.0,2085,1440.0,6.0,3.0,6.0,1.0,,,,,,,2.0,0.0,Completed,2.0,1.8,1.93,1.95,2.0,1.91,1.97,1.82,2.06,1.9
56,Vienna,Vienna Open,2025-10-21,ATP500,Indoor,Hard,1st Round,3,Musetti L.,Medjedovic H.,8,67.0,3685,875.0,6.0,4.0,6.0,3.0,,,,,,,2.0,0.0,Completed,1.4,3.0,,,1.4,3.1,1.37,3.04,1.43,3.25
56,Vienna,Vienna Open,2025-10-21,ATP500,Indoor,Hard,1st Round,3,Zverev A.,Fearnley J.,3,81.0,5930,754.0,6.0,4.0,1.0,6.0,7.0,6.0,,,,,2.0,1.0,Completed,1.29,3.75,1.31,3.73,1.29,3.8,1.27,3.68,1.32,4.0
56,Vienna,Vienna Open,2025-10-22,ATP500,Indoor,Hard,1st Round,3,Cobolli F.,Machac T.,22,31.0,1975,1545.0,7.0,6.0,6.0,2.0,,,,,,,2.0,0.0,Completed,2.3,1.62,2.47,1.6,2.45,1.62,2.34,1.58,2.48,1.67
56,Vienna,Vienna Open,2025-10-22,ATP500,Indoor,Hard,1st Round,3,Berrettini M.,Popyrin A.,59,48.0,905,1090.0,7.0,6.0,6.0,3.0,,,,,,,2.0,0.0,Completed,1.67,2.2,1.72,2.24,1.71,2.21,1.67,2.18,1.75,2.3
56,Vienna,Vienna Open,2025-10-22,ATP500,Indoor,Hard,1st Round,3,Moutet C.,Dzumhur D.,36,63.0,1398,883.0,6.0,3.0,6.0,0.0,,,,,,,2.0,0.0,Completed,1.53,2.5,1.6,2.49,1.57,2.5,1.54,2.44,1.6,2.64
56,Vienna,Vienna Open,2025-10-22,ATP500,Indoor,Hard,1st Round,3,Medvedev D.,Borges N.,14,47.0,2810,1120.0,6.0,4.0,6.0,7.0,6.0,2.0,,,,,2.0,1.0,Completed,1.2,4.5,1.23,4.57,1.24,4.5,1.22,4.23,1.23,5.2
56,Vienna,Vienna Open,2025-10-22,ATP500,Indoor,Hard,1st Round,3,Sinner J.,Altmaier D.,2,51.0,10000,1048.0,6.0,0.0,6.0,2.0,,,,,,,2.0,0.0,Completed,1.02,21.0,1.02,23.06,1.03,21.0,1.02,15.57,1.02,34.0
56,Vienna,Vienna Open,2025-10-22,ATP500,Indoor,Hard,2nd Round,3,Griekspoor T.,Nakashima B.,28,32.0,1565,1470.0,7.0,6.0,7.0,6.0,,,,,,,2.0,0.0,Completed,1.91,1.91,2.0,1.91,1.95,1.91,1.9,1.88,2.0,1.97
56,Vienna,Vienna Open,2025-10-22,ATP500,Indoor,Hard,2nd Round,3,De Minaur A.,Misolic F.,7,95.0,3935,676.0,6.0,4.0,6.0,4.0,,,,,,,2.0,0.0,Completed,1.06,10.0,1.07,12.43,1.07,10.0,1.06,9.3,1.08,12.5
56,Vienna,Vienna Open,2025-10-23,ATP500,Indoor,Hard,2nd Round,3,Berrettini M.,Norrie C.,59,35.0,905,1433.0,7.0,6.0,6.0,7.0,6.0,4.0,,,,,2.0,1.0,Completed,1.67,2.2,,,1.7,2.38,1.64,2.22,1.7,2.4
56,Vienna,Vienna Open,2025-10-23,ATP500,Indoor,Hard,2nd Round,3,Moutet C.,Medvedev D.,36,14.0,1398,2810.0,7.0,6.0,6.0,4.0,,,,,,,2.0,0.0,Completed,3.0,1.4,,,3.0,1.44,2.85,1.41,3.2,1.45
56,Vienna,Vienna Open,2025-10-23,ATP500,Indoor,Hard,2nd Round,3,Bublik A.,Cerundolo F.,16,21.0,2430,2085.0,6.0,4.0,6.0,2.0,,,,,,,2.0,0.0,Completed,1.57,2.38,,,1.58,2.5,1.55,2.43,1.61,2.6
56,Vienna,Vienna Open,2025-10-23,ATP500,Indoor,Hard,2nd Round,3,Zverev A.,Arnaldi M.,3,72.0,5930,818.0,6.0,4.0,6.0,4.0,,,,,,,2.0,0.0,Completed,1.29,3.75,,,1.33,3.8,1.29,3.53,1.33,3.95
56,Vienna,Vienna Open,2025-10-23,ATP500,Indoor,Hard,2nd Round,3,Sinner J.,Cobolli F.,2,22.0,10000,1975.0,6.0,2.0,7.0,6.0,,,,,,,2.0,0.0,Completed,1.03,17.0,,,1.04,19.0,1.03,14.25,1.03,28.0
56,Vienna,Vienna Open,2025-10-23,ATP500,Indoor,Hard,2nd Round,3,Musetti L.,Etcheverry T.,8,60.0,3685,905.0,6.0,3.0,6.0,4.0,,,,,,,2.0,0.0,Completed,1.25,4.0,,,1.3,4.0,1.26,3.74,1.31,4.1
56,Vienna,Vienna Open,2025-10-24,ATP500,Indoor,Hard,Quarterfinals,3,De Minaur A.,Berrettini M.,7,59.0,3935,905.0,6.0,1.0,7.0,6.0,,,,,,,2.0,0.0,Completed,1.29,3.75,,,1.3,3.75,1.3,3.5,1.32,3.95
56,Vienna,Vienna Open,2025-10-24,ATP500,Indoor,Hard,Quarterfinals,3,Zverev A.,Griekspoor T.,3,28.0,5930,1565.0,,,,,,,,,,,,,Walkover,1.44,2.75,,,1.48,2.75,1.46,2.67,1.49,2.96
56,Vienna,Vienna Open,2025-10-24,ATP500,Indoor,Hard,Quarterfinals,3,Sinner J.,Bublik A.,2,16.0,10000,2430.0,6.0,4.0,6.0,4.0,,,,,,,2.0,0.0,Completed,1.06,10.0,,,1.07,10.0,1.06,8.63,1.08,12.0
56,Vienna,Vienna Open,2025-10-24,ATP500,Indoor,Hard,Quarterfinals,3,Musetti L.,Moutet C.,8,36.0,3685,1398.0,6.0,3.0,6.0,4.0,,,,,,,2.0,0.0,Completed,1.4,3.0,,,1.45,3.0,1.42,2.82,1.5,2.92
56,Vienna,Vienna Open,2025-10-25,ATP500,Indoor,Hard,Semifinals,3,Sinner J.,De Minaur A.,2,7.0,10000,3935.0,6.0,3.0,6.0,4.0,,,,,,,2.0,0.0,Completed,1.1,7.0,,,1.12,8.0,1.1,6.8,1.12,8.8
56,Vienna,Vienna Open,2025-10-25,ATP500,Indoor,Hard,Semifinals,3,Zverev A.,Musetti L.,3,8.0,5930,3685.0,6.0,4.0,7.0,5.0,,,,,,,2.0,0.0,Completed,1.91,1.91,,,1.94,2.0,1.88,1.9,1.98,2.0
56,Vienna,Vienna Open,2025-10-26,ATP500,Indoor,Hard,The Final,3,Sinner J.,Zverev A.,2,3.0,10000,5930.0,3.0,6.0,6.0,3.0,7.0,5.0,,,,,2.0,1.0,Completed,1.1,7.0,,,1.11,7.5,1.1,6.96,1.13,8.4
57,Paris,BNP Paribas Masters,2025-10-27,Masters 1000,Indoor,Hard,1st Round,3,Cobolli F.,Machac T.,23,34.0,1975,1445.0,6.0,1.0,6.0,4.0,,,,,,,2.0,0.0,Completed,1.73,2.1,,,1.8,2.1,1.75,2.04,1.87,2.14
57,Paris,BNP Paribas Masters,2025-10-27,Masters 1000,Indoor,Hard,1st Round,3,Altmaier D.,Giron M.,50,65.0,1039,885.0,6.0,2.0,7.0,6.0,,,,,,,2.0,0.0,Completed,2.5,1.53,,,2.55,1.54,2.48,1.52,2.74,1.55
57,Paris,BNP Paribas Masters,2025-10-27,Masters 1000,Indoor,Hard,1st Round,3,Cazaux A.,Darderi L.,62,27.0,902,1624.0,7.0,6.0,7.0,6.0,,,,,,,2.0,0.0,Completed,1.4,3.0,,,1.4,3.25,1.36,3.08,1.4,3.4
57,Paris,BNP Paribas Masters,2025-10-27,Masters 1000,Indoor,Hard,1st Round,3,Norrie C.,Baez S.,31,43.0,1483,1155.0,6.0,3.0,6.0,4.0,,,,,,,2.0,0.0,Completed,1.2,4.5,,,1.22,4.7,1.2,4.42,1.25,4.8
57,Paris,BNP Paribas Masters,2025-10-27,Masters 1000,Indoor,Hard,1st Round,3,Tien L.,Borges N.,39,46.0,1316,1120.0,6.0,2.0,7.0,6.0,,,,,,,2.0,0.0,Completed,1.53,2.5,,,1.57,2.5,1.54,2.45,1.62,2.56
57,Paris,BNP Paribas Masters,2025-10-27,Masters 1000,Indoor,Hard,1st Round,3,Rinderknech A.,Marozsan F.,29,48.0,1590,1065.0,7.0,6.0,7.0,6.0,,,,,,,2.0,0.0,Completed,1.73,2.1,,,1.75,2.2,1.71,2.11,1.83,2.18
57,Paris,BNP Paribas Masters,2025-10-27,Masters 1000,Indoor,Hard,1st Round,3,Vukic A.,Atmane T.,103,69.0,633,874.0,6.0,4.0,2.0,6.0,6.0,4.0,,,,,2.0,1.0,Completed,1.8,2.0,,,1.91,2.0,1.84,1.93,1.95,2.02
57,Paris,BNP Paribas Masters,2025-10-27,Masters 1000,Indoor,Hard,1st Round,3,Kecmanovic M.,Kovacevic A.,53,64.0,1001,889.0,6.0,4.0,1.0,6.0,7.0,6.0,,,,,2.0,1.0,Completed,1.62,2.3,,,1.73,2.3,1.64,2.22,1.7,2.38
57,Paris,BNP Paribas Masters,2025-10-27,Masters 1000,Indoor,Hard,1st Round,3,Cerundolo F.,Dzumhur D.,21,63.0,2085,898.0,6.0,3.0,6.0,3.0,,,,,,,2.0,0.0,Completed,1.36,3.2,,,1.37,3.35,1.34,3.18,1.39,3.5
57,Paris,BNP Paribas Masters,2025-10-27,Masters 1000,Indoor,Hard,1st Round,3,Rublev A.,Fearnley J.,17,78.0,2470,769.0,6.0,1.0,6.0,4.0,,,,,,,2.0,0.0,Completed,1.57,2.38,,,1.67,2.38,1.64,2.22,1.78,2.28
57,Paris,BNP Paribas Masters,2025-10-27,Masters 1000,Indoor,Hard,1st Round,3,Bublik A.,Popyrin A.,16,47.0,2520,1090.0,6.0,4.0,6.0,3.0,,,,,,,2.0,0.0,Completed,1.4,3.0,,,1.41,3.0,1.4,2.91,1.46,3.1
57,Paris,BNP Paribas Masters,2025-10-27,Masters 1000,Indoor,Hard,1st Round,3,Bergs Z.,Michelsen A.,41,35.0,1274,1440.0,6.0,3.0,2.0,6.0,6.0,2.0,,,,,2.0,1.0,Completed,2.0,1.8,,,2.0,1.9,1.92,1.85,2.06,1.92
57,Paris,BNP Paribas Masters,2025-10-27,Masters 1000,Indoor,Hard,1st Round,3,Sonego L.,Korda S.,45,54.0,1130,970.0,6.0,2.0,6.0,3.0,,,,,,,2.0,0.0,Completed,2.75,1.44,,,2.75,1.5,2.64,1.47,2.8,1.54
57,Paris,BNP Paribas Masters,2025-10-27,Masters 1000,Indoor,Hard,1st Round,3,Muller A.,Nakashima B.,44,33.0,1150,1470.0,6.0,2.0,7.0,5.0,,,,,,,2.0,0.0,Completed,3.4,1.33,,,3.5,1.33,3.4,1.31,3.55,1.37
57,Paris,BNP Paribas Masters,2025-10-27,Masters 1000,Indoor,Hard,1st Round,3,Dimitrov G.,Mpetshi Perricard G.,38,56.0,1330,965.0,7.0,6.0,6.0,1.0,,,,,,,2.0,0.0,Completed,2.5,1.53,,,2.5,1.6,2.34,1.57,2.3,1.75
57,Paris,BNP Paribas Masters,2025-10-27,Masters 1000,Indoor,Hard,1st Round,3,Khachanov K.,Quinn E.,14,71.0,2620,837.0,6.0,1.0,6.0,1.0,,,,,,,2.0,0.0,Completed,1.4,3.0,,,1.4,3.15,1.38,2.95,1.43,3.3
57,Paris,BNP Paribas Masters,2025-10-28,Masters 1000,Indoor,Hard,1st Round,3,Diallo G.,Griekspoor T.,42,25.0,1228,1655.0,6.0,3.0,6.0,4.0,,,,,,,2.0,0.0,Completed,2.0,1.8,,,2.05,1.83,1.98,1.8,2.08,1.9
57,Paris,BNP Paribas Masters,2025-10-28,Masters 1000,Indoor,Hard,1st Round,3,Ugo Carabelli C.,Etcheverry T. M.,49,58.0,1053,930.0,7.0,5.0,6.0,3.0,,,,,,,2.0,0.0,Completed,5.5,1.14,,,5.5,1.18,4.96,1.17,5.3,1.21
57,Paris,BNP Paribas Masters,2025-10-28,Masters 1000,Indoor,Hard,1st Round,3,Vacherot V.,Lehecka J.,40,18.0,1283,2415.0,6.0,1.0,6.0,3.0,,,,,,,2.0,0.0,Completed,2.75,1.44,,,2.75,1.57,2.53,1.51,2.76,1.55
57,Paris,BNP Paribas Masters,2025-10-28,Masters 1000,Indoor,Hard,1st Round,3,Auger-Aliassime F.,Comesana F.,10,68.0,3195,880.0,6.0,7.0,6.0,3.0,6.0,3.0,,,,,2.0,1.0,Completed,1.2,4.5,,,1.23,4.5,1.21,4.28,1.24,5.0
57,Paris,BNP Paribas Masters,2025-10-28,Masters 1000,Indoor,Hard,1st Round,3,Moutet C.,Opelka R.,32,52.0,1473,1010.0,3.0,6.0,7.0,5.0,6.0,1.0,,,,,2.0,1.0,Completed,1.44,2.75,,,1.47,2.9,1.43,2.79,1.46,3.1
57,Paris,BNP Paribas Masters,2025-10-28,Masters 1000,Indoor,Hard,1st Round,3,Fonseca J.,Shapovalov D.,28,24.0,1615,1928.0,5.0,7.0,6.0,4.0,6.0,3.0,,,,,2.0,1.0,Completed,1.5,2.63,,,1.62,2.63,1.58,2.32,1.62,2.58
57,Paris,BNP Paribas Masters,2025-10-28,Masters 1000,Indoor,Hard,1st Round,3,Medvedev D.,Munar J.,13,36.0,2810,1395.0,6.0,1.0,6.0,3.0,,,,,,,2.0,0.0,Completed,1.44,2.75,,,1.44,3.05,1.41,2.85,1.47,3.1
57,Paris,BNP Paribas Masters,2025-10-28,Masters 1000,Indoor,Hard,1st Round,3,Davidovich Fokina A.,Royer V.,15,59.0,2585,922.0,4.0,6.0,6.0,1.0,6.0,4.0,,,,,2.0,1.0,Completed,1.44,2.75,,,1.5,2.75,1.45,2.69,1.48,3.0
57,Paris,BNP Paribas Masters,2025-10-28,Masters 1000,Indoor,Hard,2nd Round,3,Shelton B.,Cobolli F.,7,23.0,3820,1975.0,7.0,6.0,6.0,3.0,,,,,,,2.0,0.0,Completed,2.0,1.8,,,2.0,1.86,1.97,1.81,2.04,1.93
57,Paris,BNP Paribas Masters,2025-10-28,Masters 1000,Indoor,Hard,2nd Round,3,Norrie C.,Alcaraz C.,31,1.0,1483,11340.0,4.0,6.0,6.0,3.0,6.0,4.0,,,,,2.0,1.0,Completed,11.0,1.05,,,13.0,1.06,10.54,1.05,18.5,1.05
57,Paris,BNP Paribas Masters,2025-10-28,Masters 1000,Indoor,Hard,2nd Round,3,Rublev A.,Tien L.,17,39.0,2470,1316.0,6.0,4.0,6.0,4.0,,,,,,,2.0,0.0,Completed,1.91,1.91,,,1.91,1.97,1.86,1.92,2.0,1.99
57,Paris,BNP Paribas Masters,2025-10-28,Masters 1000,Indoor,Hard,2nd Round,3,Fritz T.,Vukic A.,4,103.0,4685,633.0,7.0,6.0,6.0,2.0,,,,,,,2.0,0.0,Completed,1.1,7.0,,,1.1,7.0,1.1,6.79,1.13,8.0
57,Paris,BNP Paribas Masters,2025-10-29,Masters 1000,Indoor,Hard,2nd Round,3,Altmaier D.,Ruud C.,50,9.0,1039,3235.0,6.0,3.0,7.0,5.0,,,,,,,2.0,0.0,Completed,3.4,1.33,3.32,1.38,3.4,1.36,3.24,1.34,3.55,1.38
57,Paris,BNP Paribas Masters,2025-10-29,Masters 1000,Indoor,Hard,2nd Round,3,Vacherot V.,Rinderknech A.,40,29.0,1283,1590.0,6.0,7.0,6.0,3.0,6.0,4.0,,,,,2.0,1.0,Completed,1.62,2.3,1.68,2.33,1.73,2.32,1.62,2.26,1.7,2.42
57,Paris,BNP Paribas Masters,2025-10-29,Masters 1000,Indoor,Hard,2nd Round,3,Cerundolo F.,Kecmanovic M.,21,53.0,2085,1001.0,7.0,5.0,1.0,6.0,7.0,6.0,,,,,2.0,1.0,Completed,1.4,3.0,1.45,2.97,1.45,3.5,1.4,2.86,1.45,3.15
57,Paris,BNP Paribas Masters,2025-10-29,Masters 1000,Indoor,Hard,2nd Round,3,Auger-Aliassime F.,Muller A.,10,44.0,3195,1150.0,5.0,7.0,7.0,6.0,7.0,6.0,,,,,2.0,1.0,Completed,1.29,4.0,1.31,3.83,1.36,4.0,1.27,3.71,1.31,4.1
57,Paris,BNP Paribas Masters,2025-10-29,Masters 1000,Indoor,Hard,2nd Round,3,Medvedev D.,Dimitrov G.,13,38.0,2810,1330.0,,,,,,,,,,,,,Walkover,1.3,3.5,1.3,3.95,1.3,3.75,1.29,3.53,1.34,3.85
57,Paris,BNP Paribas Masters,2025-10-29,Masters 1000,Indoor,Hard,2nd Round,3,Zverev A.,Ugo Carabelli C.,3,49.0,6160,1053.0,6.0,7.0,6.0,1.0,7.0,5.0,,,,,2.0,1.0,Completed,1.03,15.0,1.05,14.76,1.2,15.0,1.05,11.58,1.05,17.5
57,Paris,BNP Paribas Masters,2025-10-29,Masters 1000,Indoor,Hard,2nd Round,3,Davidovich Fokina A.,Cazaux A.,15,62.0,2585,902.0,7.0,6.0,6.0,4.0,,,,,,,2.0,0.0,Completed,1.53,2.5,1.56,2.61,1.55,2.55,1.53,2.47,1.6,2.64
57,Paris,BNP Paribas Masters,2025-10-29,Masters 1000,Indoor,Hard,2nd Round,3,Sinner J.,Bergs Z.,2,41.0,10500,1274.0,6.0,4.0,6.0,2.0,,,,,,,2.0,0.0,Completed,1.03,15.0,1.07,8.98,1.04,17.0,1.03,12.75,1.06,16.0
57,Paris,BNP Paribas Masters,2025-10-29,Masters 1000,Indoor,Hard,2nd Round,3,Sonego L.,Musetti L.,45,8.0,1130,3685.0,3.0,6.0,6.0,3.0,6.0,1.0,,,,,2.0,1.0,Completed,3.75,1.29,3.9,1.3,3.75,1.33,3.48,1.3,4.0,1.33
57,Paris,BNP Paribas Masters,2025-10-29,Masters 1000,Indoor,Hard,2nd Round,3,Bublik A.,Moutet C.,16,32.0,2520,1473.0,6.0,3.0,7.0,5.0,,,,,,,2.0,0.0,Completed,1.62,2.3,1.63,2.45,1.63,2.38,1.6,2.3,1.64,2.54
57,Paris,BNP Paribas Masters,2025-10-29,Masters 1000,Indoor,Hard,2nd Round,3,De Minaur A.,Diallo G.,6,42.0,3935,1228.0,7.0,6.0,4.0,6.0,6.0,3.0,,,,,2.0,1.0,Completed,1.29,3.75,1.3,3.94,1.3,3.75,1.29,3.55,1.32,4.0
57,Paris,BNP Paribas Masters,2025-10-29,Masters 1000,Indoor,Hard,2nd Round,3,Khachanov K.,Fonseca J.,14,28.0,2620,1615.0,6.0,1.0,3.0,6.0,6.0,3.0,,,,,2.0,1.0,Completed,1.73,2.1,1.74,2.23,1.73,2.2,1.7,2.12,1.75,2.3
57,Paris,BNP Paribas Masters,2025-10-30,Masters 1000,Indoor,Hard,3rd Round,3,Vacherot V.,Norrie C.,40,31.0,1283,1483.0,7.0,6.0,6.0,4.0,,,,,,,2.0,0.0,Completed,1.73,2.1,1.79,2.15,1.8,2.1,1.73,2.08,1.86,2.14
57,Paris,BNP Paribas Masters,2025-10-30,Masters 1000,Indoor,Hard,3rd Round,3,Auger-Aliassime F.,Altmaier D.,10,50.0,3195,1039.0,3.0,6.0,6.0,3.0,6.0,2.0,,,,,2.0,1.0,Completed,1.4,3.0,1.52,2.71,1.44,3.1,1.41,2.86,1.47,3.05
57,Paris,BNP Paribas Masters,2025-10-30,Masters 1000,Indoor,Hard,3rd Round,3,Shelton B.,Rublev A.,7,17.0,3820,2470.0,7.0,6.0,6.0,3.0,,,,,,,2.0,0.0,Completed,1.67,2.2,1.77,2.18,1.73,2.3,1.67,2.17,1.78,2.26
57,Paris,BNP Paribas Masters,2025-10-30,Masters 1000,Indoor,Hard,3rd Round,3,Bublik A.,Fritz T.,16,4.0,2520,4685.0,7.0,6.0,6.0,2.0,,,,,,,2.0,0.0,Completed,2.1,1.73,2.09,1.83,2.2,1.76,2.07,1.73,2.16,1.84
57,Paris,BNP Paribas Masters,2025-10-30,Masters 1000,Indoor,Hard,3rd Round,3,De Minaur A.,Khachanov K.,6,14.0,3935,2620.0,6.0,2.0,6.0,2.0,,,,,,,2.0,0.0,Completed,1.62,2.3,1.63,2.43,1.67,2.3,1.63,2.23,1.66,2.48
57,Paris,BNP Paribas Masters,2025-10-30,Masters 1000,Indoor,Hard,3rd Round,3,Medvedev D.,Sonego L.,13,45.0,2810,1130.0,3.0,6.0,7.0,6.0,6.0,4.0,,,,,2.0,1.0,Completed,1.2,4.5,1.25,4.52,1.24,4.5,1.22,4.13,1.25,4.9
57,Paris,BNP Paribas Masters,2025-10-30,Masters 1000,Indoor,Hard,3rd Round,3,Sinner J.,Cerundolo F.,2,21.0,10500,2085.0,7.0,5.0,6.0,1.0,,,,,,,2.0,0.0,Completed,1.04,13.0,1.04,13.08,1.04,13.0,1.03,11.75,1.06,15.5
57,Paris,BNP Paribas Masters,2025-10-30,Masters 1000,Indoor,Hard,3rd Round,3,Zverev A.,Davidovich Fokina A.,3,15.0,6160,2585.0,6.0,2.0,6.0,4.0,,,,,,,2.0,0.0,Completed,1.44,2.75,1.46,2.94,1.47,2.83,1.44,2.72,1.48,3.0
57,Paris,BNP Paribas Masters,2025-10-31,Masters 1000,Indoor,Hard,Quarterfinals,3,Auger-Aliassime F.,Vacherot V.,10,40.0,3195,1283.0,6.0,2.0,6.0,2.0,,,,,,,2.0,0.0,Completed,1.57,2.38,1.68,2.34,1.67,2.38,1.61,2.28,1.67,2.46
57,Paris,BNP Paribas Masters,2025-10-31,Masters 1000,Indoor,Hard,Quarterfinals,3,Bublik A.,De Minaur A.,16,6.0,2520,3935.0,6.0,7.0,6.0,4.0,7.0,5.0,,,,,2.0,1.0,Completed,2.1,1.73,2.14,1.8,2.11,1.78,2.05,1.74,2.2,1.81
57,Paris,BNP Paribas Masters,2025-10-31,Masters 1000,Indoor,Hard,Quarterfinals,3,Sinner J.,Shelton B.,2,7.0,10500,3820.0,6.0,3.0,6.0,3.0,,,,,,,2.0,0.0,Completed,1.17,5.0,1.2,5.3,1.17,5.25,1.16,5.11,1.22,5.5
57,Paris,BNP Paribas Masters,2025-10-31,Masters 1000,Indoor,Hard,Quarterfinals,3,Zverev A.,Medvedev D.,3,13.0,6160,2810.0,2.0,6.0,6.0,3.0,7.0,6.0,,,,,2.0,1.0,Completed,2.1,1.73,2.12,1.81,2.1,1.8,2.04,1.75,2.12,1.86
57,Paris,BNP Paribas Masters,2025-11-01,Masters 1000,Indoor,Hard,Semifinals,3,Auger-Aliassime F.,Bublik A.,10,16.0,3195,2520.0,7.0,6.0,6.0,4.0,,,,,,,2.0,0.0,Completed,1.91,1.91,1.94,1.96,1.95,1.95,1.9,1.88,2.0,1.99
57,Paris,BNP Paribas Masters,2025-11-01,Masters 1000,Indoor,Hard,Semifinals,3,Sinner J.,Zverev A.,2,3.0,10500,6160.0,6.0,0.0,6.0,1.0,,,,,,,2.0,0.0,Completed,1.13,6.0,1.16,6.09,1.16,6.0,1.15,5.35,1.17,6.6
57,Paris,BNP Paribas Masters,2025-11-02,Masters 1000,Indoor,Hard,The Final,3,Sinner J.,Auger-Aliassime F.,2,10.0,10500,3195.0,6.0,4.0,7.0,6.0,,,,,,,2.0,0.0,Completed,1.1,7.0,,,1.11,7.5,1.1,7.02,1.11,9.2
58,Athens,Hellenic Championship,2025-11-02,ATP250,Indoor,Hard,1st Round,3,Tabilo A.,Walton A.,89,83.0,696,740.0,7.0,6.0,6.0,7.0,7.0,5.0,,,,,2.0,1.0,Completed,1.44,2.75,1.46,2.89,1.48,2.75,1.45,2.65,1.55,2.74
58,Athens,Hellenic Championship,2025-11-02,ATP250,Indoor,Hard,1st Round,3,Borges N.,Sakellaridis S.,47,277.0,1120,194.0,7.0,6.0,6.0,3.0,,,,,,,2.0,0.0,Completed,1.2,4.5,1.24,4.44,1.23,4.5,1.2,4.34,1.25,4.8
58,Athens,Hellenic Championship,2025-11-02,ATP250,Indoor,Hard,1st Round,3,Korda S.,Popyrin A.,52,53.0,1010,1000.0,4.0,6.0,6.0,3.0,6.0,4.0,,,,,2.0,1.0,Completed,1.57,2.38,1.55,2.61,1.57,2.5,1.55,2.41,1.6,2.62
58,Athens,Hellenic Championship,2025-11-03,ATP250,Indoor,Hard,1st Round,3,Dzumhur D.,Fearnley J.,58,73.0,925,793.0,6.0,4.0,6.0,2.0,,,,,,,2.0,0.0,Completed,3.2,1.36,3.24,1.39,3.25,1.36,3.11,1.35,3.4,1.39
58,Athens,Hellenic Championship,2025-11-03,ATP250,Indoor,Hard,1st Round,3,Spizzirri E.,Djere L.,96,82.0,668,746.0,1.0,6.0,7.0,6.0,6.0,2.0,,,,,2.0,1.0,Completed,1.44,2.75,1.51,2.73,1.52,2.75,1.46,2.65,1.53,2.84
58,Athens,Hellenic Championship,2025-11-03,ATP250,Indoor,Hard,1st Round,3,Kecmanovic M.,Majchrzak K.,54,68.0,985,861.0,7.0,6.0,7.0,6.0,,,,,,,2.0,0.0,Completed,2.0,1.8,2.05,1.85,2.01,1.84,1.98,1.79,2.1,1.87
58,Athens,Hellenic Championship,2025-11-03,ATP250,Indoor,Hard,1st Round,3,Wawrinka S.,Van De Zandschulp B.,159,80.0,372,756.0,2.0,6.0,7.0,6.0,7.0,5.0,,,,,2.0,1.0,Completed,2.63,1.5,2.72,1.5,2.7,1.55,2.57,1.49,2.82,1.54
58,Athens,Hellenic Championship,2025-11-03,ATP250,Indoor,Hard,1st Round,3,Muller A.,Struff J.L.,43,101.0,1190,648.0,6.0,3.0,2.0,6.0,7.0,6.0,,,,,2.0,1.0,Completed,2.3,1.62,2.31,1.68,2.31,1.62,2.26,1.61,2.48,1.66
58,Athens,Hellenic Championship,2025-11-03,ATP250,Indoor,Hard,1st Round,3,Kopriva V.,Opelka R.,92,50.0,677,1026.0,6.0,4.0,6.0,3.0,,,,,,,2.0,0.0,Completed,3.4,1.33,3.35,1.37,3.4,1.36,3.24,1.33,3.5,1.38
58,Athens,Hellenic Championship,2025-11-04,ATP250,Indoor,Hard,1st Round,3,Etcheverry T.,McDonald M.,60,110.0,920,559.0,6.0,7.0,7.0,6.0,6.0,3.0,,,,,2.0,1.0,Completed,1.8,2.0,1.83,2.07,1.82,2.1,1.76,2.01,1.94,2.04
58,Athens,Hellenic Championship,2025-11-04,ATP250,Indoor,Hard,1st Round,3,Hanfmann Y.,Ivanov I.,117,935.0,518,19.0,6.0,4.0,6.0,2.0,,,,,,,2.0,0.0,Completed,1.06,10.0,1.07,11.86,1.06,29.0,1.06,10.7,1.06,13.0
58,Athens,Hellenic Championship,2025-11-04,ATP250,Indoor,Hard,1st Round,3,Giron M.,Martinez P.,72,95.0,815,668.0,6.0,4.0,6.0,1.0,,,,,,,2.0,0.0,Completed,1.25,4.0,1.27,4.18,1.25,4.33,1.23,3.98,1.29,4.3
58,Athens,Hellenic Championship,2025-11-04,ATP250,Indoor,Hard,2nd Round,3,Korda S.,Dzumhur D.,52,58.0,1010,925.0,4.0,6.0,6.0,3.0,6.0,3.0,,,,,2.0,1.0,Completed,1.29,3.75,1.27,4.17,1.33,3.9,1.26,3.73,1.26,4.7
58,Athens,Hellenic Championship,2025-11-04,ATP250,Indoor,Hard,2nd Round,3,Djokovic N.,Tabilo A.,5,89.0,4580,696.0,7.0,6.0,6.0,1.0,,,,,,,2.0,0.0,Completed,1.2,4.5,1.24,4.48,1.22,5.0,1.21,4.3,1.26,4.6
58,Athens,Hellenic Championship,2025-11-04,ATP250,Indoor,Hard,2nd Round,3,Borges N.,Spizzirri E.,47,96.0,1120,668.0,5.0,7.0,6.0,3.0,6.0,4.0,,,,,2.0,1.0,Completed,1.62,2.3,1.66,2.34,1.67,2.3,1.63,2.23,1.72,2.34
58,Athens,Hellenic Championship,2025-11-05,ATP250,Indoor,Hard,2nd Round,3,Kecmanovic M.,Darderi L.,54,26.0,985,1609.0,4.0,6.0,6.0,2.0,6.0,3.0,,,,,2.0,1.0,Completed,1.44,2.75,1.5,2.77,1.44,2.8,1.43,2.75,1.52,2.88
58,Athens,Hellenic Championship,2025-11-05,ATP250,Indoor,Hard,2nd Round,3,Hanfmann Y.,Kopriva V.,117,92.0,518,677.0,6.0,2.0,5.0,7.0,7.0,5.0,,,,,2.0,1.0,Completed,1.36,3.2,1.43,3.03,1.44,3.2,1.38,2.97,1.47,3.1
58,Athens,Hellenic Championship,2025-11-05,ATP250,Indoor,Hard,2nd Round,3,Muller A.,Etcheverry T.,43,60.0,1190,920.0,6.0,7.0,7.0,6.0,7.0,6.0,,,,,2.0,1.0,Completed,2.2,1.67,2.42,1.63,2.25,1.67,2.21,1.63,2.42,1.69
58,Athens,Hellenic Championship,2025-11-05,ATP250,Indoor,Hard,2nd Round,3,Musetti L.,Wawrinka S.,9,159.0,3685,372.0,4.0,6.0,7.0,6.0,6.0,4.0,,,,,2.0,1.0,Completed,1.17,5.0,1.19,5.28,1.19,5.0,1.17,4.81,1.2,5.7
58,Athens,Hellenic Championship,2025-11-05,ATP250,Indoor,Hard,2nd Round,3,Giron M.,Nakashima B.,72,33.0,815,1430.0,7.0,6.0,6.0,1.0,,,,,,,2.0,0.0,Completed,2.38,1.57,2.28,1.69,2.38,1.73,2.25,1.62,2.42,1.68
58,Athens,Hellenic Championship,2025-11-06,ATP250,Indoor,Hard,Quarterfinals,3,Korda S.,Kecmanovic M.,52,54.0,1010,985.0,6.0,3.0,6.0,2.0,,,,,,,2.0,0.0,Completed,1.44,2.75,1.51,2.77,1.47,2.8,1.44,2.71,1.55,2.78
58,Athens,Hellenic Championship,2025-11-06,ATP250,Indoor,Hard,Quarterfinals,3,Musetti L.,Muller A.,9,43.0,3685,1190.0,6.0,2.0,6.0,4.0,,,,,,,2.0,0.0,Completed,1.2,4.5,,,1.24,4.75,1.22,4.16,1.22,5.4
58,Athens,Hellenic Championship,2025-11-06,ATP250,Indoor,Hard,Quarterfinals,3,Djokovic N.,Borges N.,5,47.0,4580,1120.0,7.0,6.0,6.0,4.0,,,,,,,2.0,0.0,Completed,1.17,5.0,1.19,5.52,1.18,5.5,1.16,4.99,1.19,6.0
58,Athens,Hellenic Championship,2025-11-06,ATP250,Indoor,Hard,Quarterfinals,3,Hanfmann Y.,Giron M.,117,72.0,518,815.0,7.0,6.0,6.0,4.0,,,,,,,2.0,0.0,Completed,2.38,1.57,2.34,1.68,2.38,1.67,2.24,1.62,2.42,1.69
58,Athens,Hellenic Championship,2025-11-07,ATP250,Indoor,Hard,Semifinals,3,Djokovic N.,Hanfmann Y.,5,117.0,4580,518.0,6.0,3.0,6.0,4.0,,,,,,,2.0,0.0,Completed,1.2,4.5,,,1.24,4.5,1.22,4.11,1.26,4.7
58,Athens,Hellenic Championship,2025-11-07,ATP250,Indoor,Hard,Semifinals,3,Musetti L.,Korda S.,9,52.0,3685,1010.0,6.0,0.0,5.0,7.0,7.0,5.0,,,,,2.0,1.0,Completed,1.73,2.1,1.82,2.11,1.8,2.16,1.74,2.07,1.93,2.06
58,Athens,Hellenic Championship,2025-11-08,ATP250,Indoor,Hard,The Final,3,Djokovic N.,Musetti L.,5,9.0,4580,3685.0,4.0,6.0,6.0,3.0,7.0,5.0,,,,,2.0,1.0,Completed,1.36,3.2,,,1.38,3.2,1.36,3.11,1.4,3.4
59,Metz,Open de Moselle,2025-11-02,ATP250,Indoor,Hard,1st Round,3,Cazaux A.,Mannarino A.,69,71.0,836,817.0,6.0,3.0,7.0,6.0,,,,,,,2.0,0.0,Completed,1.5,2.63,1.55,2.58,1.53,2.63,1.49,2.56,1.57,2.74
59,Metz,Open de Moselle,2025-11-02,ATP250,Indoor,Hard,1st Round,3,Gaston H.,Atmane T.,98,66.0,653,874.0,6.0,4.0,6.0,1.0,,,,,,,2.0,0.0,Completed,1.57,2.38,1.7,2.24,1.6,2.38,1.57,2.35,1.59,2.54
59,Metz,Open de Moselle,2025-11-03,ATP250,Indoor,Hard,1st Round,3,Tien L.,Blanchet U.,38,143.0,1344,433.0,6.0,3.0,6.0,3.0,,,,,,,2.0,0.0,Completed,1.22,4.33,1.26,4.31,1.22,4.5,1.21,4.21,1.26,4.7
59,Metz,Open de Moselle,2025-11-03,ATP250,Indoor,Hard,1st Round,3,Sonego L.,Choinski J.,42,126.0,1190,487.0,4.0,6.0,6.0,4.0,6.0,4.0,,,,,2.0,1.0,Completed,1.2,4.5,1.25,4.4,1.22,4.6,1.2,4.34,1.27,4.4
59,Metz,Open de Moselle,2025-11-03,ATP250,Indoor,Hard,1st Round,3,Tabur C.,Kovacevic A.,243,62.0,226,902.0,6.0,3.0,6.0,2.0,,,,,,,2.0,0.0,Completed,2.75,1.44,2.6,1.55,2.75,1.57,2.56,1.5,2.7,1.57
59,Metz,Open de Moselle,2025-11-03,ATP250,Indoor,Hard,1st Round,3,Sachko V.,Mpetshi G.,222,59.0,256,925.0,7.0,6.0,6.0,3.0,,,,,,,2.0,0.0,Completed,4.33,1.22,4.39,1.25,4.33,1.24,4.06,1.22,4.7,1.27
59,Metz,Open de Moselle,2025-11-03,ATP250,Indoor,Hard,1st Round,3,Norrie C.,Royer V.,27,56.0,1573,936.0,6.0,3.0,6.0,7.0,6.0,3.0,,,,,2.0,1.0,Completed,1.5,2.63,1.56,2.58,1.57,2.63,1.5,2.54,1.59,2.66
59,Metz,Open de Moselle,2025-11-03,ATP250,Indoor,Hard,1st Round,3,Berrettini M.,Halys Q.,63,84.0,895,732.0,6.0,2.0,6.0,4.0,,,,,,,2.0,0.0,Completed,1.25,4.0,1.29,3.9,1.28,4.0,1.26,3.78,1.31,4.0
59,Metz,Open de Moselle,2025-11-04,ATP250,Indoor,Hard,1st Round,3,Jacquet K.,Van Assche L.,156,172.0,386,333.0,4.0,6.0,6.0,3.0,6.0,4.0,,,,,2.0,1.0,Completed,2.38,1.57,2.5,1.59,2.43,1.58,2.38,1.56,2.52,1.63
59,Metz,Open de Moselle,2025-11-04,ATP250,Indoor,Hard,1st Round,3,Altmaier D.,Rinderknech A.,46,28.0,1123,1540.0,6.0,4.0,6.0,4.0,,,,,,,2.0,0.0,Completed,2.5,1.53,2.47,1.6,2.5,1.67,2.41,1.56,2.52,1.65
59,Metz,Open de Moselle,2025-11-04,ATP250,Indoor,Hard,1st Round,3,Blockx A.,Passaro F.,102,129.0,632,480.0,3.0,6.0,6.0,3.0,6.0,4.0,,,,,2.0,1.0,Completed,1.53,2.5,1.55,2.62,1.62,2.54,1.52,2.48,1.58,2.66
59,Metz,Open de Moselle,2025-11-04,ATP250,Indoor,Hard,1st Round,3,Vukic A.,Moutet C.,87,31.0,703,1483.0,3.0,6.0,7.0,6.0,7.0,6.0,,,,,2.0,1.0,Completed,4.0,1.25,3.94,1.29,4.33,1.27,3.8,1.25,4.0,1.32
59,Metz,Open de Moselle,2025-11-04,ATP250,Indoor,Hard,2nd Round,3,Sonego L.,Cobolli F.,42,22.0,1190,2025.0,2.0,6.0,6.0,3.0,7.0,5.0,,,,,2.0,1.0,Completed,2.1,1.73,2.12,1.79,2.14,1.73,2.1,1.71,2.2,1.81
59,Metz,Open de Moselle,2025-11-04,ATP250,Indoor,Hard,2nd Round,3,Norrie C.,Cazaux A.,27,69.0,1573,836.0,6.0,7.0,7.0,6.0,6.0,2.0,,,,,2.0,1.0,Completed,1.8,2.0,1.86,2.04,1.8,2.2,1.76,2.04,1.87,2.12
59,Metz,Open de Moselle,2025-11-05,ATP250,Indoor,Hard,2nd Round,3,Jacquet K.,Added D.,156,204.0,386,276.0,6.0,0.0,6.0,2.0,,,,,,,2.0,0.0,Completed,1.44,2.75,1.47,2.86,1.53,2.75,1.48,2.59,1.47,3.05
59,Metz,Open de Moselle,2025-11-05,ATP250,Indoor,Hard,2nd Round,3,Tabur C.,Blockx A.,243,102.0,226,632.0,6.0,7.0,7.0,6.0,7.0,6.0,,,,,2.0,1.0,Completed,2.75,1.44,2.77,1.5,2.88,1.45,2.73,1.44,3.0,1.48
59,Metz,Open de Moselle,2025-11-05,ATP250,Indoor,Hard,2nd Round,3,Tien L.,Echargui M.,38,140.0,1344,446.0,7.0,6.0,6.0,3.0,,,,,,,2.0,0.0,Completed,1.08,8.0,1.09,9.24,1.1,8.0,1.08,7.66,1.09,11.0
59,Metz,Open de Moselle,2025-11-05,ATP250,Indoor,Hard,2nd Round,3,Altmaier D.,Gaston H.,46,98.0,1123,653.0,4.0,6.0,6.0,0.0,0.0,0.0,,,,,1.0,1.0,Retired,2.0,1.8,2.13,1.79,2.05,1.83,2.0,1.78,2.1,1.86
59,Metz,Open de Moselle,2025-11-05,ATP250,Indoor,Hard,2nd Round,3,Sachko V.,Bublik A.,222,13.0,256,2870.0,7.0,5.0,3.0,6.0,7.0,5.0,,,,,2.0,1.0,Completed,6.5,1.11,6.25,1.15,6.5,1.13,6.16,1.12,7.2,1.15
59,Metz,Open de Moselle,2025-11-05,ATP250,Indoor,Hard,2nd Round,3,Berrettini M.,Vukic A.,63,87.0,895,703.0,7.0,6.0,6.0,3.0,,,,,,,2.0,0.0,Completed,1.25,4.0,1.3,3.84,1.29,4.0,1.26,3.79,1.3,4.2
59,Metz,Open de Moselle,2025-11-06,ATP250,Indoor,Hard,Quarterfinals,3,Norrie C.,Jacquet K.,27,156.0,1573,386.0,4.0,6.0,7.0,6.0,6.0,4.0,,,,,2.0,1.0,Completed,1.3,3.5,1.38,3.36,1.35,3.6,1.33,3.26,1.4,3.45
59,Metz,Open de Moselle,2025-11-06,ATP250,Indoor,Hard,Quarterfinals,3,Sonego L.,Altmaier D.,42,46.0,1190,1123.0,6.0,4.0,7.0,6.0,,,,,,,2.0,0.0,Completed,1.53,2.5,1.57,2.57,1.57,2.5,1.54,2.43,1.62,2.6
59,Metz,Open de Moselle,2025-11-06,ATP250,Indoor,Hard,Quarterfinals,3,Tien L.,Berrettini M.,38,63.0,1344,895.0,5.0,7.0,6.0,2.0,6.0,3.0,,,,,2.0,1.0,Completed,2.2,1.67,2.29,1.7,2.2,1.73,2.15,1.69,2.32,1.73
59,Metz,Open de Moselle,2025-11-06,ATP250,Indoor,Hard,Quarterfinals,3,Sachko V.,Tabur C.,222,243.0,256,226.0,6.0,4.0,3.0,6.0,6.0,4.0,,,,,2.0,1.0,Completed,2.0,1.8,2.05,1.87,2.02,2.25,1.95,1.84,2.08,1.9
59,Metz,Open de Moselle,2025-11-07,ATP250,Indoor,Hard,Semifinals,3,Norrie C.,Sonego L.,27,42.0,1573,1190.0,4.0,6.0,6.0,2.0,6.0,4.0,,,,,2.0,1.0,Completed,2.0,1.8,,,2.2,1.83,2.01,1.79,2.18,1.83
59,Metz,Open de Moselle,2025-11-07,ATP250,Indoor,Hard,Semifinals,3,Tien L.,Sachko V.,38,222.0,1344,256.0,6.0,1.0,6.0,4.0,,,,,,,2.0,0.0,Completed,1.17,5.0,1.18,5.68,1.2,5.4,1.16,5.09,1.19,5.8
59,Metz,Open de Moselle,2025-11-08,ATP250,Indoor,Hard,The Final,3,Tien L.,Norrie C.,38,27.0,1344,1573.0,6.0,3.0,3.0,6.0,7.0,6.0,,,,,2.0,1.0,Completed,1.57,2.38,,,1.58,2.45,1.57,2.39,1.69,2.42
60,Turin,Masters Cup,2025-11-09,Masters Cup,Indoor,Hard,Round Robin,3,Alcaraz C.,De Minaur A.,1,7.0,11050,3935.0,7.0,6.0,6.0,2.0,,,,,,,2.0,0.0,Completed,1.17,5.0,,,1.21,5.0,1.19,4.66,1.21,5.5
60,Turin,Masters Cup,2025-11-09,Masters Cup,Indoor,Hard,Round Robin,3,Zverev A.,Shelton B.,3,5.0,4960,3970.0,6.0,3.0,7.0,6.0,,,,,,,2.0,0.0,Completed,1.53,2.5,1.56,2.62,1.58,2.6,1.54,2.46,1.57,2.72
60,Turin,Masters Cup,2025-11-10,Masters Cup,Indoor,Hard,Round Robin,3,Fritz T.,Musetti L.,6,9.0,3935,3840.0,6.0,3.0,6.0,4.0,,,,,,,2.0,0.0,Completed,1.4,3.0,1.46,2.94,1.44,3.1,1.41,2.87,1.47,3.05
60,Turin,Masters Cup,2025-11-10,Masters Cup,Indoor,Hard,Round Robin,3,Sinner J.,Auger-Aliassime F.,2,8.0,10000,3845.0,7.0,5.0,6.0,1.0,,,,,,,2.0,0.0,Completed,1.06,10.0,1.09,9.63,1.09,10.0,1.07,8.64,1.09,11.5
60,Turin,Masters Cup,2025-11-11,Masters Cup,Indoor,Hard,Round Robin,3,Alcaraz C.,Fritz T.,1,6.0,11050,3935.0,6.0,7.0,7.0,5.0,6.0,3.0,,,,,2.0,1.0,Completed,1.2,4.5,1.22,4.85,1.23,4.8,1.21,4.4,1.24,5.1
60,Turin,Masters Cup,2025-11-11,Masters Cup,Indoor,Hard,Round Robin,3,Musetti L.,De Minaur A.,9,7.0,3840,3935.0,7.0,5.0,3.0,6.0,7.0,5.0,,,,,2.0,1.0,Completed,3.2,1.36,3.25,1.4,3.3,1.38,3.13,1.36,3.35,1.42
60,Turin,Masters Cup,2025-11-12,Masters Cup,Indoor,Hard,Round Robin,3,Auger-Aliassime F.,Shelton B.,8,5.0,3845,3970.0,4.0,6.0,7.0,6.0,7.0,5.0,,,,,2.0,1.0,Completed,2.2,1.67,2.2,1.76,2.4,1.74,2.18,1.68,2.28,1.76
60,Turin,Masters Cup,2025-11-12,Masters Cup,Indoor,Hard,Round Robin,3,Sinner J.,Zverev A.,2,3.0,10000,4960.0,6.0,4.0,6.0,3.0,,,,,,,2.0,0.0,Completed,1.1,7.0,1.13,7.21,1.14,7.5,1.11,6.48,1.14,7.6
60,Turin,Masters Cup,2025-11-13,Masters Cup,Indoor,Hard,Round Robin,3,De Minaur A.,Fritz T.,7,6.0,3935,3935.0,7.0,6.0,6.0,3.0,,,,,,,2.0,0.0,Completed,3.2,1.36,3.27,1.39,3.3,1.4,3.09,1.36,3.4,1.4
60,Turin,Masters Cup,2025-11-13,Masters Cup,Indoor,Hard,Round Robin,3,Alcaraz C.,Musetti L.,1,9.0,11050,3840.0,6.0,4.0,6.0,1.0,,,,,,,2.0,0.0,Completed,1.13,6.0,1.14,6.88,1.14,7.0,1.13,6.05,1.16,7.0
60,Turin,Masters Cup,2025-11-14,Masters Cup,Indoor,Hard,Round Robin,3,Sinner J.,Shelton B.,2,5.0,10000,3970.0,6.0,3.0,7.0,6.0,,,,,,,2.0,0.0,Completed,1.05,10.0,1.1,8.53,1.07,11.0,1.06,9.41,1.08,13.0
60,Turin,Masters Cup,2025-11-14,Masters Cup,Indoor,Hard,Round Robin,3,Auger-Aliassime F.,Zverev A.,8,3.0,3845,4960.0,6.0,4.0,7.0,6.0,,,,,,,2.0,0.0,Completed,1.2,4.5,1.21,5.06,1.22,5.3,1.19,4.8,1.22,5.3
60,Turin,Masters Cup,2025-11-15,Masters Cup,Indoor,Hard,Semifinals,3,Sinner J.,De Minaur A.,2,7.0,10000,3935.0,7.0,5.0,6.0,2.0,,,,,,,2.0,0.0,Completed,1.05,10.0,1.1,8.53,1.07,11.0,1.06,9.44,1.08,13.0
60,Turin,Masters Cup,2025-11-15,Masters Cup,Indoor,Hard,Semifinals,3,Alcaraz C.,Auger-Aliassime F.,1,8.0,11050,3845.0,6.0,2.0,6.0,4.0,,,,,,,2.0,0.0,Completed,1.2,4.5,1.21,5.06,1.22,5.3,1.19,4.75,1.22,5.3
60,Turin,Masters Cup,2025-11-16,Masters Cup,Indoor,Hard,The Final,3,Sinner J.,Alcaraz C.,2,1.0,10000,11050.0,7.0,6.0,7.0,5.0,,,,,,,2.0,0.0,Completed,1.5,2.63,1.5,2.8,1.56,2.8,1.49,2.61,1.52,2.88
