ATP,Location,Tournament,Date,Series,Court,Surface,Round,Best of,Winner,Loser,WRank,LRank,WPts,LPts,W1,L1,W2,L2,W3,L3,W4,L4,W5,L5,Wsets,Lsets,Comment,B365W,B365L,PSW,PSL,MaxW,MaxL,AvgW,AvgL,BFEW,BFEL
1,Brisbane,Brisbane International,2026-01-04,ATP250,Outdoor,Hard,1st Round,3,Tiafoe F.,Vukic A.,30.0,87.0,1485.0,693.0,6,2,6,2.0,,,,,,,2,0,Completed,1.44,2.75,1.52,2.7,1.53,2.95,1.47,2.63,1.53,2.88
1,Brisbane,Brisbane International,2026-01-04,ATP250,Outdoor,Hard,1st Round,3,Tien L.,Ugo Carabelli C.,26.0,48.0,1540.0,1028.0,7,6,6,3.0,,,,,,,2,0,Completed,1.14,5.5,1.2,5.21,1.18,5.5,1.16,5.06,1.19,6.0
1,Brisbane,Brisbane International,2026-01-05,ATP250,Outdoor,Hard,1st Round,3,Korda S.,Vacherot V.,46.0,31.0,1090.0,1469.0,7,6,6,3.0,,,,,,,2,0,Completed,1.5,2.63,1.54,2.64,1.52,2.75,1.48,2.61,1.56,2.74
1,Brisbane,Brisbane International,2026-01-05,ATP250,Outdoor,Hard,1st Round,3,Michelsen A.,Duckworth J.,37.0,86.0,1300.0,694.0,6,7,7,6.0,6,3,,,,,2,1,Completed,1.73,2.1,1.73,2.22,1.8,2.2,1.71,2.11,1.75,2.28
1,Brisbane,Brisbane International,2026-01-05,ATP250,Outdoor,Hard,1st Round,3,Lehecka J.,Machac T.,19.0,35.0,2075.0,1360.0,6,4,6,7.0,6,2,,,,,2,1,Completed,1.5,2.63,1.52,2.71,1.57,2.75,1.49,2.56,1.54,2.76
1,Brisbane,Brisbane International,2026-01-05,ATP250,Outdoor,Hard,1st Round,3,Majchrzak K.,Altmaier D.,59.0,44.0,861.0,1123.0,7,6,6,0.0,,,,,,,2,0,Completed,1.91,1.91,,,1.95,1.91,1.91,1.84,2.02,1.94
1,Brisbane,Brisbane International,2026-01-05,ATP250,Outdoor,Hard,1st Round,3,Halys Q.,Popyrin A.,91.0,50.0,669.0,1000.0,5,7,6,3.0,6,4,,,,,2,1,Completed,2.5,1.53,2.49,1.6,2.5,1.57,2.4,1.55,2.6,1.61
1,Brisbane,Brisbane International,2026-01-05,ATP250,Outdoor,Hard,1st Round,3,Opelka R.,Sweeny D.,60.0,183.0,861.0,315.0,6,3,7,5.0,,,,,,,2,0,Completed,1.62,2.3,1.6,2.49,1.62,2.6,1.56,2.39,1.64,2.52
1,Brisbane,Brisbane International,2026-01-05,ATP250,Outdoor,Hard,1st Round,3,Medvedev D.,Fucsovics M.,13.0,54.0,2710.0,949.0,6,2,6,3.0,,,,,,,2,0,Completed,1.29,3.75,1.28,4.03,1.29,3.8,1.26,3.73,1.28,4.3
1,Brisbane,Brisbane International,2026-01-06,ATP250,Outdoor,Hard,1st Round,3,Collignon R.,Shapovalov D.,84.0,23.0,704.0,1665.0,6,4,6,2.0,,,,,,,2,0,Completed,2.1,1.73,2.03,1.86,2.2,1.78,2.06,1.74,2.14,1.86
1,Brisbane,Brisbane International,2026-01-06,ATP250,Outdoor,Hard,1st Round,3,Nakashima B.,Davidovich Fokina A.,33.0,14.0,1380.0,2585.0,7,6,6,4.0,,,,,,,2,0,Completed,2.5,1.53,2.4,1.63,2.5,1.65,2.35,1.57,2.48,1.66
1,Brisbane,Brisbane International,2026-01-06,ATP250,Outdoor,Hard,1st Round,3,Mpetshi G.,Paul T.,67.0,20.0,825.0,2050.0,7,6,3,6.0,7,6,,,,,2,1,Completed,2.75,1.44,2.73,1.51,2.75,1.55,2.64,1.47,2.84,1.52
1,Brisbane,Brisbane International,2026-01-06,ATP250,Outdoor,Hard,1st Round,3,Kovacevic A.,Kyrgios N.,58.0,670.0,877.0,50.0,6,3,6,4.0,,,,,,,2,0,Completed,1.62,2.3,1.6,2.47,1.65,2.5,1.6,2.29,1.59,2.66
1,Brisbane,Brisbane International,2026-01-06,ATP250,Outdoor,Hard,1st Round,3,Norrie C.,Humbert U.,28.0,36.0,1523.0,1355.0,1,6,7,6.0,7,5,,,,,2,1,Completed,2.2,1.67,2.21,1.74,2.2,1.8,2.1,1.72,2.3,1.75
1,Brisbane,Brisbane International,2026-01-06,ATP250,Outdoor,Hard,1st Round,3,Hijikata R.,Walton A.,111.0,77.0,546.0,732.0,6,3,6,2.0,,,,,,,2,0,Completed,1.73,2.1,1.79,2.13,1.76,2.1,1.73,2.08,1.8,2.22
1,Brisbane,Brisbane International,2026-01-06,ATP250,Outdoor,Hard,1st Round,3,Dimitrov G.,Carreno Busta P.,47.0,92.0,1080.0,656.0,6,3,6,2.0,,,,,,,2,0,Completed,1.44,2.75,1.51,2.74,1.55,2.8,1.47,2.67,1.52,2.9
1,Brisbane,Brisbane International,2026-01-07,ATP250,Outdoor,Hard,2nd Round,3,Michelsen A.,Tien L.,37.0,26.0,1300.0,1540.0,6,4,6,2.0,,,,,,,2,0,Completed,2.38,1.57,2.57,1.56,2.54,1.58,2.45,1.54,2.68,1.58
1,Brisbane,Brisbane International,2026-01-07,ATP250,Outdoor,Hard,2nd Round,3,Medvedev D.,Tiafoe F.,13.0,30.0,2710.0,1485.0,6,3,6,2.0,,,,,,,2,0,Completed,1.3,3.5,1.35,3.44,1.33,3.55,1.31,3.42,1.38,3.55
1,Brisbane,Brisbane International,2026-01-07,ATP250,Outdoor,Hard,2nd Round,3,Korda S.,Lehecka J.,46.0,19.0,1090.0,2075.0,6,3,1,2.0,,,,,,,1,0,Retired,2.2,1.67,2.51,1.58,2.35,1.71,2.25,1.62,2.52,1.63
1,Brisbane,Brisbane International,2026-01-07,ATP250,Outdoor,Hard,2nd Round,3,Majchrzak K.,Opelka R.,59.0,60.0,861.0,861.0,6,7,7,6.0,7,6,,,,,2,1,Completed,2,1.8,2.08,1.82,2.04,1.83,1.99,1.8,2.12,1.87
1,Brisbane,Brisbane International,2026-01-08,ATP250,Outdoor,Hard,2nd Round,3,Kovacevic A.,Norrie C.,58.0,28.0,877.0,1523.0,7,6,4,6.0,6,4,,,,,2,1,Completed,2.63,1.5,2.69,1.52,2.75,1.5,2.64,1.48,2.84,1.54
1,Brisbane,Brisbane International,2026-01-08,ATP250,Outdoor,Hard,2nd Round,3,Nakashima B.,Halys Q.,33.0,91.0,1380.0,669.0,6,2,6,4.0,,,,,,,2,0,Completed,1.44,2.75,1.44,3.0,1.45,2.88,1.43,2.77,1.48,3.0
1,Brisbane,Brisbane International,2026-01-08,ATP250,Outdoor,Hard,2nd Round,3,Mpetshi G.,Hijikata R.,67.0,111.0,825.0,546.0,4,6,7,6.0,7,6,,,,,2,1,Completed,1.57,2.38,1.65,2.35,1.65,2.38,1.6,2.29,1.68,2.42
1,Brisbane,Brisbane International,2026-01-08,ATP250,Outdoor,Hard,2nd Round,3,Collignon R.,Dimitrov G.,84.0,47.0,704.0,1080.0,7,6,6,3.0,,,,,,,2,0,Completed,2.75,1.44,2.76,1.5,2.75,1.53,2.63,1.48,2.84,1.53
1,Brisbane,Brisbane International,2026-01-09,ATP250,Outdoor,Hard,Quarterfinals,3,Kovacevic A.,Mpetshi G.,58.0,67.0,877.0,825.0,7,6,4,6.0,6,3,,,,,2,1,Completed,2.3,1.62,2.25,1.72,2.38,1.68,2.25,1.62,2.32,1.73
1,Brisbane,Brisbane International,2026-01-09,ATP250,Outdoor,Hard,Quarterfinals,3,Nakashima B.,Collignon R.,33.0,84.0,1380.0,704.0,6,3,6,3.0,,,,,,,2,0,Completed,1.62,2.3,1.68,2.32,1.83,2.3,1.66,2.18,1.75,2.3
1,Brisbane,Brisbane International,2026-01-09,ATP250,Outdoor,Hard,Quarterfinals,3,Michelsen A.,Korda S.,37.0,46.0,1300.0,1090.0,6,3,7,6.0,,,,,,,2,0,Completed,2.75,1.44,2.82,1.49,2.75,1.5,2.65,1.46,2.88,1.52
1,Brisbane,Brisbane International,2026-01-09,ATP250,Outdoor,Hard,Quarterfinals,3,Medvedev D.,Majchrzak K.,13.0,59.0,2710.0,861.0,6,7,6,3.0,6,2,,,,,2,1,Completed,1.14,5.5,1.17,5.95,1.18,6.5,1.15,5.38,1.17,6.8
1,Brisbane,Brisbane International,2026-01-10,ATP250,Outdoor,Hard,Semifinals,3,Nakashima B.,Kovacevic A.,33.0,58.0,1380.0,877.0,7,6,6,4.0,,,,,,,2,0,Completed,1.36,3.2,1.37,3.38,1.4,3.2,1.36,3.04,1.4,3.4
1,Brisbane,Brisbane International,2026-01-10,ATP250,Outdoor,Hard,Semifinals,3,Medvedev D.,Michelsen A.,13.0,37.0,2710.0,1300.0,6,4,6,2.0,,,,,,,2,0,Completed,1.25,4.0,,,1.29,4.0,1.26,3.77,1.32,4.0
1,Brisbane,Brisbane International,2026-01-11,ATP250,Outdoor,Hard,The Final,3,Medvedev D.,Nakashima B.,13.0,33.0,2710.0,1380.0,6,2,7,6.0,,,,,,,2,0,Completed,1.29,3.75,1.29,4.01,1.3,3.75,1.28,3.6,1.31,4.2
2,Hong Kong,Hong Kong Tennis Open,2026-01-05,ATP250,Outdoor,Hard,1st Round,3,Borges N.,Dzumhur D.,45.0,65.0,1120.0,837.0,6,4,6,3.0,,,,,,,2,0,Completed,1.44,2.75,1.47,2.88,1.49,2.8,1.44,2.69,1.51,2.88
2,Hong Kong,Hong Kong Tennis Open,2026-01-05,ATP250,Outdoor,Hard,1st Round,3,Cilic M.,Mannarino A.,70.0,68.0,765.0,817.0,6,3,6,2.0,,,,,,,2,0,Completed,1.8,2.0,1.77,2.16,1.81,2.06,1.76,2.02,1.83,2.16
2,Hong Kong,Hong Kong Tennis Open,2026-01-05,ATP250,Outdoor,Hard,1st Round,3,Wu Y.,Marozsan F.,179.0,53.0,322.0,975.0,6,4,6,2.0,,,,,,,2,0,Completed,2,1.8,2.23,1.72,2.2,1.84,2.08,1.72,2.32,1.74
2,Hong Kong,Hong Kong Tennis Open,2026-01-06,ATP250,Outdoor,Hard,1st Round,3,Etcheverry T.,Royer V.,57.0,56.0,895.0,924.0,6,4,7,5.0,,,,,,,2,0,Completed,1.8,2.0,1.95,1.93,1.91,2.1,1.84,1.93,2.02,1.96
2,Hong Kong,Hong Kong Tennis Open,2026-01-06,ATP250,Outdoor,Hard,1st Round,3,Sonego L.,Sakamoto R.,39.0,200.0,1240.0,292.0,6,2,7,6.0,,,,,,,2,0,Completed,1.44,2.75,1.51,2.74,1.5,2.75,1.46,2.63,1.52,2.84
2,Hong Kong,Hong Kong Tennis Open,2026-01-06,ATP250,Outdoor,Hard,1st Round,3,Muller A.,Kecmanovic M.,52.0,51.0,980.0,1000.0,7,5,6,4.0,,,,,,,2,0,Completed,2.3,1.62,2.26,1.7,2.3,1.73,2.23,1.62,2.26,1.75
2,Hong Kong,Hong Kong Tennis Open,2026-01-06,ATP250,Outdoor,Hard,1st Round,3,Wong C.,Navone M.,150.0,72.0,406.0,760.0,6,3,7,5.0,,,,,,,2,0,Completed,1.73,2.1,1.84,2.06,1.82,2.2,1.76,2.02,1.94,2.06
2,Hong Kong,Hong Kong Tennis Open,2026-01-06,ATP250,Outdoor,Hard,1st Round,3,Diallo G.,De Jong J.,40.0,71.0,1215.0,763.0,6,4,7,6.0,,,,,,,2,0,Completed,1.44,2.75,1.43,3.05,1.45,2.9,1.41,2.8,1.46,3.05
2,Hong Kong,Hong Kong Tennis Open,2026-01-06,ATP250,Outdoor,Hard,1st Round,3,Mmoh M.,Tabilo A.,285.0,81.0,184.0,717.0,7,5,6,4.0,,,,,,,2,0,Completed,2.3,1.62,2.38,1.65,2.6,1.68,2.35,1.57,2.48,1.66
2,Hong Kong,Hong Kong Tennis Open,2026-01-06,ATP250,Outdoor,Hard,1st Round,3,Van De Zandschulp B.,Struff J.L.,75.0,82.0,746.0,711.0,6,3,1,6.0,6,1,,,,,2,1,Completed,2.1,1.73,2.22,1.73,2.23,1.73,2.17,1.66,2.34,1.72
2,Hong Kong,Hong Kong Tennis Open,2026-01-06,ATP250,Outdoor,Hard,1st Round,3,Giron M.,Djere L.,64.0,95.0,845.0,652.0,6,2,6,0.0,,,,,,,2,0,Completed,1.67,2.2,1.73,2.22,1.73,2.2,1.69,2.11,1.72,2.32
2,Hong Kong,Hong Kong Tennis Open,2026-01-06,ATP250,Outdoor,Hard,1st Round,3,Shang J.,Comesana F.,406.0,66.0,115.0,829.0,6,4,6,4.0,,,,,,,2,0,Completed,1.5,2.63,1.55,2.61,1.6,2.63,1.5,2.53,1.55,2.78
2,Hong Kong,Hong Kong Tennis Open,2026-01-07,ATP250,Outdoor,Hard,2nd Round,3,Musetti L.,Etcheverry T.,7.0,57.0,3990.0,895.0,6,7,6,2.0,6,4,,,,,2,1,Completed,1.3,3.5,,,1.32,3.5,1.3,3.4,1.33,3.85
2,Hong Kong,Hong Kong Tennis Open,2026-01-07,ATP250,Outdoor,Hard,2nd Round,3,Borges N.,Cilic M.,45.0,70.0,1120.0,765.0,7,5,6,3.0,,,,,,,2,0,Completed,1.91,1.91,1.93,1.95,1.95,1.94,1.88,1.89,1.96,2.02
2,Hong Kong,Hong Kong Tennis Open,2026-01-07,ATP250,Outdoor,Hard,2nd Round,3,Wong C.,Diallo G.,150.0,40.0,406.0,1215.0,1,6,7,5.0,7,5,,,,,2,1,Completed,2.75,1.44,,,2.95,1.5,2.65,1.46,2.88,1.51
2,Hong Kong,Hong Kong Tennis Open,2026-01-07,ATP250,Outdoor,Hard,2nd Round,3,Rublev A.,Wu Y.,16.0,179.0,2510.0,322.0,3,6,6,2.0,6,1,,,,,2,1,Completed,1.44,2.75,1.51,2.6,1.5,2.75,1.47,2.61,1.51,2.96
2,Hong Kong,Hong Kong Tennis Open,2026-01-08,ATP250,Outdoor,Hard,2nd Round,3,Shang J.,Sonego L.,406.0,39.0,115.0,1240.0,6,3,6,4.0,,,,,,,2,0,Completed,1.62,2.3,1.69,2.29,1.68,2.3,1.63,2.23,1.73,2.34
2,Hong Kong,Hong Kong Tennis Open,2026-01-08,ATP250,Outdoor,Hard,2nd Round,3,Giron M.,Muller A.,64.0,52.0,845.0,980.0,6,4,7,6.0,,,,,,,2,0,Completed,1.8,2.0,1.8,2.11,1.84,2.01,1.79,1.99,1.84,2.16
2,Hong Kong,Hong Kong Tennis Open,2026-01-08,ATP250,Outdoor,Hard,2nd Round,3,Mmoh M.,Khachanov K.,285.0,17.0,184.0,2320.0,7,6,7,6.0,,,,,,,2,0,Completed,3.4,1.33,3.32,1.37,3.4,1.35,3.25,1.33,3.55,1.38
2,Hong Kong,Hong Kong Tennis Open,2026-01-08,ATP250,Outdoor,Hard,2nd Round,3,Bublik A.,Van De Zandschulp B.,11.0,75.0,2845.0,746.0,6,3,6,3.0,,,,,,,2,0,Completed,1.44,2.75,1.48,2.82,1.5,2.8,1.46,2.65,1.53,2.82
2,Hong Kong,Hong Kong Tennis Open,2026-01-09,ATP250,Outdoor,Hard,Quarterfinals,3,Musetti L.,Wong C.,7.0,150.0,3990.0,406.0,6,4,6,4.0,,,,,,,2,0,Completed,1.25,4.0,1.29,4.05,1.29,4.0,1.26,3.71,1.29,4.3
2,Hong Kong,Hong Kong Tennis Open,2026-01-09,ATP250,Outdoor,Hard,Quarterfinals,3,Rublev A.,Borges N.,16.0,45.0,2510.0,1120.0,6,3,6,4.0,,,,,,,2,0,Completed,1.44,2.75,1.53,2.69,1.5,2.75,1.47,2.62,1.58,2.72
2,Hong Kong,Hong Kong Tennis Open,2026-01-09,ATP250,Outdoor,Hard,Quarterfinals,3,Bublik A.,Shang J.,11.0,406.0,2845.0,115.0,6,1,7,6.0,,,,,,,2,0,Completed,1.53,2.5,,,1.58,2.5,1.54,2.42,1.61,2.6
2,Hong Kong,Hong Kong Tennis Open,2026-01-09,ATP250,Outdoor,Hard,Quarterfinals,3,Giron M.,Mmoh M.,64.0,285.0,845.0,184.0,6,3,1,0.0,,,,,,,1,0,Retired,1.57,2.38,1.62,2.46,1.62,2.4,1.57,2.35,1.63,2.54
2,Hong Kong,Hong Kong Tennis Open,2026-01-10,ATP250,Outdoor,Hard,Semifinals,3,Musetti L.,Rublev A.,7.0,16.0,3990.0,2510.0,6,7,7,5.0,6,4,,,,,2,1,Completed,1.8,2.0,,,1.91,2.0,1.83,1.95,2.0,1.98
2,Hong Kong,Hong Kong Tennis Open,2026-01-10,ATP250,Outdoor,Hard,Semifinals,3,Bublik A.,Giron M.,11.0,64.0,2845.0,845.0,3,6,6,4.0,6,2,,,,,2,1,Completed,1.29,3.75,,,1.3,3.75,1.28,3.6,1.31,4.1
2,Hong Kong,Hong Kong Tennis Open,2026-01-11,ATP250,Outdoor,Hard,The Final,3,Bublik A.,Musetti L.,11.0,7.0,2845.0,3990.0,7,6,6,3.0,,,,,,,2,0,Completed,1.8,2.0,1.86,2.05,1.87,2.05,1.8,1.98,1.93,2.06
3,Adelaide,Adelaide International,2026-01-12,ATP250,Outdoor,Hard,1st Round,3,Opelka R.,Popyrin A.,62.0,49.0,873.0,1000.0,6,3,7,6.0,,,,,,,2,0,Completed,2,1.8,2.07,1.83,2.08,1.85,2.01,1.77,2.12,1.86
3,Adelaide,Adelaide International,2026-01-12,ATP250,Outdoor,Hard,1st Round,3,Munar J.,Altmaier D.,38.0,44.0,1295.0,1123.0,6,3,6,0.0,,,,,,,2,0,Completed,1.4,3.0,1.41,3.14,1.44,3.0,1.39,2.9,1.43,3.25
3,Adelaide,Adelaide International,2026-01-12,ATP250,Outdoor,Hard,1st Round,3,Vacherot V.,Kecmanovic M.,32.0,59.0,1469.0,910.0,7,6,6,4.0,,,,,,,2,0,Completed,1.73,2.1,1.78,2.15,1.75,2.2,1.72,2.09,1.84,2.16
3,Adelaide,Adelaide International,2026-01-12,ATP250,Outdoor,Hard,1st Round,3,Humbert U.,Atmane T.,36.0,64.0,1355.0,862.0,6,3,7,6.0,,,,,,,2,0,Completed,1.3,3.5,1.38,3.3,1.36,3.5,1.33,3.27,1.39,3.5
3,Adelaide,Adelaide International,2026-01-12,ATP250,Outdoor,Hard,1st Round,3,Kokkinakis T.,Korda S.,670.0,51.0,50.0,975.0,3,6,6,3.0,7,6,,,,,2,1,Completed,3.5,1.3,3.47,1.35,3.6,1.35,3.37,1.31,3.55,1.38
3,Adelaide,Adelaide International,2026-01-13,ATP250,Outdoor,Hard,1st Round,3,Machac T.,Duckworth J.,35.0,86.0,1360.0,694.0,6,3,6,3.0,,,,,,,2,0,Completed,1.62,2.3,1.58,2.53,1.67,2.3,1.62,2.25,1.74,2.32
3,Adelaide,Adelaide International,2026-01-13,ATP250,Outdoor,Hard,1st Round,3,Hijikata R.,Schoolkate T.,115.0,97.0,527.0,641.0,6,4,6,4.0,,,,,,,2,0,Completed,1.62,2.3,1.71,2.25,1.67,2.3,1.63,2.23,1.8,2.22
3,Adelaide,Adelaide International,2026-01-13,ATP250,Outdoor,Hard,1st Round,3,Halys Q.,Fearnley J.,85.0,77.0,697.0,752.0,6,3,6,4.0,,,,,,,2,0,Completed,1.57,2.38,,,1.68,2.38,1.63,2.23,1.71,2.34
3,Adelaide,Adelaide International,2026-01-13,ATP250,Outdoor,Hard,1st Round,3,Shevchenko A.,Dzumhur D.,104.0,66.0,597.0,837.0,4,6,6,4.0,7,5,,,,,2,1,Completed,1.73,2.1,,,1.74,2.25,1.67,2.15,1.74,2.32
3,Adelaide,Adelaide International,2026-01-13,ATP250,Outdoor,Hard,1st Round,3,Vavassori A.,Diallo G.,336.0,41.0,147.0,1215.0,6,3,7,6.0,,,,,,,2,0,Completed,3.4,1.33,,,3.5,1.9,3.05,1.42,3.75,1.35
3,Adelaide,Adelaide International,2026-01-13,ATP250,Outdoor,Hard,1st Round,3,Fucsovics M.,Quinn E.,55.0,78.0,949.0,733.0,6,4,6,4.0,,,,,,,2,0,Completed,1.8,2.0,1.74,2.21,1.9,2.05,1.79,1.98,1.89,2.06
3,Adelaide,Adelaide International,2026-01-13,ATP250,Outdoor,Hard,1st Round,3,Vukic A.,Tsitsipas S.,87.0,33.0,693.0,1455.0,7,6,7,6.0,,,,,,,2,0,Completed,3.75,1.29,,,3.75,1.32,3.51,1.29,4.0,1.32
3,Adelaide,Adelaide International,2026-01-14,ATP250,Outdoor,Hard,2nd Round,3,Munar J.,Cerundolo F.,38.0,20.0,1295.0,2035.0,3,6,7,5.0,6,4,,,,,2,1,Completed,1.67,2.2,,,1.67,2.25,1.65,2.2,1.76,2.28
3,Adelaide,Adelaide International,2026-01-14,ATP250,Outdoor,Hard,2nd Round,3,Humbert U.,Griekspoor T.,36.0,25.0,1355.0,1565.0,6,4,6,1.0,,,,,,,2,0,Completed,1.53,2.5,,,1.6,2.5,1.53,2.45,1.61,2.58
3,Adelaide,Adelaide International,2026-01-14,ATP250,Outdoor,Hard,2nd Round,3,Machac T.,Halys Q.,35.0,85.0,1360.0,697.0,6,4,6,2.0,,,,,,,2,0,Completed,1.57,2.38,,,1.67,2.4,1.58,2.32,1.64,2.52
3,Adelaide,Adelaide International,2026-01-14,ATP250,Outdoor,Hard,2nd Round,3,Paul T.,Opelka R.,21.0,62.0,2000.0,873.0,6,4,6,4.0,,,,,,,2,0,Completed,1.53,2.5,,,1.61,2.5,1.55,2.4,1.59,2.66
3,Adelaide,Adelaide International,2026-01-14,ATP250,Outdoor,Hard,2nd Round,3,Shevchenko A.,Fucsovics M.,104.0,55.0,597.0,949.0,6,3,7,6.0,,,,,,,2,0,Completed,2.75,1.44,,,2.75,1.53,2.61,1.48,2.62,1.59
3,Adelaide,Adelaide International,2026-01-14,ATP250,Outdoor,Hard,2nd Round,3,Vukic A.,Vavassori A.,87.0,336.0,693.0,147.0,6,2,7,6.0,,,,,,,2,0,Completed,1.62,2.3,,,1.63,2.5,1.56,2.39,1.66,2.48
3,Adelaide,Adelaide International,2026-01-14,ATP250,Outdoor,Hard,2nd Round,3,Vacherot V.,Kokkinakis T.,32.0,670.0,1469.0,50.0,,,,,,,,,,,,,Walkover,1.44,2.75,,,1.5,2.88,1.44,2.73,1.46,3.05
3,Adelaide,Adelaide International,2026-01-14,ATP250,Outdoor,Hard,2nd Round,3,Davidovich Fokina A.,Hijikata R.,15.0,115.0,2585.0,527.0,6,3,6,2.0,,,,,,,2,0,Completed,1.36,3.2,,,1.44,3.2,1.37,3.03,1.43,3.25
3,Adelaide,Adelaide International,2026-01-15,ATP250,Outdoor,Hard,Quarterfinals,3,Machac T.,Munar J.,35.0,38.0,1360.0,1295.0,6,4,6,4.0,,,,,,,2,0,Completed,1.73,2.1,,,1.91,2.1,1.77,2.01,1.89,2.1
3,Adelaide,Adelaide International,2026-01-15,ATP250,Outdoor,Hard,Quarterfinals,3,Paul T.,Vukic A.,21.0,87.0,2000.0,693.0,6,3,6,2.0,,,,,,,2,0,Completed,1.22,4.33,,,1.29,4.33,1.24,3.97,1.28,4.4
3,Adelaide,Adelaide International,2026-01-15,ATP250,Outdoor,Hard,Quarterfinals,3,Humbert U.,Shevchenko A.,36.0,104.0,1355.0,597.0,6,0,6,3.0,,,,,,,2,0,Completed,1.25,4.0,,,1.26,4.2,1.24,3.89,1.29,4.3
3,Adelaide,Adelaide International,2026-01-15,ATP250,Outdoor,Hard,Quarterfinals,3,Davidovich Fokina A.,Vacherot V.,15.0,32.0,2585.0,1469.0,7,6,6,2.0,,,,,,,2,0,Completed,1.53,2.5,,,1.87,2.5,1.55,2.43,1.61,2.6
3,Adelaide,Adelaide International,2026-01-16,ATP250,Outdoor,Hard,Semifinals,3,Machac T.,Paul T.,35.0,21.0,1360.0,2000.0,2,6,6,3.0,6,3,,,,,2,1,Completed,2.38,1.57,,,2.4,1.63,2.31,1.59,2.48,1.65
3,Adelaide,Adelaide International,2026-01-16,ATP250,Outdoor,Hard,Semifinals,3,Humbert U.,Davidovich Fokina A.,36.0,15.0,1355.0,2585.0,6,3,5,7.0,7,6,,,,,2,1,Completed,1.8,2.0,,,1.83,2.05,1.77,2.01,1.85,2.16
3,Adelaide,Adelaide International,2026-01-17,ATP250,Outdoor,Hard,The Final,3,Machac T.,Humbert U.,35.0,36.0,1360.0,1355.0,6,4,6,7.0,6,2,,,,,2,1,Completed,2.2,1.67,,,2.25,1.68,2.2,1.66,2.36,1.72
4,Auckland,ASB Classic,2026-01-11,ATP250,Outdoor,Hard,1st Round,3,Spizzirri E.,Mannarino A.,89.0,69.0,672.0,810.0,6,4,6,3.0,,,,,,,2,0,Completed,1.62,2.3,1.59,2.5,1.62,2.4,1.57,2.33,1.62,2.58
4,Auckland,ASB Classic,2026-01-12,ATP250,Outdoor,Hard,1st Round,3,Brooksby J.,Watt J.,48.0,643.0,1017.0,55.0,6,4,6,3.0,,,,,,,2,0,Completed,1.07,9.0,1.08,10.0,1.07,13.0,1.06,8.69,1.09,11.0
4,Auckland,ASB Classic,2026-01-12,ATP250,Outdoor,Hard,1st Round,3,Comesana F.,Royer V.,68.0,57.0,829.0,924.0,6,4,6,4.0,,,,,,,2,0,Completed,2.2,1.67,2.21,1.74,2.25,1.75,2.12,1.7,2.2,1.78
4,Auckland,ASB Classic,2026-01-12,ATP250,Outdoor,Hard,1st Round,3,Norrie C.,Gaston H.,28.0,94.0,1538.0,653.0,6,3,6,4.0,,,,,,,2,0,Completed,1.5,2.63,1.53,2.65,1.53,2.8,1.5,2.55,1.59,2.66
4,Auckland,ASB Classic,2026-01-12,ATP250,Outdoor,Hard,1st Round,3,Baez S.,Nava E.,39.0,88.0,1250.0,677.0,4,6,7,5.0,6,3,,,,,2,1,Completed,2,1.8,2.19,1.75,2.1,1.8,2.02,1.76,2.22,1.81
4,Auckland,ASB Classic,2026-01-12,ATP250,Outdoor,Hard,1st Round,3,Tabilo A.,Ugo Carabelli C.,81.0,47.0,722.0,1028.0,6,4,6,2.0,,,,,,,2,0,Completed,1.44,2.75,1.47,2.88,1.45,2.8,1.43,2.73,1.46,3.0
4,Auckland,ASB Classic,2026-01-12,ATP250,Outdoor,Hard,1st Round,3,Michelsen A.,Navone M.,37.0,74.0,1350.0,760.0,2,6,6,2.0,7,5,,,,,2,1,Completed,1.3,3.5,1.34,3.55,1.32,3.5,1.3,3.44,1.35,3.7
4,Auckland,ASB Classic,2026-01-13,ATP250,Outdoor,Hard,1st Round,3,Mpetshi G.,Bautista Agut R.,63.0,90.0,865.0,670.0,6,3,7,6.0,,,,,,,2,0,Completed,1.44,2.75,1.4,3.19,1.47,3.1,1.4,2.88,1.4,3.4
4,Auckland,ASB Classic,2026-01-13,ATP250,Outdoor,Hard,1st Round,3,Giron M.,Muller A.,60.0,50.0,895.0,980.0,6,2,6,2.0,,,,,,,2,0,Completed,1.8,2.0,1.88,2.0,1.8,2.12,1.74,2.05,1.82,2.18
4,Auckland,ASB Classic,2026-01-13,ATP250,Outdoor,Hard,1st Round,3,Medjedovic H.,Kovacevic A.,96.0,54.0,643.0,964.0,6,4,3,6.0,7,6,,,,,2,1,Completed,1.44,2.75,1.53,2.67,1.5,2.8,1.46,2.67,1.54,2.8
4,Auckland,ASB Classic,2026-01-13,ATP250,Outdoor,Hard,1st Round,3,Marozsan F.,Monfils G.,52.0,110.0,975.0,550.0,5,7,6,3.0,6,4,,,,,2,1,Completed,1.62,2.3,1.67,2.33,1.65,2.38,1.6,2.3,1.64,2.5
4,Auckland,ASB Classic,2026-01-13,ATP250,Outdoor,Hard,1st Round,3,Borges N.,Etcheverry T.,46.0,61.0,1070.0,895.0,7,5,3,6.0,7,6,,,,,2,1,Completed,1.8,2.0,1.88,2.0,1.85,2.0,1.81,1.96,1.87,2.14
4,Auckland,ASB Classic,2026-01-13,ATP250,Outdoor,Hard,2nd Round,3,Giron M.,Michelsen A.,60.0,37.0,895.0,1350.0,6,4,6,4.0,,,,,,,2,0,Completed,1.91,1.91,,,2.02,1.91,1.96,1.81,2.12,1.87
4,Auckland,ASB Classic,2026-01-13,ATP250,Outdoor,Hard,2nd Round,3,Shelton B.,Comesana F.,8.0,68.0,3960.0,829.0,7,5,6,4.0,,,,,,,2,0,Completed,1.25,4.0,,,1.32,4.0,1.29,3.53,1.32,4.1
4,Auckland,ASB Classic,2026-01-14,ATP250,Outdoor,Hard,2nd Round,3,Baez S.,Brooksby J.,39.0,48.0,1250.0,1017.0,7,5,6,0.0,,,,,,,2,0,Completed,2.5,1.53,,,2.63,1.6,2.41,1.55,2.5,1.65
4,Auckland,ASB Classic,2026-01-14,ATP250,Outdoor,Hard,2nd Round,3,Darderi L.,Tabilo A.,24.0,81.0,1579.0,722.0,1,6,7,5.0,6,3,,,,,2,1,Completed,2.3,1.62,,,2.43,1.65,2.34,1.59,2.36,1.72
4,Auckland,ASB Classic,2026-01-14,ATP250,Outdoor,Hard,2nd Round,3,Spizzirri E.,Borges N.,89.0,46.0,672.0,1070.0,7,6,6,4.0,,,,,,,2,0,Completed,2.1,1.73,,,2.18,1.75,2.08,1.72,2.12,1.85
4,Auckland,ASB Classic,2026-01-14,ATP250,Outdoor,Hard,2nd Round,3,Mpetshi G.,Norrie C.,63.0,28.0,865.0,1538.0,4,6,6,3.0,7,6,,,,,2,1,Completed,2.1,1.73,,,2.12,1.85,2.05,1.74,2.16,1.85
4,Auckland,ASB Classic,2026-01-14,ATP250,Outdoor,Hard,2nd Round,3,Marozsan F.,Ruud C.,52.0,13.0,975.0,2795.0,6,4,6,4.0,,,,,,,2,0,Completed,3,1.4,,,3.0,1.49,2.76,1.44,2.9,1.5
4,Auckland,ASB Classic,2026-01-14,ATP250,Outdoor,Hard,2nd Round,3,Mensik J.,Medjedovic H.,18.0,96.0,2125.0,643.0,6,1,3,6.0,6,3,,,,,2,1,Completed,1.67,2.2,,,1.7,2.3,1.66,2.19,1.71,2.38
4,Auckland,ASB Classic,2026-01-14,ATP250,Outdoor,Hard,Quarterfinals,3,Giron M.,Darderi L.,60.0,24.0,895.0,1579.0,1,6,7,5.0,6,4,,,,,2,1,Completed,1.4,3.0,,,1.44,3.0,1.41,2.84,1.46,3.05
4,Auckland,ASB Classic,2026-01-15,ATP250,Outdoor,Hard,Quarterfinals,3,Mensik J.,Mpetshi G.,18.0,63.0,2125.0,865.0,6,4,6,2.0,,,,,,,2,0,Completed,1.62,2.3,,,1.65,2.3,1.62,2.25,1.69,2.38
4,Auckland,ASB Classic,2026-01-15,ATP250,Outdoor,Hard,Quarterfinals,3,Marozsan F.,Spizzirri E.,52.0,89.0,975.0,672.0,6,4,2,6.0,6,2,,,,,2,1,Completed,1.73,2.1,,,1.73,2.18,1.71,2.11,1.79,2.22
4,Auckland,ASB Classic,2026-01-15,ATP250,Outdoor,Hard,Quarterfinals,3,Baez S.,Shelton B.,39.0,8.0,1250.0,3960.0,7,5,6,3.0,,,,,,,2,0,Completed,4.33,1.22,,,4.33,1.25,4.03,1.23,4.5,1.27
4,Auckland,ASB Classic,2026-01-16,ATP250,Outdoor,Hard,Semifinals,3,Mensik J.,Marozsan F.,18.0,52.0,2125.0,975.0,7,6,4,6.0,6,1,,,,,2,1,Completed,1.3,3.5,,,1.33,3.5,1.32,3.3,1.35,3.75
4,Auckland,ASB Classic,2026-01-16,ATP250,Outdoor,Hard,Semifinals,3,Baez S.,Giron M.,39.0,60.0,1250.0,895.0,6,1,6,4.0,,,,,,,2,0,Completed,2.38,1.57,,,2.6,1.6,2.49,1.52,2.8,1.54
4,Auckland,ASB Classic,2026-01-17,ATP250,Outdoor,Hard,The Final,3,Mensik J.,Baez S.,18.0,39.0,2125.0,1250.0,6,3,7,6.0,,,,,,,2,0,Completed,1.44,2.75,,,1.47,2.8,1.45,2.72,1.47,3.05
5,Melbourne,Australian Open,2026-01-18,Grand Slam,Outdoor,Hard,1st Round,5,Etcheverry T.,Kecmanovic M.,62.0,60.0,895.0,910.0,6,2,3,6.0,4,6,6,3,6,4,3,2,Completed,1.73,2.1,,,1.75,2.16,1.71,2.11,1.8,2.24
5,Melbourne,Australian Open,2026-01-18,Grand Slam,Outdoor,Hard,1st Round,5,Fery A.,Cobolli F.,186.0,22.0,316.0,1955.0,7,6,6,4.0,6,1,,,,,3,0,Completed,3.2,1.36,,,3.2,1.43,2.89,1.4,3.4,1.4
5,Melbourne,Australian Open,2026-01-18,Grand Slam,Outdoor,Hard,1st Round,5,Moutet C.,Schoolkate T.,37.0,98.0,1383.0,641.0,6,4,7,6.0,6,3,,,,,3,0,Completed,1.33,3.4,,,1.36,3.5,1.34,3.22,1.39,3.5
5,Melbourne,Australian Open,2026-01-18,Grand Slam,Outdoor,Hard,1st Round,5,Zverev A.,Diallo G.,3.0,41.0,5105.0,1215.0,6,7,6,1.0,6,4,6,2,,,3,1,Completed,1.13,6.0,,,1.14,6.5,1.13,5.88,1.16,6.8
5,Melbourne,Australian Open,2026-01-18,Grand Slam,Outdoor,Hard,1st Round,5,Cerundolo F.,Zhang Zh.,21.0,368.0,2035.0,130.0,6,3,7,6.0,6,3,,,,,3,0,Completed,1.4,3.0,,,1.43,3.0,1.41,2.83,1.46,3.1
5,Melbourne,Australian Open,2026-01-18,Grand Slam,Outdoor,Hard,1st Round,5,Comesana F.,Kypson P.,68.0,116.0,829.0,527.0,6,2,6,3.0,3,6,6,3,,,3,1,Completed,1.57,2.38,,,1.62,2.38,1.59,2.3,1.67,2.46
5,Melbourne,Australian Open,2026-01-18,Grand Slam,Outdoor,Hard,1st Round,5,Nava E.,Jacquet K.,89.0,128.0,683.0,477.0,6,2,7,5.0,6,7,4,6,7,6,3,2,Completed,1.57,2.38,,,1.64,2.4,1.58,2.32,1.61,2.58
5,Melbourne,Australian Open,2026-01-18,Grand Slam,Outdoor,Hard,1st Round,5,Dzumhur D.,Draxl L.,66.0,145.0,837.0,429.0,7,5,6,0.0,6,4,,,,,3,0,Completed,1.73,2.1,,,1.8,2.1,1.74,2.05,1.82,2.18
5,Melbourne,Australian Open,2026-01-18,Grand Slam,Outdoor,Hard,1st Round,5,Zheng M.,Korda S.,174.0,53.0,337.0,975.0,6,4,6,4.0,3,6,6,7,6,3,3,2,Completed,3.5,1.3,,,3.8,1.33,3.45,1.3,3.85,1.34
5,Melbourne,Australian Open,2026-01-18,Grand Slam,Outdoor,Hard,1st Round,5,Faria J.,Blockx A.,151.0,96.0,413.0,653.0,6,3,3,6.0,6,3,6,4,,,3,1,Completed,2.38,1.57,,,2.65,1.62,2.4,1.55,2.6,1.61
5,Melbourne,Australian Open,2026-01-18,Grand Slam,Outdoor,Hard,1st Round,5,Fucsovics M.,Ugo Carabelli C.,54.0,49.0,967.0,1028.0,7,6,6,1.0,6,2,,,,,3,0,Completed,1.2,4.5,,,1.23,4.5,1.22,4.19,1.24,4.9
5,Melbourne,Australian Open,2026-01-18,Grand Slam,Outdoor,Hard,1st Round,5,Tiafoe F.,Kubler J.,34.0,194.0,1500.0,305.0,7,6,6,3.0,6,2,,,,,3,0,Completed,1.29,3.75,,,1.3,4.0,1.29,3.53,1.34,3.85
5,Melbourne,Australian Open,2026-01-18,Grand Slam,Outdoor,Hard,1st Round,5,Hanfmann Y.,Svajda Z.,102.0,143.0,611.0,431.0,7,5,4,6.0,6,4,7,6,,,3,1,Completed,2.3,1.62,,,2.4,1.64,2.31,1.58,2.54,1.64
5,Melbourne,Australian Open,2026-01-18,Grand Slam,Outdoor,Hard,1st Round,5,Norrie C.,Bonzi B.,27.0,106.0,1553.0,566.0,6,0,6,7.0,4,6,6,3,6,4,3,2,Completed,1.3,3.5,,,1.3,4.0,1.28,3.54,1.32,4.0
5,Melbourne,Australian Open,2026-01-18,Grand Slam,Outdoor,Hard,1st Round,5,Bublik A.,Brooksby J.,10.0,48.0,3065.0,1042.0,6,4,6,4.0,6,4,,,,,3,0,Completed,1.29,3.75,,,1.29,3.9,1.27,3.73,1.35,3.85
5,Melbourne,Australian Open,2026-01-18,Grand Slam,Outdoor,Hard,1st Round,5,Alcaraz C.,Walton A.,1.0,81.0,12050.0,727.0,6,3,7,6.0,6,2,,,,,3,0,Completed,1,41.0,,,1.01,41.0,1.01,24.06,1.01,55.0
5,Melbourne,Australian Open,2026-01-19,Grand Slam,Outdoor,Hard,1st Round,5,Medjedovic H.,Navone M.,90.0,74.0,681.0,760.0,6,2,6,7.0,6,4,6,2,,,3,1,Completed,1.36,3.2,,,1.4,3.2,1.37,3.0,1.44,3.25
5,Melbourne,Australian Open,2026-01-19,Grand Slam,Outdoor,Hard,1st Round,5,Shevchenko A.,Ymer E.,97.0,175.0,650.0,337.0,3,6,7,5.0,6,4,6,1,,,3,1,Completed,1.44,2.75,,,1.5,2.9,1.44,2.72,1.53,2.84
5,Melbourne,Australian Open,2026-01-19,Grand Slam,Outdoor,Hard,1st Round,5,Borges N.,Auger-Aliassime F.,46.0,8.0,1070.0,3990.0,3,6,6,4.0,6,4,0,0,,,2,1,Retired,3.75,1.29,,,3.75,1.33,3.61,1.28,4.5,1.27
5,Melbourne,Australian Open,2026-01-19,Grand Slam,Outdoor,Hard,1st Round,5,Halys Q.,Tabilo A.,83.0,79.0,725.0,737.0,6,2,6,2.0,7,6,,,,,3,0,Completed,1.8,2.0,,,1.85,2.3,1.77,2.03,1.9,2.1
5,Melbourne,Australian Open,2026-01-19,Grand Slam,Outdoor,Hard,1st Round,5,Medvedev D.,De Jong J.,12.0,73.0,2910.0,763.0,7,5,6,2.0,7,6,,,,,3,0,Completed,1.04,13.0,,,1.06,13.0,1.05,9.88,1.05,17.5
5,Melbourne,Australian Open,2026-01-19,Grand Slam,Outdoor,Hard,1st Round,5,Marozsan F.,Rinderknech A.,47.0,28.0,1065.0,1551.0,6,3,6,4.0,6,7,6,4,,,3,1,Completed,1.8,2.0,,,1.85,2.1,1.81,1.97,1.91,2.06
5,Melbourne,Australian Open,2026-01-19,Grand Slam,Outdoor,Hard,1st Round,5,Paul T.,Kovacevic A.,20.0,56.0,2050.0,964.0,6,4,6,3.0,6,3,,,,,3,0,Completed,1.17,5.0,,,1.2,5.75,1.17,4.81,1.2,5.5
5,Melbourne,Australian Open,2026-01-19,Grand Slam,Outdoor,Hard,1st Round,5,Shang J.,Bautista Agut R.,318.0,91.0,165.0,670.0,6,4,6,7.0,6,4,6,0,,,3,1,Completed,1.3,3.5,,,1.32,3.8,1.29,3.48,1.33,3.9
5,Melbourne,Australian Open,2026-01-19,Grand Slam,Outdoor,Hard,1st Round,5,Opelka R.,Budkov Kjaer N.,63.0,135.0,873.0,446.0,6,4,6,3.0,6,4,,,,,3,0,Completed,1.53,2.5,,,1.6,2.6,1.55,2.41,1.64,2.52
5,Melbourne,Australian Open,2026-01-19,Grand Slam,Outdoor,Hard,1st Round,5,Rublev A.,Arnaldi M.,15.0,65.0,2600.0,858.0,6,4,6,2.0,6,3,,,,,3,0,Completed,1.22,4.33,,,1.25,4.5,1.24,4.01,1.25,4.7
5,Melbourne,Australian Open,2026-01-19,Grand Slam,Outdoor,Hard,1st Round,5,Thompson J.,Cerundolo J.M.,111.0,87.0,548.0,700.0,6,7,7,5.0,6,1,6,1,,,3,1,Completed,1.44,2.75,,,1.45,2.88,1.42,2.79,1.5,2.96
5,Melbourne,Australian Open,2026-01-19,Grand Slam,Outdoor,Hard,1st Round,5,De Minaur A.,McDonald M.,6.0,113.0,4080.0,546.0,6,2,6,2.0,6,3,,,,,3,0,Completed,1.05,11.0,,,1.06,11.0,1.05,10.02,1.04,21.0
5,Melbourne,Australian Open,2026-01-19,Grand Slam,Outdoor,Hard,1st Round,5,Tien L.,Giron M.,29.0,51.0,1540.0,985.0,7,6,4,6.0,3,6,7,6,6,2,3,2,Completed,1.5,2.63,,,1.55,2.63,1.52,2.49,1.59,2.68
5,Melbourne,Australian Open,2026-01-19,Grand Slam,Outdoor,Hard,1st Round,5,Davidovich Fokina A.,Misolic F.,14.0,84.0,2635.0,725.0,6,2,6,3.0,6,3,,,,,3,0,Completed,1.06,10.0,,,1.08,10.0,1.06,8.94,1.06,14.0
5,Melbourne,Australian Open,2026-01-19,Grand Slam,Outdoor,Hard,1st Round,5,Tirante T.A.,Vukic A.,103.0,78.0,605.0,746.0,7,5,6,2.0,6,2,,,,,3,0,Completed,2.75,1.44,,,2.95,1.45,2.78,1.43,3.0,1.48
5,Melbourne,Australian Open,2026-01-19,Grand Slam,Outdoor,Hard,1st Round,5,Wawrinka S.,Djere L.,139.0,92.0,437.0,659.0,5,7,6,3.0,6,4,7,6,,,3,1,Completed,1.8,2.0,,,1.85,2.05,1.81,1.96,1.85,2.14
5,Melbourne,Australian Open,2026-01-19,Grand Slam,Outdoor,Hard,1st Round,5,Majchrzak K.,Fearnley J.,59.0,77.0,918.0,752.0,7,6,7,5.0,3,6,7,6,,,3,1,Completed,1.44,2.75,,,1.5,2.88,1.43,2.75,1.5,2.96
5,Melbourne,Australian Open,2026-01-19,Grand Slam,Outdoor,Hard,1st Round,5,Cilic M.,Altmaier D.,70.0,44.0,790.0,1123.0,6,0,6,0.0,7,6,,,,,3,0,Completed,1.5,2.63,,,1.55,2.63,1.52,2.49,1.59,2.62
5,Melbourne,Australian Open,2026-01-19,Grand Slam,Outdoor,Hard,1st Round,5,Van De Zandschulp B.,Nakashima B.,75.0,30.0,759.0,1535.0,6,3,4,6.0,7,6,7,6,,,3,1,Completed,3.2,1.36,,,3.25,1.4,3.09,1.35,3.45,1.38
5,Melbourne,Australian Open,2026-01-19,Grand Slam,Outdoor,Hard,1st Round,5,Maestrelli F.,Atmane T.,141.0,64.0,436.0,862.0,6,4,3,6.0,6,7,6,1,6,1,3,2,Completed,2.63,1.5,,,2.63,1.53,2.52,1.5,2.66,1.59
5,Melbourne,Australian Open,2026-01-19,Grand Slam,Outdoor,Hard,1st Round,5,Munar J.,Svrcina D.,39.0,95.0,1335.0,655.0,3,6,6,2.0,6,7,7,5,6,3,3,2,Completed,1.22,4.33,,,1.25,4.33,1.23,3.98,1.26,4.7
5,Melbourne,Australian Open,2026-01-19,Grand Slam,Outdoor,Hard,1st Round,5,Shapovalov D.,Bu Y.,23.0,120.0,1650.0,499.0,6,3,7,6.0,6,1,,,,,3,0,Completed,1.5,2.63,,,1.52,2.63,1.49,2.57,1.58,2.7
5,Melbourne,Australian Open,2026-01-19,Grand Slam,Outdoor,Hard,1st Round,5,Hijikata R.,Mannarino A.,114.0,69.0,542.0,810.0,6,3,6,3.0,6,1,,,,,3,0,Completed,1.57,2.38,,,1.7,2.4,1.6,2.31,1.64,2.52
5,Melbourne,Australian Open,2026-01-19,Grand Slam,Outdoor,Hard,1st Round,5,Gea A.,Lehecka J.,198.0,19.0,300.0,2090.0,7,5,7,6.0,7,5,,,,,3,0,Completed,3.4,1.33,,,3.4,1.35,3.26,1.32,3.7,1.36
5,Melbourne,Australian Open,2026-01-19,Grand Slam,Outdoor,Hard,1st Round,5,Vacherot V.,Damm M.,31.0,177.0,1519.0,333.0,6,4,6,4.0,6,4,,,,,3,0,Completed,1.44,2.75,,,1.48,2.75,1.46,2.67,1.49,2.96
5,Melbourne,Australian Open,2026-01-19,Grand Slam,Outdoor,Hard,1st Round,5,Muller A.,Popyrin A.,52.0,50.0,980.0,1000.0,2,6,6,3.0,3,6,7,6,7,6,3,2,Completed,3.2,1.36,,,3.25,1.41,3.04,1.36,3.3,1.42
5,Melbourne,Australian Open,2026-01-19,Grand Slam,Outdoor,Hard,1st Round,5,Ruud C.,Bellucci M.,13.0,76.0,2795.0,758.0,6,1,6,2.0,6,4,,,,,3,0,Completed,1.17,5.0,,,1.21,5.25,1.19,4.61,1.2,5.5
5,Melbourne,Australian Open,2026-01-19,Grand Slam,Outdoor,Hard,1st Round,5,Djokovic N.,Martinez P.,4.0,71.0,4780.0,768.0,6,3,6,2.0,6,2,,,,,3,0,Completed,1.02,17.0,,,1.04,17.0,1.03,12.53,1.06,15.0
5,Melbourne,Australian Open,2026-01-20,Grand Slam,Outdoor,Hard,1st Round,5,Sonego L.,Taberner C.,40.0,99.0,1240.0,630.0,6,4,6,0.0,6,3,,,,,3,0,Completed,1.08,8.0,,,1.1,8.5,1.08,7.38,1.1,10.0
5,Melbourne,Australian Open,2026-01-20,Grand Slam,Outdoor,Hard,1st Round,5,Darderi L.,Garin C.,25.0,82.0,1599.0,726.0,7,6,7,5.0,7,6,,,,,3,0,Completed,1.5,2.63,,,1.53,2.88,1.49,2.57,1.61,2.6
5,Melbourne,Australian Open,2026-01-20,Grand Slam,Outdoor,Hard,1st Round,5,Musetti L.,Collignon R.,5.0,72.0,4105.0,767.0,4,6,7,6.0,7,5,3,2,,,2,1,Retired,1.25,4.0,,,1.26,4.2,1.24,3.93,1.26,4.7
5,Melbourne,Australian Open,2026-01-20,Grand Slam,Outdoor,Hard,1st Round,5,Quinn E.,Griekspoor T.,80.0,26.0,733.0,1565.0,6,2,6,3.0,6,2,,,,,3,0,Completed,2.1,1.73,,,2.17,1.8,2.08,1.72,2.2,1.81
5,Melbourne,Australian Open,2026-01-20,Grand Slam,Outdoor,Hard,1st Round,5,Baez S.,Mpetshi G.,36.0,61.0,1390.0,905.0,6,4,6,4.0,3,6,5,7,6,3,3,2,Completed,2.3,1.62,,,2.3,1.73,2.16,1.67,2.36,1.72
5,Melbourne,Australian Open,2026-01-20,Grand Slam,Outdoor,Hard,1st Round,5,Khachanov K.,Michelsen A.,18.0,38.0,2320.0,1350.0,4,6,6,4.0,6,3,5,7,6,3,3,2,Completed,1.57,2.38,,,1.62,2.45,1.56,2.38,1.63,2.56
5,Melbourne,Australian Open,2026-01-20,Grand Slam,Outdoor,Hard,1st Round,5,Basavareddy N.,O Connell C.,242.0,118.0,230.0,521.0,4,6,7,6.0,6,7,6,2,6,3,3,2,Completed,1.62,2.3,,,1.7,2.32,1.62,2.25,1.64,2.5
5,Melbourne,Australian Open,2026-01-20,Grand Slam,Outdoor,Hard,1st Round,5,Mensik J.,Carreno Busta P.,17.0,94.0,2345.0,656.0,7,5,4,6.0,2,6,7,6,6,3,3,2,Completed,1.22,4.33,,,1.24,4.33,1.22,4.08,1.24,5.0
5,Melbourne,Australian Open,2026-01-20,Grand Slam,Outdoor,Hard,1st Round,5,Shelton B.,Humbert U.,7.0,33.0,4000.0,1510.0,6,3,7,6.0,7,6,,,,,3,0,Completed,1.57,2.38,,,1.62,2.43,1.57,2.34,1.66,2.48
5,Melbourne,Australian Open,2026-01-20,Grand Slam,Outdoor,Hard,1st Round,5,Spizzirri E.,Fonseca J.,85.0,32.0,725.0,1510.0,6,4,2,6.0,6,1,6,2,,,3,1,Completed,2.63,1.5,,,2.63,1.55,2.48,1.53,2.52,1.64
5,Melbourne,Australian Open,2026-01-20,Grand Slam,Outdoor,Hard,1st Round,5,Wu Y.,Nardi L.,168.0,108.0,347.0,561.0,7,5,4,6.0,6,4,6,2,,,3,1,Completed,1.25,4.0,,,1.3,4.5,1.24,3.97,1.28,4.3
5,Melbourne,Australian Open,2026-01-20,Grand Slam,Outdoor,Hard,1st Round,5,Sweeny D.,Monfils G.,182.0,110.0,325.0,550.0,6,7,7,5.0,6,4,7,5,,,3,1,Completed,2.38,1.57,,,2.5,1.57,2.41,1.54,2.62,1.6
5,Melbourne,Australian Open,2026-01-20,Grand Slam,Outdoor,Hard,1st Round,5,Jodar R.,Sakamoto R.,150.0,203.0,418.0,292.0,7,6,6,1.0,5,7,4,6,6,3,3,2,Completed,1.33,3.4,,,1.42,3.4,1.37,3.04,1.44,3.2
5,Melbourne,Australian Open,2026-01-20,Grand Slam,Outdoor,Hard,1st Round,5,Hurkacz H.,Bergs Z.,55.0,43.0,965.0,1170.0,6,7,7,6.0,6,3,6,3,,,3,1,Completed,1.36,3.2,,,1.4,3.25,1.37,3.02,1.41,3.35
5,Melbourne,Australian Open,2026-01-20,Grand Slam,Outdoor,Hard,1st Round,5,Duckworth J.,Prizmic D.,88.0,127.0,694.0,481.0,7,6,3,6.0,1,6,7,5,6,3,3,2,Completed,2.1,1.73,,,2.13,1.75,2.07,1.73,2.16,1.84
5,Melbourne,Australian Open,2026-01-20,Grand Slam,Outdoor,Hard,1st Round,5,Fritz T.,Royer V.,9.0,58.0,3840.0,924.0,7,6,5,7.0,6,1,6,3,,,3,1,Completed,1.11,6.5,,,1.14,7.0,1.12,6.24,1.15,7.2
5,Melbourne,Australian Open,2026-01-20,Grand Slam,Outdoor,Hard,1st Round,5,Kopriva V.,Struff J.L.,101.0,86.0,626.0,706.0,4,6,6,2.0,2,6,6,3,6,1,3,2,Completed,3,1.4,,,3.0,1.44,2.83,1.41,2.98,1.48
5,Melbourne,Australian Open,2026-01-20,Grand Slam,Outdoor,Hard,1st Round,5,Sinner J.,Gaston H.,2.0,93.0,11500.0,656.0,6,2,6,1.0,,,,,,,2,0,Retired,1,51.0,,,1.01,51.0,1.01,26.85,1.01,90.0
5,Melbourne,Australian Open,2026-01-20,Grand Slam,Outdoor,Hard,1st Round,5,Machac T.,Dimitrov G.,24.0,45.0,1610.0,1105.0,6,4,6,4.0,6,3,,,,,3,0,Completed,1.73,2.1,,,1.73,2.2,1.68,2.14,1.76,2.26
5,Melbourne,Australian Open,2026-01-20,Grand Slam,Outdoor,Hard,1st Round,5,Tsitsipas S.,Mochizuki S.,35.0,112.0,1455.0,547.0,4,6,6,3.0,6,2,6,2,,,3,1,Completed,1.11,6.5,,,1.15,7.0,1.12,5.96,1.14,7.6
5,Melbourne,Australian Open,2026-01-21,Grand Slam,Outdoor,Hard,2nd Round,5,Marozsan F.,Majchrzak K.,47.0,59.0,1065.0,918.0,6,3,6,4.0,7,6,,,,,3,0,Completed,1.57,2.38,,,1.65,2.38,1.59,2.33,1.67,2.46
5,Melbourne,Australian Open,2026-01-21,Grand Slam,Outdoor,Hard,2nd Round,5,Cerundolo F.,Dzumhur D.,21.0,66.0,2035.0,837.0,6,3,6,2.0,6,1,,,,,3,0,Completed,1.2,4.5,,,1.22,4.75,1.2,4.41,1.22,5.1
5,Melbourne,Australian Open,2026-01-21,Grand Slam,Outdoor,Hard,2nd Round,5,Paul T.,Tirante T.A.,20.0,103.0,2050.0,605.0,6,3,6,4.0,6,2,,,,,3,0,Completed,1.07,9.0,,,1.1,9.0,1.08,7.83,1.1,10.0
5,Melbourne,Australian Open,2026-01-21,Grand Slam,Outdoor,Hard,2nd Round,5,Rublev A.,Faria J.,15.0,151.0,2600.0,413.0,6,4,6,3.0,4,6,7,5,,,3,1,Completed,1.1,7.0,,,1.12,7.5,1.1,6.54,1.13,8.0
5,Melbourne,Australian Open,2026-01-21,Grand Slam,Outdoor,Hard,2nd Round,5,Medvedev D.,Halys Q.,12.0,83.0,2910.0,725.0,6,7,6,3.0,6,4,6,2,,,3,1,Completed,1.1,7.0,,,1.12,7.5,1.1,6.55,1.14,7.8
5,Melbourne,Australian Open,2026-01-21,Grand Slam,Outdoor,Hard,2nd Round,5,Etcheverry T.,Fery A.,62.0,186.0,895.0,316.0,7,6,6,1.0,6,3,,,,,3,0,Completed,1.62,2.3,,,1.63,2.35,1.6,2.29,1.7,2.42
5,Melbourne,Australian Open,2026-01-21,Grand Slam,Outdoor,Hard,2nd Round,5,Davidovich Fokina A.,Opelka R.,14.0,63.0,2635.0,873.0,6,3,7,6.0,5,7,4,6,6,4,3,2,Completed,1.4,3.0,,,1.44,3.0,1.4,2.89,1.43,3.25
5,Melbourne,Australian Open,2026-01-21,Grand Slam,Outdoor,Hard,2nd Round,5,Alcaraz C.,Hanfmann Y.,1.0,102.0,12050.0,611.0,7,6,6,3.0,6,2,,,,,3,0,Completed,1.01,26.0,,,1.02,29.0,1.01,19.31,1.01,55.0
5,Melbourne,Australian Open,2026-01-21,Grand Slam,Outdoor,Hard,2nd Round,5,Borges N.,Thompson J.,46.0,111.0,1070.0,548.0,6,7,6,3.0,6,2,6,4,,,3,1,Completed,1.53,2.5,,,1.67,2.53,1.55,2.43,1.53,2.84
5,Melbourne,Australian Open,2026-01-21,Grand Slam,Outdoor,Hard,2nd Round,5,Moutet C.,Zheng M.,37.0,174.0,1383.0,337.0,3,6,6,1.0,6,3,2,0,,,2,1,Retired,1.62,2.3,,,1.67,2.35,1.64,2.24,1.74,2.32
5,Melbourne,Australian Open,2026-01-21,Grand Slam,Outdoor,Hard,2nd Round,5,Tien L.,Shevchenko A.,29.0,97.0,1540.0,650.0,6,2,5,7.0,6,1,6,0,,,3,1,Completed,1.17,5.0,,,1.21,5.25,1.18,4.71,1.21,5.4
5,Melbourne,Australian Open,2026-01-21,Grand Slam,Outdoor,Hard,2nd Round,5,Norrie C.,Nava E.,27.0,89.0,1553.0,683.0,6,1,7,6.0,4,6,7,6,,,3,1,Completed,1.44,2.75,,,1.44,2.9,1.42,2.83,1.51,2.96
5,Melbourne,Australian Open,2026-01-21,Grand Slam,Outdoor,Hard,2nd Round,5,Bublik A.,Fucsovics M.,10.0,54.0,3065.0,967.0,7,5,6,4.0,7,5,,,,,3,0,Completed,1.2,4.5,,,1.2,5.0,1.2,4.48,1.21,5.7
5,Melbourne,Australian Open,2026-01-21,Grand Slam,Outdoor,Hard,2nd Round,5,Zverev A.,Muller A.,3.0,52.0,5105.0,980.0,6,3,4,6.0,6,3,6,4,,,3,1,Completed,1.05,11.0,,,1.06,11.0,1.05,9.98,1.05,17.0
5,Melbourne,Australian Open,2026-01-21,Grand Slam,Outdoor,Hard,2nd Round,5,De Minaur A.,Medjedovic H.,6.0,90.0,4080.0,681.0,6,7,6,2.0,6,2,6,1,,,3,1,Completed,1.13,6.0,,,1.15,6.0,1.14,5.5,1.16,6.8
5,Melbourne,Australian Open,2026-01-21,Grand Slam,Outdoor,Hard,2nd Round,5,Tiafoe F.,Comesana F.,34.0,68.0,1500.0,829.0,6,4,6,3.0,4,6,6,2,,,3,1,Completed,1.4,3.0,,,1.44,3.0,1.4,2.91,1.45,3.15
5,Melbourne,Australian Open,2026-01-22,Grand Slam,Outdoor,Hard,2nd Round,5,Vacherot V.,Hijikata R.,31.0,114.0,1519.0,542.0,6,1,6,3.0,4,6,6,2,,,3,1,Completed,1.5,2.63,,,1.54,2.63,1.51,2.53,1.54,2.82
5,Melbourne,Australian Open,2026-01-22,Grand Slam,Outdoor,Hard,2nd Round,5,Mensik J.,Jodar R.,17.0,150.0,2345.0,418.0,6,2,6,4.0,6,4,,,,,3,0,Completed,1.44,2.75,,,1.55,2.75,1.52,2.5,1.63,2.58
5,Melbourne,Australian Open,2026-01-22,Grand Slam,Outdoor,Hard,2nd Round,5,Darderi L.,Baez S.,25.0,36.0,1599.0,1390.0,6,3,1,6.0,6,4,6,3,,,3,1,Completed,2.5,1.53,,,2.5,1.6,2.38,1.56,2.44,1.68
5,Melbourne,Australian Open,2026-01-22,Grand Slam,Outdoor,Hard,2nd Round,5,Khachanov K.,Basavareddy N.,18.0,242.0,2320.0,230.0,6,1,6,4.0,6,3,,,,,3,0,Completed,1.29,3.75,,,1.34,3.8,1.3,3.46,1.33,3.85
5,Melbourne,Australian Open,2026-01-22,Grand Slam,Outdoor,Hard,2nd Round,5,Musetti L.,Sonego L.,5.0,40.0,4105.0,1240.0,6,3,6,3.0,6,4,,,,,3,0,Completed,1.36,3.2,,,1.4,3.25,1.36,3.09,1.38,3.6
5,Melbourne,Australian Open,2026-01-22,Grand Slam,Outdoor,Hard,2nd Round,5,Shelton B.,Sweeny D.,7.0,182.0,4000.0,325.0,6,3,6,2.0,6,2,,,,,3,0,Completed,1.06,10.0,,,1.09,10.0,1.07,8.06,1.08,12.0
5,Melbourne,Australian Open,2026-01-22,Grand Slam,Outdoor,Hard,2nd Round,5,Quinn E.,Hurkacz H.,80.0,55.0,733.0,965.0,6,4,7,6.0,6,1,,,,,3,0,Completed,4,1.25,,,4.0,1.26,3.9,1.24,4.2,1.29
5,Melbourne,Australian Open,2026-01-22,Grand Slam,Outdoor,Hard,2nd Round,5,Djokovic N.,Maestrelli F.,4.0,141.0,4780.0,436.0,6,3,6,2.0,6,2,,,,,3,0,Completed,1.01,29.0,,,1.02,29.0,1.01,17.12,1.03,32.0
5,Melbourne,Australian Open,2026-01-22,Grand Slam,Outdoor,Hard,2nd Round,5,Van De Zandschulp B.,Shang J.,75.0,318.0,759.0,165.0,7,6,6,2.0,6,3,,,,,3,0,Completed,2.3,1.62,,,2.3,1.7,2.22,1.64,2.3,1.73
5,Melbourne,Australian Open,2026-01-22,Grand Slam,Outdoor,Hard,2nd Round,5,Spizzirri E.,Wu Y.,85.0,168.0,725.0,347.0,6,2,6,4.0,6,7,4,6,6,3,3,2,Completed,1.67,2.2,,,1.7,2.21,1.67,2.17,1.72,2.34
5,Melbourne,Australian Open,2026-01-22,Grand Slam,Outdoor,Hard,2nd Round,5,Wawrinka S.,Gea A.,139.0,198.0,437.0,300.0,4,6,6,3.0,3,6,7,5,7,6,3,2,Completed,2.5,1.53,,,2.5,1.58,2.4,1.55,2.56,1.63
5,Melbourne,Australian Open,2026-01-22,Grand Slam,Outdoor,Hard,2nd Round,5,Machac T.,Tsitsipas S.,24.0,35.0,1610.0,1455.0,6,4,3,6.0,7,6,7,6,,,3,1,Completed,1.67,2.2,,,1.7,2.45,1.59,2.32,1.65,2.52
5,Melbourne,Australian Open,2026-01-22,Grand Slam,Outdoor,Hard,2nd Round,5,Cilic M.,Shapovalov D.,70.0,23.0,790.0,1650.0,6,4,6,3.0,6,2,,,,,3,0,Completed,2.2,1.67,,,2.3,1.7,2.21,1.65,2.4,1.7
5,Melbourne,Australian Open,2026-01-22,Grand Slam,Outdoor,Hard,2nd Round,5,Fritz T.,Kopriva V.,9.0,101.0,3840.0,626.0,6,1,6,4.0,7,6,,,,,3,0,Completed,1.08,8.0,,,1.09,8.5,1.08,7.73,1.1,10.0
5,Melbourne,Australian Open,2026-01-22,Grand Slam,Outdoor,Hard,2nd Round,5,Sinner J.,Duckworth J.,2.0,88.0,11500.0,694.0,6,1,6,4.0,6,2,,,,,3,0,Completed,1,51.0,,,1.01,51.0,1.01,22.15,1.01,90.0
5,Melbourne,Australian Open,2026-01-22,Grand Slam,Outdoor,Hard,2nd Round,5,Ruud C.,Munar J.,13.0,39.0,2795.0,1335.0,6,3,7,5.0,6,4,,,,,3,0,Completed,1.4,3.0,,,1.42,3.1,1.39,2.92,1.44,3.25
5,Melbourne,Australian Open,2026-01-23,Grand Slam,Outdoor,Hard,3rd Round,5,Tien L.,Borges N.,29.0,46.0,1540.0,1070.0,7,6,6,4.0,6,2,,,,,3,0,Completed,1.4,3.0,,,1.44,3.0,1.42,2.82,1.46,3.1
5,Melbourne,Australian Open,2026-01-23,Grand Slam,Outdoor,Hard,3rd Round,5,Medvedev D.,Marozsan F.,12.0,47.0,2910.0,1065.0,6,7,4,6.0,7,5,6,0,6,3,3,2,Completed,1.17,5.0,,,1.19,5.0,1.18,4.67,1.22,5.4
5,Melbourne,Australian Open,2026-01-23,Grand Slam,Outdoor,Hard,3rd Round,5,Paul T.,Davidovich Fokina A.,20.0,14.0,2050.0,2635.0,6,1,6,1.0,,,,,,,2,0,Retired,1.44,2.75,,,1.5,2.8,1.47,2.65,1.54,2.8
5,Melbourne,Australian Open,2026-01-23,Grand Slam,Outdoor,Hard,3rd Round,5,Alcaraz C.,Moutet C.,1.0,37.0,12050.0,1383.0,6,2,6,4.0,6,1,,,,,3,0,Completed,1.01,21.0,,,1.02,23.0,1.01,17.54,1.03,32.0
5,Melbourne,Australian Open,2026-01-23,Grand Slam,Outdoor,Hard,3rd Round,5,Cerundolo F.,Rublev A.,21.0,15.0,2035.0,2600.0,6,3,7,6.0,6,3,,,,,3,0,Completed,2.1,1.73,,,2.2,1.75,2.1,1.72,2.26,1.78
5,Melbourne,Australian Open,2026-01-23,Grand Slam,Outdoor,Hard,3rd Round,5,De Minaur A.,Tiafoe F.,6.0,34.0,4080.0,1500.0,6,3,6,4.0,7,5,,,,,3,0,Completed,1.17,5.0,,,1.18,5.1,1.17,4.8,1.19,6.0
5,Melbourne,Australian Open,2026-01-23,Grand Slam,Outdoor,Hard,3rd Round,5,Zverev A.,Norrie C.,3.0,27.0,5105.0,1553.0,7,5,4,6.0,6,3,6,1,,,3,1,Completed,1.2,4.5,,,1.22,5.25,1.21,4.35,1.23,5.1
5,Melbourne,Australian Open,2026-01-23,Grand Slam,Outdoor,Hard,3rd Round,5,Bublik A.,Etcheverry T.,10.0,62.0,3065.0,895.0,7,6,7,6.0,6,4,,,,,3,0,Completed,1.2,4.5,,,1.25,4.5,1.22,4.12,1.25,4.9
5,Melbourne,Australian Open,2026-01-23,Grand Slam,Outdoor,Hard,3rd Round,5,Musetti L.,Machac T.,5.0,24.0,4105.0,1610.0,5,7,6,4.0,6,2,5,7,6,2,3,2,Completed,1.5,2.63,,,1.54,2.63,1.5,2.52,1.56,2.74
5,Melbourne,Australian Open,2026-01-23,Grand Slam,Outdoor,Hard,3rd Round,5,Darderi L.,Khachanov K.,25.0,18.0,1599.0,2320.0,7,6,3,6.0,6,3,6,4,,,3,1,Completed,4.5,1.2,,,4.5,1.23,4.26,1.21,4.8,1.25
5,Melbourne,Australian Open,2026-01-24,Grand Slam,Outdoor,Hard,3rd Round,5,Sinner J.,Spizzirri E.,2.0,85.0,11500.0,725.0,4,6,6,3.0,6,4,6,4,,,3,1,Completed,-,41.0,,,1.01,67.0,1.01,33.15,1.01,70.0
5,Melbourne,Australian Open,2026-01-24,Grand Slam,Outdoor,Hard,3rd Round,5,Shelton B.,Vacherot V.,7.0,31.0,4000.0,1519.0,6,4,6,4.0,7,6,,,,,3,0,Completed,1.22,4.33,,,1.29,4.33,1.23,4.04,1.26,4.7
5,Melbourne,Australian Open,2026-01-24,Grand Slam,Outdoor,Hard,3rd Round,5,Fritz T.,Wawrinka S.,9.0,139.0,3840.0,437.0,7,6,2,6.0,6,4,6,4,,,3,1,Completed,1.08,8.0,,,1.09,8.5,1.08,7.48,1.1,10.0
5,Melbourne,Australian Open,2026-01-24,Grand Slam,Outdoor,Hard,3rd Round,5,Djokovic N.,Van De Zandschulp B.,4.0,75.0,4780.0,759.0,6,3,6,4.0,7,6,,,,,3,0,Completed,1.06,10.0,,,1.08,10.0,1.07,8.23,1.08,12.0
5,Melbourne,Australian Open,2026-01-24,Grand Slam,Outdoor,Hard,3rd Round,5,Mensik J.,Quinn E.,17.0,80.0,2345.0,733.0,6,2,7,6.0,7,6,,,,,3,0,Completed,1.44,2.75,,,1.48,2.75,1.45,2.69,1.53,2.88
5,Melbourne,Australian Open,2026-01-24,Grand Slam,Outdoor,Hard,3rd Round,5,Ruud C.,Cilic M.,13.0,70.0,2795.0,790.0,6,4,6,4.0,3,6,7,5,,,3,1,Completed,1.33,3.4,,,1.4,3.4,1.35,3.14,1.38,3.55
5,Melbourne,Australian Open,2026-01-25,Grand Slam,Outdoor,Hard,4th Round,5,Alcaraz C.,Paul T.,1.0,20.0,12050.0,2050.0,7,6,6,4.0,7,5,,,,,3,0,Completed,1.08,8.0,,,1.12,8.0,1.09,6.94,1.11,9.2
5,Melbourne,Australian Open,2026-01-25,Grand Slam,Outdoor,Hard,4th Round,5,Zverev A.,Cerundolo F.,3.0,21.0,5105.0,2035.0,6,2,6,4.0,6,4,,,,,3,0,Completed,1.36,3.2,,,1.4,3.25,1.35,3.12,1.38,3.55
5,Melbourne,Australian Open,2026-01-25,Grand Slam,Outdoor,Hard,4th Round,5,Tien L.,Medvedev D.,29.0,12.0,1540.0,2910.0,6,4,6,0.0,6,3,,,,,3,0,Completed,2.75,1.44,,,3.0,1.48,2.75,1.43,3.05,1.47
5,Melbourne,Australian Open,2026-01-25,Grand Slam,Outdoor,Hard,4th Round,5,De Minaur A.,Bublik A.,6.0,10.0,4080.0,3065.0,6,4,6,1.0,6,1,,,,,3,0,Completed,1.53,2.5,,,1.6,2.55,1.55,2.41,1.59,2.66
5,Melbourne,Australian Open,2026-01-26,Grand Slam,Outdoor,Hard,4th Round,5,Musetti L.,Fritz T.,5.0,9.0,4105.0,3840.0,6,2,7,5.0,6,4,,,,,3,0,Completed,2.1,1.73,,,2.15,1.75,2.1,1.72,2.2,1.82
5,Melbourne,Australian Open,2026-01-26,Grand Slam,Outdoor,Hard,4th Round,5,Sinner J.,Darderi L.,2.0,25.0,11500.0,1599.0,6,1,6,3.0,7,6,,,,,3,0,Completed,1.01,26.0,,,1.02,26.0,1.02,16.08,1.03,29.0
5,Melbourne,Australian Open,2026-01-26,Grand Slam,Outdoor,Hard,4th Round,5,Djokovic N.,Mensik J.,4.0,17.0,4780.0,2345.0,,,,,,,,,,,,,Walkover,1.25,4.0,,,1.29,4.0,1.26,3.72,1.29,4.2
5,Melbourne,Australian Open,2026-01-26,Grand Slam,Outdoor,Hard,4th Round,5,Shelton B.,Ruud C.,7.0,13.0,4000.0,2795.0,3,6,6,4.0,6,3,6,4,,,3,1,Completed,1.53,2.5,,,1.55,2.6,1.53,2.47,1.58,2.7
5,Melbourne,Australian Open,2026-01-27,Grand Slam,Outdoor,Hard,Quarterfinals,5,Zverev A.,Tien L.,3.0,29.0,5105.0,1540.0,6,3,6,7.0,6,1,7,6,,,3,1,Completed,1.44,2.75,,,1.5,2.9,1.44,2.75,1.47,3.1
5,Melbourne,Australian Open,2026-01-27,Grand Slam,Outdoor,Hard,Quarterfinals,5,Alcaraz C.,De Minaur A.,1.0,6.0,12050.0,4080.0,7,5,6,2.0,6,1,,,,,3,0,Completed,1.14,5.5,,,1.16,6.0,1.14,5.39,1.17,6.6
5,Melbourne,Australian Open,2026-01-28,Grand Slam,Outdoor,Hard,Quarterfinals,5,Djokovic N.,Musetti L.,4.0,5.0,4780.0,4105.0,4,6,3,6.0,3,1,,,,,0,2,Retired,1.3,3.5,,,1.35,4.0,1.31,3.38,1.38,3.55
5,Melbourne,Australian Open,2026-01-28,Grand Slam,Outdoor,Hard,Quarterfinals,5,Sinner J.,Shelton B.,2.0,7.0,11500.0,4000.0,6,3,6,4.0,6,4,,,,,3,0,Completed,1.08,8.0,,,1.1,8.5,1.08,7.42,1.11,9.4
5,Melbourne,Australian Open,2026-01-30,Grand Slam,Outdoor,Hard,Semifinals,5,Alcaraz C.,Zverev A.,1.0,3.0,12050.0,5105.0,6,4,7,6.0,6,7,6,7,7,5,3,2,Completed,1.14,5.5,,,1.19,5.5,1.16,5.19,1.2,5.9
5,Melbourne,Australian Open,2026-01-30,Grand Slam,Outdoor,Hard,Semifinals,5,Djokovic N.,Sinner J.,4.0,2.0,4780.0,11500.0,3,6,6,3.0,4,6,6,4,6,4,3,2,Completed,10,1.06,,,10.0,1.08,8.63,1.07,10.0,1.1
5,Melbourne,Australian Open,2026-02-01,Grand Slam,Outdoor,Hard,The Final,5,Alcaraz C.,Djokovic N.,1.0,4.0,12050.0,4780.0,2,6,6,2.0,6,3,7,5,,,3,1,Completed,1.3,3.5,,,1.33,3.8,1.31,3.44,1.36,3.7
6,Montpellier,Open Sud de France,2026-02-02,ATP250,Indoor,Hard,1st Round,3,Mannarino A.,Martinez P.,70.0,77.0,810.0,728.0,7,6,6,1.0,,,,,,,2,0,Completed,1.62,2.3,,,1.67,2.32,1.61,2.25,1.67,2.46
6,Montpellier,Open Sud de France,2026-02-02,ATP250,Indoor,Hard,1st Round,3,Gea A.,Mpetshi G.,168.0,57.0,353.0,905.0,6,3,0,0.0,,,,,,,1,0,Retired,2.2,1.67,,,2.25,1.75,2.16,1.67,2.26,1.78
6,Montpellier,Open Sud de France,2026-02-02,ATP250,Indoor,Hard,1st Round,3,Bautista Agut R.,O Connell C.,89.0,119.0,670.0,511.0,5,7,6,3.0,7,5,,,,,2,1,Completed,1.67,2.2,,,1.68,2.4,1.62,2.24,1.68,2.42
6,Montpellier,Open Sud de France,2026-02-03,ATP250,Indoor,Hard,1st Round,3,Carreno Busta P.,Kecmanovic M.,100.0,69.0,616.0,820.0,4,6,6,3.0,7,6,,,,,2,1,Completed,2.1,1.73,,,2.18,1.8,2.1,1.7,2.26,1.77
6,Montpellier,Open Sud de France,2026-02-03,ATP250,Indoor,Hard,1st Round,3,Damm M.,Hurkacz H.,160.0,52.0,373.0,965.0,7,6,6,4.0,,,,,,,2,0,Completed,4,1.25,,,4.33,1.26,3.95,1.24,4.6,1.27
6,Montpellier,Open Sud de France,2026-02-03,ATP250,Indoor,Hard,1st Round,3,Droguet T.,Choinski J.,150.0,125.0,403.0,498.0,6,2,7,6.0,,,,,,,2,0,Completed,1.3,3.5,,,1.32,3.75,1.3,3.43,1.34,3.75
6,Montpellier,Open Sud de France,2026-02-03,ATP250,Indoor,Hard,1st Round,3,Humbert U.,Van De Zandschulp B.,38.0,67.0,1320.0,849.0,6,3,6,4.0,,,,,,,2,0,Completed,1.29,3.75,,,1.3,4.25,1.29,3.53,1.34,3.85
6,Montpellier,Open Sud de France,2026-02-03,ATP250,Indoor,Hard,1st Round,3,Fils A.,Royer V.,42.0,56.0,1110.0,920.0,7,6,6,7.0,6,2,,,,,2,1,Completed,1.67,2.2,,,1.73,2.25,1.66,2.17,1.8,2.24
6,Montpellier,Open Sud de France,2026-02-03,ATP250,Indoor,Hard,1st Round,3,Blanchet U.,Vavassori A.,174.0,282.0,343.0,185.0,6,4,6,3.0,,,,,,,2,0,Completed,2.3,1.62,,,2.38,1.62,2.29,1.59,2.44,1.68
6,Montpellier,Open Sud de France,2026-02-04,ATP250,Indoor,Hard,1st Round,3,Nardi L.,Basilashvili N.,106.0,137.0,571.0,464.0,6,3,6,3.0,,,,,,,2,0,Completed,1.62,2.3,,,1.65,2.3,1.62,2.23,1.72,2.36
6,Montpellier,Open Sud de France,2026-02-04,ATP250,Indoor,Hard,1st Round,3,Kovacevic A.,Kouame M.,83.0,551.0,709.0,70.0,6,7,6,2.0,6,2,,,,,2,1,Completed,1.4,3.0,,,1.43,3.0,1.41,2.82,1.44,3.2
6,Montpellier,Open Sud de France,2026-02-04,ATP250,Indoor,Hard,1st Round,3,Wawrinka S.,Medjedovic H.,113.0,80.0,537.0,717.0,7,6,6,4.0,,,,,,,2,0,Completed,2.75,1.44,,,2.75,1.56,2.54,1.5,2.88,1.52
6,Montpellier,Open Sud de France,2026-02-04,ATP250,Indoor,Hard,2nd Round,3,Damm M.,Bautista Agut R.,160.0,89.0,373.0,670.0,6,1,6,3.0,,,,,,,2,0,Completed,1.67,2.2,,,1.7,2.25,1.65,2.17,1.71,2.38
6,Montpellier,Open Sud de France,2026-02-04,ATP250,Indoor,Hard,2nd Round,3,Mannarino A.,Humbert U.,70.0,38.0,810.0,1320.0,6,7,6,3.0,7,6,,,,,2,1,Completed,5,1.17,,,5.5,1.19,4.78,1.17,5.3,1.22
6,Montpellier,Open Sud de France,2026-02-04,ATP250,Indoor,Hard,2nd Round,3,Gea A.,Machac T.,168.0,28.0,353.0,1610.0,6,3,4,5.0,,,,,,,1,0,Retired,2.75,1.44,,,2.9,1.44,2.78,1.42,3.0,1.49
6,Montpellier,Open Sud de France,2026-02-05,ATP250,Indoor,Hard,2nd Round,3,Droguet T.,Kovacevic A.,150.0,83.0,403.0,709.0,4,6,7,6.0,6,4,,,,,2,1,Completed,1.8,2.0,,,1.86,2.05,1.8,1.98,1.93,2.04
6,Montpellier,Open Sud de France,2026-02-05,ATP250,Indoor,Hard,2nd Round,3,Griekspoor T.,Carreno Busta P.,29.0,100.0,1565.0,616.0,6,4,6,4.0,,,,,,,2,0,Completed,1.62,2.3,,,1.67,2.3,1.63,2.23,1.71,2.38
6,Montpellier,Open Sud de France,2026-02-05,ATP250,Indoor,Hard,2nd Round,3,Nardi L.,Cobolli F.,106.0,20.0,571.0,1955.0,6,2,6,3.0,,,,,,,2,0,Completed,2.1,1.73,,,2.15,1.73,2.11,1.7,2.22,1.81
6,Montpellier,Open Sud de France,2026-02-05,ATP250,Indoor,Hard,2nd Round,3,Auger-Aliassime F.,Wawrinka S.,8.0,113.0,3725.0,537.0,6,4,7,6.0,,,,,,,2,0,Completed,1.3,3.5,,,1.33,3.5,1.3,3.41,1.35,3.75
6,Montpellier,Open Sud de France,2026-02-05,ATP250,Indoor,Hard,2nd Round,3,Fils A.,Blanchet U.,42.0,174.0,1110.0,343.0,7,6,7,5.0,,,,,,,2,0,Completed,1.25,4.0,,,1.27,4.25,1.24,3.86,1.24,5.0
6,Montpellier,Open Sud de France,2026-02-06,ATP250,Indoor,Hard,Quarterfinals,3,Mannarino A.,Gea A.,70.0,168.0,810.0,353.0,5,7,6,4.0,6,4,,,,,2,1,Completed,2.1,1.73,,,2.15,1.75,2.1,1.71,2.2,1.8
6,Montpellier,Open Sud de France,2026-02-06,ATP250,Indoor,Hard,Quarterfinals,3,Damm M.,Nardi L.,160.0,106.0,373.0,571.0,6,3,7,6.0,,,,,,,2,0,Completed,,,,,1.8,2.06,1.77,2.0,1.88,2.12
6,Montpellier,Open Sud de France,2026-02-06,ATP250,Indoor,Hard,Quarterfinals,3,Auger-Aliassime F.,Fils A.,8.0,42.0,3725.0,1110.0,6,4,6,2.0,,,,,,,2,0,Completed,1.5,2.63,,,1.52,2.65,1.49,2.57,1.57,2.7
6,Montpellier,Open Sud de France,2026-02-06,ATP250,Indoor,Hard,Quarterfinals,3,Droguet T.,Griekspoor T.,150.0,29.0,403.0,1565.0,7,6,7,6.0,,,,,,,2,0,Completed,2.5,1.53,,,2.55,1.55,2.38,1.53,2.72,1.57
6,Montpellier,Open Sud de France,2026-02-07,ATP250,Indoor,Hard,Semifinals,3,Mannarino A.,Damm M.,70.0,160.0,810.0,373.0,1,6,6,3.0,6,4,,,,,2,1,Completed,2.3,1.62,,,2.3,1.65,2.25,1.61,2.42,1.69
6,Montpellier,Open Sud de France,2026-02-07,ATP250,Indoor,Hard,Semifinals,3,Auger-Aliassime F.,Droguet T.,8.0,150.0,3725.0,403.0,6,4,6,7.0,6,1,,,,,2,1,Completed,1.22,4.33,,,1.25,4.75,1.21,4.26,1.24,5.1
6,Montpellier,Open Sud de France,2026-02-08,ATP250,Indoor,Hard,The Final,3,Auger-Aliassime F.,Mannarino A.,8.0,70.0,3725.0,810.0,6,3,7,6.0,,,,,,,2,0,Completed,1.17,5.0,,,1.19,5.25,1.17,4.85,1.19,6.0
7,Buenos Aires,Argentina Open,2026-02-09,ATP250,Outdoor,Clay,1st Round,3,Dellien H.,Dzumhur D.,167.0,62.0,355.0,877.0,6,4,6,1.0,,,,,,,2,0,Completed,1.8,2.0,,,1.83,2.05,1.81,1.96,1.92,2.06
7,Buenos Aires,Argentina Open,2026-02-09,ATP250,Outdoor,Clay,1st Round,3,Martinez P.,Midon L.,94.0,229.0,636.0,245.0,6,4,6,1.0,,,,,,,2,0,Completed,1.73,2.1,,,1.8,2.1,1.75,2.04,1.8,2.2
7,Buenos Aires,Argentina Open,2026-02-09,ATP250,Outdoor,Clay,1st Round,3,Etcheverry T.,Pellegrino A.,54.0,145.0,945.0,434.0,6,3,6,4.0,,,,,,,2,0,Completed,1.2,4.5,,,1.22,4.5,1.2,4.36,1.23,5.2
7,Buenos Aires,Argentina Open,2026-02-09,ATP250,Outdoor,Clay,1st Round,3,Kopriva V.,Barrena A.,95.0,180.0,632.0,336.0,6,4,3,6.0,6,4,,,,,2,1,Completed,1.44,2.75,,,1.54,2.75,1.48,2.59,1.52,2.88
7,Buenos Aires,Argentina Open,2026-02-10,ATP250,Outdoor,Clay,1st Round,3,Cerundolo J.M.,Altmaier D.,80.0,51.0,717.0,995.0,6,2,6,2.0,,,,,,,2,0,Completed,1.67,2.2,,,1.72,2.31,1.64,2.21,1.73,2.3
7,Buenos Aires,Argentina Open,2026-02-10,ATP250,Outdoor,Clay,1st Round,3,Barrios M.,Seyboth Wild T.,114.0,197.0,546.0,305.0,4,6,6,5.0,,,,,,,0,1,Retired,1.62,2.3,,,1.67,2.3,1.63,2.23,1.71,2.34
7,Buenos Aires,Argentina Open,2026-02-10,ATP250,Outdoor,Clay,1st Round,3,Tabilo A.,Diaz Acosta F.,71.0,285.0,774.0,182.0,7,6,6,3.0,,,,,,,2,0,Completed,1.8,2.0,,,1.8,2.09,1.77,2.01,1.91,2.06
7,Buenos Aires,Argentina Open,2026-02-10,ATP250,Outdoor,Clay,1st Round,3,Burruchaga R.,Djere L.,104.0,91.0,568.0,651.0,6,2,6,4.0,,,,,,,2,0,Completed,1.67,2.2,,,1.75,2.2,1.69,2.14,1.76,2.28
7,Buenos Aires,Argentina Open,2026-02-10,ATP250,Outdoor,Clay,1st Round,3,Buse I.,Passaro F.,96.0,159.0,623.0,376.0,5,7,7,5.0,6,4,,,,,2,1,Completed,2.38,1.57,,,2.4,1.58,2.36,1.56,2.58,1.61
7,Buenos Aires,Argentina Open,2026-02-10,ATP250,Outdoor,Clay,1st Round,3,Berrettini M.,Coria F.,58.0,322.0,895.0,156.0,7,5,7,5.0,,,,,,,2,0,Completed,1.11,6.5,,,1.14,7.5,1.12,5.99,1.13,7.8
7,Buenos Aires,Argentina Open,2026-02-11,ATP250,Outdoor,Clay,1st Round,3,Ugo Carabelli C.,Comesana F.,47.0,63.0,1028.0,869.0,6,4,7,6.0,,,,,,,2,0,Completed,1.73,2.1,,,1.8,2.13,1.72,2.08,1.81,2.2
7,Buenos Aires,Argentina Open,2026-02-11,ATP250,Outdoor,Clay,1st Round,3,Navone M.,Nava E.,73.0,81.0,760.0,710.0,6,2,6,1.0,,,,,,,2,0,Completed,1.44,2.75,,,1.48,2.75,1.45,2.67,1.51,2.9
7,Buenos Aires,Argentina Open,2026-02-11,ATP250,Outdoor,Clay,2nd Round,3,Etcheverry T.,Burruchaga R.,54.0,104.0,945.0,568.0,7,6,6,7.0,6,4,,,,,2,1,Completed,1.44,2.75,,,2.48,2.75,1.56,2.54,1.59,2.66
7,Buenos Aires,Argentina Open,2026-02-11,ATP250,Outdoor,Clay,2nd Round,3,Kopriva V.,Berrettini M.,95.0,58.0,632.0,895.0,6,4,6,3.0,,,,,,,2,0,Completed,3,1.4,,,3.1,1.44,2.95,1.38,3.1,1.46
7,Buenos Aires,Argentina Open,2026-02-11,ATP250,Outdoor,Clay,2nd Round,3,Tabilo A.,Fonseca J.,71.0,33.0,774.0,1440.0,6,3,3,6.0,7,5,,,,,2,1,Completed,2.38,1.57,,,2.4,1.62,2.33,1.57,2.54,1.62
7,Buenos Aires,Argentina Open,2026-02-12,ATP250,Outdoor,Clay,2nd Round,3,Cerundolo F.,Dellien H.,19.0,167.0,2135.0,355.0,6,0,7,6.0,,,,,,,2,0,Completed,1.13,6.0,,,1.17,6.0,1.14,5.43,1.17,6.4
7,Buenos Aires,Argentina Open,2026-02-12,ATP250,Outdoor,Clay,2nd Round,3,Darderi L.,Barrios M.,22.0,114.0,1789.0,546.0,6,1,6,3.0,,,,,,,2,0,Completed,1.3,3.5,,,1.3,4.4,1.29,3.54,1.35,3.75
7,Buenos Aires,Argentina Open,2026-02-12,ATP250,Outdoor,Clay,2nd Round,3,Martinez P.,Cerundolo J.M.,94.0,80.0,636.0,717.0,7,6,6,4.0,,,,,,,2,0,Completed,2.5,1.53,,,2.5,1.57,2.43,1.54,2.5,1.65
7,Buenos Aires,Argentina Open,2026-02-12,ATP250,Outdoor,Clay,2nd Round,3,Baez S.,Buse I.,34.0,96.0,1420.0,623.0,6,4,6,3.0,,,,,,,2,0,Completed,1.36,3.2,,,1.4,3.2,1.36,3.08,1.39,3.5
7,Buenos Aires,Argentina Open,2026-02-12,ATP250,Outdoor,Clay,2nd Round,3,Ugo Carabelli C.,Navone M.,47.0,73.0,1028.0,760.0,6,2,7,5.0,,,,,,,2,0,Completed,2.3,1.62,,,2.3,1.67,2.2,1.64,2.32,1.75
7,Buenos Aires,Argentina Open,2026-02-13,ATP250,Outdoor,Clay,Quarterfinals,3,Etcheverry T.,Tabilo A.,54.0,71.0,945.0,774.0,1,6,6,3.0,6,4,,,,,2,1,Completed,1.62,2.3,,,1.67,2.38,1.59,2.3,1.7,2.4
7,Buenos Aires,Argentina Open,2026-02-13,ATP250,Outdoor,Clay,Quarterfinals,3,Cerundolo F.,Kopriva V.,19.0,95.0,2135.0,632.0,6,4,6,3.0,,,,,,,2,0,Completed,1.14,5.5,,,1.17,6.0,1.15,5.28,1.18,6.2
7,Buenos Aires,Argentina Open,2026-02-13,ATP250,Outdoor,Clay,Quarterfinals,3,Baez S.,Ugo Carabelli C.,34.0,47.0,1420.0,1028.0,7,6,6,2.0,,,,,,,2,0,Completed,1.5,2.63,,,1.53,2.75,1.5,2.55,1.58,2.68
7,Buenos Aires,Argentina Open,2026-02-14,ATP250,Outdoor,Clay,Quarterfinals,3,Darderi L.,Martinez P.,22.0,94.0,1789.0,636.0,7,5,6,1.0,,,,,,,2,0,Completed,1.17,5.5,,,1.19,5.5,1.17,4.91,1.18,6.4
7,Buenos Aires,Argentina Open,2026-02-14,ATP250,Outdoor,Clay,Semifinals,3,Cerundolo F.,Etcheverry T.,19.0,54.0,2135.0,945.0,6,3,7,5.0,,,,,,,2,0,Completed,1.4,3.0,,,1.4,3.2,1.39,2.94,1.44,3.25
7,Buenos Aires,Argentina Open,2026-02-14,ATP250,Outdoor,Clay,Semifinals,3,Darderi L.,Baez S.,22.0,34.0,1789.0,1420.0,7,6,6,1.0,,,,,,,2,0,Completed,1.62,2.3,,,1.65,2.33,1.62,2.26,1.68,2.44
7,Buenos Aires,Argentina Open,2026-02-15,ATP250,Outdoor,Clay,The Final,3,Cerundolo F.,Darderi L.,19.0,22.0,2135.0,1789.0,6,4,6,2.0,,,,,,,2,0,Completed,1.91,1.91,,,1.93,1.91,1.9,1.88,2.02,1.97
8,Dallas,Dallas Open,2026-02-09,ATP500,Indoor,Hard,1st Round,3,Nakashima B.,Bellucci M.,29.0,107.0,1535.0,553.0,6,3,6,4.0,,,,,,,2,0,Completed,1.4,3.0,,,1.44,3.0,1.4,2.9,1.44,3.2
8,Dallas,Dallas Open,2026-02-09,ATP500,Indoor,Hard,1st Round,3,Davidovich Fokina A.,Svajda Z.,14.0,110.0,2535.0,551.0,6,4,7,6.0,,,,,,,2,0,Completed,1.44,2.75,,,1.46,3.5,1.44,2.75,1.5,2.92
8,Dallas,Dallas Open,2026-02-10,ATP500,Indoor,Hard,1st Round,3,Tiafoe F.,Atmane T.,30.0,64.0,1510.0,849.0,4,6,6,2.0,6,2,,,,,2,1,Completed,1.25,4.0,,,1.28,4.0,1.26,3.77,1.29,4.3
8,Dallas,Dallas Open,2026-02-10,ATP500,Indoor,Hard,1st Round,3,Korda S.,Zheng M.,53.0,151.0,960.0,414.0,6,3,6,4.0,,,,,,,2,0,Completed,1.36,3.2,,,1.4,3.3,1.36,3.07,1.41,3.35
8,Dallas,Dallas Open,2026-02-10,ATP500,Indoor,Hard,1st Round,3,Cilic M.,Tien L.,61.0,23.0,890.0,1710.0,7,5,7,6.0,,,,,,,2,0,Completed,3.2,1.36,,,3.25,1.41,3.02,1.37,3.3,1.42
8,Dallas,Dallas Open,2026-02-10,ATP500,Indoor,Hard,1st Round,3,Kecmanovic M.,Shimabukuro S.,66.0,144.0,820.0,441.0,6,7,6,3.0,7,6,,,,,2,1,Completed,1.57,2.38,,,1.65,2.5,1.57,2.34,1.64,2.5
8,Dallas,Dallas Open,2026-02-10,ATP500,Indoor,Hard,1st Round,3,Michelsen A.,Dimitrov G.,41.0,43.0,1160.0,1105.0,5,7,6,4.0,6,4,,,,,2,1,Completed,1.8,2.0,,,1.91,2.0,1.86,1.91,1.95,2.0
8,Dallas,Dallas Open,2026-02-10,ATP500,Indoor,Hard,1st Round,3,Pinnington Jones J.,Cobolli F.,181.0,20.0,331.0,1955.0,6,2,6,2.0,,,,,,,2,0,Completed,2.5,1.53,,,2.75,1.55,2.46,1.53,2.66,1.59
8,Dallas,Dallas Open,2026-02-10,ATP500,Indoor,Hard,1st Round,3,Shelton B.,Diallo G.,9.0,38.0,3560.0,1175.0,6,4,6,4.0,,,,,,,2,0,Completed,1.17,5.0,,,1.2,5.0,1.18,4.64,1.2,5.7
8,Dallas,Dallas Open,2026-02-11,ATP500,Indoor,Hard,1st Round,3,Fritz T.,Giron M.,7.0,59.0,3940.0,895.0,6,4,5,7.0,7,6,,,,,2,1,Completed,1.4,3.0,,,1.4,3.2,1.38,2.96,1.39,3.55
8,Dallas,Dallas Open,2026-02-11,ATP500,Indoor,Hard,1st Round,3,Kovacevic A.,Kypson P.,78.0,109.0,721.0,552.0,6,4,7,6.0,,,,,,,2,0,Completed,,,,,1.7,4.33,1.59,2.44,1.69,2.26
8,Dallas,Dallas Open,2026-02-11,ATP500,Indoor,Hard,1st Round,3,Shapovalov D.,Jodar R.,40.0,124.0,1160.0,498.0,6,1,6,2.0,,,,,,,2,0,Completed,1.73,2.1,,,1.85,2.2,1.74,2.05,1.81,2.2
8,Dallas,Dallas Open,2026-02-11,ATP500,Indoor,Hard,1st Round,3,Paul T.,Brooksby J.,24.0,45.0,1700.0,1042.0,4,6,6,4.0,7,6,,,,,2,1,Completed,1.33,3.4,,,1.36,3.45,1.33,3.23,1.38,3.6
8,Dallas,Dallas Open,2026-02-11,ATP500,Indoor,Hard,1st Round,3,Quinn E.,Svajda T.,74.0,363.0,758.0,131.0,7,6,7,5.0,,,,,,,2,0,Completed,1.25,4.0,,,1.26,4.33,1.25,3.85,1.3,4.2
8,Dallas,Dallas Open,2026-02-11,ATP500,Indoor,Hard,1st Round,3,Spizzirri E.,Duckworth J.,68.0,83.0,781.0,691.0,6,2,6,4.0,,,,,,,2,0,Completed,1.3,3.5,,,1.33,4.25,1.29,3.51,1.32,3.9
8,Dallas,Dallas Open,2026-02-11,ATP500,Indoor,Hard,1st Round,3,Mannarino A.,Walton A.,52.0,93.0,975.0,643.0,6,4,6,2.0,,,,,,,2,0,Completed,1.67,2.2,,,1.75,2.25,1.67,2.15,1.71,2.36
8,Dallas,Dallas Open,2026-02-11,ATP500,Indoor,Hard,2nd Round,3,Davidovich Fokina A.,Michelsen A.,14.0,41.0,2535.0,1160.0,6,4,6,4.0,,,,,,,2,0,Completed,1.73,2.1,,,1.8,2.1,1.75,2.04,1.86,2.14
8,Dallas,Dallas Open,2026-02-12,ATP500,Indoor,Hard,2nd Round,3,Fritz T.,Nakashima B.,7.0,29.0,3940.0,1535.0,6,3,6,4.0,,,,,,,2,0,Completed,1.57,2.38,,,1.65,2.5,1.59,2.32,1.68,2.42
8,Dallas,Dallas Open,2026-02-12,ATP500,Indoor,Hard,2nd Round,3,Korda S.,Tiafoe F.,53.0,30.0,960.0,1510.0,7,5,6,1.0,,,,,,,2,0,Completed,1.73,2.1,,,1.8,2.2,1.71,2.1,1.83,2.16
8,Dallas,Dallas Open,2026-02-12,ATP500,Indoor,Hard,2nd Round,3,Cilic M.,Quinn E.,61.0,74.0,890.0,758.0,7,6,6,3.0,,,,,,,2,0,Completed,1.53,2.5,,,1.55,2.5,1.53,2.46,1.6,2.62
8,Dallas,Dallas Open,2026-02-12,ATP500,Indoor,Hard,2nd Round,3,Pinnington Jones J.,Spizzirri E.,181.0,68.0,331.0,781.0,7,6,4,6.0,7,6,,,,,2,1,Completed,2.63,1.5,,,2.75,1.53,2.63,1.47,2.8,1.54
8,Dallas,Dallas Open,2026-02-12,ATP500,Indoor,Hard,2nd Round,3,Shapovalov D.,Kovacevic A.,40.0,78.0,1160.0,721.0,6,4,6,4.0,,,,,,,2,0,Completed,1.33,3.4,,,1.34,3.5,1.32,3.29,1.37,3.6
8,Dallas,Dallas Open,2026-02-13,ATP500,Indoor,Hard,2nd Round,3,Shelton B.,Mannarino A.,9.0,52.0,3560.0,975.0,7,6,6,7.0,6,3,,,,,2,1,Completed,1.2,4.5,,,1.2,4.75,1.18,4.57,1.21,5.5
8,Dallas,Dallas Open,2026-02-13,ATP500,Indoor,Hard,2nd Round,3,Kecmanovic M.,Paul T.,66.0,24.0,820.0,1700.0,5,7,6,4.0,6,4,,,,,2,1,Completed,5,1.17,,,5.5,1.23,4.42,1.2,5.7,1.2
8,Dallas,Dallas Open,2026-02-13,ATP500,Indoor,Hard,Quarterfinals,3,Cilic M.,Pinnington Jones J.,61.0,181.0,890.0,331.0,6,1,6,4.0,,,,,,,2,0,Completed,1.29,3.75,,,1.3,3.85,1.28,3.64,1.33,3.9
8,Dallas,Dallas Open,2026-02-13,ATP500,Indoor,Hard,Quarterfinals,3,Fritz T.,Korda S.,7.0,53.0,3940.0,960.0,6,7,6,4.0,7,6,,,,,2,1,Completed,1.53,2.5,,,1.57,2.5,1.54,2.43,1.59,2.66
8,Dallas,Dallas Open,2026-02-14,ATP500,Indoor,Hard,Quarterfinals,3,Shelton B.,Kecmanovic M.,9.0,66.0,3560.0,820.0,5,7,6,3.0,6,4,,,,,2,1,Completed,1.2,4.5,,,1.21,5.25,1.19,4.52,1.2,5.7
8,Dallas,Dallas Open,2026-02-14,ATP500,Indoor,Hard,Quarterfinals,3,Shapovalov D.,Davidovich Fokina A.,40.0,14.0,1160.0,2535.0,5,7,6,4.0,6,3,,,,,2,1,Completed,1.73,2.1,,,1.9,2.2,1.72,2.09,1.86,2.12
8,Dallas,Dallas Open,2026-02-14,ATP500,Indoor,Hard,Semifinals,3,Fritz T.,Cilic M.,7.0,61.0,3940.0,890.0,7,6,7,6.0,,,,,,,2,0,Completed,1.53,2.5,,,1.57,2.5,1.54,2.43,1.59,2.66
8,Dallas,Dallas Open,2026-02-14,ATP500,Indoor,Hard,Semifinals,3,Shelton B.,Shapovalov D.,9.0,40.0,3560.0,1160.0,4,6,6,4.0,7,6,,,,,2,1,Completed,1.5,2.63,,,1.56,2.75,1.5,2.55,1.54,2.82
8,Dallas,Dallas Open,2026-02-15,ATP500,Indoor,Hard,The Final,3,Shelton B.,Fritz T.,9.0,7.0,3560.0,3940.0,3,6,6,3.0,7,5,,,,,2,1,Completed,2.1,1.73,,,2.2,1.76,2.08,1.73,2.18,1.81
9,Rotterdam,ABN AMRO World Tennis Tournament,2026-02-09,ATP500,Indoor,Hard,1st Round,3,Norrie C.,Bautista Agut R.,26.0,85.0,1603.0,685.0,7,6,6,1.0,,,,,,,2,0,Completed,1.29,3.75,,,1.33,4.0,1.27,3.7,1.31,4.0
9,Rotterdam,ABN AMRO World Tennis Tournament,2026-02-09,ATP500,Indoor,Hard,1st Round,3,Humbert U.,Medvedev D.,36.0,11.0,1335.0,3060.0,7,6,3,6.0,6,3,,,,,2,1,Completed,2.75,1.44,,,2.88,1.45,2.76,1.43,3.05,1.47
9,Rotterdam,ABN AMRO World Tennis Tournament,2026-02-09,ATP500,Indoor,Hard,1st Round,3,O Connell C.,Royer V.,119.0,57.0,511.0,897.0,6,4,4,6.0,7,6,,,,,2,1,Completed,2,1.8,,,2.2,1.8,2.07,1.74,2.14,1.87
9,Rotterdam,ABN AMRO World Tennis Tournament,2026-02-09,ATP500,Indoor,Hard,1st Round,3,Van De Zandschulp B.,Pavlovic L.,65.0,219.0,849.0,262.0,7,6,6,3.0,,,,,,,2,0,Completed,1.17,5.0,,,1.21,5.2,1.18,4.61,1.23,5.2
9,Rotterdam,ABN AMRO World Tennis Tournament,2026-02-09,ATP500,Indoor,Hard,1st Round,3,Munar J.,Budkov Kjaer N.,37.0,132.0,1185.0,476.0,6,1,6,3.0,,,,,,,2,0,Completed,1.44,2.75,,,1.5,2.88,1.44,2.75,1.53,2.86
9,Rotterdam,ABN AMRO World Tennis Tournament,2026-02-10,ATP500,Indoor,Hard,1st Round,3,Halys Q.,Rottgering M.,77.0,614.0,725.0,59.0,3,6,6,1.0,6,1,,,,,2,1,Completed,1.22,4.33,,,1.25,4.4,1.24,3.98,1.28,4.4
9,Rotterdam,ABN AMRO World Tennis Tournament,2026-02-10,ATP500,Indoor,Hard,1st Round,3,Griekspoor T.,Mpetshi G.,27.0,56.0,1585.0,905.0,6,4,6,4.0,,,,,,,2,0,Completed,1.5,2.63,,,1.55,2.63,1.53,2.48,1.57,2.68
9,Rotterdam,ABN AMRO World Tennis Tournament,2026-02-10,ATP500,Indoor,Hard,1st Round,3,Struff J.L.,Grenier H.,82.0,188.0,706.0,323.0,6,0,6,4.0,,,,,,,2,0,Completed,1.36,3.2,,,1.38,3.3,1.35,3.17,1.4,3.45
9,Rotterdam,ABN AMRO World Tennis Tournament,2026-02-10,ATP500,Indoor,Hard,1st Round,3,De Minaur A.,Fils A.,8.0,42.0,3835.0,1110.0,7,6,6,2.0,,,,,,,2,0,Completed,1.22,4.33,,,1.25,4.33,1.22,4.09,1.26,4.7
9,Rotterdam,ABN AMRO World Tennis Tournament,2026-02-10,ATP500,Indoor,Hard,1st Round,3,Bergs Z.,Medjedovic H.,39.0,79.0,1170.0,717.0,6,7,6,7.0,,,,,,,2,0,Completed,1.8,2.0,,,1.85,2.01,1.81,1.98,1.94,2.04
9,Rotterdam,ABN AMRO World Tennis Tournament,2026-02-11,ATP500,Indoor,Hard,1st Round,3,Wawrinka S.,Boogaard T.,106.0,1048.0,562.0,14.0,6,3,6,4.0,,,,,,,2,0,Completed,,,,,1.2,7.5,1.13,5.92,1.2,5.1
9,Rotterdam,ABN AMRO World Tennis Tournament,2026-02-11,ATP500,Indoor,Hard,1st Round,3,Den Ouden G.,Fucsovics M.,169.0,49.0,355.0,1009.0,7,6,6,1.0,,,,,,,2,0,Completed,4,1.25,,,4.1,1.25,3.9,1.25,4.1,1.31
9,Rotterdam,ABN AMRO World Tennis Tournament,2026-02-11,ATP500,Indoor,Hard,1st Round,3,Tsitsipas S.,Rinderknech A.,32.0,28.0,1445.0,1542.0,7,5,6,3.0,,,,,,,2,0,Completed,1.53,2.5,,,1.57,2.5,1.54,2.47,1.56,2.72
9,Rotterdam,ABN AMRO World Tennis Tournament,2026-02-11,ATP500,Indoor,Hard,1st Round,3,Khachanov K.,De Jong J.,18.0,86.0,2320.0,673.0,3,6,6,4.0,7,5,,,,,2,1,Completed,1.14,5.5,,,1.17,5.7,1.14,5.32,1.19,6.0
9,Rotterdam,ABN AMRO World Tennis Tournament,2026-02-11,ATP500,Indoor,Hard,1st Round,3,Bublik A.,Hurkacz H.,10.0,70.0,3235.0,775.0,6,7,7,6.0,7,5,,,,,2,1,Completed,1.67,2.2,,,1.76,2.2,1.71,2.11,1.83,2.2
9,Rotterdam,ABN AMRO World Tennis Tournament,2026-02-11,ATP500,Indoor,Hard,1st Round,3,Auger-Aliassime F.,Popyrin A.,6.0,50.0,3950.0,1000.0,7,5,6,3.0,,,,,,,2,0,Completed,1.22,4.33,,,1.22,4.4,1.22,4.14,1.23,5.0
9,Rotterdam,ABN AMRO World Tennis Tournament,2026-02-11,ATP500,Indoor,Hard,2nd Round,3,O Connell C.,Norrie C.,119.0,26.0,511.0,1603.0,7,6,6,4.0,,,,,,,2,0,Completed,4,1.25,,,4.0,1.3,3.6,1.28,4.1,1.31
9,Rotterdam,ABN AMRO World Tennis Tournament,2026-02-11,ATP500,Indoor,Hard,2nd Round,3,Griekspoor T.,Halys Q.,27.0,77.0,1585.0,725.0,7,5,7,6.0,,,,,,,2,0,Completed,1.57,2.38,,,1.6,2.6,1.55,2.43,1.6,2.64
9,Rotterdam,ABN AMRO World Tennis Tournament,2026-02-12,ATP500,Indoor,Hard,2nd Round,3,Humbert U.,Den Ouden G.,36.0,169.0,1335.0,355.0,6,4,6,3.0,,,,,,,2,0,Completed,1.1,7.0,,,1.12,8.0,1.1,6.77,1.13,8.2
9,Rotterdam,ABN AMRO World Tennis Tournament,2026-02-12,ATP500,Indoor,Hard,2nd Round,3,Munar J.,Khachanov K.,37.0,18.0,1185.0,2320.0,7,6,3,6.0,6,3,,,,,2,1,Completed,2.3,1.62,,,2.3,1.7,2.23,1.64,2.42,1.69
9,Rotterdam,ABN AMRO World Tennis Tournament,2026-02-12,ATP500,Indoor,Hard,2nd Round,3,Van De Zandschulp B.,Tsitsipas S.,65.0,32.0,849.0,1445.0,6,4,7,6.0,,,,,,,2,0,Completed,3,1.4,,,3.0,1.5,2.79,1.43,3.15,1.44
9,Rotterdam,ABN AMRO World Tennis Tournament,2026-02-12,ATP500,Indoor,Hard,2nd Round,3,De Minaur A.,Wawrinka S.,8.0,106.0,3835.0,562.0,6,4,6,2.0,,,,,,,2,0,Completed,1.1,7.0,,,1.12,7.0,1.11,6.58,1.12,8.8
9,Rotterdam,ABN AMRO World Tennis Tournament,2026-02-12,ATP500,Indoor,Hard,2nd Round,3,Auger-Aliassime F.,Medjedovic H.,6.0,79.0,3950.0,717.0,6,4,6,4.0,,,,,,,2,0,Completed,1.22,4.33,,,1.27,4.33,1.25,3.84,1.28,4.5
9,Rotterdam,ABN AMRO World Tennis Tournament,2026-02-12,ATP500,Indoor,Hard,2nd Round,3,Bublik A.,Struff J.L.,10.0,82.0,3235.0,706.0,7,6,4,6.0,6,3,,,,,2,1,Completed,1.36,3.2,,,1.37,3.5,1.34,3.24,1.36,3.7
9,Rotterdam,ABN AMRO World Tennis Tournament,2026-02-13,ATP500,Indoor,Hard,Quarterfinals,3,Humbert U.,O Connell C.,36.0,119.0,1335.0,511.0,6,4,6,1.0,,,,,,,2,0,Completed,1.2,4.5,,,1.22,4.8,1.21,4.36,1.24,4.9
9,Rotterdam,ABN AMRO World Tennis Tournament,2026-02-13,ATP500,Indoor,Hard,Quarterfinals,3,De Minaur A.,Van De Zandschulp B.,8.0,65.0,3835.0,849.0,3,6,7,6.0,7,5,,,,,2,1,Completed,1.13,6.0,,,1.15,6.0,1.14,5.63,1.16,6.6
9,Rotterdam,ABN AMRO World Tennis Tournament,2026-02-13,ATP500,Indoor,Hard,Quarterfinals,3,Auger-Aliassime F.,Griekspoor T.,6.0,27.0,3950.0,1585.0,7,6,6,2.0,,,,,,,2,0,Completed,1.3,3.5,,,1.36,3.6,1.32,3.38,1.39,3.5
9,Rotterdam,ABN AMRO World Tennis Tournament,2026-02-13,ATP500,Indoor,Hard,Quarterfinals,3,Bublik A.,Munar J.,10.0,37.0,3235.0,1185.0,6,4,6,7.0,7,6,,,,,2,1,Completed,1.5,2.63,,,1.5,2.75,1.49,2.63,1.51,2.92
9,Rotterdam,ABN AMRO World Tennis Tournament,2026-02-14,ATP500,Indoor,Hard,Semifinals,3,De Minaur A.,Humbert U.,8.0,36.0,3835.0,1335.0,6,4,6,3.0,,,,,,,2,0,Completed,1.4,3.0,,,1.45,3.1,1.41,2.85,1.44,3.2
9,Rotterdam,ABN AMRO World Tennis Tournament,2026-02-14,ATP500,Indoor,Hard,Semifinals,3,Auger-Aliassime F.,Bublik A.,6.0,10.0,3950.0,3235.0,6,1,6,2.0,,,,,,,2,0,Completed,1.44,2.75,,,1.5,2.85,1.45,2.7,1.52,2.88
9,Rotterdam,ABN AMRO World Tennis Tournament,2026-02-15,ATP500,Indoor,Hard,The Final,3,De Minaur A.,Auger-Aliassime F.,8.0,6.0,3835.0,3950.0,6,3,6,2.0,,,,,,,2,0,Completed,2.5,1.53,,,2.5,1.6,2.43,1.56,2.56,1.64
10,Delray Beach,Delray Beach Open,2026-02-16,ATP250,Outdoor,Hard,1st Round,3,Atmane T.,Kypson P.,66.0,105.0,833.0,565.0,6,3,2,6.0,6,4,,,,,2,1,Completed,2.2,1.67,,,2.2,1.73,2.14,1.69,2.3,1.74
10,Delray Beach,Delray Beach Open,2026-02-16,ATP250,Outdoor,Hard,1st Round,3,Wong C.,Borges N.,137.0,45.0,458.0,1070.0,7,6,4,6.0,6,3,,,,,2,1,Completed,2.1,1.73,,,2.15,1.75,2.09,1.71,2.3,1.74
10,Delray Beach,Delray Beach Open,2026-02-16,ATP250,Outdoor,Hard,1st Round,3,Michelsen A.,Vacherot V.,41.0,26.0,1110.0,1605.0,7,6,6,4.0,,,,,,,2,0,Completed,1.91,1.91,,,1.93,1.91,1.89,1.87,2.04,1.94
10,Delray Beach,Delray Beach Open,2026-02-16,ATP250,Outdoor,Hard,1st Round,3,Giron M.,Shimabukuro S.,64.0,135.0,855.0,466.0,6,3,7,5.0,,,,,,,2,0,Completed,1.4,3.0,,,1.43,3.0,1.4,2.86,1.44,3.2
10,Delray Beach,Delray Beach Open,2026-02-17,ATP250,Outdoor,Hard,1st Round,3,Tiafoe F.,Hijikata R.,28.0,113.0,1550.0,546.0,6,4,6,4.0,,,,,,,2,0,Completed,1.3,3.5,,,1.3,4.0,1.28,3.56,1.29,4.3
10,Delray Beach,Delray Beach Open,2026-02-17,ATP250,Outdoor,Hard,1st Round,3,Svajda Z.,Kovacevic A.,106.0,75.0,563.0,746.0,7,6,6,3.0,,,,,,,2,0,Completed,1.5,2.63,,,1.57,2.75,1.49,2.57,1.57,2.7
10,Delray Beach,Delray Beach Open,2026-02-17,ATP250,Outdoor,Hard,1st Round,3,Korda S.,McDonald M.,50.0,116.0,1020.0,535.0,6,4,7,5.0,,,,,,,2,0,Completed,1.2,4.5,,,1.23,4.5,1.2,4.3,1.24,4.8
10,Delray Beach,Delray Beach Open,2026-02-17,ATP250,Outdoor,Hard,1st Round,3,Nakashima B.,Cilic M.,29.0,43.0,1535.0,1090.0,7,6,7,6.0,,,,,,,2,0,Completed,1.62,2.3,,,1.63,2.3,1.6,2.26,1.7,2.4
10,Delray Beach,Delray Beach Open,2026-02-17,ATP250,Outdoor,Hard,1st Round,3,Jodar R.,Quinn E.,118.0,70.0,523.0,776.0,6,2,6,3.0,,,,,,,2,0,Completed,2,1.8,,,2.0,1.91,1.95,1.81,2.02,1.97
10,Delray Beach,Delray Beach Open,2026-02-17,ATP250,Outdoor,Hard,1st Round,3,Walton A.,Diallo G.,93.0,39.0,643.0,1175.0,7,6,6,3.0,,,,,,,2,0,Completed,3.2,1.36,,,3.2,1.4,3.05,1.36,3.4,1.4
10,Delray Beach,Delray Beach Open,2026-02-17,ATP250,Outdoor,Hard,1st Round,3,Kecmanovic M.,Bellucci M.,83.0,109.0,670.0,553.0,6,1,6,4.0,,,,,,,2,0,Completed,1.44,2.75,,,1.5,2.88,1.45,2.69,1.51,2.94
10,Delray Beach,Delray Beach Open,2026-02-18,ATP250,Outdoor,Hard,1st Round,3,Paul T.,Moutet C.,24.0,34.0,1700.0,1383.0,4,6,6,3.0,6,4,,,,,2,1,Completed,1.25,4.0,,,1.29,4.1,1.25,3.82,1.28,4.4
10,Delray Beach,Delray Beach Open,2026-02-18,ATP250,Outdoor,Hard,2nd Round,3,Cobolli F.,Atmane T.,20.0,66.0,1955.0,833.0,7,5,6,4.0,,,,,,,2,0,Completed,1.73,2.1,,,1.75,2.13,1.73,2.08,1.87,2.12
10,Delray Beach,Delray Beach Open,2026-02-18,ATP250,Outdoor,Hard,2nd Round,3,Wong C.,Nakashima B.,137.0,29.0,458.0,1535.0,6,4,7,6.0,,,,,,,2,0,Completed,3.2,1.36,,,3.25,1.37,3.15,1.35,3.5,1.39
10,Delray Beach,Delray Beach Open,2026-02-18,ATP250,Outdoor,Hard,2nd Round,3,Korda S.,Michelsen A.,50.0,41.0,1020.0,1110.0,6,3,7,6.0,,,,,,,2,0,Completed,1.62,2.3,,,1.67,2.3,1.62,2.25,1.71,2.38
10,Delray Beach,Delray Beach Open,2026-02-19,ATP250,Outdoor,Hard,2nd Round,3,Ruud C.,Giron M.,13.0,64.0,2625.0,855.0,4,6,7,6.0,6,4,,,,,2,1,Completed,1.44,2.75,,,1.53,2.75,1.47,2.6,1.5,2.92
10,Delray Beach,Delray Beach Open,2026-02-19,ATP250,Outdoor,Hard,2nd Round,3,Tien L.,Kecmanovic M.,23.0,83.0,1710.0,670.0,6,4,6,7.0,7,6,,,,,2,1,Completed,1.44,2.75,,,1.45,2.8,1.44,2.73,1.5,2.96
10,Delray Beach,Delray Beach Open,2026-02-19,ATP250,Outdoor,Hard,2nd Round,3,Tiafoe F.,Svajda Z.,28.0,106.0,1550.0,563.0,6,4,3,6.0,7,5,,,,,2,1,Completed,1.44,2.75,,,1.53,2.75,1.48,2.59,1.51,2.88
10,Delray Beach,Delray Beach Open,2026-02-19,ATP250,Outdoor,Hard,2nd Round,3,Paul T.,Walton A.,24.0,93.0,1700.0,643.0,7,6,6,3.0,,,,,,,2,0,Completed,1.08,8.0,,,1.1,8.0,1.09,7.13,1.1,10.5
10,Delray Beach,Delray Beach Open,2026-02-20,ATP250,Outdoor,Hard,2nd Round,3,Fritz T.,Jodar R.,8.0,118.0,4220.0,523.0,7,6,6,4.0,,,,,,,2,0,Completed,1.25,4.0,,,1.3,4.0,1.27,3.67,1.3,4.1
10,Delray Beach,Delray Beach Open,2026-02-20,ATP250,Outdoor,Hard,Quarterfinals,3,Cobolli F.,Wong C.,20.0,137.0,1955.0,458.0,7,5,6,7.0,6,2,,,,,2,1,Completed,1.91,1.91,,,2.0,1.91,1.9,1.86,2.08,1.91
10,Delray Beach,Delray Beach Open,2026-02-20,ATP250,Outdoor,Hard,Quarterfinals,3,Korda S.,Ruud C.,50.0,13.0,1020.0,2625.0,4,6,6,2.0,6,2,,,,,2,1,Completed,1.8,2.0,,,1.94,2.05,1.8,1.97,1.91,2.06
10,Delray Beach,Delray Beach Open,2026-02-20,ATP250,Outdoor,Hard,Quarterfinals,3,Tien L.,Tiafoe F.,23.0,28.0,1710.0,1550.0,7,6,3,6.0,7,5,,,,,2,1,Completed,1.53,2.5,,,1.55,2.5,1.53,2.45,1.61,2.62
10,Delray Beach,Delray Beach Open,2026-02-21,ATP250,Outdoor,Hard,Quarterfinals,3,Paul T.,Fritz T.,24.0,8.0,1700.0,4220.0,6,4,6,3.0,,,,,,,2,0,Completed,2.2,1.67,,,2.25,1.7,2.19,1.65,2.42,1.68
10,Delray Beach,Delray Beach Open,2026-02-21,ATP250,Outdoor,Hard,Semifinals,3,Korda S.,Cobolli F.,50.0,20.0,1020.0,1955.0,7,6,6,1.0,,,,,,,2,0,Completed,1.4,3.0,,,1.4,3.4,1.36,3.12,1.4,3.4
10,Delray Beach,Delray Beach Open,2026-02-22,ATP250,Outdoor,Hard,Semifinals,3,Paul T.,Tien L.,24.0,23.0,1700.0,1710.0,4,6,6,4.0,6,3,,,,,2,1,Completed,1.53,2.5,,,1.63,2.5,1.55,2.4,1.64,2.56
10,Delray Beach,Delray Beach Open,2026-02-22,ATP250,Outdoor,Hard,The Final,3,Korda S.,Paul T.,50.0,24.0,1020.0,1700.0,6,4,6,3.0,,,,,,,2,0,Completed,2,1.8,,,2.07,1.8,2.01,1.77,2.14,1.86
11,Doha,Qatar Exxon Mobil Open,2026-02-16,ATP500,Outdoor,Hard,1st Round,3,Popyrin A.,Zayid M.S.,53.0,,1000.0,,6,0,6,2.0,,,,,,,2,0,Completed,1,34.0,,,1.02,34.0,1.01,25.22,1.01,50.0
11,Doha,Qatar Exxon Mobil Open,2026-02-16,ATP500,Outdoor,Hard,1st Round,3,Royer V.,Herbert P.,60.0,190.0,897.0,313.0,6,0,6,3.0,,,,,,,2,0,Completed,1.5,2.63,,,1.5,2.65,1.48,2.58,1.54,2.84
11,Doha,Qatar Exxon Mobil Open,2026-02-16,ATP500,Outdoor,Hard,1st Round,3,Mensik J.,Choinski J.,16.0,124.0,2425.0,498.0,6,7,6,2.0,6,4,,,,,2,1,Completed,1.14,5.5,,,1.2,5.5,1.15,5.12,1.17,6.4
11,Doha,Qatar Exxon Mobil Open,2026-02-16,ATP500,Outdoor,Hard,1st Round,3,Fils A.,Majchrzak K.,40.0,56.0,1110.0,920.0,6,7,6,3.0,6,4,,,,,2,1,Completed,1.4,3.0,,,1.43,3.0,1.39,2.91,1.44,3.2
11,Doha,Qatar Exxon Mobil Open,2026-02-16,ATP500,Outdoor,Hard,1st Round,3,Sinner J.,Machac T.,2.0,31.0,10300.0,1510.0,6,1,6,4.0,,,,,,,2,0,Completed,1.05,11.0,,,1.06,11.0,1.05,9.68,1.07,13.5
11,Doha,Qatar Exxon Mobil Open,2026-02-16,ATP500,Outdoor,Hard,1st Round,3,Medvedev D.,Shang J.,11.0,261.0,3010.0,205.0,6,4,6,2.0,,,,,,,2,0,Completed,1.25,4.0,,,1.28,4.0,1.25,3.81,1.26,4.7
11,Doha,Qatar Exxon Mobil Open,2026-02-17,ATP500,Outdoor,Hard,1st Round,3,Tsitsipas S.,Echargui M.,33.0,139.0,1485.0,449.0,6,4,6,4.0,,,,,,,2,0,Completed,1.1,7.0,,,1.11,8.0,1.09,6.87,1.12,8.8
11,Doha,Qatar Exxon Mobil Open,2026-02-17,ATP500,Outdoor,Hard,1st Round,3,Halys Q.,Carreno Busta P.,72.0,123.0,762.0,504.0,4,6,7,5.0,6,3,,,,,2,1,Completed,1.8,2.0,,,1.81,2.15,1.76,2.03,,
11,Doha,Qatar Exxon Mobil Open,2026-02-17,ATP500,Outdoor,Hard,1st Round,3,Fucsovics M.,Habib H.,61.0,334.0,891.0,143.0,6,3,6,3.0,,,,,,,2,0,Completed,1.17,5.0,,,1.17,5.5,1.16,4.98,1.19,5.9
11,Doha,Qatar Exxon Mobil Open,2026-02-17,ATP500,Outdoor,Hard,1st Round,3,Lehecka J.,Brooksby J.,22.0,47.0,1860.0,1042.0,6,3,6,3.0,,,,,,,2,0,Completed,1.5,2.63,,,1.5,2.63,1.49,2.56,1.55,2.76
11,Doha,Qatar Exxon Mobil Open,2026-02-17,ATP500,Outdoor,Hard,1st Round,3,Khachanov K.,Mochizuki S.,17.0,117.0,2360.0,525.0,6,1,3,6.0,6,4,,,,,2,1,Completed,1.13,6.0,,,1.13,6.5,1.12,5.92,1.16,6.8
11,Doha,Qatar Exxon Mobil Open,2026-02-17,ATP500,Outdoor,Hard,1st Round,3,Zhang Zh.,Carballes Baena R.,319.0,175.0,155.0,350.0,6,4,6,4.0,,,,,,,2,0,Completed,1.73,2.1,,,1.87,2.14,1.75,2.05,1.84,2.16
11,Doha,Qatar Exxon Mobil Open,2026-02-17,ATP500,Outdoor,Hard,1st Round,3,Marozsan F.,Humbert U.,48.0,36.0,1040.0,1285.0,6,3,6,1.0,,,,,,,2,0,Completed,2.38,1.57,,,2.38,1.65,2.26,1.62,2.34,1.72
11,Doha,Qatar Exxon Mobil Open,2026-02-17,ATP500,Outdoor,Hard,1st Round,3,Bergs Z.,Mpetshi G.,44.0,58.0,1080.0,905.0,6,3,6,7.0,6,4,,,,,2,1,Completed,1.53,2.5,,,1.6,2.5,1.56,2.38,1.6,2.62
11,Doha,Qatar Exxon Mobil Open,2026-02-17,ATP500,Outdoor,Hard,1st Round,3,Alcaraz C.,Rinderknech A.,1.0,30.0,13150.0,1530.0,6,4,7,6.0,,,,,,,2,0,Completed,1.02,19.0,,,1.03,19.0,1.02,14.41,1.04,24.0
11,Doha,Qatar Exxon Mobil Open,2026-02-17,ATP500,Outdoor,Hard,1st Round,3,Rublev A.,De Jong J.,14.0,86.0,2510.0,665.0,6,4,6,3.0,,,,,,,2,0,Completed,1.14,5.5,,,1.16,7.0,1.14,5.55,1.18,6.2
11,Doha,Qatar Exxon Mobil Open,2026-02-18,ATP500,Outdoor,Hard,2nd Round,3,Khachanov K.,Fucsovics M.,17.0,61.0,2360.0,891.0,6,2,4,6.0,6,4,,,,,2,1,Completed,1.4,3.0,,,1.44,3.0,1.41,2.84,1.49,3.0
11,Doha,Qatar Exxon Mobil Open,2026-02-18,ATP500,Outdoor,Hard,2nd Round,3,Fils A.,Halys Q.,40.0,72.0,1110.0,762.0,6,1,7,6.0,,,,,,,2,0,Completed,1.33,3.4,,,1.36,3.4,1.33,3.21,1.38,3.55
11,Doha,Qatar Exxon Mobil Open,2026-02-18,ATP500,Outdoor,Hard,2nd Round,3,Lehecka J.,Bergs Z.,22.0,44.0,1860.0,1080.0,6,2,6,1.0,,,,,,,2,0,Completed,1.44,2.75,,,1.47,2.75,1.45,2.7,1.52,2.88
11,Doha,Qatar Exxon Mobil Open,2026-02-18,ATP500,Outdoor,Hard,2nd Round,3,Tsitsipas S.,Medvedev D.,33.0,11.0,1485.0,3010.0,6,3,6,4.0,,,,,,,2,0,Completed,3.5,1.3,,,3.6,1.33,3.33,1.32,3.5,1.39
11,Doha,Qatar Exxon Mobil Open,2026-02-18,ATP500,Outdoor,Hard,2nd Round,3,Rublev A.,Marozsan F.,14.0,48.0,2510.0,1040.0,6,2,6,4.0,,,,,,,2,0,Completed,1.57,2.38,,,1.6,2.4,1.56,2.35,1.66,2.48
11,Doha,Qatar Exxon Mobil Open,2026-02-18,ATP500,Outdoor,Hard,2nd Round,3,Mensik J.,Zhang Zh.,16.0,319.0,2425.0,155.0,6,3,6,2.0,,,,,,,2,0,Completed,1.36,3.2,,,1.38,3.2,1.36,3.05,1.42,3.3
11,Doha,Qatar Exxon Mobil Open,2026-02-18,ATP500,Outdoor,Hard,2nd Round,3,Sinner J.,Popyrin A.,2.0,53.0,10300.0,1000.0,6,3,7,5.0,,,,,,,2,0,Completed,1.03,15.0,,,1.03,19.0,1.02,15.19,1.03,32.0
11,Doha,Qatar Exxon Mobil Open,2026-02-18,ATP500,Outdoor,Hard,2nd Round,3,Alcaraz C.,Royer V.,1.0,60.0,13150.0,897.0,6,2,7,5.0,,,,,,,2,0,Completed,1.02,17.0,,,1.03,17.0,1.02,12.77,1.04,23.0
11,Doha,Qatar Exxon Mobil Open,2026-02-19,ATP500,Outdoor,Hard,Quarterfinals,3,Rublev A.,Tsitsipas S.,14.0,33.0,2510.0,1485.0,6,3,7,6.0,,,,,,,2,0,Completed,1.62,2.3,,,1.71,2.3,1.66,2.2,1.71,2.4
11,Doha,Qatar Exxon Mobil Open,2026-02-19,ATP500,Outdoor,Hard,Quarterfinals,3,Fils A.,Lehecka J.,40.0,22.0,1110.0,1860.0,6,3,6,3.0,,,,,,,2,0,Completed,2.38,1.57,,,2.38,1.67,2.28,1.6,2.46,1.67
11,Doha,Qatar Exxon Mobil Open,2026-02-19,ATP500,Outdoor,Hard,Quarterfinals,3,Alcaraz C.,Khachanov K.,1.0,17.0,13150.0,2360.0,6,7,6,4.0,6,3,,,,,2,1,Completed,1.07,9.0,,,1.09,10.0,1.07,7.96,1.09,11.5
11,Doha,Qatar Exxon Mobil Open,2026-02-19,ATP500,Outdoor,Hard,Quarterfinals,3,Mensik J.,Sinner J.,16.0,2.0,2425.0,10300.0,7,6,2,6.0,6,3,,,,,2,1,Completed,9,1.07,,,10.0,1.07,8.5,1.06,11.0,1.09
11,Doha,Qatar Exxon Mobil Open,2026-02-20,ATP500,Outdoor,Hard,Semifinals,3,Alcaraz C.,Rublev A.,1.0,14.0,13150.0,2510.0,7,6,6,4.0,,,,,,,2,0,Completed,1.14,5.5,,,1.15,5.8,1.14,5.47,1.18,6.2
11,Doha,Qatar Exxon Mobil Open,2026-02-20,ATP500,Outdoor,Hard,Semifinals,3,Fils A.,Mensik J.,40.0,16.0,1110.0,2425.0,6,4,7,6.0,,,,,,,2,0,Completed,2.3,1.62,,,2.38,1.9,2.26,1.62,2.4,1.69
11,Doha,Qatar Exxon Mobil Open,2026-02-21,ATP500,Outdoor,Hard,The Final,3,Alcaraz C.,Fils A.,1.0,40.0,13150.0,1110.0,6,2,6,1.0,,,,,,,2,0,Completed,1.11,6.5,,,1.13,7.0,1.11,6.25,1.15,7.0
12,Rio de Janeiro,Rio Open,2026-02-16,ATP500,Outdoor,Clay,1st Round,3,Tirante T.A.,Garin C.,92.0,89.0,647.0,656.0,7,5,6,3.0,,,,,,,2,0,Completed,2,1.8,,,2.0,1.9,1.94,1.82,2.1,1.9
12,Rio de Janeiro,Rio Open,2026-02-16,ATP500,Outdoor,Clay,1st Round,3,Lajovic D.,Altmaier D.,129.0,54.0,485.0,961.0,6,4,7,6.0,,,,,,,2,0,Completed,2.1,1.73,,,2.11,1.77,2.08,1.71,2.26,1.79
12,Rio de Janeiro,Rio Open,2026-02-16,ATP500,Outdoor,Clay,1st Round,3,Tabilo A.,Nava E.,68.0,76.0,808.0,710.0,6,3,6,3.0,,,,,,,2,0,Completed,1.44,2.75,,,1.48,3.25,1.44,2.76,1.56,2.78
12,Rio de Janeiro,Rio Open,2026-02-16,ATP500,Outdoor,Clay,1st Round,3,Kopriva V.,Heide G.,87.0,258.0,660.0,207.0,6,2,7,6.0,,,,,,,2,0,Completed,1.67,2.2,,,1.72,2.2,1.67,2.15,1.71,2.36
12,Rio de Janeiro,Rio Open,2026-02-16,ATP500,Outdoor,Clay,1st Round,3,Buse I.,Marcondes I.,91.0,348.0,648.0,138.0,4,6,7,5.0,6,4,,,,,2,1,Completed,1.4,3.0,,,1.45,3.0,1.41,2.8,1.43,3.2
12,Rio de Janeiro,Rio Open,2026-02-17,ATP500,Outdoor,Clay,1st Round,3,Hanfmann Y.,Reis Da Silva J.,90.0,207.0,653.0,291.0,7,6,6,4.0,,,,,,,2,0,Completed,1.29,3.75,,,1.3,4.0,1.28,3.6,1.28,4.4
12,Rio de Janeiro,Rio Open,2026-02-17,ATP500,Outdoor,Clay,1st Round,3,Burruchaga R.,Ugo Carabelli C.,102.0,46.0,580.0,1068.0,6,3,6,4.0,,,,,,,2,0,Completed,2.2,1.67,,,2.4,1.8,2.13,1.69,2.2,1.81
12,Rio de Janeiro,Rio Open,2026-02-17,ATP500,Outdoor,Clay,1st Round,3,Passaro F.,Prizmic D.,163.0,122.0,376.0,507.0,6,3,6,4.0,,,,,,,2,0,Completed,2.75,1.44,,,2.9,1.5,2.75,1.43,2.92,1.52
12,Rio de Janeiro,Rio Open,2026-02-17,ATP500,Outdoor,Clay,1st Round,3,Etcheverry T.,Comesana F.,51.0,63.0,1020.0,869.0,3,6,6,3.0,6,4,,,,,2,1,Completed,1.53,2.5,,,1.57,2.55,1.53,2.44,1.61,2.6
12,Rio de Janeiro,Rio Open,2026-02-17,ATP500,Outdoor,Clay,1st Round,3,Berrettini M.,Barrios M.,57.0,107.0,910.0,563.0,7,6,7,5.0,,,,,,,2,0,Completed,1.3,3.5,,,1.3,3.7,1.29,3.49,1.34,3.85
12,Rio de Janeiro,Rio Open,2026-02-17,ATP500,Outdoor,Clay,1st Round,3,Cerundolo J.M.,Darderi L.,78.0,21.0,706.0,1904.0,6,1,3,6.0,6,4,,,,,2,1,Completed,3.4,1.33,,,3.55,1.37,3.23,1.33,3.6,1.37
12,Rio de Janeiro,Rio Open,2026-02-17,ATP500,Outdoor,Clay,1st Round,3,Cerundolo F.,Navone M.,19.0,74.0,2220.0,750.0,6,3,6,4.0,,,,,,,2,0,Completed,1.4,3.0,,,1.44,3.0,1.4,2.87,1.44,3.2
12,Rio de Janeiro,Rio Open,2026-02-17,ATP500,Outdoor,Clay,1st Round,3,Fonseca J.,Monteiro T.,38.0,208.0,1190.0,290.0,7,6,6,1.0,,,,,,,2,0,Completed,1.29,3.75,,,1.33,3.75,1.3,3.44,1.32,4.0
12,Rio de Janeiro,Rio Open,2026-02-17,ATP500,Outdoor,Clay,1st Round,3,Dzumhur D.,Martinez P.,62.0,101.0,877.0,586.0,0,6,7,6.0,6,4,,,,,2,1,Completed,2.3,1.62,,,2.38,1.65,2.25,1.62,2.34,1.72
12,Rio de Janeiro,Rio Open,2026-02-18,ATP500,Outdoor,Clay,1st Round,3,Faria J.,Baez S.,147.0,32.0,425.0,1495.0,7,5,6,1.0,,,,,,,2,0,Completed,5,1.17,,,5.0,1.25,4.23,1.21,5.1,1.24
12,Rio de Janeiro,Rio Open,2026-02-18,ATP500,Outdoor,Clay,1st Round,3,Gaubas V.,Miguel L.,126.0,1593.0,490.0,3.0,6,3,2,6.0,6,2,,,,,2,1,Completed,1.1,7.0,,,1.11,8.5,1.09,7.13,1.09,10.0
12,Rio de Janeiro,Rio Open,2026-02-18,ATP500,Outdoor,Clay,2nd Round,3,Kopriva V.,Burruchaga R.,87.0,102.0,660.0,580.0,6,3,6,1.0,,,,,,,2,0,Completed,2.2,1.67,,,2.25,1.68,2.18,1.65,2.34,1.74
12,Rio de Janeiro,Rio Open,2026-02-18,ATP500,Outdoor,Clay,2nd Round,3,Cerundolo J.M.,Hanfmann Y.,78.0,90.0,706.0,653.0,6,4,6,7.0,6,4,,,,,2,1,Completed,1.8,2.0,,,1.91,2.01,1.81,1.95,1.97,2.02
12,Rio de Janeiro,Rio Open,2026-02-18,ATP500,Outdoor,Clay,2nd Round,3,Tirante T.A.,Cerundolo F.,92.0,19.0,647.0,2220.0,6,2,3,1.0,,,,,,,1,0,Retired,5,1.17,,,5.0,1.22,4.49,1.19,5.6,1.21
12,Rio de Janeiro,Rio Open,2026-02-19,ATP500,Outdoor,Clay,2nd Round,3,Tabilo A.,Passaro F.,68.0,163.0,808.0,376.0,4,6,7,6.0,6,2,,,,,2,1,Completed,1.4,3.0,,,1.55,3.2,1.45,2.7,1.47,3.1
12,Rio de Janeiro,Rio Open,2026-02-19,ATP500,Outdoor,Clay,2nd Round,3,Faria J.,Dzumhur D.,147.0,62.0,425.0,877.0,7,6,6,4.0,,,,,,,2,0,Completed,1.57,2.38,,,1.6,2.45,1.57,2.34,1.65,2.5
12,Rio de Janeiro,Rio Open,2026-02-19,ATP500,Outdoor,Clay,2nd Round,3,Etcheverry T.,Gaubas V.,51.0,126.0,1020.0,490.0,7,6,6,4.0,,,,,,,2,0,Completed,1.22,4.33,,,1.24,4.33,1.23,4.05,1.28,4.5
12,Rio de Janeiro,Rio Open,2026-02-20,ATP500,Outdoor,Clay,2nd Round,3,Buse I.,Fonseca J.,91.0,38.0,648.0,1190.0,5,7,6,3.0,6,4,,,,,2,1,Completed,4.5,1.2,,,4.5,1.25,4.08,1.23,4.7,1.26
12,Rio de Janeiro,Rio Open,2026-02-20,ATP500,Outdoor,Clay,2nd Round,3,Berrettini M.,Lajovic D.,57.0,129.0,910.0,485.0,3,6,6,4.0,6,2,,,,,2,1,Completed,1.33,3.4,,,1.37,3.5,1.34,3.21,1.38,3.55
12,Rio de Janeiro,Rio Open,2026-02-20,ATP500,Outdoor,Clay,Quarterfinals,3,Kopriva V.,Cerundolo J.M.,87.0,78.0,660.0,706.0,6,4,6,4.0,,,,,,,2,0,Completed,1.73,2.1,,,1.9,2.1,1.74,2.07,1.78,2.26
12,Rio de Janeiro,Rio Open,2026-02-20,ATP500,Outdoor,Clay,Quarterfinals,3,Etcheverry T.,Faria J.,51.0,147.0,1020.0,425.0,7,6,6,4.0,,,,,,,2,0,Completed,1.3,3.5,,,1.33,3.5,1.31,3.38,1.35,3.75
12,Rio de Janeiro,Rio Open,2026-02-20,ATP500,Outdoor,Clay,Quarterfinals,3,Buse I.,Berrettini M.,91.0,57.0,648.0,910.0,6,3,2,6.0,6,3,,,,,2,1,Completed,2.75,1.44,,,2.75,1.52,2.66,1.46,2.94,1.5
12,Rio de Janeiro,Rio Open,2026-02-21,ATP500,Outdoor,Clay,Quarterfinals,3,Tabilo A.,Tirante T.A.,68.0,92.0,808.0,647.0,7,6,6,7.0,6,1,,,,,2,1,Completed,1.57,2.38,,,1.65,2.5,1.56,2.36,1.65,2.48
12,Rio de Janeiro,Rio Open,2026-02-22,ATP500,Outdoor,Clay,Semifinals,3,Etcheverry T.,Kopriva V.,51.0,87.0,1020.0,660.0,4,6,7,6.0,7,6,,,,,2,1,Completed,1.53,2.5,,,1.58,2.5,1.53,2.46,1.56,2.72
12,Rio de Janeiro,Rio Open,2026-02-22,ATP500,Outdoor,Clay,Semifinals,3,Tabilo A.,Buse I.,68.0,91.0,808.0,648.0,6,3,6,3.0,,,,,,,2,0,Completed,1.62,2.3,,,1.68,2.33,1.64,2.23,1.7,2.4
12,Rio de Janeiro,Rio Open,2026-02-22,ATP500,Outdoor,Clay,The Final,3,Etcheverry T.,Tabilo A.,51.0,68.0,1020.0,808.0,3,6,7,6.0,6,4,,,,,2,1,Completed,2.63,1.5,,,2.75,1.5,2.61,1.48,2.78,1.55
13,Acapulco,Abierto Mexicano,2026-02-24,ATP500,Outdoor,Hard,1st Round,3,Kecmanovic M.,Schoolkate T.,84.0,108.0,685.0,556.0,6,2,6,2.0,,,,,,,2,0,Completed,1.29,3.75,,,1.3,3.75,1.3,3.48,1.33,3.9
13,Acapulco,Abierto Mexicano,2026-02-24,ATP500,Outdoor,Hard,1st Round,3,Davidovich Fokina A.,Altmaier D.,14.0,53.0,2470.0,961.0,7,5,6,3.0,,,,,,,2,0,Completed,1.13,6.0,,,1.15,6.5,1.13,5.77,1.16,6.8
13,Acapulco,Abierto Mexicano,2026-02-24,ATP500,Outdoor,Hard,1st Round,3,Nakashima B.,Ymer E.,29.0,190.0,1535.0,328.0,6,3,6,4.0,,,,,,,2,0,Completed,1.17,5.0,,,1.17,5.5,1.15,5.17,1.18,6.0
13,Acapulco,Abierto Mexicano,2026-02-24,ATP500,Outdoor,Hard,1st Round,3,Kypson P.,De Minaur A.,103.0,6.0,565.0,4235.0,6,1,6,7.0,7,6,,,,,2,1,Completed,10,1.06,,,10.0,1.07,8.81,1.06,11.0,1.09
13,Acapulco,Abierto Mexicano,2026-02-24,ATP500,Outdoor,Hard,1st Round,3,Vacherot V.,Wong C.,27.0,125.0,1591.0,515.0,4,6,6,3.0,6,2,,,,,2,1,Completed,1.44,2.75,,,1.45,2.8,1.43,2.74,1.5,2.96
13,Acapulco,Abierto Mexicano,2026-02-24,ATP500,Outdoor,Hard,1st Round,3,Kovacevic A.,Walton A.,75.0,87.0,746.0,669.0,7,6,7,6.0,,,,,,,2,0,Completed,1.67,2.2,,,1.68,2.25,1.67,2.17,1.72,2.36
13,Acapulco,Abierto Mexicano,2026-02-24,ATP500,Outdoor,Hard,1st Round,3,Jodar R.,Norrie C.,114.0,26.0,548.0,1603.0,6,3,6,2.0,,,,,,,2,0,Completed,2.2,1.67,,,2.3,1.75,2.21,1.64,2.5,1.64
13,Acapulco,Abierto Mexicano,2026-02-25,ATP500,Outdoor,Hard,1st Round,3,Svrcina D.,Duckworth J.,123.0,83.0,519.0,691.0,6,4,6,1.0,,,,,,,2,0,Completed,1.67,2.2,,,1.67,2.32,1.63,2.24,1.73,2.34
13,Acapulco,Abierto Mexicano,2026-02-25,ATP500,Outdoor,Hard,1st Round,3,Cobolli F.,Pacheco Mendez R.,20.0,218.0,2030.0,270.0,7,6,7,6.0,,,,,,,2,0,Completed,1.22,4.33,,,1.24,4.33,1.22,4.14,1.26,4.6
13,Acapulco,Abierto Mexicano,2026-02-25,ATP500,Outdoor,Hard,1st Round,3,Atmane T.,Dimitrov G.,63.0,44.0,858.0,1105.0,6,3,6,3.0,,,,,,,2,0,Completed,3,1.4,,,3.0,1.42,2.94,1.38,3.3,1.42
13,Acapulco,Abierto Mexicano,2026-02-25,ATP500,Outdoor,Hard,1st Round,3,Bellucci M.,Hijikata R.,110.0,115.0,553.0,547.0,7,6,6,3.0,,,,,,,2,0,Completed,2,1.8,,,2.0,1.82,1.99,1.79,2.08,1.89
13,Acapulco,Abierto Mexicano,2026-02-25,ATP500,Outdoor,Hard,1st Round,3,Zverev A.,Moutet C.,4.0,35.0,4555.0,1383.0,6,2,6,4.0,,,,,,,2,0,Completed,1.17,5.0,,,1.21,5.0,1.18,4.65,1.22,5.3
13,Acapulco,Abierto Mexicano,2026-02-25,ATP500,Outdoor,Hard,1st Round,3,Tiafoe F.,Borges N.,28.0,48.0,1590.0,1045.0,6,4,6,4.0,,,,,,,2,0,Completed,1.53,2.5,,,1.55,3.75,1.51,2.55,1.56,2.7
13,Acapulco,Abierto Mexicano,2026-02-25,ATP500,Outdoor,Hard,1st Round,3,Wu Y.,Ruud C.,142.0,12.0,434.0,2665.0,7,6,7,6.0,,,,,,,2,0,Completed,3,1.4,,,3.2,1.44,2.91,1.4,3.1,1.46
13,Acapulco,Abierto Mexicano,2026-02-25,ATP500,Outdoor,Hard,1st Round,3,Monfils G.,Dzumhur D.,170.0,60.0,360.0,877.0,6,4,7,6.0,,,,,,,2,0,Completed,1.57,2.38,,,1.6,2.4,1.56,2.36,1.64,2.56
13,Acapulco,Abierto Mexicano,2026-02-25,ATP500,Outdoor,Hard,1st Round,3,Shimabukuro S.,Mannarino A.,130.0,51.0,479.0,1025.0,6,3,6,4.0,,,,,,,2,0,Completed,2.1,1.73,,,2.16,1.73,2.08,1.71,2.02,1.95
13,Acapulco,Abierto Mexicano,2026-02-26,ATP500,Outdoor,Hard,2nd Round,3,Cobolli F.,Svrcina D.,20.0,123.0,2030.0,519.0,6,4,6,4.0,,,,,,,2,0,Completed,1.53,2.5,,,1.65,2.5,1.58,2.34,1.67,2.46
13,Acapulco,Abierto Mexicano,2026-02-26,ATP500,Outdoor,Hard,2nd Round,3,Atmane T.,Jodar R.,63.0,114.0,858.0,548.0,6,2,4,6.0,6,1,,,,,2,1,Completed,2.75,1.44,,,3.0,1.44,2.84,1.41,3.2,1.44
13,Acapulco,Abierto Mexicano,2026-02-26,ATP500,Outdoor,Hard,2nd Round,3,Kecmanovic M.,Zverev A.,84.0,4.0,685.0,4555.0,6,3,6,7.0,7,6,,,,,2,1,Completed,5,1.17,,,5.0,1.2,4.56,1.19,5.5,1.21
13,Acapulco,Abierto Mexicano,2026-02-26,ATP500,Outdoor,Hard,2nd Round,3,Nakashima B.,Kypson P.,29.0,103.0,1535.0,565.0,6,4,6,4.0,,,,,,,2,0,Completed,1.44,2.75,,,1.47,3.0,1.44,2.76,1.52,2.88
13,Acapulco,Abierto Mexicano,2026-02-26,ATP500,Outdoor,Hard,2nd Round,3,Wu Y.,Shimabukuro S.,142.0,130.0,434.0,479.0,6,3,7,6.0,,,,,,,2,0,Completed,1.3,3.5,,,1.33,3.5,1.31,3.41,1.37,3.6
13,Acapulco,Abierto Mexicano,2026-02-26,ATP500,Outdoor,Hard,2nd Round,3,Tiafoe F.,Kovacevic A.,28.0,75.0,1590.0,746.0,6,4,3,6.0,7,6,,,,,2,1,Completed,1.36,3.2,,,1.36,3.3,1.34,3.19,1.37,3.65
13,Acapulco,Abierto Mexicano,2026-02-26,ATP500,Outdoor,Hard,2nd Round,3,Bellucci M.,Davidovich Fokina A.,110.0,14.0,553.0,2470.0,6,3,6,3.0,,,,,,,2,0,Completed,5,1.17,,,5.0,1.2,4.68,1.18,5.0,1.23
13,Acapulco,Abierto Mexicano,2026-02-26,ATP500,Outdoor,Hard,2nd Round,3,Vacherot V.,Monfils G.,27.0,170.0,1591.0,360.0,6,3,6,3.0,,,,,,,2,0,Completed,1.33,3.4,,,1.38,3.6,1.32,3.33,1.34,3.85
13,Acapulco,Abierto Mexicano,2026-02-27,ATP500,Outdoor,Hard,Quarterfinals,3,Cobolli F.,Wu Y.,20.0,142.0,2030.0,434.0,7,6,6,1.0,,,,,,,2,0,Completed,2.2,1.67,,,2.3,1.7,2.17,1.67,2.28,1.76
13,Acapulco,Abierto Mexicano,2026-02-27,ATP500,Outdoor,Hard,Quarterfinals,3,Kecmanovic M.,Atmane T.,84.0,63.0,685.0,858.0,6,3,6,3.0,,,,,,,2,0,Completed,1.53,2.5,,,1.57,2.6,1.53,2.47,1.6,2.62
13,Acapulco,Abierto Mexicano,2026-02-27,ATP500,Outdoor,Hard,Quarterfinals,3,Tiafoe F.,Bellucci M.,28.0,110.0,1590.0,553.0,6,3,6,4.0,,,,,,,2,0,Completed,1.4,3.0,,,1.44,3.0,1.4,2.87,1.47,3.05
13,Acapulco,Abierto Mexicano,2026-02-27,ATP500,Outdoor,Hard,Quarterfinals,3,Nakashima B.,Vacherot V.,29.0,27.0,1535.0,1591.0,2,6,6,2.0,6,3,,,,,2,1,Completed,1.8,2.0,,,1.8,2.15,1.75,2.05,1.91,2.08
13,Acapulco,Abierto Mexicano,2026-02-28,ATP500,Outdoor,Hard,Semifinals,3,Cobolli F.,Kecmanovic M.,20.0,84.0,2030.0,685.0,7,6,3,6.0,6,4,,,,,2,1,Completed,2.38,1.57,,,2.38,1.64,2.28,1.6,2.44,1.67
13,Acapulco,Abierto Mexicano,2026-02-28,ATP500,Outdoor,Hard,Semifinals,3,Tiafoe F.,Nakashima B.,28.0,29.0,1590.0,1535.0,3,6,7,6.0,6,4,,,,,2,1,Completed,1.91,1.91,,,1.92,1.95,1.87,1.89,1.96,2.02
13,Acapulco,Abierto Mexicano,2026-03-01,ATP500,Outdoor,Hard,The Final,3,Cobolli F.,Tiafoe F.,20.0,28.0,2030.0,1590.0,7,6,6,4.0,,,,,,,2,0,Completed,2,1.8,,,2.07,1.8,2.01,1.78,2.12,1.87
14,Dubai,Dubai Tennis Championships,2026-02-23,ATP500,Outdoor,Hard,1st Round,3,Mpetshi G.,Echargui M.,58.0,141.0,905.0,435.0,7,6,6,7.0,7,6,,,,,2,1,Completed,1.22,4.33,,,1.23,4.33,1.22,4.08,1.28,4.5
14,Dubai,Dubai Tennis Championships,2026-02-23,ATP500,Outdoor,Hard,1st Round,3,Wawrinka S.,Hassan B.,99.0,289.0,599.0,180.0,7,5,6,3.0,,,,,,,2,0,Completed,1.13,6.0,,,1.18,6.5,1.15,5.35,1.16,6.6
14,Dubai,Dubai Tennis Championships,2026-02-23,ATP500,Outdoor,Hard,1st Round,3,Auger-Aliassime F.,Zhang Zh.,8.0,263.0,4080.0,205.0,6,3,7,6.0,,,,,,,2,0,Completed,1.17,5.0,,,1.22,5.0,1.19,4.52,1.21,5.5
14,Dubai,Dubai Tennis Championships,2026-02-23,ATP500,Outdoor,Hard,1st Round,3,Draper J.,Halys Q.,15.0,68.0,2460.0,800.0,7,6,6,3.0,,,,,,,2,0,Completed,1.3,3.5,,,1.38,4.0,1.32,3.33,1.38,3.6
14,Dubai,Dubai Tennis Championships,2026-02-24,ATP500,Outdoor,Hard,1st Round,3,Brooksby J.,Bergs Z.,49.0,46.0,1042.0,1080.0,6,3,6,4.0,,,,,,,2,0,Completed,1.91,1.91,,,1.91,1.97,1.85,1.91,1.96,2.02
14,Dubai,Dubai Tennis Championships,2026-02-24,ATP500,Outdoor,Hard,1st Round,3,Carreno Busta P.,Shapovalov D.,124.0,36.0,516.0,1350.0,6,2,6,4.0,,,,,,,2,0,Completed,3,1.4,,,3.0,1.42,2.92,1.39,3.25,1.43
14,Dubai,Dubai Tennis Championships,2026-02-24,ATP500,Outdoor,Hard,1st Round,3,Medvedev D.,Shang J.,11.0,262.0,2960.0,205.0,6,1,6,3.0,,,,,,,2,0,Completed,1.17,5.0,,,1.19,5.0,1.18,4.69,1.21,5.6
14,Dubai,Dubai Tennis Championships,2026-02-24,ATP500,Outdoor,Hard,1st Round,3,Khachanov K.,Shevchenko A.,16.0,92.0,2450.0,656.0,6,7,6,2.0,6,3,,,,,2,1,Completed,1.22,4.33,,,1.25,4.33,1.24,3.99,1.27,4.6
14,Dubai,Dubai Tennis Championships,2026-02-24,ATP500,Outdoor,Hard,1st Round,3,Rinderknech A.,Marozsan F.,31.0,50.0,1530.0,1040.0,3,6,6,3.0,6,4,,,,,2,1,Completed,2.5,1.53,,,2.5,1.62,2.42,1.54,2.52,1.64
14,Dubai,Dubai Tennis Championships,2026-02-24,ATP500,Outdoor,Hard,1st Round,3,Bublik A.,Struff J.L.,10.0,80.0,3405.0,706.0,6,3,6,4.0,,,,,,,2,0,Completed,1.36,3.2,,,1.37,3.25,1.35,3.12,1.37,3.55
14,Dubai,Dubai Tennis Championships,2026-02-24,ATP500,Outdoor,Hard,1st Round,3,Griekspoor T.,Virtanen O.,25.0,131.0,1655.0,475.0,6,3,6,4.0,,,,,,,2,0,Completed,1.67,2.2,,,1.68,2.3,1.63,2.23,1.71,2.38
14,Dubai,Dubai Tennis Championships,2026-02-24,ATP500,Outdoor,Hard,1st Round,3,Lehecka J.,Nardi L.,24.0,109.0,1760.0,554.0,4,6,6,4.0,6,2,,,,,2,1,Completed,1.2,4.5,,,1.24,4.75,1.2,4.3,1.23,5.0
14,Dubai,Dubai Tennis Championships,2026-02-24,ATP500,Outdoor,Hard,1st Round,3,Humbert U.,Tsitsipas S.,37.0,30.0,1285.0,1535.0,6,4,7,5.0,,,,,,,2,0,Completed,1.8,2.0,,,1.85,2.02,1.81,1.95,1.89,2.1
14,Dubai,Dubai Tennis Championships,2026-02-24,ATP500,Outdoor,Hard,1st Round,3,Popyrin A.,Majchrzak K.,47.0,56.0,1050.0,920.0,3,6,6,3.0,7,5,,,,,2,1,Completed,1.73,2.1,,,1.8,2.15,1.73,2.05,1.85,2.16
14,Dubai,Dubai Tennis Championships,2026-02-24,ATP500,Outdoor,Hard,1st Round,3,Mensik J.,Hurkacz H.,13.0,73.0,2595.0,775.0,6,4,7,6.0,,,,,,,2,0,Completed,1.67,2.2,,,1.67,2.3,1.63,2.23,1.72,2.36
14,Dubai,Dubai Tennis Championships,2026-02-24,ATP500,Outdoor,Hard,1st Round,3,Rublev A.,Royer V.,18.0,54.0,2210.0,935.0,6,3,6,4.0,,,,,,,2,0,Completed,1.2,4.5,,,1.22,4.5,1.2,4.37,1.22,5.3
14,Dubai,Dubai Tennis Championships,2026-02-25,ATP500,Outdoor,Hard,2nd Round,3,Medvedev D.,Wawrinka S.,11.0,99.0,2960.0,599.0,6,2,6,3.0,,,,,,,2,0,Completed,1.14,5.5,,,1.15,5.75,1.14,5.43,1.19,6.0
14,Dubai,Dubai Tennis Championships,2026-02-25,ATP500,Outdoor,Hard,2nd Round,3,Brooksby J.,Khachanov K.,49.0,16.0,1042.0,2450.0,7,6,6,4.0,,,,,,,2,0,Completed,2.5,1.53,,,2.55,1.57,2.46,1.53,2.56,1.63
14,Dubai,Dubai Tennis Championships,2026-02-25,ATP500,Outdoor,Hard,2nd Round,3,Auger-Aliassime F.,Mpetshi G.,8.0,58.0,4080.0,905.0,6,4,6,4.0,,,,,,,2,0,Completed,1.17,5.0,,,1.2,5.0,1.18,4.62,1.24,5.1
14,Dubai,Dubai Tennis Championships,2026-02-25,ATP500,Outdoor,Hard,2nd Round,3,Lehecka J.,Carreno Busta P.,24.0,124.0,1760.0,516.0,7,6,6,4.0,,,,,,,2,0,Completed,1.3,3.5,,,1.3,3.75,1.29,3.48,1.31,4.1
14,Dubai,Dubai Tennis Championships,2026-02-25,ATP500,Outdoor,Hard,2nd Round,3,Griekspoor T.,Bublik A.,25.0,10.0,1655.0,3405.0,6,3,7,6.0,,,,,,,2,0,Completed,3.4,1.33,,,3.4,1.37,3.19,1.34,3.55,1.38
14,Dubai,Dubai Tennis Championships,2026-02-25,ATP500,Outdoor,Hard,2nd Round,3,Rublev A.,Humbert U.,18.0,37.0,2210.0,1285.0,6,4,6,7.0,6,3,,,,,2,1,Completed,1.5,2.63,,,1.54,2.63,1.5,2.53,1.59,2.66
14,Dubai,Dubai Tennis Championships,2026-02-25,ATP500,Outdoor,Hard,2nd Round,3,Mensik J.,Popyrin A.,13.0,47.0,2595.0,1050.0,6,3,6,2.0,,,,,,,2,0,Completed,1.33,3.4,,,1.34,3.5,1.32,3.3,1.38,3.55
14,Dubai,Dubai Tennis Championships,2026-02-25,ATP500,Outdoor,Hard,2nd Round,3,Rinderknech A.,Draper J.,31.0,15.0,1530.0,2460.0,7,5,6,7.0,6,4,,,,,2,1,Completed,3.75,1.29,,,3.75,1.29,3.71,1.27,4.3,1.29
14,Dubai,Dubai Tennis Championships,2026-02-26,ATP500,Outdoor,Hard,Quarterfinals,3,Medvedev D.,Brooksby J.,11.0,49.0,2960.0,1042.0,6,2,6,1.0,,,,,,,2,0,Completed,1.25,4.0,,,1.26,4.6,1.23,4.06,1.29,4.3
14,Dubai,Dubai Tennis Championships,2026-02-26,ATP500,Outdoor,Hard,Quarterfinals,3,Auger-Aliassime F.,Lehecka J.,8.0,24.0,4080.0,1760.0,6,3,7,6.0,,,,,,,2,0,Completed,1.44,2.75,,,1.48,2.8,1.44,2.71,1.49,3.0
14,Dubai,Dubai Tennis Championships,2026-02-26,ATP500,Outdoor,Hard,Quarterfinals,3,Rublev A.,Rinderknech A.,18.0,31.0,2210.0,1530.0,6,2,6,4.0,,,,,,,2,0,Completed,1.29,3.75,,,1.3,3.75,1.28,3.6,1.32,4.0
14,Dubai,Dubai Tennis Championships,2026-02-26,ATP500,Outdoor,Hard,Quarterfinals,3,Griekspoor T.,Mensik J.,25.0,13.0,1655.0,2595.0,6,3,3,6.0,6,2,,,,,2,1,Completed,3.2,1.36,,,3.25,1.38,3.09,1.36,3.3,1.42
14,Dubai,Dubai Tennis Championships,2026-02-27,ATP500,Outdoor,Hard,Semifinals,3,Medvedev D.,Auger-Aliassime F.,11.0,8.0,2960.0,4080.0,6,4,6,2.0,,,,,,,2,0,Completed,1.73,2.1,,,1.8,2.2,1.74,2.06,1.8,2.22
14,Dubai,Dubai Tennis Championships,2026-02-27,ATP500,Outdoor,Hard,Semifinals,3,Griekspoor T.,Rublev A.,25.0,18.0,1655.0,2210.0,7,5,7,6.0,,,,,,,2,0,Completed,3.4,1.33,,,3.5,1.38,3.2,1.34,3.7,1.36
14,Dubai,Dubai Tennis Championships,2026-02-28,ATP500,Outdoor,Hard,The Final,3,Medvedev D.,Griekspoor T.,11.0,25.0,2960.0,1655.0,,,,,,,,,,,,,Walkover,1.17,5.0,,,1.2,5.5,1.17,4.78,1.22,5.3
15,Santiago,Chile Open,2026-02-23,ATP250,Indoor,Clay,1st Round,3,Hanfmann Y.,Lajovic D.,81.0,116.0,695.0,541.0,6,0,6,3.0,,,,,,,2,0,Completed,1.57,2.38,,,1.6,2.42,1.56,2.36,1.68,2.46
15,Santiago,Chile Open,2026-02-23,ATP250,Indoor,Clay,1st Round,3,Pellegrino A.,Barrena A.,137.0,183.0,447.0,336.0,6,2,2,6.0,6,1,,,,,2,1,Completed,1.8,2.0,,,1.83,2.04,1.78,1.98,1.91,2.06
15,Santiago,Chile Open,2026-02-23,ATP250,Indoor,Clay,1st Round,3,Comesana F.,Martinez P.,82.0,101.0,694.0,586.0,6,4,2,6.0,7,6,,,,,2,1,Completed,1.44,2.75,,,1.54,2.75,1.51,2.51,1.58,2.68
15,Santiago,Chile Open,2026-02-23,ATP250,Indoor,Clay,1st Round,3,Prizmic D.,Jarry N.,120.0,155.0,529.0,391.0,6,3,5,7.0,6,2,,,,,2,1,Completed,1.44,2.75,,,1.5,3.0,1.46,2.68,1.55,2.78
15,Santiago,Chile Open,2026-02-24,ATP250,Indoor,Clay,1st Round,3,Gaubas V.,Soto M.,107.0,316.0,558.0,157.0,6,2,6,3.0,,,,,,,2,0,Completed,1.25,4.0,,,1.28,4.25,1.24,3.88,1.26,4.6
15,Santiago,Chile Open,2026-02-24,ATP250,Indoor,Clay,1st Round,3,Moller E.,Burruchaga R.,127.0,96.0,509.0,617.0,7,6,0,6.0,6,4,,,,,2,1,Completed,2.75,1.44,,,3.0,1.48,2.79,1.42,3.05,1.47
15,Santiago,Chile Open,2026-02-24,ATP250,Indoor,Clay,1st Round,3,Nava E.,Berrettini M.,79.0,57.0,710.0,910.0,6,3,6,4.0,,,,,,,2,0,Completed,3.5,1.3,,,3.5,1.33,3.44,1.3,3.85,1.35
15,Santiago,Chile Open,2026-02-24,ATP250,Indoor,Clay,1st Round,3,Navone M.,Kopriva V.,77.0,65.0,725.0,848.0,3,6,6,0.0,3,1,,,,,1,1,Retired,1.53,2.5,,,1.57,2.5,1.54,2.41,1.59,2.66
15,Santiago,Chile Open,2026-02-24,ATP250,Indoor,Clay,1st Round,3,Tirante T.A.,Buse I.,76.0,66.0,739.0,848.0,2,6,7,6.0,7,6,,,,,2,1,Completed,1.62,2.3,,,1.65,2.35,1.6,2.27,1.69,2.42
15,Santiago,Chile Open,2026-02-24,ATP250,Indoor,Clay,1st Round,3,Garin C.,Cerundolo J.M.,93.0,70.0,656.0,781.0,3,6,6,3.0,6,3,,,,,2,1,Completed,2.3,1.62,,,2.4,1.62,2.31,1.59,2.46,1.67
15,Santiago,Chile Open,2026-02-24,ATP250,Indoor,Clay,1st Round,3,Vallejo D.,Passaro F.,106.0,144.0,561.0,431.0,6,3,3,3.0,,,,,,,1,0,Retired,1.57,2.38,,,1.62,2.4,1.6,2.28,1.67,2.48
15,Santiago,Chile Open,2026-02-25,ATP250,Indoor,Clay,1st Round,3,Tabilo A.,Barrios M.,42.0,112.0,1113.0,551.0,7,5,6,3.0,,,,,,,2,0,Completed,1.57,2.38,,,1.65,2.4,1.59,2.32,1.69,2.42
15,Santiago,Chile Open,2026-02-25,ATP250,Indoor,Clay,2nd Round,3,Hanfmann Y.,Ugo Carabelli C.,81.0,59.0,695.0,880.0,6,4,6,3.0,,,,,,,2,0,Completed,1.57,2.38,,,1.6,2.4,1.56,2.34,1.6,2.6
15,Santiago,Chile Open,2026-02-25,ATP250,Indoor,Clay,2nd Round,3,Pellegrino A.,Comesana F.,137.0,82.0,447.0,694.0,7,6,6,7.0,6,3,,,,,2,1,Completed,3,1.4,,,3.0,1.42,2.84,1.4,3.25,1.44
15,Santiago,Chile Open,2026-02-25,ATP250,Indoor,Clay,2nd Round,3,Gaubas V.,Prizmic D.,107.0,120.0,558.0,529.0,5,7,7,5.0,6,3,,,,,2,1,Completed,3.2,1.36,,,3.2,1.38,3.03,1.36,3.4,1.41
15,Santiago,Chile Open,2026-02-25,ATP250,Indoor,Clay,2nd Round,3,Darderi L.,Navone M.,21.0,77.0,1904.0,725.0,6,3,3,6.0,6,4,,,,,2,1,Completed,1.4,3.0,,,1.44,3.0,1.41,2.82,1.47,3.05
15,Santiago,Chile Open,2026-02-26,ATP250,Indoor,Clay,2nd Round,3,Nava E.,Vallejo D.,79.0,106.0,710.0,561.0,7,5,6,3.0,,,,,,,2,0,Completed,2.2,1.67,,,2.3,1.67,2.23,1.63,2.66,1.59
15,Santiago,Chile Open,2026-02-26,ATP250,Indoor,Clay,2nd Round,3,Cerundolo F.,Moller E.,19.0,127.0,2170.0,509.0,6,2,6,2.0,,,,,,,2,0,Completed,1.14,5.5,,,1.16,5.5,1.15,5.17,1.18,6.2
15,Santiago,Chile Open,2026-02-26,ATP250,Indoor,Clay,2nd Round,3,Baez S.,Garin C.,52.0,93.0,1005.0,656.0,7,6,1,6.0,7,5,,,,,2,1,Completed,1.4,3.0,,,1.41,3.0,1.39,2.94,1.42,3.3
15,Santiago,Chile Open,2026-02-27,ATP250,Indoor,Clay,2nd Round,3,Tabilo A.,Tirante T.A.,42.0,76.0,1113.0,739.0,4,6,6,3.0,6,3,,,,,2,1,Completed,1.36,3.2,,,1.41,4.0,1.37,3.03,1.4,3.4
15,Santiago,Chile Open,2026-02-27,ATP250,Indoor,Clay,Quarterfinals,3,Hanfmann Y.,Gaubas V.,81.0,107.0,695.0,558.0,3,6,6,2.0,6,2,,,,,2,1,Completed,1.3,3.5,,,1.36,3.5,1.32,3.27,1.37,3.6
15,Santiago,Chile Open,2026-02-27,ATP250,Indoor,Clay,Quarterfinals,3,Cerundolo F.,Nava E.,19.0,79.0,2170.0,710.0,6,1,6,1.0,,,,,,,2,0,Completed,1.17,5.0,,,1.2,5.0,1.18,4.67,1.21,5.5
15,Santiago,Chile Open,2026-02-27,ATP250,Indoor,Clay,Quarterfinals,3,Darderi L.,Pellegrino A.,21.0,137.0,1904.0,447.0,6,3,3,6.0,6,2,,,,,2,1,Completed,1.13,6.0,,,1.14,6.0,1.13,5.52,1.15,7.2
15,Santiago,Chile Open,2026-02-28,ATP250,Indoor,Clay,Quarterfinals,3,Baez S.,Tabilo A.,52.0,42.0,1005.0,1113.0,7,6,6,1.0,,,,,,,2,0,Completed,1.8,2.0,,,1.9,2.02,1.79,1.97,1.9,2.06
15,Santiago,Chile Open,2026-02-28,ATP250,Indoor,Clay,Semifinals,3,Hanfmann Y.,Cerundolo F.,81.0,19.0,695.0,2170.0,6,3,6,4.0,,,,,,,2,0,Completed,4.5,1.2,,,4.5,1.25,4.2,1.22,4.6,1.27
15,Santiago,Chile Open,2026-02-28,ATP250,Indoor,Clay,Semifinals,3,Darderi L.,Baez S.,21.0,52.0,1904.0,1005.0,6,4,6,3.0,,,,,,,2,0,Completed,1.57,2.38,,,1.6,2.4,1.57,2.34,1.63,2.54
15,Santiago,Chile Open,2026-03-01,ATP250,Indoor,Clay,The Final,3,Darderi L.,Hanfmann Y.,21.0,81.0,1904.0,695.0,7,6,7,5.0,,,,,,,2,0,Completed,1.44,2.75,,,1.5,2.8,1.44,2.69,1.5,2.96
16,Indian Wells,BNP Paribas Open,2026-03-04,Masters 1000,Outdoor,Hard,1st Round,3,Walton A.,Halys Q.,91.0,102.0,650.0,600.0,6,3,6,3.0,,,,,,,2,0,Completed,2.63,1.5,,,2.63,1.52,2.55,1.5,2.72,1.58
16,Indian Wells,BNP Paribas Open,2026-03-04,Masters 1000,Outdoor,Hard,1st Round,3,Giron M.,Navone M.,69.0,79.0,780.0,725.0,4,6,7,5.0,6,3,,,,,2,1,Completed,1.33,3.4,,,1.38,3.4,1.35,3.14,1.38,3.55
16,Indian Wells,BNP Paribas Open,2026-03-04,Masters 1000,Outdoor,Hard,1st Round,3,Ugo Carabelli C.,Damm M.,67.0,129.0,790.0,477.0,7,6,6,3.0,,,,,,,2,0,Completed,2.5,1.53,,,2.6,1.54,2.49,1.51,2.8,1.54
16,Indian Wells,BNP Paribas Open,2026-03-04,Masters 1000,Outdoor,Hard,1st Round,3,Kecmanovic M.,Altmaier D.,58.0,55.0,875.0,921.0,6,3,1,0.0,,,,,,,1,0,Retired,1.2,4.5,,,1.24,4.6,1.22,4.18,1.25,4.8
16,Indian Wells,BNP Paribas Open,2026-03-04,Masters 1000,Outdoor,Hard,1st Round,3,Bergs Z.,Struff J.L.,47.0,313.0,1030.0,209.0,6,3,6,4.0,,,,,,,2,0,Completed,1.73,2.1,,,1.75,2.1,1.73,2.07,1.83,2.16
16,Indian Wells,BNP Paribas Open,2026-03-04,Masters 1000,Outdoor,Hard,1st Round,3,Opelka R.,Quinn E.,68.0,73.0,786.0,761.0,7,5,7,6.0,,,,,,,2,0,Completed,2.2,1.67,,,2.2,1.74,2.12,1.69,2.18,1.83
16,Indian Wells,BNP Paribas Open,2026-03-04,Masters 1000,Outdoor,Hard,1st Round,3,Diallo G.,Bellucci M.,38.0,94.0,1175.0,640.0,7,6,6,4.0,,,,,,,2,0,Completed,1.8,2.0,,,1.81,2.1,1.76,2.01,1.88,2.1
16,Indian Wells,BNP Paribas Open,2026-03-04,Masters 1000,Outdoor,Hard,1st Round,3,Svrcina D.,Duckworth J.,109.0,83.0,569.0,691.0,6,2,6,4.0,,,,,,,2,0,Completed,1.4,3.0,,,1.45,3.0,1.39,2.92,1.46,3.1
16,Indian Wells,BNP Paribas Open,2026-03-04,Masters 1000,Outdoor,Hard,1st Round,3,Fucsovics M.,O Connell C.,56.0,127.0,916.0,493.0,7,5,6,3.0,,,,,,,2,0,Completed,1.73,2.1,,,1.76,2.24,1.73,2.06,1.81,2.2
16,Indian Wells,BNP Paribas Open,2026-03-04,Masters 1000,Outdoor,Hard,1st Round,3,Berrettini M.,Mannarino A.,66.0,48.0,820.0,1025.0,4,6,7,5.0,7,5,,,,,2,1,Completed,1.44,2.75,,,1.45,2.88,1.43,2.73,1.48,3.0
16,Indian Wells,BNP Paribas Open,2026-03-05,Masters 1000,Outdoor,Hard,1st Round,3,Prizmic D.,Schoolkate T.,119.0,118.0,541.0,547.0,7,6,3,6.0,7,5,,,,,2,1,Completed,1.29,3.75,,,1.33,3.75,1.3,3.43,1.33,3.9
16,Indian Wells,BNP Paribas Open,2026-03-05,Masters 1000,Outdoor,Hard,1st Round,3,Brooksby J.,Popyrin A.,41.0,45.0,1135.0,1050.0,6,3,6,4.0,,,,,,,2,0,Completed,1.67,2.2,,,1.73,2.25,1.68,2.15,1.78,2.26
16,Indian Wells,BNP Paribas Open,2026-03-05,Masters 1000,Outdoor,Hard,1st Round,3,Monfils G.,Galarneau A.,148.0,219.0,410.0,265.0,6,3,6,4.0,,,,,,,2,0,Completed,1.62,2.3,,,1.62,2.4,1.58,2.31,1.64,2.52
16,Indian Wells,BNP Paribas Open,2026-03-05,Masters 1000,Outdoor,Hard,1st Round,3,Svajda Z.,Cilic M.,99.0,51.0,614.0,990.0,7,6,6,4.0,,,,,,,2,0,Completed,2.3,1.62,,,2.3,1.75,2.15,1.68,2.28,1.76
16,Indian Wells,BNP Paribas Open,2026-03-05,Masters 1000,Outdoor,Hard,1st Round,3,Fonseca J.,Collignon R.,35.0,77.0,1240.0,733.0,7,6,6,4.0,,,,,,,2,0,Completed,1.73,2.1,,,1.75,2.25,1.69,2.14,1.71,2.34
16,Indian Wells,BNP Paribas Open,2026-03-05,Masters 1000,Outdoor,Hard,1st Round,3,Shapovalov D.,Tsitsipas S.,39.0,43.0,1160.0,1085.0,6,2,3,6.0,6,4,,,,,2,1,Completed,2.1,1.73,,,2.1,1.76,2.09,1.72,2.36,1.72
16,Indian Wells,BNP Paribas Open,2026-03-05,Masters 1000,Outdoor,Hard,1st Round,3,Dimitrov G.,Atmane T.,42.0,52.0,1105.0,958.0,6,4,5,7.0,6,4,,,,,2,1,Completed,1.62,2.3,,,1.64,2.3,1.62,2.24,1.68,2.44
16,Indian Wells,BNP Paribas Open,2026-03-05,Masters 1000,Outdoor,Hard,1st Round,3,Majchrzak K.,Mpetshi G.,57.0,54.0,895.0,930.0,6,3,1,6.0,7,5,,,,,2,1,Completed,1.62,2.3,,,1.67,2.3,1.65,2.2,1.78,2.26
16,Indian Wells,BNP Paribas Open,2026-03-05,Masters 1000,Outdoor,Hard,1st Round,3,Shevchenko A.,Shimabukuro S.,88.0,113.0,659.0,554.0,6,4,3,6.0,6,2,,,,,2,1,Completed,2.3,1.62,,,2.3,1.67,2.24,1.62,2.36,1.73
16,Indian Wells,BNP Paribas Open,2026-03-05,Masters 1000,Outdoor,Hard,1st Round,3,Kovacevic A.,Hurkacz H.,72.0,71.0,771.0,775.0,7,6,7,6.0,,,,,,,2,0,Completed,3,1.4,,,3.0,1.44,2.89,1.4,3.1,1.45
16,Indian Wells,BNP Paribas Open,2026-03-05,Masters 1000,Outdoor,Hard,1st Round,3,Fearnley J.,Dzumhur D.,87.0,64.0,662.0,840.0,6,3,6,3.0,,,,,,,2,0,Completed,1.73,2.1,,,1.75,2.2,1.71,2.1,1.82,2.2
16,Indian Wells,BNP Paribas Open,2026-03-05,Masters 1000,Outdoor,Hard,1st Round,3,Baez S.,Tseng C.H.,53.0,144.0,940.0,414.0,6,3,6,2.0,,,,,,,2,0,Completed,1.36,3.2,,,1.36,3.5,1.32,3.3,1.4,3.4
16,Indian Wells,BNP Paribas Open,2026-03-05,Masters 1000,Outdoor,Hard,1st Round,3,Bonzi B.,Royer V.,111.0,60.0,564.0,872.0,6,4,6,3.0,,,,,,,2,0,Completed,1.91,1.91,,,1.91,1.98,1.83,1.93,1.92,2.06
16,Indian Wells,BNP Paribas Open,2026-03-05,Masters 1000,Outdoor,Hard,1st Round,3,Bautista Agut R.,Marozsan F.,93.0,46.0,645.0,1040.0,6,4,6,7.0,6,4,,,,,2,1,Completed,3.75,1.29,,,4.75,1.29,3.83,1.26,4.0,1.32
16,Indian Wells,BNP Paribas Open,2026-03-05,Masters 1000,Outdoor,Hard,1st Round,3,Michelsen A.,Merida Aguilar D.,44.0,139.0,1085.0,432.0,6,3,6,4.0,,,,,,,2,0,Completed,1.29,3.75,,,1.33,3.75,1.31,3.34,1.38,3.6
16,Indian Wells,BNP Paribas Open,2026-03-06,Masters 1000,Outdoor,Hard,1st Round,3,Cerundolo J.M.,Van De Zandschulp B.,70.0,59.0,778.0,873.0,7,6,6,7.0,6,3,,,,,2,1,Completed,3,1.4,,,3.05,1.42,2.95,1.39,3.1,1.46
16,Indian Wells,BNP Paribas Open,2026-03-06,Masters 1000,Outdoor,Hard,1st Round,3,Tabilo A.,Jodar R.,40.0,103.0,1138.0,594.0,6,1,6,2.0,,,,,,,2,0,Completed,2.3,1.62,,,2.31,1.64,2.26,1.6,2.44,1.69
16,Indian Wells,BNP Paribas Open,2026-03-06,Masters 1000,Outdoor,Hard,1st Round,3,Borges N.,Nava E.,49.0,75.0,1020.0,753.0,7,6,7,5.0,,,,,,,2,0,Completed,1.57,2.38,,,1.6,2.43,1.57,2.33,1.68,2.44
16,Indian Wells,BNP Paribas Open,2026-03-06,Masters 1000,Outdoor,Hard,1st Round,3,Hijikata R.,Maestrelli F.,117.0,114.0,547.0,553.0,7,6,6,4.0,,,,,,,2,0,Completed,1.67,2.2,,,1.73,2.2,1.69,2.13,1.73,2.34
16,Indian Wells,BNP Paribas Open,2026-03-06,Masters 1000,Outdoor,Hard,1st Round,3,Korda S.,Comesana F.,37.0,82.0,1220.0,694.0,7,5,6,0.0,,,,,,,2,0,Completed,1.14,5.5,,,1.18,5.5,1.16,5.01,1.19,6.0
16,Indian Wells,BNP Paribas Open,2026-03-06,Masters 1000,Outdoor,Hard,1st Round,3,McDonald M.,Arnaldi M.,126.0,85.0,498.0,665.0,6,0,6,1.0,,,,,,,2,0,Completed,1.67,2.2,,,1.67,2.32,1.6,2.27,1.68,2.44
16,Indian Wells,BNP Paribas Open,2026-03-06,Masters 1000,Outdoor,Hard,1st Round,3,Kopriva V.,Zheng M.,62.0,145.0,848.0,414.0,7,6,7,5.0,,,,,,,2,0,Completed,2.1,1.73,,,2.17,1.8,2.09,1.71,2.16,1.83
16,Indian Wells,BNP Paribas Open,2026-03-06,Masters 1000,Outdoor,Hard,2nd Round,3,Cobolli F.,Kecmanovic M.,15.0,58.0,2480.0,875.0,3,6,6,3.0,6,4,,,,,2,1,Completed,2,1.8,,,2.05,1.8,2.0,1.77,2.16,1.84
16,Indian Wells,BNP Paribas Open,2026-03-06,Masters 1000,Outdoor,Hard,2nd Round,3,Tien L.,Walton A.,27.0,91.0,1685.0,650.0,7,6,7,6.0,,,,,,,2,0,Completed,1.17,5.0,,,1.17,5.5,1.16,5.04,1.19,5.9
16,Indian Wells,BNP Paribas Open,2026-03-06,Masters 1000,Outdoor,Hard,2nd Round,3,Zverev A.,Berrettini M.,4.0,66.0,4555.0,820.0,6,3,6,4.0,,,,,,,2,0,Completed,1.2,4.5,,,1.24,4.5,1.21,4.2,1.27,4.5
16,Indian Wells,BNP Paribas Open,2026-03-06,Masters 1000,Outdoor,Hard,2nd Round,3,Shelton B.,Opelka R.,8.0,68.0,4010.0,786.0,6,7,7,6.0,6,3,,,,,2,1,Completed,1.29,3.75,,,1.29,4.25,1.26,3.8,1.29,4.4
16,Indian Wells,BNP Paribas Open,2026-03-06,Masters 1000,Outdoor,Hard,2nd Round,3,Fucsovics M.,Musetti L.,56.0,5.0,916.0,4405.0,7,5,6,1.0,,,,,,,2,0,Completed,3.5,1.3,,,3.5,1.33,3.38,1.31,3.85,1.34
16,Indian Wells,BNP Paribas Open,2026-03-06,Masters 1000,Outdoor,Hard,2nd Round,3,Fils A.,Prizmic D.,32.0,119.0,1440.0,541.0,6,2,3,2.0,,,,,,,1,0,Retired,1.4,3.0,,,1.44,3.0,1.4,2.9,1.49,3.0
16,Indian Wells,BNP Paribas Open,2026-03-06,Masters 1000,Outdoor,Hard,2nd Round,3,Nakashima B.,Ugo Carabelli C.,30.0,67.0,1535.0,790.0,6,3,6,4.0,,,,,,,2,0,Completed,1.17,5.0,,,1.21,5.0,1.18,4.6,1.23,5.3
16,Indian Wells,BNP Paribas Open,2026-03-06,Masters 1000,Outdoor,Hard,2nd Round,3,Auger-Aliassime F.,Monfils G.,9.0,148.0,3950.0,410.0,6,7,6,3.0,6,4,,,,,2,1,Completed,1.17,5.0,,,1.2,5.25,1.18,4.71,1.22,5.3
16,Indian Wells,BNP Paribas Open,2026-03-06,Masters 1000,Outdoor,Hard,2nd Round,3,Tiafoe F.,Brooksby J.,22.0,41.0,1870.0,1135.0,6,4,6,2.0,,,,,,,2,0,Completed,1.91,1.91,,,1.95,1.94,1.88,1.87,2.0,1.99
16,Indian Wells,BNP Paribas Open,2026-03-07,Masters 1000,Outdoor,Hard,2nd Round,3,Shapovalov D.,Etcheverry T.,39.0,31.0,1160.0,1445.0,6,3,2,6.0,7,6,,,,,2,1,Completed,1.5,2.63,,,1.53,2.75,1.48,2.6,1.55,2.78
16,Indian Wells,BNP Paribas Open,2026-03-07,Masters 1000,Outdoor,Hard,2nd Round,3,Sinner J.,Svrcina D.,2.0,109.0,10400.0,569.0,6,1,6,1.0,,,,,,,2,0,Completed,1.01,26.0,,,1.02,26.0,1.01,16.55,1.02,30.0
16,Indian Wells,BNP Paribas Open,2026-03-07,Masters 1000,Outdoor,Hard,2nd Round,3,Davidovich Fokina A.,Svajda Z.,19.0,99.0,2190.0,614.0,7,6,6,2.0,,,,,,,2,0,Completed,1.57,2.38,,,1.6,2.43,1.58,2.32,1.69,2.42
16,Indian Wells,BNP Paribas Open,2026-03-07,Masters 1000,Outdoor,Hard,2nd Round,3,Paul T.,Bergs Z.,24.0,47.0,1815.0,1030.0,6,1,6,2.0,,,,,,,2,0,Completed,1.2,4.5,,,1.24,4.5,1.21,4.25,1.26,4.5
16,Indian Wells,BNP Paribas Open,2026-03-07,Masters 1000,Outdoor,Hard,2nd Round,3,Mensik J.,Giron M.,12.0,69.0,2650.0,780.0,7,5,7,6.0,,,,,,,2,0,Completed,1.33,3.4,,,1.38,3.4,1.35,3.15,1.39,3.45
16,Indian Wells,BNP Paribas Open,2026-03-07,Masters 1000,Outdoor,Hard,2nd Round,3,Ruud C.,Shevchenko A.,13.0,88.0,2625.0,659.0,6,1,7,6.0,,,,,,,2,0,Completed,1.17,5.0,,,1.18,5.25,1.16,4.91,1.2,5.5
16,Indian Wells,BNP Paribas Open,2026-03-07,Masters 1000,Outdoor,Hard,2nd Round,3,Draper J.,Bautista Agut R.,14.0,93.0,2510.0,645.0,3,6,6,3.0,6,2,,,,,2,1,Completed,1.13,6.0,,,1.13,6.25,1.13,5.75,1.16,6.8
16,Indian Wells,BNP Paribas Open,2026-03-07,Masters 1000,Outdoor,Hard,2nd Round,3,Kovacevic A.,Moutet C.,72.0,33.0,771.0,1383.0,6,1,6,4.0,,,,,,,2,0,Completed,2.2,1.67,,,2.28,1.7,2.22,1.64,2.4,1.7
16,Indian Wells,BNP Paribas Open,2026-03-07,Masters 1000,Outdoor,Hard,2nd Round,3,Cerundolo F.,Bonzi B.,20.0,111.0,2170.0,564.0,6,4,5,7.0,7,6,,,,,2,1,Completed,1.4,3.0,,,1.44,3.3,1.36,3.1,1.39,3.5
16,Indian Wells,BNP Paribas Open,2026-03-07,Masters 1000,Outdoor,Hard,2nd Round,3,Fonseca J.,Khachanov K.,35.0,16.0,1240.0,2450.0,4,6,7,6.0,6,4,,,,,2,1,Completed,1.67,2.2,,,1.72,2.25,1.67,2.17,1.74,2.3
16,Indian Wells,BNP Paribas Open,2026-03-07,Masters 1000,Outdoor,Hard,2nd Round,3,Diallo G.,Rublev A.,38.0,17.0,1175.0,2400.0,6,7,7,6.0,6,3,,,,,2,1,Completed,3.5,1.3,,,3.5,1.35,3.32,1.32,3.75,1.35
16,Indian Wells,BNP Paribas Open,2026-03-07,Masters 1000,Outdoor,Hard,2nd Round,3,Djokovic N.,Majchrzak K.,3.0,57.0,5280.0,895.0,4,6,6,1.0,6,2,,,,,2,1,Completed,1.1,7.0,,,1.12,7.5,1.1,6.75,1.13,8.4
16,Indian Wells,BNP Paribas Open,2026-03-07,Masters 1000,Outdoor,Hard,2nd Round,3,Vacherot V.,Borges N.,26.0,49.0,1691.0,1020.0,7,5,7,5.0,,,,,,,2,0,Completed,1.62,2.3,,,1.67,2.3,1.63,2.23,1.73,2.32
16,Indian Wells,BNP Paribas Open,2026-03-07,Masters 1000,Outdoor,Hard,2nd Round,3,Rinderknech A.,Cerundolo J.M.,28.0,70.0,1617.0,778.0,,,,,,,,,,,,,Walkover,1.5,2.63,,,1.5,2.75,1.45,2.68,1.52,2.88
16,Indian Wells,BNP Paribas Open,2026-03-07,Masters 1000,Outdoor,Hard,2nd Round,3,De Minaur A.,Korda S.,6.0,37.0,4235.0,1220.0,4,6,6,4.0,6,4,,,,,2,1,Completed,1.5,2.63,,,1.55,2.63,1.52,2.48,1.63,2.54
16,Indian Wells,BNP Paribas Open,2026-03-07,Masters 1000,Outdoor,Hard,2nd Round,3,Hijikata R.,Darderi L.,117.0,21.0,547.0,2104.0,4,6,6,2.0,6,4,,,,,2,1,Completed,2.75,1.44,,,3.0,1.47,2.77,1.42,3.1,1.45
16,Indian Wells,BNP Paribas Open,2026-03-08,Masters 1000,Outdoor,Hard,2nd Round,3,Norrie C.,McDonald M.,29.0,126.0,1603.0,498.0,6,2,6,3.0,,,,,,,2,0,Completed,1.53,2.5,,,1.6,2.5,1.56,2.37,1.67,2.46
16,Indian Wells,BNP Paribas Open,2026-03-08,Masters 1000,Outdoor,Hard,2nd Round,3,Alcaraz C.,Dimitrov G.,1.0,42.0,13550.0,1105.0,6,2,6,3.0,,,,,,,2,0,Completed,1.04,13.0,,,1.04,15.0,1.03,12.05,1.06,14.0
16,Indian Wells,BNP Paribas Open,2026-03-08,Masters 1000,Outdoor,Hard,2nd Round,3,Fritz T.,Fearnley J.,7.0,87.0,4220.0,662.0,6,3,6,7.0,6,1,,,,,2,1,Completed,1.2,4.5,,,1.2,4.75,1.19,4.53,1.21,5.7
16,Indian Wells,BNP Paribas Open,2026-03-08,Masters 1000,Outdoor,Hard,2nd Round,3,Baez S.,Lehecka J.,53.0,23.0,940.0,1850.0,6,4,6,1.0,,,,,,,2,0,Completed,2.75,1.44,,,3.15,1.44,2.84,1.41,3.0,1.49
16,Indian Wells,BNP Paribas Open,2026-03-08,Masters 1000,Outdoor,Hard,2nd Round,3,Bublik A.,Kopriva V.,10.0,62.0,3405.0,848.0,3,6,7,6.0,6,2,,,,,2,1,Completed,1.2,4.5,,,1.26,4.5,1.23,4.08,1.24,5.0
16,Indian Wells,BNP Paribas Open,2026-03-08,Masters 1000,Outdoor,Hard,2nd Round,3,Michelsen A.,Humbert U.,44.0,34.0,1085.0,1285.0,7,5,6,7.0,7,6,,,,,2,1,Completed,1.91,1.91,,,1.91,2.0,1.83,1.94,1.89,2.1
16,Indian Wells,BNP Paribas Open,2026-03-08,Masters 1000,Outdoor,Hard,2nd Round,3,Medvedev D.,Tabilo A.,11.0,40.0,3360.0,1138.0,6,4,6,2.0,,,,,,,2,0,Completed,1.25,4.0,,,1.26,4.0,1.25,3.83,1.27,4.5
16,Indian Wells,BNP Paribas Open,2026-03-08,Masters 1000,Outdoor,Hard,3rd Round,3,Zverev A.,Nakashima B.,4.0,30.0,4555.0,1535.0,7,6,5,7.0,6,4,,,,,2,1,Completed,1.25,4.0,,,1.27,4.0,1.25,3.84,1.29,4.3
16,Indian Wells,BNP Paribas Open,2026-03-08,Masters 1000,Outdoor,Hard,3rd Round,3,Tien L.,Shelton B.,27.0,8.0,1685.0,4010.0,7,6,4,6.0,6,3,,,,,2,1,Completed,2.2,1.67,,,2.3,1.68,2.22,1.63,2.34,1.73
16,Indian Wells,BNP Paribas Open,2026-03-08,Masters 1000,Outdoor,Hard,3rd Round,3,Davidovich Fokina A.,Mensik J.,19.0,12.0,2190.0,2650.0,6,2,4,6.0,6,2,,,,,2,1,Completed,2.2,1.67,,,2.25,1.67,2.19,1.65,2.38,1.71
16,Indian Wells,BNP Paribas Open,2026-03-08,Masters 1000,Outdoor,Hard,3rd Round,3,Sinner J.,Shapovalov D.,2.0,39.0,10400.0,1160.0,6,3,6,2.0,,,,,,,2,0,Completed,1.04,13.0,,,1.04,14.0,1.03,11.16,1.06,16.5
16,Indian Wells,BNP Paribas Open,2026-03-08,Masters 1000,Outdoor,Hard,3rd Round,3,Fils A.,Fucsovics M.,32.0,56.0,1440.0,916.0,6,3,7,5.0,,,,,,,2,0,Completed,1.36,3.2,,,1.4,3.2,1.37,3.03,1.43,3.25
16,Indian Wells,BNP Paribas Open,2026-03-09,Masters 1000,Outdoor,Hard,3rd Round,3,Tiafoe F.,Cobolli F.,22.0,15.0,1870.0,2480.0,6,1,6,2.0,,,,,,,2,0,Completed,1.73,2.1,,,1.74,2.14,1.71,2.1,1.83,2.18
16,Indian Wells,BNP Paribas Open,2026-03-09,Masters 1000,Outdoor,Hard,3rd Round,3,Auger-Aliassime F.,Diallo G.,9.0,38.0,3950.0,1175.0,6,7,6,3.0,6,3,,,,,2,1,Completed,1.22,4.33,,,1.27,4.33,1.23,3.98,1.27,4.6
16,Indian Wells,BNP Paribas Open,2026-03-09,Masters 1000,Outdoor,Hard,3rd Round,3,Fonseca J.,Paul T.,35.0,24.0,1240.0,1815.0,6,2,6,3.0,,,,,,,2,0,Completed,2.75,1.44,,,2.75,1.45,2.74,1.42,3.05,1.47
16,Indian Wells,BNP Paribas Open,2026-03-09,Masters 1000,Outdoor,Hard,3rd Round,3,Djokovic N.,Kovacevic A.,3.0,72.0,5280.0,771.0,6,4,1,6.0,6,4,,,,,2,1,Completed,1.13,6.0,,,1.13,7.0,1.11,6.43,1.13,8.6
16,Indian Wells,BNP Paribas Open,2026-03-09,Masters 1000,Outdoor,Hard,3rd Round,3,Norrie C.,De Minaur A.,29.0,6.0,1603.0,4235.0,6,4,6,4.0,,,,,,,2,0,Completed,4.5,1.2,,,5.25,1.21,4.48,1.19,5.2,1.23
16,Indian Wells,BNP Paribas Open,2026-03-09,Masters 1000,Outdoor,Hard,3rd Round,3,Hijikata R.,Bublik A.,117.0,10.0,547.0,3405.0,6,7,7,6.0,6,3,,,,,2,1,Completed,4.5,1.2,,,4.5,1.22,4.31,1.21,5.0,1.23
16,Indian Wells,BNP Paribas Open,2026-03-09,Masters 1000,Outdoor,Hard,3rd Round,3,Draper J.,Cerundolo F.,14.0,20.0,2510.0,2170.0,6,1,7,5.0,,,,,,,2,0,Completed,1.5,2.63,,,1.55,2.75,1.52,2.5,1.57,2.7
16,Indian Wells,BNP Paribas Open,2026-03-09,Masters 1000,Outdoor,Hard,3rd Round,3,Michelsen A.,Fritz T.,44.0,7.0,1085.0,4220.0,6,4,7,6.0,,,,,,,2,0,Completed,3.2,1.36,,,3.2,1.38,3.05,1.36,3.4,1.41
16,Indian Wells,BNP Paribas Open,2026-03-09,Masters 1000,Outdoor,Hard,3rd Round,3,Ruud C.,Vacherot V.,13.0,26.0,2625.0,1691.0,3,6,6,3.0,6,4,,,,,2,1,Completed,1.57,2.38,,,1.58,2.55,1.55,2.41,1.64,2.52
16,Indian Wells,BNP Paribas Open,2026-03-10,Masters 1000,Outdoor,Hard,3rd Round,3,Alcaraz C.,Rinderknech A.,1.0,28.0,13550.0,1617.0,6,7,6,3.0,6,2,,,,,2,1,Completed,1.02,17.0,,,1.03,18.0,1.03,13.07,1.03,26.0
16,Indian Wells,BNP Paribas Open,2026-03-10,Masters 1000,Outdoor,Hard,3rd Round,3,Medvedev D.,Baez S.,11.0,53.0,3360.0,940.0,6,4,6,0.0,,,,,,,2,0,Completed,1.14,5.5,,,1.16,6.0,1.14,5.41,1.16,7.0
16,Indian Wells,BNP Paribas Open,2026-03-10,Masters 1000,Outdoor,Hard,4th Round,3,Fils A.,Auger-Aliassime F.,32.0,9.0,1440.0,3950.0,6,3,7,6.0,,,,,,,2,0,Completed,2.2,1.67,,,2.25,1.71,2.17,1.67,2.32,1.74
16,Indian Wells,BNP Paribas Open,2026-03-10,Masters 1000,Outdoor,Hard,4th Round,3,Zverev A.,Tiafoe F.,4.0,22.0,4555.0,1870.0,6,3,6,4.0,,,,,,,2,0,Completed,1.33,3.4,,,1.36,3.4,1.34,3.23,1.35,3.75
16,Indian Wells,BNP Paribas Open,2026-03-10,Masters 1000,Outdoor,Hard,4th Round,3,Tien L.,Davidovich Fokina A.,27.0,19.0,1685.0,2190.0,4,6,6,1.0,7,6,,,,,2,1,Completed,1.67,2.2,,,1.71,2.2,1.67,2.15,1.77,2.28
16,Indian Wells,BNP Paribas Open,2026-03-11,Masters 1000,Outdoor,Hard,4th Round,3,Sinner J.,Fonseca J.,2.0,35.0,10400.0,1240.0,7,6,7,6.0,,,,,,,2,0,Completed,1.07,9.0,,,1.08,9.0,1.07,8.09,1.1,10.5
16,Indian Wells,BNP Paribas Open,2026-03-11,Masters 1000,Outdoor,Hard,4th Round,3,Norrie C.,Hijikata R.,29.0,117.0,1603.0,547.0,6,4,6,2.0,,,,,,,2,0,Completed,1.3,3.5,,,1.32,3.5,1.3,3.42,1.36,3.7
16,Indian Wells,BNP Paribas Open,2026-03-11,Masters 1000,Outdoor,Hard,4th Round,3,Medvedev D.,Michelsen A.,11.0,44.0,3360.0,1085.0,6,2,6,4.0,,,,,,,2,0,Completed,1.25,4.0,,,1.3,4.25,1.26,3.75,1.3,4.3
16,Indian Wells,BNP Paribas Open,2026-03-11,Masters 1000,Outdoor,Hard,4th Round,3,Alcaraz C.,Ruud C.,1.0,13.0,13550.0,2625.0,6,1,7,6.0,,,,,,,2,0,Completed,1.06,10.0,,,1.08,10.0,1.07,8.11,1.08,12.5
16,Indian Wells,BNP Paribas Open,2026-03-12,Masters 1000,Outdoor,Hard,4th Round,3,Draper J.,Djokovic N.,14.0,3.0,2510.0,5280.0,4,6,6,4.0,7,6,,,,,2,1,Completed,2.2,1.67,,,2.25,1.71,2.2,1.65,2.42,1.7
16,Indian Wells,BNP Paribas Open,2026-03-12,Masters 1000,Outdoor,Hard,Quarterfinals,3,Zverev A.,Fils A.,4.0,32.0,4555.0,1440.0,6,2,6,3.0,,,,,,,2,0,Completed,1.57,2.38,,,1.6,2.5,1.56,2.39,1.65,2.5
16,Indian Wells,BNP Paribas Open,2026-03-12,Masters 1000,Outdoor,Hard,Quarterfinals,3,Sinner J.,Tien L.,2.0,27.0,10400.0,1685.0,6,1,6,2.0,,,,,,,2,0,Completed,1.07,9.0,,,1.08,10.0,1.07,8.61,1.11,10.0
16,Indian Wells,BNP Paribas Open,2026-03-13,Masters 1000,Outdoor,Hard,Quarterfinals,3,Medvedev D.,Draper J.,11.0,14.0,3360.0,2510.0,6,1,7,5.0,,,,,,,2,0,Completed,1.53,2.5,,,1.6,2.55,1.53,2.45,1.66,2.5
16,Indian Wells,BNP Paribas Open,2026-03-13,Masters 1000,Outdoor,Hard,Quarterfinals,3,Alcaraz C.,Norrie C.,1.0,29.0,13550.0,1603.0,6,3,6,4.0,,,,,,,2,0,Completed,1.05,11.0,,,1.05,13.0,1.04,10.54,1.06,16.0
16,Indian Wells,BNP Paribas Open,2026-03-14,Masters 1000,Outdoor,Hard,Semifinals,3,Sinner J.,Zverev A.,2.0,4.0,10400.0,4555.0,6,2,6,4.0,,,,,,,2,0,Completed,1.17,5.0,,,1.18,5.4,1.17,4.91,1.2,5.7
16,Indian Wells,BNP Paribas Open,2026-03-14,Masters 1000,Outdoor,Hard,Semifinals,3,Medvedev D.,Alcaraz C.,11.0,1.0,3360.0,13550.0,6,3,7,6.0,,,,,,,2,0,Completed,5,1.17,,,5.1,1.2,4.84,1.17,5.5,1.21
16,Indian Wells,BNP Paribas Open,2026-03-15,Masters 1000,Outdoor,Hard,The Final,3,Sinner J.,Medvedev D.,2.0,11.0,10400.0,3360.0,7,6,7,6.0,,,,,,,2,0,Completed,1.22,4.33,,,1.3,4.33,1.25,3.9,1.25,4.8
17,Miami,Miami Open,2026-03-19,Masters 1000,Outdoor,Hard,1st Round,3,Navone M.,Basilashvili N.,61.0,134.0,855.0,463.0,7,6,6,3.0,,,,,,,2,0,Completed,1.91,1.91,,,1.91,1.97,1.86,1.9,2.06,1.93
17,Miami,Miami Open,2026-03-19,Masters 1000,Outdoor,Hard,1st Round,3,Bautista Agut R.,Duckworth J.,89.0,80.0,668.0,694.0,7,6,7,6.0,,,,,,,2,0,Completed,1.62,2.3,,,1.63,2.31,1.61,2.26,1.68,2.42
17,Miami,Miami Open,2026-03-19,Masters 1000,Outdoor,Hard,1st Round,3,Jodar R.,Hanfmann Y.,109.0,64.0,588.0,835.0,6,4,4,6.0,6,1,,,,,2,1,Completed,1.67,2.2,,,1.67,2.3,1.63,2.22,1.73,2.34
17,Miami,Miami Open,2026-03-19,Masters 1000,Outdoor,Hard,1st Round,3,Kouame M.,Svajda Z.,385.0,96.0,122.0,644.0,5,7,6,4.0,6,4,,,,,2,1,Completed,4.5,1.2,,,4.6,1.21,4.38,1.2,5.1,1.23
17,Miami,Miami Open,2026-03-19,Masters 1000,Outdoor,Hard,1st Round,3,Bergs Z.,Brooksby J.,45.0,42.0,1030.0,1115.0,7,5,6,2.0,,,,,,,2,0,Completed,2.38,1.57,,,2.5,1.58,2.4,1.55,2.62,1.6
17,Miami,Miami Open,2026-03-19,Masters 1000,Outdoor,Hard,1st Round,3,Mannarino A.,Zhang Zh.,43.0,270.0,1060.0,195.0,6,3,6,2.0,,,,,,,2,0,Completed,1.91,1.91,,,1.92,1.94,1.87,1.88,1.96,2.02
17,Miami,Miami Open,2026-03-19,Masters 1000,Outdoor,Hard,1st Round,3,Blanch Dar.,Struff J.L.,272.0,316.0,193.0,209.0,6,3,3,6.0,6,3,,,,,2,1,Completed,2.5,1.53,,,2.55,1.55,2.49,1.52,2.68,1.58
17,Miami,Miami Open,2026-03-19,Masters 1000,Outdoor,Hard,1st Round,3,Quinn E.,Hurkacz H.,56.0,75.0,906.0,735.0,6,2,6,4.0,,,,,,,2,0,Completed,2.1,1.73,,,2.2,1.73,2.13,1.69,2.3,1.76
17,Miami,Miami Open,2026-03-19,Masters 1000,Outdoor,Hard,1st Round,3,Landaluce M.,Giron M.,151.0,70.0,394.0,790.0,6,3,7,6.0,,,,,,,2,0,Completed,2.63,1.5,,,2.63,1.55,2.5,1.51,2.68,1.57
17,Miami,Miami Open,2026-03-19,Masters 1000,Outdoor,Hard,1st Round,3,Ugo Carabelli C.,Mpetshi G.,66.0,59.0,810.0,890.0,2,6,6,3.0,7,6,,,,,2,1,Completed,2.63,1.5,,,2.75,1.56,2.54,1.5,2.92,1.51
17,Miami,Miami Open,2026-03-19,Masters 1000,Outdoor,Hard,1st Round,3,Van De Zandschulp B.,Shapovalov D.,65.0,38.0,823.0,1160.0,7,5,6,3.0,,,,,,,2,0,Completed,2.63,1.5,,,2.63,1.53,2.54,1.5,2.78,1.54
17,Miami,Miami Open,2026-03-19,Masters 1000,Outdoor,Hard,1st Round,3,Berrettini M.,Muller A.,68.0,90.0,800.0,665.0,6,4,6,2.0,,,,,,,2,0,Completed,1.2,4.5,,,1.23,4.5,1.22,4.2,1.26,4.7
17,Miami,Miami Open,2026-03-19,Masters 1000,Outdoor,Hard,1st Round,3,Opelka R.,Borges N.,67.0,50.0,803.0,995.0,6,7,6,2.0,7,6,,,,,2,1,Completed,1.73,2.1,,,1.8,2.2,1.74,2.06,1.73,2.34
17,Miami,Miami Open,2026-03-19,Masters 1000,Outdoor,Hard,1st Round,3,Tsitsipas S.,Fery A.,51.0,174.0,995.0,342.0,6,1,7,6.0,,,,,,,2,0,Completed,1.36,3.2,,,1.4,3.2,1.37,3.02,1.42,3.3
17,Miami,Miami Open,2026-03-19,Masters 1000,Outdoor,Hard,1st Round,3,Collignon R.,Dimitrov G.,72.0,44.0,768.0,1035.0,7,6,4,6.0,7,6,,,,,2,1,Completed,2.2,1.67,,,2.38,1.67,2.24,1.62,2.42,1.69
17,Miami,Miami Open,2026-03-19,Masters 1000,Outdoor,Hard,1st Round,3,Dzumhur D.,Buse I.,76.0,63.0,723.0,836.0,6,7,7,6.0,6,1,,,,,2,1,Completed,2.63,1.5,,,2.7,1.5,2.63,1.47,2.88,1.51
17,Miami,Miami Open,2026-03-19,Masters 1000,Outdoor,Hard,1st Round,3,Fonseca J.,Marozsan F.,39.0,46.0,1135.0,1020.0,6,4,3,6.0,6,2,,,,,2,1,Completed,1.36,3.2,,,1.37,3.2,1.35,3.07,1.38,3.55
17,Miami,Miami Open,2026-03-19,Masters 1000,Outdoor,Hard,1st Round,3,Cilic M.,Popyrin A.,49.0,47.0,1000.0,1010.0,6,4,6,4.0,,,,,,,2,0,Completed,1.67,2.2,,,1.67,2.32,1.62,2.25,1.73,2.34
17,Miami,Miami Open,2026-03-19,Masters 1000,Outdoor,Hard,1st Round,3,Damm M.,Fearnley J.,133.0,83.0,469.0,679.0,6,0,,,,,,,,,1,0,Retired,2,1.8,,,2.1,2.1,1.99,1.79,2.1,1.88
17,Miami,Miami Open,2026-03-19,Masters 1000,Outdoor,Hard,1st Round,3,Machac T.,Nava E.,48.0,74.0,1000.0,741.0,2,6,6,4.0,6,1,,,,,2,1,Completed,1.44,2.75,,,1.44,2.9,1.41,2.83,1.46,3.05
17,Miami,Miami Open,2026-03-19,Masters 1000,Outdoor,Hard,1st Round,3,Majchrzak K.,Kecmanovic M.,57.0,58.0,905.0,895.0,4,6,6,3.0,6,1,,,,,2,1,Completed,2.5,1.53,,,2.63,1.53,2.53,1.5,2.68,1.58
17,Miami,Miami Open,2026-03-19,Masters 1000,Outdoor,Hard,1st Round,3,Tabilo A.,Comesana F.,41.0,82.0,1118.0,679.0,6,4,6,2.0,,,,,,,2,0,Completed,1.44,2.75,,,1.44,2.88,1.41,2.8,1.49,3.0
17,Miami,Miami Open,2026-03-19,Masters 1000,Outdoor,Hard,1st Round,3,Halys Q.,Draxl L.,111.0,147.0,580.0,406.0,6,7,6,1.0,6,1,,,,,2,1,Completed,1.44,2.75,,,1.48,2.8,1.45,2.69,1.52,2.88
17,Miami,Miami Open,2026-03-20,Masters 1000,Outdoor,Hard,1st Round,3,Michelsen A.,Bellucci M.,40.0,77.0,1135.0,720.0,6,2,6,1.0,,,,,,,2,0,Completed,1.36,3.2,,,1.42,3.25,1.37,3.01,1.41,3.35
17,Miami,Miami Open,2026-03-20,Masters 1000,Outdoor,Hard,1st Round,3,Tirante T.A.,Royer V.,81.0,69.0,691.0,795.0,7,5,6,7.0,7,6,,,,,2,1,Completed,2,1.8,,,2.02,1.85,1.97,1.79,2.06,1.9
17,Miami,Miami Open,2026-03-20,Masters 1000,Outdoor,Hard,1st Round,3,Atmane T.,Altmaier D.,53.0,55.0,968.0,906.0,6,4,6,2.0,,,,,,,2,0,Completed,1.4,3.0,,,1.46,3.1,1.41,2.82,1.47,3.05
17,Miami,Miami Open,2026-03-20,Masters 1000,Outdoor,Hard,1st Round,3,Sakamoto R.,Kovacevic A.,164.0,92.0,366.0,661.0,6,4,3,6.0,7,6,,,,,2,1,Completed,2.38,1.57,,,2.48,1.57,2.42,1.54,2.52,1.64
17,Miami,Miami Open,2026-03-20,Masters 1000,Outdoor,Hard,1st Round,3,Fucsovics M.,O Connell C.,54.0,130.0,959.0,493.0,7,6,6,3.0,,,,,,,2,0,Completed,1.5,2.63,,,1.53,2.63,1.49,2.54,1.58,2.66
17,Miami,Miami Open,2026-03-20,Masters 1000,Outdoor,Hard,1st Round,3,Walton A.,Baez S.,85.0,52.0,674.0,980.0,6,2,6,2.0,,,,,,,2,0,Completed,2.2,1.67,,,2.25,1.72,2.16,1.67,2.36,1.71
17,Miami,Miami Open,2026-03-20,Masters 1000,Outdoor,Hard,1st Round,3,Diallo G.,Wu Y.,37.0,118.0,1185.0,559.0,6,2,7,6.0,,,,,,,2,0,Completed,2,1.8,,,2.05,1.8,2.0,1.76,2.1,1.89
17,Miami,Miami Open,2026-03-20,Masters 1000,Outdoor,Hard,1st Round,3,Shevchenko A.,Arnaldi M.,84.0,101.0,679.0,625.0,7,6,6,7.0,6,2,,,,,2,1,Completed,1.73,2.1,,,1.75,2.12,1.71,2.09,1.81,2.2
17,Miami,Miami Open,2026-03-20,Masters 1000,Outdoor,Hard,1st Round,3,Cazaux A.,Barrios M.,73.0,119.0,754.0,551.0,7,5,6,4.0,,,,,,,2,0,Completed,1.57,2.38,,,1.57,2.5,1.54,2.43,1.61,2.58
17,Miami,Miami Open,2026-03-20,Masters 1000,Outdoor,Hard,2nd Round,3,Quinn E.,Ruud C.,56.0,12.0,906.0,2715.0,6,4,7,6.0,,,,,,,2,0,Completed,2.63,1.5,,,2.75,1.5,2.59,1.47,2.7,1.57
17,Miami,Miami Open,2026-03-20,Masters 1000,Outdoor,Hard,2nd Round,3,Paul T.,Mannarino A.,23.0,43.0,1765.0,1060.0,6,2,2,6.0,6,4,,,,,2,1,Completed,1.2,4.5,,,1.23,4.5,1.2,4.27,1.25,4.7
17,Miami,Miami Open,2026-03-20,Masters 1000,Outdoor,Hard,2nd Round,3,Opelka R.,Draper J.,67.0,26.0,803.0,1710.0,7,6,7,6.0,,,,,,,2,0,Completed,4,1.25,,,4.0,1.3,3.66,1.27,4.0,1.32
17,Miami,Miami Open,2026-03-20,Masters 1000,Outdoor,Hard,2nd Round,3,Berrettini M.,Bublik A.,68.0,11.0,800.0,3385.0,6,4,6,4.0,,,,,,,2,0,Completed,2.38,1.57,,,2.4,1.62,2.34,1.57,2.6,1.61
17,Miami,Miami Open,2026-03-20,Masters 1000,Outdoor,Hard,2nd Round,3,Fritz T.,Van De Zandschulp B.,7.0,65.0,4170.0,823.0,6,3,6,7.0,6,3,,,,,2,1,Completed,1.29,3.75,,,1.3,4.0,1.28,3.61,1.31,4.1
17,Miami,Miami Open,2026-03-20,Masters 1000,Outdoor,Hard,2nd Round,3,Khachanov K.,Bautista Agut R.,15.0,89.0,2410.0,668.0,6,3,6,3.0,,,,,,,2,0,Completed,1.3,3.5,,,1.3,3.75,1.29,3.54,1.32,4.0
17,Miami,Miami Open,2026-03-20,Masters 1000,Outdoor,Hard,2nd Round,3,Fils A.,Blanch Dar.,31.0,272.0,1440.0,193.0,6,2,6,3.0,,,,,,,2,0,Completed,1.17,5.0,,,1.17,5.75,1.14,5.37,1.16,7.0
17,Miami,Miami Open,2026-03-21,Masters 1000,Outdoor,Hard,2nd Round,3,Korda S.,Ugo Carabelli C.,36.0,66.0,1200.0,810.0,6,0,6,3.0,,,,,,,2,0,Completed,1.11,6.5,,,1.12,6.5,1.11,6.17,1.15,7.2
17,Miami,Miami Open,2026-03-21,Masters 1000,Outdoor,Hard,2nd Round,3,Alcaraz C.,Fonseca J.,1.0,39.0,13550.0,1135.0,6,4,6,4.0,,,,,,,2,0,Completed,1.13,6.0,,,1.16,6.0,1.14,5.59,1.16,6.8
17,Miami,Miami Open,2026-03-21,Masters 1000,Outdoor,Hard,2nd Round,3,Collignon R.,Cobolli F.,72.0,14.0,768.0,2520.0,7,5,6,3.0,,,,,,,2,0,Completed,2,1.8,,,2.01,1.87,1.99,1.79,2.18,1.83
17,Miami,Miami Open,2026-03-21,Masters 1000,Outdoor,Hard,2nd Round,3,Tsitsipas S.,De Minaur A.,51.0,6.0,995.0,4185.0,6,3,7,6.0,,,,,,,2,0,Completed,2.75,1.44,,,2.75,1.5,2.67,1.46,2.84,1.52
17,Miami,Miami Open,2026-03-21,Masters 1000,Outdoor,Hard,2nd Round,3,Lehecka J.,Kouame M.,22.0,385.0,1850.0,122.0,6,2,7,5.0,,,,,,,2,0,Completed,1.1,7.0,,,1.16,7.0,1.14,5.58,1.19,6.0
17,Miami,Miami Open,2026-03-21,Masters 1000,Outdoor,Hard,2nd Round,3,Landaluce M.,Darderi L.,151.0,18.0,394.0,2084.0,6,3,6,7.0,6,4,,,,,2,1,Completed,2.1,1.73,,,2.12,1.78,2.07,1.73,2.2,1.8
17,Miami,Miami Open,2026-03-21,Masters 1000,Outdoor,Hard,2nd Round,3,Vacherot V.,Navone M.,25.0,61.0,1741.0,855.0,6,3,6,4.0,,,,,,,2,0,Completed,1.44,2.75,,,1.47,2.88,1.42,2.76,1.47,3.05
17,Miami,Miami Open,2026-03-21,Masters 1000,Outdoor,Hard,2nd Round,3,Halys Q.,Davidovich Fokina A.,111.0,17.0,580.0,2260.0,7,6,6,4.0,,,,,,,2,0,Completed,3,1.4,,,3.25,1.4,3.15,1.35,3.2,1.44
17,Miami,Miami Open,2026-03-21,Masters 1000,Outdoor,Hard,2nd Round,3,Jodar R.,Vukic A.,109.0,93.0,588.0,656.0,6,1,6,2.0,,,,,,,2,0,Completed,1.25,4.0,,,1.26,4.2,1.23,3.97,1.3,4.3
17,Miami,Miami Open,2026-03-21,Masters 1000,Outdoor,Hard,2nd Round,3,Majchrzak K.,Tien L.,57.0,21.0,905.0,1860.0,6,2,4,6.0,6,2,,,,,2,1,Completed,3.75,1.29,,,3.75,1.3,3.54,1.28,4.1,1.31
17,Miami,Miami Open,2026-03-21,Masters 1000,Outdoor,Hard,2nd Round,3,Etcheverry T.,Bergs Z.,32.0,45.0,1430.0,1030.0,7,6,7,6.0,,,,,,,2,0,Completed,2.1,1.73,,,2.15,1.8,2.07,1.72,2.18,1.81
17,Miami,Miami Open,2026-03-21,Masters 1000,Outdoor,Hard,2nd Round,3,Atmane T.,Rinderknech A.,53.0,27.0,968.0,1657.0,7,6,6,3.0,,,,,,,2,0,Completed,2.3,1.62,,,2.3,1.67,2.24,1.62,2.4,1.7
17,Miami,Miami Open,2026-03-21,Masters 1000,Outdoor,Hard,2nd Round,3,Sinner J.,Dzumhur D.,2.0,76.0,11400.0,723.0,6,3,6,3.0,,,,,,,2,0,Completed,1,41.0,,,1.01,56.0,1.01,28.29,1.01,100.0
17,Miami,Miami Open,2026-03-21,Masters 1000,Outdoor,Hard,2nd Round,3,Auger-Aliassime F.,Fucsovics M.,8.0,54.0,4000.0,959.0,7,6,7,5.0,,,,,,,2,0,Completed,1.4,3.0,,,1.4,3.1,1.38,2.92,1.49,3.0
17,Miami,Miami Open,2026-03-21,Masters 1000,Outdoor,Hard,2nd Round,3,Moutet C.,Machac T.,33.0,48.0,1383.0,1000.0,6,0,1,6.0,6,4,,,,,2,1,Completed,2.3,1.62,,,2.38,1.62,2.31,1.58,2.46,1.66
17,Miami,Miami Open,2026-03-21,Masters 1000,Outdoor,Hard,2nd Round,3,Medvedev D.,Sakamoto R.,10.0,164.0,3610.0,366.0,6,7,6,3.0,6,1,,,,,2,1,Completed,1.04,13.0,,,1.06,13.0,1.05,9.19,1.09,11.5
17,Miami,Miami Open,2026-03-21,Masters 1000,Outdoor,Hard,2nd Round,3,Michelsen A.,Norrie C.,40.0,24.0,1135.0,1753.0,7,5,6,7.0,6,4,,,,,2,1,Completed,1.62,2.3,,,1.67,2.31,1.63,2.23,1.66,2.5
17,Miami,Miami Open,2026-03-21,Masters 1000,Outdoor,Hard,2nd Round,3,Tabilo A.,Rublev A.,41.0,16.0,1118.0,2400.0,6,7,6,2.0,6,4,,,,,2,1,Completed,3,1.4,,,3.0,1.42,2.91,1.39,3.2,1.44
17,Miami,Miami Open,2026-03-21,Masters 1000,Outdoor,Hard,2nd Round,3,Mensik J.,Walton A.,13.0,85.0,2650.0,674.0,3,6,6,2.0,6,4,,,,,2,1,Completed,1.3,3.5,,,1.33,3.75,1.3,3.4,1.35,3.85
17,Miami,Miami Open,2026-03-21,Masters 1000,Outdoor,Hard,2nd Round,3,Cerundolo F.,Tirante T.A.,19.0,81.0,2020.0,691.0,6,4,6,2.0,,,,,,,2,0,Completed,1.29,3.75,,,1.3,3.8,1.29,3.56,1.35,3.7
17,Miami,Miami Open,2026-03-21,Masters 1000,Outdoor,Hard,2nd Round,3,Humbert U.,Diallo G.,34.0,37.0,1245.0,1185.0,6,1,6,4.0,,,,,,,2,0,Completed,1.73,2.1,,,1.73,2.2,1.69,2.12,1.72,2.36
17,Miami,Miami Open,2026-03-21,Masters 1000,Outdoor,Hard,2nd Round,3,Shevchenko A.,Shelton B.,84.0,9.0,679.0,3860.0,6,7,7,6.0,6,3,,,,,2,1,Completed,6.5,1.11,,,6.5,1.14,6.05,1.12,8.0,1.13
17,Miami,Miami Open,2026-03-21,Masters 1000,Outdoor,Hard,2nd Round,3,Tiafoe F.,Cazaux A.,20.0,73.0,1920.0,754.0,7,6,6,1.0,,,,,,,2,0,Completed,1.36,3.2,,,1.4,3.2,1.36,3.03,1.38,3.55
17,Miami,Miami Open,2026-03-22,Masters 1000,Outdoor,Hard,2nd Round,3,Cilic M.,Nakashima B.,49.0,30.0,1000.0,1485.0,2,6,6,4.0,7,6,,,,,2,1,Completed,2.1,1.73,,,2.32,1.73,2.25,1.62,2.26,1.76
17,Miami,Miami Open,2026-03-22,Masters 1000,Outdoor,Hard,2nd Round,3,Zverev A.,Damm M.,4.0,133.0,4905.0,469.0,6,2,6,4.0,,,,,,,2,0,Completed,1.07,9.0,,,1.08,9.5,1.07,7.96,1.1,10.5
17,Miami,Miami Open,2026-03-22,Masters 1000,Outdoor,Hard,3rd Round,3,Lehecka J.,Quinn E.,22.0,56.0,1850.0,906.0,6,3,7,6.0,,,,,,,2,0,Completed,1.73,2.1,,,1.75,2.14,1.71,2.1,1.85,2.16
17,Miami,Miami Open,2026-03-22,Masters 1000,Outdoor,Hard,3rd Round,3,Fritz T.,Opelka R.,7.0,67.0,4170.0,803.0,6,3,6,4.0,,,,,,,2,0,Completed,1.44,2.75,,,1.45,2.9,1.42,2.77,1.46,3.1
17,Miami,Miami Open,2026-03-22,Masters 1000,Outdoor,Hard,3rd Round,3,Etcheverry T.,Jodar R.,32.0,109.0,1430.0,588.0,7,5,6,4.0,,,,,,,2,0,Completed,2.1,1.73,,,2.23,1.73,2.12,1.7,2.16,1.85
17,Miami,Miami Open,2026-03-22,Masters 1000,Outdoor,Hard,3rd Round,3,Korda S.,Alcaraz C.,36.0,1.0,1200.0,13550.0,6,3,5,7.0,6,4,,,,,2,1,Completed,6.5,1.11,,,6.5,1.13,6.12,1.12,8.0,1.14
17,Miami,Miami Open,2026-03-22,Masters 1000,Outdoor,Hard,3rd Round,3,Paul T.,Collignon R.,23.0,72.0,1765.0,768.0,6,2,3,6.0,7,6,,,,,2,1,Completed,1.4,3.0,,,1.4,3.1,1.38,2.99,1.42,3.3
17,Miami,Miami Open,2026-03-22,Masters 1000,Outdoor,Hard,3rd Round,3,Landaluce M.,Khachanov K.,151.0,15.0,394.0,2410.0,6,3,7,6.0,,,,,,,2,0,Completed,3.2,1.36,,,3.25,1.37,3.1,1.35,3.55,1.38
17,Miami,Miami Open,2026-03-23,Masters 1000,Outdoor,Hard,3rd Round,3,Vacherot V.,Berrettini M.,25.0,68.0,1741.0,800.0,7,6,6,4.0,,,,,,,2,0,Completed,2.2,1.67,,,2.2,1.72,2.15,1.68,2.26,1.78
17,Miami,Miami Open,2026-03-23,Masters 1000,Outdoor,Hard,3rd Round,3,Fils A.,Tsitsipas S.,31.0,51.0,1440.0,995.0,6,0,6,1.0,,,,,,,2,0,Completed,1.53,2.5,,,1.62,2.63,1.56,2.36,1.72,2.32
17,Miami,Miami Open,2026-03-23,Masters 1000,Outdoor,Hard,3rd Round,3,Humbert U.,Shevchenko A.,34.0,84.0,1245.0,679.0,6,4,7,6.0,,,,,,,2,0,Completed,1.25,4.0,,,1.27,4.0,1.25,3.86,1.29,4.3
17,Miami,Miami Open,2026-03-23,Masters 1000,Outdoor,Hard,3rd Round,3,Cerundolo F.,Medvedev D.,19.0,10.0,2020.0,3610.0,6,0,4,6.0,7,5,,,,,2,1,Completed,3.75,1.29,,,4.2,1.29,3.77,1.26,4.4,1.28
17,Miami,Miami Open,2026-03-23,Masters 1000,Outdoor,Hard,3rd Round,3,Atmane T.,Auger-Aliassime F.,53.0,8.0,968.0,4000.0,6,3,1,6.0,6,3,,,,,2,1,Completed,4,1.25,,,4.0,1.29,3.72,1.26,4.3,1.29
17,Miami,Miami Open,2026-03-23,Masters 1000,Outdoor,Hard,3rd Round,3,Tiafoe F.,Mensik J.,20.0,13.0,1920.0,2650.0,7,6,4,6.0,7,6,,,,,2,1,Completed,2.2,1.67,,,2.31,1.67,2.24,1.63,2.32,1.74
17,Miami,Miami Open,2026-03-23,Masters 1000,Outdoor,Hard,3rd Round,3,Michelsen A.,Tabilo A.,40.0,41.0,1135.0,1118.0,3,6,6,3.0,6,4,,,,,2,1,Completed,1.57,2.38,,,1.6,2.4,1.56,2.38,1.63,2.56
17,Miami,Miami Open,2026-03-23,Masters 1000,Outdoor,Hard,3rd Round,3,Zverev A.,Cilic M.,4.0,49.0,4905.0,1000.0,6,2,5,7.0,6,4,,,,,2,1,Completed,1.13,6.0,,,1.17,6.0,1.14,5.4,1.15,7.4
17,Miami,Miami Open,2026-03-23,Masters 1000,Outdoor,Hard,3rd Round,3,Halys Q.,Majchrzak K.,111.0,57.0,580.0,905.0,7,6,6,1.0,,,,,,,2,0,Completed,2.1,1.73,,,2.1,1.76,2.05,1.73,2.24,1.79
17,Miami,Miami Open,2026-03-23,Masters 1000,Outdoor,Hard,3rd Round,3,Sinner J.,Moutet C.,2.0,33.0,11400.0,1383.0,6,1,6,4.0,,,,,,,2,0,Completed,1.01,26.0,,,1.02,26.0,1.02,17.08,1.02,36.0
17,Miami,Miami Open,2026-03-24,Masters 1000,Outdoor,Hard,4th Round,3,Landaluce M.,Korda S.,151.0,36.0,394.0,1200.0,2,6,7,6.0,6,4,,,,,2,1,Completed,4,1.25,,,4.2,1.26,3.99,1.23,4.5,1.28
17,Miami,Miami Open,2026-03-24,Masters 1000,Outdoor,Hard,4th Round,3,Lehecka J.,Fritz T.,22.0,7.0,1850.0,4170.0,6,4,6,7.0,6,2,,,,,2,1,Completed,2.75,1.44,,,2.75,1.5,2.66,1.46,2.74,1.57
17,Miami,Miami Open,2026-03-24,Masters 1000,Outdoor,Hard,4th Round,3,Fils A.,Vacherot V.,31.0,25.0,1440.0,1741.0,6,4,6,7.0,6,4,,,,,2,1,Completed,1.36,3.2,,,1.37,3.3,1.36,3.12,1.41,3.35
17,Miami,Miami Open,2026-03-24,Masters 1000,Outdoor,Hard,4th Round,3,Paul T.,Etcheverry T.,23.0,32.0,1765.0,1430.0,6,1,6,3.0,,,,,,,2,0,Completed,1.36,3.2,,,1.37,3.2,1.36,3.07,1.4,3.4
17,Miami,Miami Open,2026-03-24,Masters 1000,Outdoor,Hard,4th Round,3,Sinner J.,Michelsen A.,2.0,40.0,11400.0,1135.0,7,5,7,6.0,,,,,,,2,0,Completed,1.03,15.0,,,1.04,17.0,1.03,11.79,1.04,20.0
17,Miami,Miami Open,2026-03-24,Masters 1000,Outdoor,Hard,4th Round,3,Tiafoe F.,Atmane T.,20.0,53.0,1920.0,968.0,6,4,1,6.0,6,4,,,,,2,1,Completed,1.44,2.75,,,1.45,2.85,1.43,2.74,1.49,3.0
17,Miami,Miami Open,2026-03-25,Masters 1000,Outdoor,Hard,4th Round,3,Cerundolo F.,Humbert U.,19.0,34.0,2020.0,1245.0,6,4,6,3.0,,,,,,,2,0,Completed,2,1.8,,,2.09,1.91,1.96,1.81,2.08,1.91
17,Miami,Miami Open,2026-03-25,Masters 1000,Outdoor,Hard,4th Round,3,Zverev A.,Halys Q.,4.0,111.0,4905.0,580.0,7,6,7,6.0,,,,,,,2,0,Completed,1.14,5.5,,,1.14,6.25,1.13,5.78,1.15,7.4
17,Miami,Miami Open,2026-03-25,Masters 1000,Outdoor,Hard,Quarterfinals,3,Lehecka J.,Landaluce M.,22.0,151.0,1850.0,394.0,7,6,7,5.0,,,,,,,2,0,Completed,1.3,3.5,,,1.35,3.5,1.32,3.34,1.35,3.75
17,Miami,Miami Open,2026-03-26,Masters 1000,Outdoor,Hard,Quarterfinals,3,Fils A.,Paul T.,31.0,23.0,1440.0,1765.0,6,7,7,6.0,7,6,,,,,2,1,Completed,1.73,2.1,,,1.75,2.14,1.72,2.09,1.82,2.18
17,Miami,Miami Open,2026-03-26,Masters 1000,Outdoor,Hard,Quarterfinals,3,Sinner J.,Tiafoe F.,2.0,20.0,11400.0,1920.0,6,2,6,2.0,,,,,,,2,0,Completed,1.03,15.0,,,1.04,15.0,1.03,12.21,1.07,14.5
17,Miami,Miami Open,2026-03-26,Masters 1000,Outdoor,Hard,Quarterfinals,3,Zverev A.,Cerundolo F.,4.0,19.0,4905.0,2020.0,6,1,6,2.0,,,,,,,2,0,Completed,1.3,3.5,,,1.37,3.6,1.32,3.33,1.37,3.65
17,Miami,Miami Open,2026-03-27,Masters 1000,Outdoor,Hard,Semifinals,3,Lehecka J.,Fils A.,22.0,31.0,1850.0,1440.0,6,2,6,2.0,,,,,,,2,0,Completed,2.3,1.62,,,2.4,1.68,2.27,1.61,2.48,1.66
17,Miami,Miami Open,2026-03-27,Masters 1000,Outdoor,Hard,Semifinals,3,Sinner J.,Zverev A.,2.0,4.0,11400.0,4905.0,6,3,7,6.0,,,,,,,2,0,Completed,1.13,6.0,,,1.16,6.0,1.14,5.47,1.18,6.4
17,Miami,Miami Open,2026-03-29,Masters 1000,Outdoor,Hard,The Final,3,Sinner J.,Lehecka J.,2.0,22.0,11400.0,1850.0,6,4,6,4.0,,,,,,,2,0,Completed,1.06,10.0,,,1.08,13.0,1.06,9.21,1.07,13.5
18,Bucharest,Tiriac Open,2026-03-31,ATP250,Outdoor,Clay,1st Round,3,Moller E.,Boitan G.A.,134.0,306.0,478.0,167.0,6,3,7,5.0,,,,,,,2,0,Completed,1.33,3.4,,,1.36,3.4,1.33,3.22,1.42,3.35
18,Bucharest,Tiriac Open,2026-03-31,ATP250,Outdoor,Clay,1st Round,3,Navone M.,O Connell C.,60.0,128.0,860.0,493.0,6,4,7,6.0,,,,,,,2,0,Completed,1.25,4.0,,,1.3,4.0,1.27,3.6,1.32,4.0
18,Bucharest,Tiriac Open,2026-03-31,ATP250,Outdoor,Clay,1st Round,3,Shevchenko A.,Turcanu R.D.,76.0,659.0,716.0,52.0,6,2,6,4.0,,,,,,,2,0,Completed,1.11,6.5,,,1.11,8.0,1.09,6.93,1.08,12.5
18,Bucharest,Tiriac Open,2026-03-31,ATP250,Outdoor,Clay,1st Round,3,Droguet T.,Bautista Agut R.,122.0,80.0,528.0,685.0,6,1,1,6.0,6,1,,,,,2,1,Completed,1.67,2.2,,,1.68,2.2,1.65,2.18,1.75,2.32
18,Bucharest,Tiriac Open,2026-03-31,ATP250,Outdoor,Clay,1st Round,3,Van De Zandschulp B.,Maestrelli F.,62.0,114.0,841.0,577.0,6,3,6,2.0,,,,,,,2,0,Completed,1.36,3.2,,,1.4,3.4,1.36,3.05,1.49,3.0
18,Bucharest,Tiriac Open,2026-03-31,ATP250,Outdoor,Clay,1st Round,3,Dzumhur D.,Jianu F.C.,74.0,246.0,731.0,219.0,6,3,4,6.0,7,6,,,,,2,1,Completed,1.4,3.0,,,1.45,3.0,1.42,2.76,1.51,2.92
18,Bucharest,Tiriac Open,2026-03-31,ATP250,Outdoor,Clay,1st Round,3,Prizmic D.,Basilashvili N.,112.0,129.0,585.0,493.0,6,4,6,2.0,,,,,,,2,0,Completed,1.57,2.38,,,1.57,2.38,1.57,2.38,,
18,Bucharest,Tiriac Open,2026-03-31,ATP250,Outdoor,Clay,1st Round,3,Sakellaridis S.,Choinski J.,225.0,120.0,252.0,534.0,6,3,6,4.0,,,,,,,2,0,Completed,2.63,1.5,,,2.63,1.5,2.63,1.5,,
18,Bucharest,Tiriac Open,2026-03-31,ATP250,Outdoor,Clay,1st Round,3,Molcan A.,Arnaldi M.,189.0,107.0,314.0,605.0,6,3,6,1.0,,,,,,,2,0,Completed,2.75,1.44,,,2.75,1.5,2.67,1.44,2.94,1.5
18,Bucharest,Tiriac Open,2026-03-31,ATP250,Outdoor,Clay,1st Round,3,Merida Aguilar D.,Virtanen O.,136.0,123.0,458.0,512.0,7,6,5,7.0,7,5,,,,,2,1,Completed,1.4,3.0,,,1.44,3.0,1.41,2.82,1.48,3.0
18,Bucharest,Tiriac Open,2026-03-31,ATP250,Outdoor,Clay,1st Round,3,Baez S.,Gaubas V.,50.0,108.0,980.0,603.0,6,3,6,1.0,,,,,,,2,0,Completed,1.22,4.33,,,1.25,4.33,1.23,3.98,1.28,4.5
18,Bucharest,Tiriac Open,2026-03-31,ATP250,Outdoor,Clay,1st Round,3,Altmaier D.,Martinez P.,52.0,113.0,960.0,580.0,6,1,6,4.0,,,,,,,2,0,Completed,1.91,1.91,,,1.97,1.91,1.9,1.84,2.02,1.96
18,Bucharest,Tiriac Open,2026-04-01,ATP250,Outdoor,Clay,2nd Round,3,Van De Zandschulp B.,Shevchenko A.,62.0,76.0,841.0,716.0,7,5,6,1.0,,,,,,,2,0,Completed,1.53,2.5,,,1.54,2.54,1.52,2.47,1.61,2.58
18,Bucharest,Tiriac Open,2026-04-01,ATP250,Outdoor,Clay,2nd Round,3,Navone M.,Moller E.,60.0,134.0,860.0,478.0,6,2,6,1.0,,,,,,,2,0,Completed,1.25,4.0,,,1.26,4.0,1.25,3.81,1.29,4.3
18,Bucharest,Tiriac Open,2026-04-01,ATP250,Outdoor,Clay,2nd Round,3,Dzumhur D.,Borges N.,74.0,48.0,731.0,995.0,7,6,6,4.0,,,,,,,2,0,Completed,2.5,1.53,,,2.55,1.54,2.48,1.51,2.58,1.62
18,Bucharest,Tiriac Open,2026-04-01,ATP250,Outdoor,Clay,2nd Round,3,Molcan A.,Diallo G.,189.0,36.0,314.0,1175.0,6,2,6,2.0,,,,,,,2,0,Completed,2.2,1.67,,,2.28,1.67,2.21,1.63,2.48,1.65
18,Bucharest,Tiriac Open,2026-04-03,ATP250,Outdoor,Clay,2nd Round,3,Merida Aguilar D.,Mannarino A.,136.0,43.0,458.0,1082.0,4,6,6,2.0,6,2,,,,,2,1,Completed,1.22,4.33,,,1.27,4.33,1.23,4.04,1.31,4.2
18,Bucharest,Tiriac Open,2026-04-03,ATP250,Outdoor,Clay,2nd Round,3,Droguet T.,Baez S.,122.0,50.0,528.0,980.0,6,4,6,4.0,,,,,,,2,0,Completed,3.2,1.36,,,3.25,1.38,3.07,1.35,3.15,1.46
18,Bucharest,Tiriac Open,2026-04-03,ATP250,Outdoor,Clay,2nd Round,3,Marozsan F.,Sakellaridis S.,47.0,225.0,1005.0,252.0,7,6,7,5.0,,,,,,,2,0,Completed,1.3,3.5,,,1.36,3.6,1.31,3.32,1.37,3.6
18,Bucharest,Tiriac Open,2026-04-03,ATP250,Outdoor,Clay,2nd Round,3,Altmaier D.,Prizmic D.,52.0,112.0,960.0,585.0,3,6,7,6.0,7,6,,,,,2,1,Completed,2.5,1.53,,,2.5,1.64,2.36,1.55,2.66,1.58
18,Bucharest,Tiriac Open,2026-04-03,ATP250,Outdoor,Clay,Quarterfinals,3,Van De Zandschulp B.,Dzumhur D.,62.0,74.0,841.0,731.0,6,3,6,3.0,,,,,,,2,0,Completed,1.53,2.5,,,1.53,2.63,1.5,2.51,1.58,2.66
18,Bucharest,Tiriac Open,2026-04-03,ATP250,Outdoor,Clay,Quarterfinals,3,Navone M.,Molcan A.,60.0,189.0,860.0,314.0,3,6,6,2.0,6,3,,,,,2,1,Completed,1.36,3.2,,,1.37,3.2,1.35,3.06,1.41,3.4
18,Bucharest,Tiriac Open,2026-04-03,ATP250,Outdoor,Clay,Quarterfinals,3,Merida Aguilar D.,Droguet T.,136.0,122.0,458.0,528.0,4,6,7,6.0,3,1,,,,,1,1,Retired,2.38,1.57,,,2.38,1.63,2.29,1.59,2.5,1.66
18,Bucharest,Tiriac Open,2026-04-03,ATP250,Outdoor,Clay,Quarterfinals,3,Marozsan F.,Altmaier D.,47.0,52.0,1005.0,960.0,6,2,7,6.0,,,,,,,2,0,Completed,1.44,2.75,,,1.44,2.88,1.41,2.78,1.5,2.96
18,Bucharest,Tiriac Open,2026-04-04,ATP250,Outdoor,Clay,Semifinals,3,Navone M.,Van De Zandschulp B.,60.0,62.0,860.0,841.0,5,7,7,6.0,7,5,,,,,2,1,Completed,1.57,2.38,,,1.62,2.4,1.58,2.31,1.62,2.54
18,Bucharest,Tiriac Open,2026-04-04,ATP250,Outdoor,Clay,Semifinals,3,Merida Aguilar D.,Marozsan F.,136.0,47.0,458.0,1005.0,6,7,6,3.0,6,1,,,,,2,1,Completed,3.4,1.33,,,3.5,1.33,3.31,1.32,3.45,1.4
18,Bucharest,Tiriac Open,2026-04-05,ATP250,Outdoor,Clay,The Final,3,Navone M.,Merida Aguilar D.,60.0,136.0,860.0,458.0,6,2,4,6.0,7,5,,,,,2,1,Completed,1.36,3.2,,,1.38,3.25,1.35,3.11,1.39,3.5
19,Houston,U.S.Men's Clay Court Championships,2026-03-30,ATP250,Outdoor,Clay,1st Round,3,Vallejo D.,Svajda Z.,109.0,82.0,601.0,674.0,6,1,6,4.0,,,,,,,2,0,Completed,1.62,2.3,,,1.62,2.5,1.57,2.33,1.62,2.58
19,Houston,U.S.Men's Clay Court Championships,2026-03-30,ATP250,Outdoor,Clay,1st Round,3,Zhang Zh.,Pinnington Jones J.,263.0,138.0,205.0,456.0,6,1,6,3.0,,,,,,,2,0,Completed,1.73,2.1,,,1.78,2.11,1.73,2.06,1.8,2.22
19,Houston,U.S.Men's Clay Court Championships,2026-03-30,ATP250,Outdoor,Clay,1st Round,3,Bolt A.,Wu Y.,165.0,118.0,369.0,559.0,7,6,6,2.0,,,,,,,2,0,Completed,4.33,1.22,,,4.33,1.29,3.72,1.26,4.3,1.29
19,Houston,U.S.Men's Clay Court Championships,2026-03-31,ATP250,Outdoor,Clay,1st Round,3,McDonald M.,Brooksby J.,125.0,41.0,501.0,1115.0,6,4,6,2.0,,,,,,,2,0,Completed,3.2,1.36,,,3.25,1.37,3.1,1.35,3.55,1.38
19,Houston,U.S.Men's Clay Court Championships,2026-03-31,ATP250,Outdoor,Clay,1st Round,3,Tirante T.A.,Smith C.,83.0,164.0,673.0,371.0,6,0,6,3.0,,,,,,,2,0,Completed,1.5,2.63,,,1.5,2.63,1.47,2.59,1.53,2.82
19,Houston,U.S.Men's Clay Court Championships,2026-03-31,ATP250,Outdoor,Clay,1st Round,3,Basavareddy N.,Draxl L.,193.0,147.0,306.0,430.0,6,3,2,6.0,6,4,,,,,2,1,Completed,1.8,2.0,,,1.91,2.0,1.85,1.9,2.0,1.98
19,Houston,U.S.Men's Clay Court Championships,2026-03-31,ATP250,Outdoor,Clay,1st Round,3,Etcheverry T.,Gomez F.A.,31.0,182.0,1500.0,331.0,1,6,6,1.0,6,4,,,,,2,1,Completed,1.2,4.5,,,1.2,4.9,1.18,4.57,1.22,5.2
19,Houston,U.S.Men's Clay Court Championships,2026-03-31,ATP250,Outdoor,Clay,1st Round,3,Nakashima B.,Damm M.,33.0,126.0,1395.0,499.0,7,6,6,2.0,,,,,,,2,0,Completed,1.3,3.5,,,1.32,3.6,1.3,3.43,1.37,3.6
19,Houston,U.S.Men's Clay Court Championships,2026-04-01,ATP250,Outdoor,Clay,1st Round,3,Michelsen A.,Wong C.,35.0,124.0,1225.0,503.0,6,4,6,2.0,,,,,,,2,0,Completed,1.29,3.75,,,1.29,4.0,1.26,3.7,1.29,4.4
19,Houston,U.S.Men's Clay Court Championships,2026-04-01,ATP250,Outdoor,Clay,1st Round,3,Hijikata R.,Kovacevic A.,102.0,85.0,619.0,661.0,6,4,6,2.0,,,,,,,2,0,Completed,2.38,1.57,,,2.38,1.65,2.29,1.59,2.44,1.68
19,Houston,U.S.Men's Clay Court Championships,2026-04-01,ATP250,Outdoor,Clay,1st Round,3,Popyrin A.,Kypson P.,45.0,96.0,1010.0,640.0,4,6,6,4.0,6,3,,,,,2,1,Completed,1.53,2.5,,,1.58,2.5,1.54,2.44,1.6,2.62
19,Houston,U.S.Men's Clay Court Championships,2026-04-01,ATP250,Outdoor,Clay,1st Round,3,Burruchaga R.,Walton A.,77.0,105.0,703.0,614.0,6,2,6,3.0,,,,,,,2,0,Completed,1.44,2.75,,,1.5,2.75,1.46,2.65,1.5,2.96
19,Houston,U.S.Men's Clay Court Championships,2026-04-01,ATP250,Outdoor,Clay,2nd Round,3,Etcheverry T.,Bolt A.,31.0,165.0,1500.0,369.0,6,7,6,0.0,6,3,,,,,2,1,Completed,1.08,8.0,,,1.09,8.0,1.08,7.33,1.09,10.0
19,Houston,U.S.Men's Clay Court Championships,2026-04-01,ATP250,Outdoor,Clay,2nd Round,3,Tirante T.A.,McDonald M.,83.0,125.0,673.0,501.0,6,2,6,0.0,,,,,,,2,0,Completed,1.33,3.4,,,1.37,3.4,1.35,3.09,1.4,3.4
19,Houston,U.S.Men's Clay Court Championships,2026-04-02,ATP250,Outdoor,Clay,2nd Round,3,Shelton B.,Zhang Zh.,9.0,263.0,3860.0,205.0,7,6,7,6.0,,,,,,,2,0,Completed,1.3,3.5,,,1.36,3.5,1.32,3.29,1.37,3.65
19,Houston,U.S.Men's Clay Court Championships,2026-04-02,ATP250,Outdoor,Clay,2nd Round,3,Paul T.,Vallejo D.,21.0,109.0,1915.0,601.0,3,6,6,4.0,6,4,,,,,2,1,Completed,1.22,4.33,,,1.26,4.33,1.23,3.9,1.26,4.7
19,Houston,U.S.Men's Clay Court Championships,2026-04-02,ATP250,Outdoor,Clay,2nd Round,3,Burruchaga R.,Nakashima B.,77.0,33.0,703.0,1395.0,6,4,2,6.0,6,4,,,,,2,1,Completed,2.63,1.5,,,2.63,1.66,2.3,1.6,2.38,1.71
19,Houston,U.S.Men's Clay Court Championships,2026-04-02,ATP250,Outdoor,Clay,2nd Round,3,Tien L.,Basavareddy N.,22.0,193.0,1845.0,306.0,6,3,3,6.0,6,1,,,,,2,1,Completed,1.25,4.0,,,1.3,4.0,1.25,3.79,1.29,4.4
19,Houston,U.S.Men's Clay Court Championships,2026-04-03,ATP250,Outdoor,Clay,2nd Round,3,Tiafoe F.,Hijikata R.,18.0,102.0,2070.0,619.0,6,4,3,6.0,6,2,,,,,2,1,Completed,1.25,4.0,,,1.26,4.0,1.25,3.84,1.28,4.3
19,Houston,U.S.Men's Clay Court Championships,2026-04-03,ATP250,Outdoor,Clay,2nd Round,3,Popyrin A.,Michelsen A.,45.0,35.0,1010.0,1225.0,6,0,4,6.0,6,1,,,,,2,1,Completed,2.63,1.5,,,2.63,1.56,2.5,1.52,2.78,1.54
19,Houston,U.S.Men's Clay Court Championships,2026-04-03,ATP250,Outdoor,Clay,Quarterfinals,3,Burruchaga R.,Tien L.,77.0,22.0,703.0,1845.0,7,5,6,4.0,,,,,,,2,0,Completed,2.3,1.62,,,2.35,1.64,2.25,1.61,2.34,1.73
19,Houston,U.S.Men's Clay Court Championships,2026-04-03,ATP250,Outdoor,Clay,Quarterfinals,3,Tirante T.A.,Shelton B.,83.0,9.0,673.0,3860.0,6,7,6,3.0,6,4,,,,,2,1,Completed,2.75,1.44,,,2.88,1.45,2.76,1.42,3.0,1.48
19,Houston,U.S.Men's Clay Court Championships,2026-04-03,ATP250,Outdoor,Clay,Quarterfinals,3,Paul T.,Etcheverry T.,21.0,31.0,1915.0,1500.0,6,4,6,2.0,,,,,,,2,0,Completed,1.44,2.75,,,1.48,2.75,1.45,2.67,1.48,3.0
19,Houston,U.S.Men's Clay Court Championships,2026-04-04,ATP250,Outdoor,Clay,Quarterfinals,3,Tiafoe F.,Popyrin A.,18.0,45.0,2070.0,1010.0,3,6,6,4.0,7,6,,,,,2,1,Completed,1.57,2.38,,,1.6,2.4,1.56,2.34,1.61,2.58
19,Houston,U.S.Men's Clay Court Championships,2026-04-04,ATP250,Outdoor,Clay,Semifinals,3,Burruchaga R.,Tirante T.A.,77.0,83.0,703.0,673.0,6,1,6,1.0,,,,,,,2,0,Completed,1.91,1.91,,,1.91,1.91,1.87,1.88,1.95,2.02
19,Houston,U.S.Men's Clay Court Championships,2026-04-04,ATP250,Outdoor,Clay,Semifinals,3,Paul T.,Tiafoe F.,21.0,18.0,1915.0,2070.0,7,5,4,6.0,7,6,,,,,2,1,Completed,1.4,3.0,,,1.44,3.0,1.4,2.89,1.44,3.2
19,Houston,U.S.Men's Clay Court Championships,2026-04-05,ATP250,Outdoor,Clay,The Final,3,Paul T.,Burruchaga R.,21.0,77.0,1915.0,703.0,6,1,3,6.0,7,5,,,,,2,1,Completed,1.44,2.75,,,1.45,2.9,1.42,2.78,1.49,3.0
20,Marrakech,Grand Prix Hassan II,2026-03-30,ATP250,Outdoor,Clay,1st Round,3,Baadi T.,Vukic A.,587.0,84.0,64.0,663.0,6,2,3,6.0,6,1,,,,,2,1,Completed,8,1.08,,,9.0,1.08,8.17,1.07,9.6,1.11
20,Marrakech,Grand Prix Hassan II,2026-03-30,ATP250,Outdoor,Clay,1st Round,3,Bennani K.,Halys Q.,731.0,90.0,41.0,650.0,6,4,6,7.0,6,2,,,,,2,1,Completed,11,1.05,,,11.0,1.06,9.72,1.05,15.0,1.06
20,Marrakech,Grand Prix Hassan II,2026-03-30,ATP250,Outdoor,Clay,1st Round,3,Hanfmann Y.,De Jong J.,61.0,99.0,857.0,625.0,7,6,6,4.0,,,,,,,2,0,Completed,1.5,2.63,,,1.53,2.63,1.52,2.48,1.67,2.48
20,Marrakech,Grand Prix Hassan II,2026-03-31,ATP250,Outdoor,Clay,1st Round,3,Muller A.,Cina F.,94.0,208.0,645.0,285.0,6,2,6,3.0,,,,,,,2,0,Completed,1.67,2.2,,,1.73,2.2,1.68,2.14,1.83,2.18
20,Marrakech,Grand Prix Hassan II,2026-03-31,ATP250,Outdoor,Clay,1st Round,3,Majchrzak K.,Cerundolo J.M.,53.0,69.0,955.0,776.0,7,6,3,6.0,6,3,,,,,2,1,Completed,1.73,2.1,,,1.85,2.1,1.77,2.0,1.93,2.06
20,Marrakech,Grand Prix Hassan II,2026-03-31,ATP250,Outdoor,Clay,1st Round,3,Bellucci M.,Bennani R.,73.0,555.0,740.0,70.0,6,3,3,6.0,6,4,,,,,2,1,Completed,1.17,5.0,,,1.2,5.0,1.18,4.57,1.18,6.0
20,Marrakech,Grand Prix Hassan II,2026-03-31,ATP250,Outdoor,Clay,1st Round,3,Trungelliti M.,Rocha H.,117.0,133.0,561.0,483.0,7,6,6,2.0,,,,,,,2,0,Completed,2.1,1.73,,,2.4,1.73,2.3,1.59,2.58,1.62
20,Marrakech,Grand Prix Hassan II,2026-03-31,ATP250,Outdoor,Clay,1st Round,3,Buse I.,Berrettini M.,59.0,91.0,864.0,650.0,7,6,6,7.0,6,4,,,,,2,1,Completed,2.63,1.5,,,2.7,1.5,2.6,1.47,2.72,1.56
20,Marrakech,Grand Prix Hassan II,2026-03-31,ATP250,Outdoor,Clay,1st Round,3,Ugo Carabelli C.,Skatov T.,67.0,202.0,780.0,292.0,6,7,6,3.0,6,4,,,,,2,1,Completed,1.36,3.2,,,1.37,3.2,1.35,3.03,1.41,3.3
20,Marrakech,Grand Prix Hassan II,2026-03-31,ATP250,Outdoor,Clay,1st Round,3,Van Assche L.,Gaston H.,109.0,116.0,601.0,564.0,6,4,7,6.0,,,,,,,2,0,Completed,1.62,2.3,,,1.75,2.35,1.67,2.16,1.75,2.28
20,Marrakech,Grand Prix Hassan II,2026-03-31,ATP250,Outdoor,Clay,1st Round,3,Jodar R.,Lajovic D.,89.0,132.0,652.0,486.0,6,3,6,4.0,,,,,,,2,0,Completed,1.57,2.38,,,1.62,2.43,1.58,2.31,1.74,2.34
20,Marrakech,Grand Prix Hassan II,2026-04-01,ATP250,Outdoor,Clay,1st Round,3,Kopriva V.,Medjedovic H.,70.0,81.0,763.0,680.0,6,7,7,5.0,6,2,,,,,2,1,Completed,2.2,1.67,,,2.25,1.67,2.23,1.62,2.4,1.7
20,Marrakech,Grand Prix Hassan II,2026-04-01,ATP250,Outdoor,Clay,2nd Round,3,Trungelliti M.,Majchrzak K.,117.0,53.0,561.0,955.0,7,6,6,3.0,,,,,,,2,0,Completed,2.5,1.53,,,2.7,1.53,2.6,1.48,2.68,1.59
20,Marrakech,Grand Prix Hassan II,2026-04-01,ATP250,Outdoor,Clay,2nd Round,3,Moutet C.,Baadi T.,32.0,587.0,1403.0,64.0,6,0,6,2.0,,,,,,,2,0,Completed,1.04,13.0,,,1.04,13.0,1.03,11.42,1.06,16.5
20,Marrakech,Grand Prix Hassan II,2026-04-01,ATP250,Outdoor,Clay,2nd Round,3,Darderi L.,Bellucci M.,19.0,73.0,2050.0,740.0,6,4,6,2.0,,,,,,,2,0,Completed,1.2,4.5,,,1.22,4.5,1.2,4.28,1.24,5.1
20,Marrakech,Grand Prix Hassan II,2026-04-01,ATP250,Outdoor,Clay,2nd Round,3,Hanfmann Y.,Bennani K.,61.0,731.0,857.0,41.0,6,4,6,7.0,6,2,,,,,2,1,Completed,1.05,11.0,,,1.05,12.0,1.05,9.67,1.06,16.0
20,Marrakech,Grand Prix Hassan II,2026-04-02,ATP250,Outdoor,Clay,2nd Round,3,Muller A.,Kopriva V.,94.0,70.0,645.0,763.0,6,3,7,6.0,,,,,,,2,0,Completed,2.1,1.73,,,2.1,1.83,2.06,1.73,2.28,1.76
20,Marrakech,Grand Prix Hassan II,2026-04-02,ATP250,Outdoor,Clay,2nd Round,3,Jodar R.,Machac T.,89.0,55.0,652.0,930.0,6,4,4,6.0,6,3,,,,,2,1,Completed,1.91,1.91,,,2.02,1.91,1.96,1.8,2.18,1.83
20,Marrakech,Grand Prix Hassan II,2026-04-02,ATP250,Outdoor,Clay,2nd Round,3,Ugo Carabelli C.,Buse I.,67.0,59.0,780.0,864.0,6,3,3,6.0,7,5,,,,,2,1,Completed,2.1,1.73,,,2.1,1.75,2.09,1.71,2.12,1.89
20,Marrakech,Grand Prix Hassan II,2026-04-02,ATP250,Outdoor,Clay,2nd Round,3,Van Assche L.,Griekspoor T.,109.0,30.0,601.0,1585.0,6,4,1,6.0,6,3,,,,,2,1,Completed,2.38,1.57,,,2.38,1.62,2.29,1.59,2.52,1.64
20,Marrakech,Grand Prix Hassan II,2026-04-03,ATP250,Outdoor,Clay,Quarterfinals,3,Trungelliti M.,Moutet C.,117.0,32.0,561.0,1403.0,4,6,6,3.0,6,4,,,,,2,1,Completed,2.75,1.44,,,2.95,1.44,2.81,1.41,2.96,1.5
20,Marrakech,Grand Prix Hassan II,2026-04-03,ATP250,Outdoor,Clay,Quarterfinals,3,Darderi L.,Hanfmann Y.,19.0,61.0,2050.0,857.0,,,,,,,,,,,,,Walkover,1.36,3.2,,,1.37,3.25,1.34,3.12,1.36,3.0
20,Marrakech,Grand Prix Hassan II,2026-04-03,ATP250,Outdoor,Clay,Quarterfinals,3,Jodar R.,Muller A.,89.0,94.0,652.0,645.0,6,2,2,0.0,,,,,,,1,0,Retired,1.53,2.5,,,1.56,2.5,1.53,2.45,1.58,2.7
20,Marrakech,Grand Prix Hassan II,2026-04-03,ATP250,Outdoor,Clay,Quarterfinals,3,Ugo Carabelli C.,Van Assche L.,67.0,109.0,780.0,601.0,0,6,6,3.0,6,2,,,,,2,1,Completed,1.62,2.3,,,1.63,2.45,1.59,2.29,1.71,2.4
20,Marrakech,Grand Prix Hassan II,2026-04-04,ATP250,Outdoor,Clay,Semifinals,3,Trungelliti M.,Darderi L.,117.0,19.0,561.0,2050.0,6,4,7,6.0,,,,,,,2,0,Completed,5,1.17,,,5.1,1.19,4.7,1.17,5.3,1.22
20,Marrakech,Grand Prix Hassan II,2026-04-04,ATP250,Outdoor,Clay,Semifinals,3,Jodar R.,Ugo Carabelli C.,89.0,67.0,652.0,780.0,6,2,6,1.0,,,,,,,2,0,Completed,1.44,2.75,,,1.49,3.0,1.43,2.74,1.5,2.96
20,Marrakech,Grand Prix Hassan II,2026-04-05,ATP250,Outdoor,Clay,The Final,3,Jodar R.,Trungelliti M.,89.0,117.0,652.0,561.0,6,3,6,2.0,,,,,,,2,0,Completed,1.33,3.4,,,1.34,3.5,1.31,3.33,1.35,3.7
21,Monte Carlo,Monte Carlo Masters,2026-04-05,Masters 1000,Outdoor,Clay,1st Round,3,Norrie C.,Kecmanovic M.,24.0,59.0,1753.0,875.0,6,2,4,6.0,7,6,,,,,2,1,Completed,1.67,2.2,,,1.67,2.24,1.66,2.17,1.8,2.22
21,Monte Carlo,Monte Carlo Masters,2026-04-05,Masters 1000,Outdoor,Clay,1st Round,3,Monfils G.,Griekspoor T.,199.0,32.0,290.0,1430.0,6,7,6,1.0,6,4,,,,,2,1,Completed,2.38,1.57,,,2.63,1.57,2.52,1.51,2.92,1.51
21,Monte Carlo,Monte Carlo Masters,2026-04-05,Masters 1000,Outdoor,Clay,1st Round,3,Tabilo A.,Fucsovics M.,39.0,58.0,1118.0,877.0,6,4,6,3.0,,,,,,,2,0,Completed,1.53,2.5,,,1.53,2.54,1.51,2.49,1.57,2.72
21,Monte Carlo,Monte Carlo Masters,2026-04-05,Masters 1000,Outdoor,Clay,1st Round,3,Humbert U.,Kouame M.,34.0,334.0,1320.0,151.0,6,3,7,5.0,,,,,,,2,0,Completed,1.25,4.0,,,1.25,4.5,1.23,4.04,1.29,4.3
21,Monte Carlo,Monte Carlo Masters,2026-04-06,Masters 1000,Outdoor,Clay,1st Round,3,Rublev A.,Borges N.,15.0,50.0,2400.0,970.0,6,4,1,6.0,6,1,,,,,2,1,Completed,1.22,4.33,,,1.24,4.5,1.22,4.15,1.26,4.7
21,Monte Carlo,Monte Carlo Masters,2026-04-06,Masters 1000,Outdoor,Clay,1st Round,3,Rinderknech A.,Khachanov K.,27.0,14.0,1651.0,2410.0,7,5,6,2.0,,,,,,,2,0,Completed,3,1.4,,,3.1,1.43,2.88,1.4,3.15,1.45
21,Monte Carlo,Monte Carlo Masters,2026-04-06,Masters 1000,Outdoor,Clay,1st Round,3,Bergs Z.,Mannarino A.,47.0,46.0,1010.0,1050.0,6,4,6,3.0,,,,,,,2,0,Completed,1.22,4.33,,,1.27,4.33,1.23,4.01,1.28,4.4
21,Monte Carlo,Monte Carlo Masters,2026-04-06,Masters 1000,Outdoor,Clay,1st Round,3,Baez S.,Wawrinka S.,65.0,104.0,840.0,608.0,7,5,7,5.0,,,,,,,2,0,Completed,1.4,3.0,,,1.45,3.1,1.4,2.88,1.44,3.25
21,Monte Carlo,Monte Carlo Masters,2026-04-06,Masters 1000,Outdoor,Clay,1st Round,3,Lehecka J.,Nava E.,13.0,103.0,2490.0,615.0,7,6,6,7.0,6,2,,,,,2,1,Completed,1.29,3.75,,,1.29,3.75,1.26,3.68,1.29,4.3
21,Monte Carlo,Monte Carlo Masters,2026-04-06,Masters 1000,Outdoor,Clay,1st Round,3,Garin C.,Arnaldi M.,109.0,107.0,599.0,605.0,6,2,6,4.0,,,,,,,2,0,Completed,1.62,2.3,,,1.67,2.33,1.62,2.25,1.67,2.44
21,Monte Carlo,Monte Carlo Masters,2026-04-06,Masters 1000,Outdoor,Clay,1st Round,3,Cerundolo F.,Tsitsipas S.,19.0,48.0,2020.0,995.0,7,5,6,4.0,,,,,,,2,0,Completed,1.73,2.1,,,1.75,2.12,1.73,2.07,1.82,2.2
21,Monte Carlo,Monte Carlo Masters,2026-04-06,Masters 1000,Outdoor,Clay,1st Round,3,Machac T.,Altmaier D.,53.0,49.0,930.0,994.0,6,4,1,6.0,6,3,,,,,2,1,Completed,1.5,2.63,,,1.57,2.63,1.53,2.46,1.56,2.74
21,Monte Carlo,Monte Carlo Masters,2026-04-06,Masters 1000,Outdoor,Clay,1st Round,3,Blockx A.,Shapovalov D.,91.0,38.0,649.0,1120.0,6,4,4,6.0,6,3,,,,,2,1,Completed,1.8,2.0,,,1.9,2.0,1.81,1.96,1.9,2.08
21,Monte Carlo,Monte Carlo Masters,2026-04-06,Masters 1000,Outdoor,Clay,1st Round,3,Fonseca J.,Diallo G.,40.0,36.0,1115.0,1175.0,6,2,6,3.0,,,,,,,2,0,Completed,1.22,4.33,,,1.25,4.33,1.23,4.01,1.26,4.7
21,Monte Carlo,Monte Carlo Masters,2026-04-06,Masters 1000,Outdoor,Clay,1st Round,3,Vacherot V.,Cerundolo J.M.,23.0,71.0,1818.0,773.0,5,7,6,2.0,6,1,,,,,2,1,Completed,1.33,3.4,,,1.41,3.4,1.37,2.98,1.46,3.1
21,Monte Carlo,Monte Carlo Masters,2026-04-06,Masters 1000,Outdoor,Clay,1st Round,3,Cobolli F.,Comesana F.,16.0,99.0,2320.0,634.0,7,5,2,6.0,6,3,,,,,2,1,Completed,1.57,2.38,,,1.58,2.4,1.56,2.38,1.62,2.56
21,Monte Carlo,Monte Carlo Masters,2026-04-07,Masters 1000,Outdoor,Clay,1st Round,3,Berrettini M.,Bautista Agut R.,90.0,85.0,650.0,673.0,4,0,,,,,,,,,0,0,Retired,1.3,3.5,,,1.3,3.6,1.3,3.46,1.32,4.0
21,Monte Carlo,Monte Carlo Masters,2026-04-07,Masters 1000,Outdoor,Clay,1st Round,3,Etcheverry T.,Dimitrov G.,30.0,93.0,1540.0,645.0,6,4,2,6.0,6,3,,,,,2,1,Completed,1.57,2.38,,,1.58,2.5,1.55,2.4,1.62,2.58
21,Monte Carlo,Monte Carlo Masters,2026-04-07,Masters 1000,Outdoor,Clay,1st Round,3,Hurkacz H.,Darderi L.,74.0,21.0,745.0,1920.0,7,6,5,7.0,6,1,,,,,2,1,Completed,3.2,1.36,,,3.25,1.42,2.99,1.38,3.3,1.42
21,Monte Carlo,Monte Carlo Masters,2026-04-07,Masters 1000,Outdoor,Clay,1st Round,3,Cilic M.,Shevchenko A.,51.0,77.0,950.0,727.0,6,1,6,3.0,,,,,,,2,0,Completed,1.8,2.0,,,1.8,2.08,1.79,1.99,1.97,2.0
21,Monte Carlo,Monte Carlo Masters,2026-04-07,Masters 1000,Outdoor,Clay,1st Round,3,Marozsan F.,Dzumhur D.,43.0,81.0,1095.0,681.0,6,2,6,1.0,,,,,,,2,0,Completed,1.36,3.2,,,1.44,3.25,1.37,3.01,1.38,3.3
21,Monte Carlo,Monte Carlo Masters,2026-04-07,Masters 1000,Outdoor,Clay,1st Round,3,Atmane T.,Quinn E.,45.0,54.0,1058.0,911.0,6,1,6,4.0,,,,,,,2,0,Completed,2.1,1.73,,,2.18,1.73,2.11,1.7,2.24,1.8
21,Monte Carlo,Monte Carlo Masters,2026-04-07,Masters 1000,Outdoor,Clay,1st Round,3,Ruud C.,Popyrin A.,12.0,44.0,2625.0,1060.0,6,3,6,4.0,,,,,,,2,0,Completed,1.3,3.5,,,1.3,3.75,1.29,3.51,1.34,3.8
21,Monte Carlo,Monte Carlo Masters,2026-04-07,Masters 1000,Outdoor,Clay,1st Round,3,Moutet C.,Muller A.,31.0,88.0,1433.0,651.0,6,4,6,1.0,,,,,,,2,0,Completed,1.5,2.63,,,1.54,2.63,1.51,2.53,1.63,2.56
21,Monte Carlo,Monte Carlo Masters,2026-04-07,Masters 1000,Outdoor,Clay,2nd Round,3,Sinner J.,Humbert U.,2.0,34.0,12400.0,1320.0,6,3,6,0.0,,,,,,,2,0,Completed,1.02,19.0,,,1.03,19.0,1.03,13.42,1.03,30.0
21,Monte Carlo,Monte Carlo Masters,2026-04-07,Masters 1000,Outdoor,Clay,2nd Round,3,Alcaraz C.,Baez S.,1.0,65.0,13590.0,840.0,6,1,6,3.0,,,,,,,2,0,Completed,1.03,15.0,,,1.04,21.0,1.03,13.5,1.05,19.5
21,Monte Carlo,Monte Carlo Masters,2026-04-07,Masters 1000,Outdoor,Clay,2nd Round,3,Bublik A.,Monfils G.,11.0,199.0,3345.0,290.0,6,4,6,4.0,,,,,,,2,0,Completed,1.44,2.75,,,1.45,2.85,1.44,2.74,1.48,3.0
21,Monte Carlo,Monte Carlo Masters,2026-04-07,Masters 1000,Outdoor,Clay,2nd Round,3,De Minaur A.,Norrie C.,6.0,24.0,4095.0,1753.0,7,6,2,6.0,6,2,,,,,2,1,Completed,1.44,2.75,,,1.44,3.0,1.41,2.84,1.44,3.2
21,Monte Carlo,Monte Carlo Masters,2026-04-08,Masters 1000,Outdoor,Clay,2nd Round,3,Berrettini M.,Medvedev D.,90.0,10.0,650.0,3610.0,6,0,6,0.0,,,,,,,2,0,Completed,3,1.4,,,3.25,1.4,3.05,1.37,3.2,1.44
21,Monte Carlo,Monte Carlo Masters,2026-04-08,Masters 1000,Outdoor,Clay,2nd Round,3,Bergs Z.,Rublev A.,47.0,15.0,1010.0,2400.0,6,4,6,1.0,,,,,,,2,0,Completed,3.4,1.33,,,3.4,1.4,3.08,1.36,3.4,1.41
21,Monte Carlo,Monte Carlo Masters,2026-04-08,Masters 1000,Outdoor,Clay,2nd Round,3,Lehecka J.,Tabilo A.,13.0,39.0,2490.0,1118.0,4,6,7,6.0,6,3,,,,,2,1,Completed,1.73,2.1,,,1.75,2.12,1.73,2.07,1.84,2.16
21,Monte Carlo,Monte Carlo Masters,2026-04-08,Masters 1000,Outdoor,Clay,2nd Round,3,Zverev A.,Garin C.,3.0,109.0,5205.0,599.0,4,6,6,4.0,7,5,,,,,2,1,Completed,1.1,7.0,,,1.13,7.0,1.11,6.37,1.14,7.6
21,Monte Carlo,Monte Carlo Masters,2026-04-08,Masters 1000,Outdoor,Clay,2nd Round,3,Fonseca J.,Rinderknech A.,40.0,27.0,1115.0,1651.0,7,5,4,6.0,6,3,,,,,2,1,Completed,1.25,4.0,,,1.29,4.0,1.25,3.78,1.3,4.2
21,Monte Carlo,Monte Carlo Masters,2026-04-08,Masters 1000,Outdoor,Clay,2nd Round,3,Machac T.,Cerundolo F.,53.0,19.0,930.0,2020.0,7,6,6,3.0,,,,,,,2,0,Completed,3.5,1.3,,,3.6,1.35,3.33,1.32,3.85,1.34
21,Monte Carlo,Monte Carlo Masters,2026-04-08,Masters 1000,Outdoor,Clay,2nd Round,3,Auger-Aliassime F.,Cilic M.,7.0,51.0,4000.0,950.0,7,6,6,3.0,,,,,,,2,0,Completed,1.44,2.75,,,1.44,2.88,1.43,2.77,1.49,2.98
21,Monte Carlo,Monte Carlo Masters,2026-04-08,Masters 1000,Outdoor,Clay,2nd Round,3,Ruud C.,Moutet C.,12.0,31.0,2625.0,1433.0,7,5,6,3.0,,,,,,,2,0,Completed,1.36,3.2,,,1.36,3.3,1.34,3.13,1.42,3.3
21,Monte Carlo,Monte Carlo Masters,2026-04-08,Masters 1000,Outdoor,Clay,2nd Round,3,Etcheverry T.,Atmane T.,30.0,45.0,1540.0,1058.0,3,6,6,3.0,6,2,,,,,2,1,Completed,1.36,3.2,,,1.38,3.25,1.36,3.05,1.43,3.3
21,Monte Carlo,Monte Carlo Masters,2026-04-08,Masters 1000,Outdoor,Clay,2nd Round,3,Blockx A.,Cobolli F.,91.0,16.0,649.0,2320.0,6,3,6,3.0,,,,,,,2,0,Completed,2.5,1.53,,,2.55,1.55,2.48,1.52,2.62,1.6
21,Monte Carlo,Monte Carlo Masters,2026-04-08,Masters 1000,Outdoor,Clay,2nd Round,3,Vacherot V.,Musetti L.,23.0,5.0,1818.0,4265.0,7,6,7,5.0,,,,,,,2,0,Completed,2.75,1.44,,,2.8,1.5,2.68,1.46,3.05,1.48
21,Monte Carlo,Monte Carlo Masters,2026-04-08,Masters 1000,Outdoor,Clay,2nd Round,3,Hurkacz H.,Marozsan F.,74.0,43.0,745.0,1095.0,6,2,6,3.0,,,,,,,2,0,Completed,2.1,1.73,,,2.2,1.73,2.1,1.71,2.2,1.8
21,Monte Carlo,Monte Carlo Masters,2026-04-09,Masters 1000,Outdoor,Clay,3rd Round,3,Fonseca J.,Berrettini M.,40.0,90.0,1115.0,650.0,6,3,6,2.0,,,,,,,2,0,Completed,1.62,2.3,,,1.67,2.31,1.63,2.24,1.79,2.26
21,Monte Carlo,Monte Carlo Masters,2026-04-09,Masters 1000,Outdoor,Clay,3rd Round,3,Zverev A.,Bergs Z.,3.0,47.0,5205.0,1010.0,6,2,7,5.0,,,,,,,2,0,Completed,1.17,5.0,,,1.24,5.0,1.2,4.4,1.23,5.3
21,Monte Carlo,Monte Carlo Masters,2026-04-09,Masters 1000,Outdoor,Clay,3rd Round,3,Auger-Aliassime F.,Ruud C.,7.0,12.0,4000.0,2625.0,7,5,2,2.0,,,,,,,1,0,Retired,2.38,1.57,,,2.63,1.6,2.39,1.56,2.7,1.58
21,Monte Carlo,Monte Carlo Masters,2026-04-09,Masters 1000,Outdoor,Clay,3rd Round,3,Sinner J.,Machac T.,2.0,53.0,12400.0,930.0,6,1,6,7.0,6,3,,,,,2,1,Completed,1.02,19.0,,,1.03,19.0,1.03,13.46,1.04,25.0
21,Monte Carlo,Monte Carlo Masters,2026-04-09,Masters 1000,Outdoor,Clay,3rd Round,3,Bublik A.,Lehecka J.,11.0,13.0,3345.0,2490.0,6,2,7,5.0,,,,,,,2,0,Completed,2.2,1.67,,,2.2,1.78,2.13,1.69,2.4,1.71
21,Monte Carlo,Monte Carlo Masters,2026-04-09,Masters 1000,Outdoor,Clay,3rd Round,3,Alcaraz C.,Etcheverry T.,1.0,30.0,13590.0,1540.0,6,1,4,6.0,6,3,,,,,2,1,Completed,1.03,15.0,,,1.04,19.0,1.03,13.42,1.03,26.0
21,Monte Carlo,Monte Carlo Masters,2026-04-09,Masters 1000,Outdoor,Clay,3rd Round,3,De Minaur A.,Blockx A.,6.0,91.0,4095.0,649.0,7,5,7,6.0,,,,,,,2,0,Completed,1.29,3.75,,,1.32,3.75,1.29,3.53,1.33,3.95
21,Monte Carlo,Monte Carlo Masters,2026-04-09,Masters 1000,Outdoor,Clay,3rd Round,3,Vacherot V.,Hurkacz H.,23.0,74.0,1818.0,745.0,6,7,6,3.0,6,4,,,,,2,1,Completed,1.57,2.38,,,1.66,2.38,1.63,2.23,1.68,2.44
21,Monte Carlo,Monte Carlo Masters,2026-04-10,Masters 1000,Outdoor,Clay,Quarterfinals,3,Zverev A.,Fonseca J.,3.0,40.0,5205.0,1115.0,7,5,6,7.0,6,3,,,,,2,1,Completed,1.62,2.3,,,1.63,2.38,1.6,2.3,1.65,2.5
21,Monte Carlo,Monte Carlo Masters,2026-04-10,Masters 1000,Outdoor,Clay,Quarterfinals,3,Sinner J.,Auger-Aliassime F.,2.0,7.0,12400.0,4000.0,6,3,6,4.0,,,,,,,2,0,Completed,1.1,7.0,,,1.13,7.5,1.1,6.56,1.15,7.2
21,Monte Carlo,Monte Carlo Masters,2026-04-10,Masters 1000,Outdoor,Clay,Quarterfinals,3,Alcaraz C.,Bublik A.,1.0,11.0,13590.0,3345.0,6,3,6,0.0,,,,,,,2,0,Completed,1.08,8.0,,,1.09,9.0,1.07,7.88,1.1,10.0
21,Monte Carlo,Monte Carlo Masters,2026-04-10,Masters 1000,Outdoor,Clay,Quarterfinals,3,Vacherot V.,De Minaur A.,23.0,6.0,1818.0,4095.0,6,4,3,6.0,6,3,,,,,2,1,Completed,2.75,1.44,,,2.8,1.5,2.68,1.45,2.8,1.54
21,Monte Carlo,Monte Carlo Masters,2026-04-11,Masters 1000,Outdoor,Clay,Semifinals,3,Sinner J.,Zverev A.,2.0,3.0,12400.0,5205.0,6,1,6,4.0,,,,,,,2,0,Completed,1.17,5.0,,,1.19,5.1,1.17,4.88,1.18,6.2
21,Monte Carlo,Monte Carlo Masters,2026-04-11,Masters 1000,Outdoor,Clay,Semifinals,3,Alcaraz C.,Vacherot V.,1.0,23.0,13590.0,1818.0,6,4,6,4.0,,,,,,,2,0,Completed,1.05,11.0,,,1.06,12.0,1.05,9.75,1.07,14.5
21,Monte Carlo,Monte Carlo Masters,2026-04-12,Masters 1000,Outdoor,Clay,The Final,3,Sinner J.,Alcaraz C.,2.0,1.0,12400.0,13590.0,7,6,6,3.0,,,,,,,2,0,Completed,1.8,2.0,,,1.91,2.0,1.85,1.94,1.93,2.06
22,Barcelona,Barcelona Open,2026-04-13,ATP500,Outdoor,Clay,1st Round,3,Moutet C.,Buse I.,31.0,60.0,1433.0,864.0,6,4,6,4.0,,,,,,,2,0,Completed,1.53,2.5,,,1.57,2.55,1.52,2.47,1.56,2.74
22,Barcelona,Barcelona Open,2026-04-13,ATP500,Outdoor,Clay,1st Round,3,Etcheverry T.,Draper J.,29.0,28.0,1590.0,1610.0,3,6,6,3.0,4,1,,,,,1,1,Retired,2.2,1.67,,,2.2,1.75,2.1,1.7,2.24,1.78
22,Barcelona,Barcelona Open,2026-04-13,ATP500,Outdoor,Clay,1st Round,3,Quinn E.,Opelka R.,50.0,68.0,927.0,803.0,7,5,7,6.0,,,,,,,2,0,Completed,1.5,2.63,,,1.5,2.63,1.48,2.57,1.57,2.74
22,Barcelona,Barcelona Open,2026-04-13,ATP500,Outdoor,Clay,1st Round,3,Norrie C.,Wawrinka S.,24.0,107.0,1778.0,608.0,6,4,6,7.0,6,4,,,,,2,1,Completed,1.29,3.75,,,1.29,3.75,1.28,3.59,1.32,4.0
22,Barcelona,Barcelona Open,2026-04-13,ATP500,Outdoor,Clay,1st Round,3,Medjedovic H.,Trungelliti M.,88.0,79.0,664.0,732.0,7,5,6,4.0,,,,,,,2,0,Completed,1.36,3.2,,,1.38,3.3,1.35,3.11,1.42,3.3
22,Barcelona,Barcelona Open,2026-04-13,ATP500,Outdoor,Clay,1st Round,3,Borges N.,Mannarino A.,52.0,46.0,895.0,1025.0,6,3,6,4.0,,,,,,,2,0,Completed,1.2,4.5,,,1.22,5.0,1.2,4.4,1.24,5.0
22,Barcelona,Barcelona Open,2026-04-13,ATP500,Outdoor,Clay,1st Round,3,Jodar R.,Munar J.,55.0,38.0,886.0,1175.0,6,1,6,2.0,,,,,,,2,0,Completed,1.4,3.0,,,1.44,3.1,1.39,2.93,1.42,3.25
22,Barcelona,Barcelona Open,2026-04-14,ATP500,Outdoor,Clay,1st Round,3,De Minaur A.,Ofner S.,7.0,86.0,3895.0,673.0,7,6,6,4.0,,,,,,,2,0,Completed,1.17,5.0,,,1.19,5.5,1.17,4.89,1.18,6.2
22,Barcelona,Barcelona Open,2026-04-14,ATP500,Outdoor,Clay,1st Round,3,Sonego L.,Martinez P.,66.0,125.0,810.0,496.0,6,2,2,6.0,6,4,,,,,2,1,Completed,2.75,1.44,,,2.75,1.5,2.6,1.48,2.66,1.59
22,Barcelona,Barcelona Open,2026-04-14,ATP500,Outdoor,Clay,1st Round,3,Musetti L.,Landaluce M.,9.0,101.0,3625.0,634.0,7,5,6,2.0,,,,,,,2,0,Completed,1.22,4.33,,,1.25,4.6,1.22,4.14,1.23,5.1
22,Barcelona,Barcelona Open,2026-04-14,ATP500,Outdoor,Clay,1st Round,3,Ugo Carabelli C.,Khachanov K.,64.0,14.0,825.0,2410.0,6,3,6,4.0,,,,,,,2,0,Completed,2.5,1.53,,,2.6,1.62,2.39,1.55,2.42,1.7
22,Barcelona,Barcelona Open,2026-04-14,ATP500,Outdoor,Clay,1st Round,3,Machac T.,Baez S.,47.0,57.0,980.0,880.0,2,6,6,4.0,6,1,,,,,2,1,Completed,1.57,2.38,,,1.67,2.38,1.61,2.26,1.75,2.32
22,Barcelona,Barcelona Open,2026-04-14,ATP500,Outdoor,Clay,1st Round,3,Alcaraz C.,Virtanen O.,2.0,130.0,13240.0,487.0,6,4,6,2.0,,,,,,,2,0,Completed,1.01,21.0,,,1.03,23.0,1.02,14.85,1.03,30.0
22,Barcelona,Barcelona Open,2026-04-14,ATP500,Outdoor,Clay,1st Round,3,Nakashima B.,Cerundolo J.M.,33.0,69.0,1385.0,803.0,6,3,7,5.0,,,,,,,2,0,Completed,2,1.8,,,2.1,1.83,2.01,1.77,2.18,1.84
22,Barcelona,Barcelona Open,2026-04-14,ATP500,Outdoor,Clay,1st Round,3,Rublev A.,Navone M.,15.0,44.0,2350.0,1085.0,6,4,7,5.0,,,,,,,2,0,Completed,1.57,2.38,,,1.67,2.38,1.63,2.22,1.72,2.36
22,Barcelona,Barcelona Open,2026-04-14,ATP500,Outdoor,Clay,1st Round,3,Fils A.,Atmane T.,30.0,41.0,1440.0,1108.0,4,6,6,4.0,7,6,,,,,2,1,Completed,1.17,5.0,,,1.18,5.0,1.17,4.85,1.22,5.3
22,Barcelona,Barcelona Open,2026-04-15,ATP500,Outdoor,Clay,2nd Round,3,Borges N.,Etcheverry T.,52.0,29.0,895.0,1590.0,6,3,7,6.0,,,,,,,2,0,Completed,3.5,1.3,,,3.5,1.33,3.35,1.31,3.85,1.34
22,Barcelona,Barcelona Open,2026-04-15,ATP500,Outdoor,Clay,2nd Round,3,Medjedovic H.,De Minaur A.,88.0,7.0,664.0,3895.0,6,3,6,4.0,,,,,,,2,0,Completed,3.5,1.3,,,3.5,1.4,3.09,1.35,3.4,1.4
22,Barcelona,Barcelona Open,2026-04-15,ATP500,Outdoor,Clay,2nd Round,3,Jodar R.,Ugo Carabelli C.,55.0,64.0,886.0,825.0,6,3,6,3.0,,,,,,,2,0,Completed,1.2,4.5,,,1.22,4.6,1.2,4.32,1.23,5.1
22,Barcelona,Barcelona Open,2026-04-15,ATP500,Outdoor,Clay,2nd Round,3,Norrie C.,Quinn E.,24.0,50.0,1778.0,927.0,6,3,4,6.0,6,4,,,,,2,1,Completed,1.5,2.63,,,1.53,2.65,1.5,2.54,1.63,2.56
22,Barcelona,Barcelona Open,2026-04-16,ATP500,Outdoor,Clay,2nd Round,3,Machac T.,Alcaraz C.,47.0,2.0,980.0,13240.0,,,,,,,,,,,,,Walkover,4.5,1.2,,,7.0,1.22,5.58,1.14,1.14,1.5
22,Barcelona,Barcelona Open,2026-04-16,ATP500,Outdoor,Clay,2nd Round,3,Rublev A.,Sonego L.,15.0,66.0,2350.0,810.0,6,2,6,3.0,,,,,,,2,0,Completed,1.25,4.0,,,1.26,4.2,1.25,3.86,1.28,4.4
22,Barcelona,Barcelona Open,2026-04-16,ATP500,Outdoor,Clay,2nd Round,3,Musetti L.,Moutet C.,9.0,31.0,3625.0,1433.0,6,3,6,4.0,,,,,,,2,0,Completed,1.25,4.0,,,1.3,4.0,1.25,3.76,1.29,4.3
22,Barcelona,Barcelona Open,2026-04-16,ATP500,Outdoor,Clay,2nd Round,3,Fils A.,Nakashima B.,30.0,33.0,1440.0,1385.0,6,2,6,3.0,,,,,,,2,0,Completed,1.29,3.75,,,1.3,4.33,1.27,3.67,1.3,4.2
22,Barcelona,Barcelona Open,2026-04-17,ATP500,Outdoor,Clay,Quarterfinals,3,Medjedovic H.,Borges N.,88.0,52.0,664.0,895.0,7,6,6,2.0,,,,,,,2,0,Completed,1.44,2.75,,,1.52,2.75,1.47,2.64,1.5,2.96
22,Barcelona,Barcelona Open,2026-04-17,ATP500,Outdoor,Clay,Quarterfinals,3,Rublev A.,Machac T.,15.0,47.0,2350.0,980.0,6,4,6,3.0,,,,,,,2,0,Completed,1.62,2.3,,,1.68,2.32,1.64,2.22,1.78,2.28
22,Barcelona,Barcelona Open,2026-04-17,ATP500,Outdoor,Clay,Quarterfinals,3,Fils A.,Musetti L.,30.0,9.0,1440.0,3625.0,6,3,6,4.0,,,,,,,2,0,Completed,1.91,1.91,,,1.93,1.91,1.88,1.88,1.91,2.06
22,Barcelona,Barcelona Open,2026-04-17,ATP500,Outdoor,Clay,Quarterfinals,3,Jodar R.,Norrie C.,55.0,24.0,886.0,1778.0,6,3,6,2.0,,,,,,,2,0,Completed,1.3,3.5,,,1.33,3.6,1.31,3.33,1.36,3.7
22,Barcelona,Barcelona Open,2026-04-18,ATP500,Outdoor,Clay,Semifinals,3,Rublev A.,Medjedovic H.,15.0,88.0,2350.0,664.0,3,6,6,2.0,6,2,,,,,2,1,Completed,1.53,2.5,,,1.57,2.5,1.54,2.42,1.59,2.64
22,Barcelona,Barcelona Open,2026-04-18,ATP500,Outdoor,Clay,Semifinals,3,Fils A.,Jodar R.,30.0,55.0,1440.0,886.0,3,6,6,3.0,6,2,,,,,2,1,Completed,1.62,2.3,,,1.63,2.38,1.59,2.29,1.67,2.48
22,Barcelona,Barcelona Open,2026-04-19,ATP500,Outdoor,Clay,The Final,3,Fils A.,Rublev A.,30.0,15.0,1440.0,2350.0,6,2,7,6.0,,,,,,,2,0,Completed,1.4,3.0,,,1.42,3.05,1.39,2.91,1.44,3.25
23,Munich,BMW Open,2026-04-13,ATP500,Outdoor,Clay,1st Round,3,Rinderknech A.,Michelsen A.,26.0,36.0,1676.0,1200.0,6,3,6,3.0,,,,,,,2,0,Completed,1.67,2.2,,,1.67,2.3,1.62,2.24,1.74,2.32
23,Munich,BMW Open,2026-04-13,ATP500,Outdoor,Clay,1st Round,3,Van De Zandschulp B.,Huesler M.,49.0,340.0,931.0,148.0,7,6,6,3.0,,,,,,,2,0,Completed,1.25,4.0,,,1.32,4.0,1.28,3.53,1.28,4.5
23,Munich,BMW Open,2026-04-13,ATP500,Outdoor,Clay,1st Round,3,Cerundolo F.,Nagal S.,19.0,292.0,2020.0,179.0,6,2,6,2.0,,,,,,,2,0,Completed,1.05,11.0,,,1.06,11.0,1.05,9.73,1.05,15.0
23,Munich,BMW Open,2026-04-13,ATP500,Outdoor,Clay,1st Round,3,Diallo G.,Sachko V.,37.0,208.0,1175.0,282.0,6,1,6,2.0,,,,,,,2,0,Completed,1.62,2.3,,,1.62,2.38,1.59,2.29,1.67,2.46
23,Munich,BMW Open,2026-04-13,ATP500,Outdoor,Clay,1st Round,3,Shelton B.,Nava E.,6.0,112.0,3900.0,580.0,7,6,3,6.0,6,3,,,,,2,1,Completed,1.33,3.4,,,1.36,4.0,1.3,3.46,1.32,4.0
23,Munich,BMW Open,2026-04-13,ATP500,Outdoor,Clay,1st Round,3,Blockx A.,Hanfmann Y.,71.0,51.0,772.0,899.0,7,6,6,2.0,,,,,,,2,0,Completed,1.91,1.91,,,1.91,2.2,1.86,1.91,2.0,1.98
23,Munich,BMW Open,2026-04-14,ATP500,Outdoor,Clay,1st Round,3,Shapovalov D.,Griekspoor T.,39.0,32.0,1120.0,1430.0,6,4,3,6.0,6,2,,,,,2,1,Completed,1.8,2.0,,,2.0,2.0,1.86,1.9,2.08,1.9
23,Munich,BMW Open,2026-04-14,ATP500,Outdoor,Clay,1st Round,3,Fonseca J.,Tabilo A.,35.0,45.0,1315.0,1068.0,7,6,6,3.0,,,,,,,2,0,Completed,1.4,3.0,,,1.42,3.0,1.4,2.85,1.44,3.2
23,Munich,BMW Open,2026-04-14,ATP500,Outdoor,Clay,1st Round,3,Darderi L.,Zhang Zh.,21.0,242.0,1920.0,230.0,7,6,3,6.0,6,1,,,,,2,1,Completed,1.33,3.4,,,1.33,3.7,1.32,3.3,1.36,3.7
23,Munich,BMW Open,2026-04-14,ATP500,Outdoor,Clay,1st Round,3,Zverev A.,Kecmanovic M.,3.0,58.0,5555.0,875.0,6,3,3,6.0,7,6,,,,,2,1,Completed,1.14,5.5,,,1.17,5.5,1.15,5.13,1.18,6.4
23,Munich,BMW Open,2026-04-14,ATP500,Outdoor,Clay,1st Round,3,Cobolli F.,Dedura D.,16.0,258.0,2320.0,210.0,6,4,7,5.0,,,,,,,2,0,Completed,1.22,4.33,,,1.25,4.33,1.22,4.01,1.27,4.4
23,Munich,BMW Open,2026-04-14,ATP500,Outdoor,Clay,1st Round,3,Kopriva V.,Engel J.,77.0,184.0,738.0,323.0,6,3,5,7.0,6,2,,,,,2,1,Completed,1.33,3.4,,,1.37,3.5,1.33,3.26,1.34,3.9
23,Munich,BMW Open,2026-04-14,ATP500,Outdoor,Clay,1st Round,3,Altmaier D.,Cilic M.,56.0,48.0,880.0,950.0,6,2,6,3.0,,,,,,,2,0,Completed,2.2,1.67,,,2.3,1.68,2.18,1.66,2.3,1.74
23,Munich,BMW Open,2026-04-14,ATP500,Outdoor,Clay,1st Round,3,Molcan A.,Bublik A.,166.0,11.0,376.0,3445.0,6,4,6,2.0,,,,,,,2,0,Completed,3.4,1.33,,,3.5,1.33,3.36,1.31,3.9,1.33
23,Munich,BMW Open,2026-04-14,ATP500,Outdoor,Clay,1st Round,3,Bergs Z.,Topo M.,40.0,260.0,1110.0,208.0,6,1,6,4.0,,,,,,,2,0,Completed,1.22,4.33,,,1.22,4.35,1.22,4.17,1.26,4.7
23,Munich,BMW Open,2026-04-15,ATP500,Outdoor,Clay,1st Round,3,Marozsan F.,Tsitsipas S.,42.0,67.0,1105.0,805.0,3,6,7,6.0,6,4,,,,,2,1,Completed,2.3,1.62,,,2.38,1.67,2.27,1.6,2.62,1.6
23,Munich,BMW Open,2026-04-15,ATP500,Outdoor,Clay,2nd Round,3,Fonseca J.,Rinderknech A.,35.0,26.0,1315.0,1676.0,6,3,6,2.0,,,,,,,2,0,Completed,1.3,3.5,,,1.33,3.5,1.3,3.39,1.37,3.65
23,Munich,BMW Open,2026-04-15,ATP500,Outdoor,Clay,2nd Round,3,Shelton B.,Blockx A.,6.0,71.0,3900.0,772.0,6,4,7,6.0,,,,,,,2,0,Completed,1.73,2.1,,,1.73,2.25,1.66,2.18,1.86,2.16
23,Munich,BMW Open,2026-04-15,ATP500,Outdoor,Clay,2nd Round,3,Cobolli F.,Bergs Z.,16.0,40.0,2320.0,1110.0,6,2,6,3.0,,,,,,,2,0,Completed,1.57,2.38,,,1.67,2.38,1.62,2.24,1.8,2.24
23,Munich,BMW Open,2026-04-15,ATP500,Outdoor,Clay,2nd Round,3,Kopriva V.,Darderi L.,77.0,21.0,738.0,1920.0,2,6,6,4.0,6,1,,,,,2,1,Completed,3.4,1.33,,,3.4,1.4,3.19,1.34,3.5,1.39
23,Munich,BMW Open,2026-04-16,ATP500,Outdoor,Clay,2nd Round,3,Cerundolo F.,Van De Zandschulp B.,19.0,49.0,2020.0,931.0,6,3,6,0.0,,,,,,,2,0,Completed,1.3,3.5,,,1.33,3.5,1.31,3.38,1.35,3.8
23,Munich,BMW Open,2026-04-16,ATP500,Outdoor,Clay,2nd Round,3,Molcan A.,Altmaier D.,166.0,56.0,376.0,880.0,6,4,7,6.0,,,,,,,2,0,Completed,2.2,1.67,,,2.2,1.74,2.11,1.7,2.42,1.69
23,Munich,BMW Open,2026-04-16,ATP500,Outdoor,Clay,2nd Round,3,Zverev A.,Diallo G.,3.0,37.0,5555.0,1175.0,6,1,6,2.0,,,,,,,2,0,Completed,1.07,9.0,,,1.08,9.0,1.07,7.9,1.09,11.0
23,Munich,BMW Open,2026-04-16,ATP500,Outdoor,Clay,2nd Round,3,Shapovalov D.,Marozsan F.,39.0,42.0,1120.0,1105.0,7,6,6,2.0,,,,,,,2,0,Completed,2.1,1.73,,,2.15,1.75,2.08,1.72,2.08,1.89
23,Munich,BMW Open,2026-04-17,ATP500,Outdoor,Clay,Quarterfinals,3,Cobolli F.,Kopriva V.,16.0,77.0,2320.0,738.0,6,3,6,2.0,,,,,,,2,0,Completed,1.4,3.0,,,1.4,3.15,1.36,3.01,1.45,3.2
23,Munich,BMW Open,2026-04-17,ATP500,Outdoor,Clay,Quarterfinals,3,Zverev A.,Cerundolo F.,3.0,19.0,5555.0,2020.0,5,7,6,0.0,6,2,,,,,2,1,Completed,1.36,3.2,,,1.4,3.25,1.35,3.08,1.42,3.3
23,Munich,BMW Open,2026-04-17,ATP500,Outdoor,Clay,Quarterfinals,3,Shelton B.,Fonseca J.,6.0,35.0,3900.0,1315.0,6,3,3,6.0,6,3,,,,,2,1,Completed,2.75,1.44,,,2.75,1.49,2.69,1.44,3.0,1.49
23,Munich,BMW Open,2026-04-17,ATP500,Outdoor,Clay,Quarterfinals,3,Molcan A.,Shapovalov D.,166.0,39.0,376.0,1120.0,6,4,6,4.0,,,,,,,2,0,Completed,2.2,1.67,,,2.2,1.8,2.12,1.7,2.36,1.72
23,Munich,BMW Open,2026-04-18,ATP500,Outdoor,Clay,Semifinals,3,Cobolli F.,Zverev A.,16.0,3.0,2320.0,5555.0,6,3,6,3.0,,,,,,,2,0,Completed,5,1.17,,,5.0,1.2,4.71,1.18,5.7,1.2
23,Munich,BMW Open,2026-04-18,ATP500,Outdoor,Clay,Semifinals,3,Shelton B.,Molcan A.,6.0,166.0,3900.0,376.0,6,3,6,4.0,,,,,,,2,0,Completed,1.44,2.75,,,1.44,3.5,1.36,3.07,1.44,3.2
23,Munich,BMW Open,2026-04-19,ATP500,Outdoor,Clay,The Final,3,Shelton B.,Cobolli F.,6.0,16.0,3900.0,2320.0,6,2,7,5.0,,,,,,,2,0,Completed,1.91,1.91,,,2.0,2.03,1.88,1.87,2.08,1.91
24,Madrid,Mutua Madrid Open,2026-04-22,Masters 1000,Outdoor,Clay,1st Round,3,Cilic M.,Bergs Z.,51.0,44.0,950.0,1060.0,4,6,6,3.0,6,4,,,,,2,1,Completed,2,1.8,,,2.0,1.91,1.94,1.84,,
24,Madrid,Mutua Madrid Open,2026-04-22,Masters 1000,Outdoor,Clay,1st Round,3,Nava E.,Brooksby J.,116.0,61.0,549.0,852.0,6,3,7,5.0,,,,,,,2,0,Completed,1.5,2.63,,,1.53,2.75,1.48,2.6,,
24,Madrid,Mutua Madrid Open,2026-04-22,Masters 1000,Outdoor,Clay,1st Round,3,Kopriva V.,Zhang Zh.,66.0,245.0,826.0,230.0,6,2,6,0.0,,,,,,,2,0,Completed,2,1.8,,,2.1,1.93,1.94,1.82,,
24,Madrid,Mutua Madrid Open,2026-04-22,Masters 1000,Outdoor,Clay,1st Round,3,Buse I.,Mannarino A.,58.0,46.0,864.0,1025.0,6,4,6,2.0,,,,,,,2,0,Completed,1.14,5.5,,,1.18,6.0,1.15,5.22,,
24,Madrid,Mutua Madrid Open,2026-04-22,Masters 1000,Outdoor,Clay,1st Round,3,Dzumhur D.,Bellucci M.,84.0,78.0,694.0,734.0,6,2,6,4.0,,,,,,,2,0,Completed,2,1.8,,,2.1,1.83,2.02,1.76,,
24,Madrid,Mutua Madrid Open,2026-04-22,Masters 1000,Outdoor,Clay,1st Round,3,Prizmic D.,Berrettini M.,87.0,92.0,670.0,650.0,6,3,6,4.0,,,,,,,2,0,Completed,2.5,1.53,,,2.5,1.73,2.21,1.64,,
24,Madrid,Mutua Madrid Open,2026-04-22,Masters 1000,Outdoor,Clay,1st Round,3,Struff J.L.,Muller A.,81.0,95.0,709.0,641.0,7,6,6,0.0,,,,,,,2,0,Completed,2.5,1.53,,,2.5,1.65,2.32,1.59,,
24,Madrid,Mutua Madrid Open,2026-04-22,Masters 1000,Outdoor,Clay,1st Round,3,Lajovic D.,Sonego L.,138.0,62.0,451.0,850.0,6,3,7,6.0,,,,,,,2,0,Completed,1.67,2.2,,,1.73,2.2,1.68,2.15,,
24,Madrid,Mutua Madrid Open,2026-04-22,Masters 1000,Outdoor,Clay,1st Round,3,Ofner S.,Basilashvili N.,83.0,120.0,698.0,516.0,7,6,7,6.0,,,,,,,2,0,Completed,1.57,2.38,,,1.62,2.4,1.56,2.37,,
24,Madrid,Mutua Madrid Open,2026-04-22,Masters 1000,Outdoor,Clay,1st Round,3,Tirante T.A.,Bautista Agut R.,75.0,93.0,765.0,649.0,6,2,6,4.0,,,,,,,2,0,Completed,1.44,2.75,,,1.57,2.75,1.49,2.57,,
24,Madrid,Mutua Madrid Open,2026-04-22,Masters 1000,Outdoor,Clay,1st Round,3,Moller E.,Cina F.,169.0,205.0,364.0,285.0,6,4,7,6.0,,,,,,,2,0,Completed,1.57,2.38,,,1.62,2.5,1.56,2.37,,
24,Madrid,Mutua Madrid Open,2026-04-22,Masters 1000,Outdoor,Clay,1st Round,3,Hurkacz H.,Faria J.,63.0,136.0,845.0,459.0,6,3,6,3.0,,,,,,,2,0,Completed,1.36,3.2,,,1.37,3.25,1.35,3.13,,
24,Madrid,Mutua Madrid Open,2026-04-22,Masters 1000,Outdoor,Clay,1st Round,3,Bonzi B.,Droguet T.,104.0,113.0,616.0,571.0,6,7,7,6.0,6,4,,,,,2,1,Completed,2.2,1.67,,,2.2,1.7,2.15,1.68,,
24,Madrid,Mutua Madrid Open,2026-04-22,Masters 1000,Outdoor,Clay,1st Round,3,Machac T.,Comesana F.,41.0,105.0,1080.0,610.0,3,6,7,6.0,6,3,,,,,2,1,Completed,1.4,3.0,,,1.46,3.0,1.41,2.81,,
24,Madrid,Mutua Madrid Open,2026-04-22,Masters 1000,Outdoor,Clay,1st Round,3,Jodar R.,De Jong J.,42.0,109.0,1080.0,588.0,2,6,7,5.0,6,4,,,,,2,1,Completed,1.17,5.0,,,1.17,5.5,1.15,5.1,,
24,Madrid,Mutua Madrid Open,2026-04-22,Masters 1000,Outdoor,Clay,1st Round,3,Tabilo A.,Royer V.,43.0,72.0,1068.0,794.0,6,2,6,4.0,,,,,,,2,0,Completed,1.3,3.5,,,1.36,3.5,1.33,3.28,,
24,Madrid,Mutua Madrid Open,2026-04-23,Masters 1000,Outdoor,Clay,1st Round,3,Atmane T.,Kecmanovic M.,47.0,65.0,983.0,835.0,6,4,7,5.0,,,,,,,2,0,Completed,2,1.8,,,2.1,1.85,1.99,1.79,,
24,Madrid,Mutua Madrid Open,2026-04-23,Masters 1000,Outdoor,Clay,1st Round,3,Carreno Busta P.,Fucsovics M.,94.0,54.0,646.0,887.0,4,6,7,6.0,6,2,,,,,2,1,Completed,1.8,2.0,,,1.91,2.0,1.82,1.95,,
24,Madrid,Mutua Madrid Open,2026-04-23,Masters 1000,Outdoor,Clay,1st Round,3,Blockx A.,Garin C.,69.0,85.0,814.0,679.0,4,6,7,5.0,7,5,,,,,2,1,Completed,1.67,2.2,,,1.67,2.38,1.61,2.27,,
24,Madrid,Mutua Madrid Open,2026-04-23,Masters 1000,Outdoor,Clay,1st Round,3,Hanfmann Y.,Giron M.,60.0,76.0,857.0,750.0,6,4,6,7.0,7,5,,,,,2,1,Completed,1.36,3.2,,,1.38,3.3,1.35,3.11,,
24,Madrid,Mutua Madrid Open,2026-04-23,Masters 1000,Outdoor,Clay,1st Round,3,Marozsan F.,Quinn E.,50.0,48.0,955.0,977.0,7,6,7,6.0,,,,,,,2,0,Completed,1.73,2.1,,,1.73,2.2,1.69,2.13,,
24,Madrid,Mutua Madrid Open,2026-04-23,Masters 1000,Outdoor,Clay,1st Round,3,Munar J.,Shevchenko A.,38.0,82.0,1135.0,704.0,6,4,6,1.0,,,,,,,2,0,Completed,1.44,2.75,,,1.47,2.85,1.43,2.74,,
24,Madrid,Mutua Madrid Open,2026-04-23,Masters 1000,Outdoor,Clay,1st Round,3,Navone M.,Borges N.,45.0,49.0,1055.0,970.0,6,3,6,4.0,,,,,,,2,0,Completed,1.53,2.5,,,1.56,2.7,1.5,2.54,,
24,Madrid,Mutua Madrid Open,2026-04-23,Masters 1000,Outdoor,Clay,1st Round,3,Damm M.,Popyrin A.,126.0,56.0,499.0,870.0,7,6,6,4.0,,,,,,,2,0,Completed,2.63,1.5,,,2.75,1.53,2.53,1.5,,
24,Madrid,Mutua Madrid Open,2026-04-23,Masters 1000,Outdoor,Clay,1st Round,3,Vallejo D.,Dimitrov G.,96.0,137.0,640.0,455.0,6,4,6,4.0,,,,,,,2,0,Completed,1.91,1.91,,,2.06,1.91,1.9,1.87,,
24,Madrid,Mutua Madrid Open,2026-04-23,Masters 1000,Outdoor,Clay,1st Round,3,Tsitsipas S.,Kypson P.,80.0,90.0,715.0,653.0,3,6,7,6.0,7,6,,,,,2,1,Completed,1.36,3.2,,,1.37,3.25,1.36,3.07,,
24,Madrid,Mutua Madrid Open,2026-04-23,Masters 1000,Outdoor,Clay,1st Round,3,Gaubas V.,Baez S.,124.0,64.0,503.0,840.0,7,5,6,1.0,,,,,,,2,0,Completed,3.2,1.36,,,3.25,1.4,3.06,1.36,,
24,Madrid,Mutua Madrid Open,2026-04-23,Masters 1000,Outdoor,Clay,1st Round,3,Cerundolo J.M.,Altmaier D.,67.0,55.0,816.0,880.0,6,4,6,4.0,,,,,,,2,0,Completed,1.67,2.2,,,1.7,2.25,1.65,2.2,,
24,Madrid,Mutua Madrid Open,2026-04-23,Masters 1000,Outdoor,Clay,1st Round,3,Ugo Carabelli C.,Monfils G.,57.0,200.0,865.0,290.0,6,3,6,4.0,,,,,,,2,0,Completed,1.5,2.63,,,1.53,2.63,1.51,2.52,,
24,Madrid,Mutua Madrid Open,2026-04-23,Masters 1000,Outdoor,Clay,1st Round,3,Merida Aguilar D.,Trungelliti M.,102.0,77.0,632.0,737.0,6,4,1,6.0,7,6,,,,,2,1,Completed,1.67,2.2,,,1.7,2.3,1.64,2.21,,
24,Madrid,Mutua Madrid Open,2026-04-23,Masters 1000,Outdoor,Clay,1st Round,3,Walton A.,Landaluce M.,117.0,99.0,547.0,634.0,6,2,6,3.0,,,,,,,2,0,Completed,4.5,1.2,,,4.8,1.23,4.39,1.2,,
24,Madrid,Mutua Madrid Open,2026-04-23,Masters 1000,Outdoor,Clay,1st Round,3,Budkov Kjaer N.,Opelka R.,140.0,70.0,451.0,803.0,5,3,,,,,,,,,0,0,Retired,1.91,1.91,,,2.15,1.91,1.96,1.81,,
24,Madrid,Mutua Madrid Open,2026-04-24,Masters 1000,Outdoor,Clay,2nd Round,3,Michelsen A.,Struff J.L.,37.0,81.0,1200.0,709.0,6,2,6,1.0,,,,,,,2,0,Completed,2.1,1.73,,,2.2,1.73,2.15,1.68,,
24,Madrid,Mutua Madrid Open,2026-04-24,Masters 1000,Outdoor,Clay,2nd Round,3,Griekspoor T.,Dzumhur D.,33.0,84.0,1340.0,694.0,6,3,6,4.0,,,,,,,2,0,Completed,1.53,2.5,,,1.55,2.63,1.52,2.5,,
24,Madrid,Mutua Madrid Open,2026-04-24,Masters 1000,Outdoor,Clay,2nd Round,3,Musetti L.,Hurkacz H.,9.0,63.0,3715.0,845.0,6,4,7,6.0,,,,,,,2,0,Completed,1.53,2.5,,,1.57,2.5,1.55,2.4,,
24,Madrid,Mutua Madrid Open,2026-04-24,Masters 1000,Outdoor,Clay,2nd Round,3,Nava E.,Vacherot V.,116.0,17.0,549.0,2168.0,6,7,7,6.0,6,3,,,,,2,1,Completed,3.75,1.29,,,3.75,1.33,3.58,1.29,,
24,Madrid,Mutua Madrid Open,2026-04-24,Masters 1000,Outdoor,Clay,2nd Round,3,Rinderknech A.,Lajovic D.,26.0,138.0,1716.0,451.0,6,3,6,2.0,,,,,,,2,0,Completed,1.57,2.38,,,1.6,2.43,1.57,2.37,,
24,Madrid,Mutua Madrid Open,2026-04-24,Masters 1000,Outdoor,Clay,2nd Round,3,Moller E.,Diallo G.,169.0,36.0,364.0,1200.0,7,5,3,3.0,,,,,,,1,0,Retired,2.2,1.67,,,2.3,1.67,2.22,1.63,,
24,Madrid,Mutua Madrid Open,2026-04-24,Masters 1000,Outdoor,Clay,2nd Round,3,Prizmic D.,Shelton B.,87.0,6.0,670.0,4070.0,6,4,6,7.0,7,6,,,,,2,1,Completed,2.75,1.44,,,2.8,1.5,2.67,1.46,,
24,Madrid,Mutua Madrid Open,2026-04-24,Masters 1000,Outdoor,Clay,2nd Round,3,Lehecka J.,Tabilo A.,14.0,43.0,2540.0,1068.0,3,6,7,6.0,6,4,,,,,2,1,Completed,1.62,2.3,,,1.73,2.3,1.65,2.22,,
24,Madrid,Mutua Madrid Open,2026-04-24,Masters 1000,Outdoor,Clay,2nd Round,3,Fils A.,Buse I.,25.0,58.0,1740.0,864.0,6,7,7,6.0,7,5,,,,,2,1,Completed,1.14,5.5,,,1.17,5.5,1.15,5.31,,
24,Madrid,Mutua Madrid Open,2026-04-24,Masters 1000,Outdoor,Clay,2nd Round,3,Sinner J.,Bonzi B.,1.0,104.0,13350.0,616.0,6,7,6,1.0,6,4,,,,,2,1,Completed,-,34.0,,,1.02,51.0,1.01,25.17,,
24,Madrid,Mutua Madrid Open,2026-04-24,Masters 1000,Outdoor,Clay,2nd Round,3,Etcheverry T.,Ofner S.,29.0,83.0,1590.0,698.0,6,4,6,4.0,,,,,,,2,0,Completed,1.57,2.38,,,1.57,2.5,1.55,2.41,,
24,Madrid,Mutua Madrid Open,2026-04-24,Masters 1000,Outdoor,Clay,2nd Round,3,Kopriva V.,Rublev A.,66.0,12.0,826.0,2630.0,6,3,6,4.0,,,,,,,2,0,Completed,3.5,1.3,,,3.75,1.3,3.51,1.29,,
24,Madrid,Mutua Madrid Open,2026-04-24,Masters 1000,Outdoor,Clay,2nd Round,3,Norrie C.,Machac T.,23.0,41.0,1868.0,1080.0,6,2,6,7.0,7,6,,,,,2,1,Completed,2.2,1.67,,,2.2,1.73,2.15,1.67,,
24,Madrid,Mutua Madrid Open,2026-04-24,Masters 1000,Outdoor,Clay,2nd Round,3,Jodar R.,De Minaur A.,42.0,8.0,1080.0,3845.0,6,3,6,1.0,,,,,,,2,0,Completed,2.1,1.73,,,2.1,1.83,2.02,1.77,,
24,Madrid,Mutua Madrid Open,2026-04-24,Masters 1000,Outdoor,Clay,2nd Round,3,Fonseca J.,Cilic M.,31.0,51.0,1415.0,950.0,,,,,,,,,,,,,Walkover,1.25,4.0,,,1.25,4.2,1.24,3.96,,
24,Madrid,Mutua Madrid Open,2026-04-24,Masters 1000,Outdoor,Clay,2nd Round,3,Tirante T.A.,Paul T.,75.0,18.0,765.0,2065.0,7,5,6,4.0,,,,,,,2,0,Completed,2.75,1.44,,,3.0,1.44,2.88,1.4,,
24,Madrid,Mutua Madrid Open,2026-04-25,Masters 1000,Outdoor,Clay,2nd Round,3,Davidovich Fokina A.,Carreno Busta P.,24.0,94.0,1820.0,646.0,6,3,6,3.0,,,,,,,2,0,Completed,1.44,2.75,,,1.5,2.8,1.45,2.7,,
24,Madrid,Mutua Madrid Open,2026-04-25,Masters 1000,Outdoor,Clay,2nd Round,3,Cerundolo F.,Hanfmann Y.,20.0,60.0,1920.0,857.0,6,1,7,5.0,,,,,,,2,0,Completed,1.36,3.2,,,1.37,3.3,1.35,3.1,,
24,Madrid,Mutua Madrid Open,2026-04-25,Masters 1000,Outdoor,Clay,2nd Round,3,Khachanov K.,Walton A.,16.0,117.0,2220.0,547.0,6,2,6,3.0,,,,,,,2,0,Completed,1.2,4.5,,,1.21,4.6,1.2,4.35,,
24,Madrid,Mutua Madrid Open,2026-04-25,Masters 1000,Outdoor,Clay,2nd Round,3,Darderi L.,Cerundolo J.M.,22.0,67.0,1870.0,816.0,6,1,6,3.0,,,,,,,2,0,Completed,1.57,2.38,,,1.62,2.43,1.57,2.33,,
24,Madrid,Mutua Madrid Open,2026-04-25,Masters 1000,Outdoor,Clay,2nd Round,3,Mensik J.,Damm M.,27.0,126.0,1700.0,499.0,6,3,6,4.0,,,,,,,2,0,Completed,1.3,3.5,,,1.33,3.75,1.3,3.45,,
24,Madrid,Mutua Madrid Open,2026-04-25,Masters 1000,Outdoor,Clay,2nd Round,3,Ruud C.,Munar J.,15.0,38.0,2535.0,1135.0,6,0,6,1.0,,,,,,,2,0,Completed,1.3,3.5,,,1.43,3.5,1.36,3.08,,
24,Madrid,Mutua Madrid Open,2026-04-25,Masters 1000,Outdoor,Clay,2nd Round,3,Blockx A.,Nakashima B.,69.0,32.0,814.0,1385.0,3,6,6,3.0,6,4,,,,,2,1,Completed,1.62,2.3,,,1.67,2.3,1.62,2.23,,
24,Madrid,Mutua Madrid Open,2026-04-25,Masters 1000,Outdoor,Clay,2nd Round,3,Atmane T.,Humbert U.,47.0,34.0,983.0,1320.0,7,6,7,6.0,,,,,,,2,0,Completed,1.62,2.3,,,1.7,2.75,1.61,2.29,,
24,Madrid,Mutua Madrid Open,2026-04-25,Masters 1000,Outdoor,Clay,2nd Round,3,Auger-Aliassime F.,Gaubas V.,5.0,124.0,4100.0,503.0,6,3,6,4.0,,,,,,,2,0,Completed,1.25,4.0,,,1.29,4.0,1.26,3.76,,
24,Madrid,Mutua Madrid Open,2026-04-25,Masters 1000,Outdoor,Clay,2nd Round,3,Zverev A.,Navone M.,3.0,45.0,5255.0,1055.0,6,1,3,6.0,6,3,,,,,2,1,Completed,1.22,4.33,,,1.24,4.5,1.21,4.24,,
24,Madrid,Mutua Madrid Open,2026-04-25,Masters 1000,Outdoor,Clay,2nd Round,3,Cobolli F.,Ugo Carabelli C.,13.0,57.0,2600.0,865.0,6,7,6,1.0,6,4,,,,,2,1,Completed,1.44,2.75,,,1.45,2.9,1.42,2.81,,
24,Madrid,Mutua Madrid Open,2026-04-25,Masters 1000,Outdoor,Clay,2nd Round,3,Vallejo D.,Tien L.,96.0,21.0,640.0,1885.0,6,4,6,3.0,,,,,,,2,0,Completed,1.62,2.3,,,1.67,2.3,1.64,2.21,,
24,Madrid,Mutua Madrid Open,2026-04-25,Masters 1000,Outdoor,Clay,2nd Round,3,Medvedev D.,Marozsan F.,10.0,50.0,3560.0,955.0,6,2,6,7.0,6,4,,,,,2,1,Completed,1.62,2.3,,,1.63,2.3,1.62,2.25,,
24,Madrid,Mutua Madrid Open,2026-04-25,Masters 1000,Outdoor,Clay,2nd Round,3,Merida Aguilar D.,Moutet C.,102.0,30.0,632.0,1433.0,6,3,6,4.0,,,,,,,2,0,Completed,2.75,1.44,,,2.75,1.57,2.59,1.48,,
24,Madrid,Mutua Madrid Open,2026-04-25,Masters 1000,Outdoor,Clay,2nd Round,3,Budkov Kjaer N.,Shapovalov D.,140.0,35.0,451.0,1210.0,6,2,6,1.0,,,,,,,2,0,Completed,2.1,1.73,,,2.3,1.8,2.14,1.68,,
24,Madrid,Mutua Madrid Open,2026-04-25,Masters 1000,Outdoor,Clay,2nd Round,3,Tsitsipas S.,Bublik A.,80.0,11.0,715.0,3445.0,6,2,7,5.0,,,,,,,2,0,Completed,1.17,5.0,,,1.17,7.0,1.14,5.26,,
24,Madrid,Mutua Madrid Open,2026-04-26,Masters 1000,Outdoor,Clay,3rd Round,3,Lehecka J.,Michelsen A.,14.0,37.0,2540.0,1200.0,6,4,6,2.0,,,,,,,2,0,Completed,1.36,3.2,,,1.36,3.4,1.34,3.2,,
24,Madrid,Mutua Madrid Open,2026-04-26,Masters 1000,Outdoor,Clay,3rd Round,3,Musetti L.,Griekspoor T.,9.0,33.0,3715.0,1340.0,6,4,7,5.0,,,,,,,2,0,Completed,1.25,4.0,,,1.25,4.5,1.22,4.11,,
24,Madrid,Mutua Madrid Open,2026-04-26,Masters 1000,Outdoor,Clay,3rd Round,3,Etcheverry T.,Prizmic D.,29.0,87.0,1590.0,670.0,2,6,6,4.0,6,3,,,,,2,1,Completed,1.8,2.0,,,1.8,2.05,1.76,2.01,,
24,Madrid,Mutua Madrid Open,2026-04-26,Masters 1000,Outdoor,Clay,3rd Round,3,Sinner J.,Moller E.,1.0,169.0,13350.0,364.0,6,2,6,3.0,,,,,,,2,0,Completed,1.01,29.0,,,1.02,34.0,1.01,19.27,,
24,Madrid,Mutua Madrid Open,2026-04-26,Masters 1000,Outdoor,Clay,3rd Round,3,Fils A.,Nava E.,25.0,116.0,1740.0,549.0,7,6,6,3.0,,,,,,,2,0,Completed,1.14,5.5,,,1.14,6.0,1.13,5.54,,
24,Madrid,Mutua Madrid Open,2026-04-26,Masters 1000,Outdoor,Clay,3rd Round,3,Norrie C.,Tirante T.A.,23.0,75.0,1868.0,765.0,7,5,7,6.0,,,,,,,2,0,Completed,1.73,2.1,,,1.85,2.1,1.76,2.01,,
24,Madrid,Mutua Madrid Open,2026-04-26,Masters 1000,Outdoor,Clay,3rd Round,3,Kopriva V.,Rinderknech A.,66.0,26.0,826.0,1716.0,6,4,3,6.0,,,,,,,1,1,Retired,2.2,1.67,,,2.2,1.75,2.13,1.69,,
24,Madrid,Mutua Madrid Open,2026-04-26,Masters 1000,Outdoor,Clay,3rd Round,3,Jodar R.,Fonseca J.,42.0,31.0,1080.0,1415.0,7,6,4,6.0,6,1,,,,,2,1,Completed,1.67,2.2,,,1.73,2.2,1.7,2.11,,
24,Madrid,Mutua Madrid Open,2026-04-27,Masters 1000,Outdoor,Clay,3rd Round,3,Ruud C.,Davidovich Fokina A.,15.0,24.0,2535.0,1820.0,6,3,6,1.0,,,,,,,2,0,Completed,1.36,3.2,,,1.4,3.25,1.35,3.11,,
24,Madrid,Mutua Madrid Open,2026-04-27,Masters 1000,Outdoor,Clay,3rd Round,3,Tsitsipas S.,Merida Aguilar D.,80.0,102.0,715.0,632.0,6,4,6,2.0,,,,,,,2,0,Completed,1.4,3.0,,,1.44,3.0,1.41,2.82,,
24,Madrid,Mutua Madrid Open,2026-04-27,Masters 1000,Outdoor,Clay,3rd Round,3,Cerundolo F.,Darderi L.,20.0,22.0,1920.0,1870.0,6,2,6,3.0,,,,,,,2,0,Completed,1.44,2.75,,,1.5,2.75,1.45,2.69,,
24,Madrid,Mutua Madrid Open,2026-04-27,Masters 1000,Outdoor,Clay,3rd Round,3,Medvedev D.,Budkov Kjaer N.,10.0,140.0,3560.0,451.0,6,3,6,2.0,,,,,,,2,0,Completed,1.3,3.5,,,1.33,3.75,1.3,3.42,,
24,Madrid,Mutua Madrid Open,2026-04-27,Masters 1000,Outdoor,Clay,3rd Round,3,Blockx A.,Auger-Aliassime F.,69.0,5.0,814.0,4100.0,7,6,6,3.0,,,,,,,2,0,Completed,3.5,1.3,,,3.5,1.34,3.3,1.32,,
24,Madrid,Mutua Madrid Open,2026-04-27,Masters 1000,Outdoor,Clay,3rd Round,3,Zverev A.,Atmane T.,3.0,47.0,5255.0,983.0,6,3,7,6.0,,,,,,,2,0,Completed,1.14,5.5,,,1.15,5.5,1.14,5.29,,
24,Madrid,Mutua Madrid Open,2026-04-27,Masters 1000,Outdoor,Clay,3rd Round,3,Cobolli F.,Vallejo D.,13.0,96.0,2600.0,640.0,6,3,6,2.0,,,,,,,2,0,Completed,1.44,2.75,,,1.46,2.9,1.42,2.8,,
24,Madrid,Mutua Madrid Open,2026-04-27,Masters 1000,Outdoor,Clay,3rd Round,3,Mensik J.,Khachanov K.,27.0,16.0,1700.0,2220.0,6,4,7,6.0,,,,,,,2,0,Completed,1.44,2.75,,,1.44,3.5,1.39,2.9,,
24,Madrid,Mutua Madrid Open,2026-04-28,Masters 1000,Outdoor,Clay,4th Round,3,Fils A.,Etcheverry T.,25.0,29.0,1740.0,1590.0,6,3,6,4.0,,,,,,,2,0,Completed,1.3,3.5,,,1.33,3.6,1.31,3.4,,
24,Madrid,Mutua Madrid Open,2026-04-28,Masters 1000,Outdoor,Clay,4th Round,3,Sinner J.,Norrie C.,1.0,23.0,13350.0,1868.0,6,2,7,5.0,,,,,,,2,0,Completed,1.02,19.0,,,1.03,26.0,1.02,15.18,,
24,Madrid,Mutua Madrid Open,2026-04-28,Masters 1000,Outdoor,Clay,4th Round,3,Lehecka J.,Musetti L.,14.0,9.0,2540.0,3715.0,6,3,6,3.0,,,,,,,2,0,Completed,2.5,1.53,,,2.5,1.62,2.35,1.57,,
24,Madrid,Mutua Madrid Open,2026-04-28,Masters 1000,Outdoor,Clay,4th Round,3,Ruud C.,Tsitsipas S.,15.0,80.0,2535.0,715.0,6,7,7,6.0,7,6,,,,,2,1,Completed,1.36,3.2,,,1.38,3.3,1.36,3.1,,
24,Madrid,Mutua Madrid Open,2026-04-28,Masters 1000,Outdoor,Clay,4th Round,3,Jodar R.,Kopriva V.,42.0,66.0,1080.0,826.0,7,5,6,0.0,,,,,,,2,0,Completed,1.17,5.0,,,1.19,5.5,1.17,4.89,,
24,Madrid,Mutua Madrid Open,2026-04-28,Masters 1000,Outdoor,Clay,4th Round,3,Blockx A.,Cerundolo F.,69.0,20.0,814.0,1920.0,7,6,6,2.0,,,,,,,2,0,Completed,3,1.4,,,3.3,1.44,2.95,1.39,,
24,Madrid,Mutua Madrid Open,2026-04-28,Masters 1000,Outdoor,Clay,4th Round,3,Cobolli F.,Medvedev D.,13.0,10.0,2600.0,3560.0,6,3,5,7.0,6,4,,,,,2,1,Completed,1.91,1.91,,,2.1,1.91,1.97,1.82,,
24,Madrid,Mutua Madrid Open,2026-04-28,Masters 1000,Outdoor,Clay,4th Round,3,Zverev A.,Mensik J.,3.0,27.0,5255.0,1700.0,6,4,6,7.0,6,3,,,,,2,1,Completed,1.44,2.75,,,1.5,3.25,1.44,2.73,,
24,Madrid,Mutua Madrid Open,2026-04-29,Masters 1000,Outdoor,Clay,Quarterfinals,3,Sinner J.,Jodar R.,1.0,42.0,13350.0,1080.0,6,2,7,6.0,,,,,,,2,0,Completed,1.14,5.5,,,1.18,5.5,1.15,5.13,,
24,Madrid,Mutua Madrid Open,2026-04-29,Masters 1000,Outdoor,Clay,Quarterfinals,3,Fils A.,Lehecka J.,25.0,14.0,1740.0,2540.0,6,3,6,4.0,,,,,,,2,0,Completed,1.22,4.33,,,1.22,5.5,1.18,4.6,,
24,Madrid,Mutua Madrid Open,2026-04-30,Masters 1000,Outdoor,Clay,Quarterfinals,3,Blockx A.,Ruud C.,69.0,15.0,814.0,2535.0,6,4,6,4.0,,,,,,,2,0,Completed,3.5,1.3,,,3.5,1.36,3.3,1.32,,
24,Madrid,Mutua Madrid Open,2026-04-30,Masters 1000,Outdoor,Clay,Quarterfinals,3,Zverev A.,Cobolli F.,3.0,13.0,5255.0,2600.0,6,1,6,4.0,,,,,,,2,0,Completed,1.06,10.0,,,1.1,12.0,1.06,9.25,,
24,Madrid,Mutua Madrid Open,2026-05-01,Masters 1000,Outdoor,Clay,Semifinals,3,Sinner J.,Fils A.,1.0,25.0,13350.0,1740.0,6,2,6,4.0,,,,,,,2,0,Completed,1.13,6.0,,,1.17,6.5,1.15,5.28,,
24,Madrid,Mutua Madrid Open,2026-05-01,Masters 1000,Outdoor,Clay,Semifinals,3,Zverev A.,Blockx A.,3.0,69.0,5255.0,814.0,6,2,7,5.0,,,,,,,2,0,Completed,1.22,4.33,,,1.25,4.5,1.22,4.12,,
24,Madrid,Mutua Madrid Open,2026-05-03,Masters 1000,Outdoor,Clay,The Final,3,Sinner J.,Zverev A.,1.0,3.0,13350.0,5255.0,6,1,6,2.0,,,,,,,2,0,Completed,1.14,5.5,,,1.2,5.5,1.16,5.12,,
25,Rome,Internazionali BNL d'Italia,2026-05-06,Masters 1000,Outdoor,Clay,1st Round,3,Kopriva V.,Marozsan F.,55.0,49.0,896.0,975.0,6,3,6,3.0,,	,,,,,2,0,Completed,2.3,1.62,,,2.38,1.67,2.28,1.6,2.4,1.7
25,Rome,Internazionali BNL d'Italia,2026-05-06,Masters 1000,Outdoor,Clay,1st Round,3,Baez S.,Brooksby J.,65.0,63.0,840.0,862.0,6,3,7,6.0,,	,,,,,2,0,Completed,1.25,4.0,,,1.29,4.0,1.26,3.75,1.31,4.1
25,Rome,Internazionali BNL d'Italia,2026-05-06,Masters 1000,Outdoor,Clay,1st Round,3,Altmaier D.,Zhang Zh.,64.0,239.0,860.0,240.0,4,6,7,6.0,6,4,,,,,2,1,Completed,1.57,2.38,,,1.57,2.5,1.54,2.41,1.66,2.48
25,Rome,Internazionali BNL d'Italia,2026-05-06,Masters 1000,Outdoor,Clay,1st Round,3,Dzumhur D.,Mannarino A.,87.0,45.0,674.0,1035.0,6,4,6,0.0,	,,,,,,2,0,Completed,1.3,3.5,,,1.33,3.75,1.29,3.49,1.36,3.7
25,Rome,Internazionali BNL d'Italia,2026-05-06,Masters 1000,Outdoor,Clay,1st Round,3,Svajda Z.,Trungelliti M.,90.0,78.0,666.0,743.0,0,6,6,4.0,7,6,,,,,2,1,Completed,3.5,1.3,,,3.5,1.36,3.18,1.34,3.5,1.39
25,Rome,Internazionali BNL d'Italia,2026-05-06,Masters 1000,Outdoor,Clay,1st Round,3,Shevchenko A.,Ugo Carabelli C.,85.0,61.0,698.0,865.0,6,3,4,6.0,7,6,,,,,2,1,Completed,3,1.4,,,3.0,1.44,2.82,1.41,3.0,1.49
25,Rome,Internazionali BNL d'Italia,2026-05-06,Masters 1000,Outdoor,Clay,1st Round,3,Hanfmann Y.,Hurkacz H.,59.0,53.0,879.0,930.0,6,7,7,6.0,6,2,,,,,2,1,Completed,2.75,1.44,,,3.0,1.45,2.74,1.43,3.0,1.49
25,Rome,Internazionali BNL d'Italia,2026-05-06,Masters 1000,Outdoor,Clay,1st Round,3,Van De Zandschulp B.,Muller A.,54.0,105.0,898.0,601.0,7,5,6,3.0,,	,,,,,2,0,Completed,1.67,2.2,,,1.67,2.28,1.65,2.2,1.72,2.36
25,Rome,Internazionali BNL d'Italia,2026-05-06,Masters 1000,Outdoor,Clay,1st Round,3,Struff J.L.,Comesana F.,302.0,114.0,216.0,570.0,6,2,6,4.0,	,,,,,,2,0,Completed,2.75,1.44,,,2.8,1.5,2.69,1.45,2.8,1.54
25,Rome,Internazionali BNL d'Italia,2026-05-06,Masters 1000,Outdoor,Clay,1st Round,3,Arnaldi M.,Munar J.,106.0,38.0,596.0,1155.0,6,3,3,6.0,6,3,,,,,2,1,Completed,1.67,2.2,,,1.73,2.25,1.66,2.19,1.76,2.28
25,Rome,Internazionali BNL d'Italia,2026-05-06,Masters 1000,Outdoor,Clay,1st Round,3,Vukic A.,Kypson P.,99.0,89.0,626.0,669.0,6,3,5,7.0,6,0,,,,,2,1,Completed,3.75,1.29,,,4.0,1.29,3.73,1.27,4.3,1.29
25,Rome,Internazionali BNL d'Italia,2026-05-06,Masters 1000,Outdoor,Clay,1st Round,3,Borges N.,De Jong J.,52.0,102.0,950.0,610.0,6,3,6,0.0,,	,,,,,2,0,Completed,1.62,2.3,,,1.8,2.3,1.72,2.07,1.9,2.08
25,Rome,Internazionali BNL d'Italia,2026-05-06,Masters 1000,Outdoor,Clay,1st Round,3,Tabilo A.,Carreno Busta P.,35.0,91.0,1248.0,663.0,6,2,6,1.0,,	,,,,,2,0,Completed,1.4,3.0,,,1.45,3.0,1.42,2.78,1.45,3.15
25,Rome,Internazionali BNL d'Italia,2026-05-07,Masters 1000,Outdoor,Clay,1st Round,3,Atmane T.,Bergs Z.,51.0,39.0,958.0,1140.0,6,3,6,4.0,,	,,,,,2,0,Completed,2.1,1.73,,,2.15,1.8,2.07,1.74,2.06,1.91
25,Rome,Internazionali BNL d'Italia,2026-05-07,Masters 1000,Outdoor,Clay,1st Round,3,Basilashvili N.,Merida Aguilar D.,117.0,86.0,539.0,696.0,6,4,2,6.0,6,3,,,,,2,1,Completed,2.3,1.62,,,2.38,1.8,2.29,1.6,2.36,1.72
25,Rome,Internazionali BNL d'Italia,2026-05-07,Masters 1000,Outdoor,Clay,1st Round,3,Kecmanovic M.,Svrcina D.,70.0,116.0,795.0,547.0,6,2,6,3.0,,	,,,,,2,0,Completed,1.91,1.91,,,1.91,2.0,1.85,1.91,1.91,2.08
25,Rome,Internazionali BNL d'Italia,2026-05-07,Masters 1000,Outdoor,Clay,1st Round,3,Popyrin A.,Berrettini M.,60.0,100.0,870.0,625.0,6,2,6,3.0,	,,,,,,2,0,Completed,2.75,1.44,,,2.75,1.53,2.67,1.46,2.88,1.52
25,Rome,Internazionali BNL d'Italia,2026-05-07,Masters 1000,Outdoor,Clay,1st Round,3,Prizmic D.,Fucsovics M.,79.0,57.0,740.0,884.0,6,4,6,3.0,,	,,,,,2,0,Completed,1.29,3.75,,,1.3,3.75,1.29,3.51,1.34,3.85
25,Rome,Internazionali BNL d'Italia,2026-05-07,Masters 1000,Outdoor,Clay,1st Round,3,Mpetshi G.,Fearnley J.,58.0,123.0,880.0,523.0,7,6,4,6.0,6,2,,,,,2,1,Completed,2.38,1.57,,,2.43,1.6,2.36,1.56,2.6,1.61
25,Rome,Internazionali BNL d'Italia,2026-05-07,Masters 1000,Outdoor,Clay,1st Round,3,Cilic M.,Giron M.,47.0,77.0,980.0,745.0,7,5,6,4.0,,	,,,,,2,0,Completed,1.62,2.3,,,1.62,2.3,1.61,2.26,1.64,2.52
25,Rome,Internazionali BNL d'Italia,2026-05-07,Masters 1000,Outdoor,Clay,1st Round,3,Blockx A.,Cina F.,36.0,225.0,1200.0,255.0,4,6,6,1.0,6,3,,,,,2,1,Completed,1.2,4.5,,,1.24,4.5,1.21,4.24,1.22,5.2
25,Rome,Internazionali BNL d'Italia,2026-05-07,Masters 1000,Outdoor,Clay,1st Round,3,Bellucci M.,Burruchaga R.,80.0,56.0,737.0,885.0,6,4,6,4.0,,	,,,,,2,0,Completed,3.5,1.3,,,3.5,1.42,3.06,1.36,3.2,1.43
25,Rome,Internazionali BNL d'Italia,2026-05-07,Masters 1000,Outdoor,Clay,1st Round,3,Bautista Agut R.,Maestrelli F.,98.0,112.0,629.0,575.0,6,3,7,6.0,	,,,,,,2,0,Completed,1.62,2.3,,,1.62,2.45,1.56,2.38,1.66,2.46
25,Rome,Internazionali BNL d'Italia,2026-05-07,Masters 1000,Outdoor,Clay,1st Round,3,Llamas Ruiz P.,Quinn E.,139.0,48.0,448.0,977.0,6,3,5,7.0,6,3,,,,,2,1,Completed,1.8,2.0,,,1.8,2.1,1.77,2.01,1.85,2.14
25,Rome,Internazionali BNL d'Italia,2026-05-07,Masters 1000,Outdoor,Clay,1st Round,3,Garin C.,Cerundolo J.M.,104.0,72.0,602.0,776.0,7,6,7,5.0,	,,,,,,2,0,Completed,1.67,2.2,,,1.67,2.25,1.65,2.19,1.71,2.38
25,Rome,Internazionali BNL d'Italia,2026-05-07,Masters 1000,Outdoor,Clay,1st Round,3,Machac T.,Tsitsipas S.,41.0,75.0,1100.0,765.0,6,4,7,6.0,,	,,,,,2,0,Completed,2.38,1.57,,,2.4,1.67,2.26,1.61,2.4,1.7
25,Rome,Internazionali BNL d'Italia,2026-05-07,Masters 1000,Outdoor,Clay,1st Round,3,Tirante T.A.,Cadenasso G.,69.0,196.0,801.0,297.0,6,7,6,4.0,6,0,,,,,2,1,Completed,1.44,2.75,,,1.45,2.9,1.42,2.79,1.45,3.1
25,Rome,Internazionali BNL d'Italia,2026-05-07,Masters 1000,Outdoor,Clay,1st Round,3,Medjedovic H.,Royer V.,67.0,71.0,804.0,788.0,6,4,6,3.0,	,,,,,,2,0,Completed,1.33,3.4,,,1.33,3.75,1.3,3.39,1.34,3.75
25,Rome,Internazionali BNL d'Italia,2026-05-07,Masters 1000,Outdoor,Clay,1st Round,3,Buse I.,Sonego L.,62.0,66.0,863.0,830.0,6,3,6,3.0,,	,,,,,2,0,Completed,1.57,2.38,,,1.62,2.38,1.58,2.31,1.71,2.38
25,Rome,Internazionali BNL d'Italia,2026-05-07,Masters 1000,Outdoor,Clay,1st Round,3,Ofner S.,Michelsen A.,82.0,42.0,711.0,1090.0,6,3,6,3.0,	,,,,,,2,0,Completed,1.57,2.38,,,1.57,2.45,1.55,2.39,1.64,2.52
25,Rome,Internazionali BNL d'Italia,2026-05-07,Masters 1000,Outdoor,Clay,1st Round,3,Navone M.,Shapovalov D.,44.0,37.0,1046.0,1170.0,6,4,6,2.0,,	,,,,,2,0,Completed,1.5,2.63,,,1.53,2.75,1.48,2.6,1.53,2.78
25,Rome,Internazionali BNL d'Italia,2026-05-07,Masters 1000,Outdoor,Clay,1st Round,3,Pellegrino A.,Nardi L.,155.0,151.0,393.0,409.0,4,6,6,3.0,6,3,,,,,2,1,Completed,1.62,2.3,,,1.64,2.3,1.61,2.25,1.73,2.36
25,Rome,Internazionali BNL d'Italia,2026-05-08,Masters 1000,Outdoor,Clay,2nd Round,3,Jodar R.,Borges N.,34.0,52.0,1273.0,950.0,7,6,6,4.0,,	,,,,,2,0,Completed,1.22,4.33,,,1.24,4.5,1.22,4.13,1.2,5.5
25,Rome,Internazionali BNL d'Italia,2026-05-08,Masters 1000,Outdoor,Clay,2nd Round,3,Arnaldi M.,De Minaur A.,106.0,8.0,596.0,3755.0,4,6,7,6.0,6,4,,,,,2,1,Completed,3.2,1.36,,,3.2,1.4,2.96,1.38,3.35,1.41
25,Rome,Internazionali BNL d'Italia,2026-05-08,Masters 1000,Outdoor,Clay,2nd Round,3,Khachanov K.,Shevchenko A.,15.0,85.0,2220.0,698.0,6,4,6,4.0,	,,,,,,2,0,Completed,1.4,3.0,,,1.4,3.1,1.38,2.96,1.43,3.25
25,Rome,Internazionali BNL d'Italia,2026-05-08,Masters 1000,Outdoor,Clay,2nd Round,3,Lehecka J.,Struff J.L.,13.0,302.0,2715.0,216.0,7,6,6,3.0,,	,,,,,2,0,Completed,1.25,4.0,,,1.26,4.0,1.25,3.84,1.27,4.5
25,Rome,Internazionali BNL d'Italia,2026-05-08,Masters 1000,Outdoor,Clay,2nd Round,3,Van De Zandschulp B.,Kovacevic A.,54.0,95.0,898.0,639.0,2,6,6,2.0,7,6,,,,,2,1,Completed,1.25,4.0,,,1.25,4.33,1.23,3.97,1.26,4.7
25,Rome,Internazionali BNL d'Italia,2026-05-08,Masters 1000,Outdoor,Clay,2nd Round,3,Ruud C.,Svajda Z.,25.0,90.0,1735.0,666.0,6,1,6,3.0,	,,,,,,2,0,Completed,1.06,10.0,,,1.07,13.0,1.06,9.33,1.08,13.0
25,Rome,Internazionali BNL d'Italia,2026-05-08,Masters 1000,Outdoor,Clay,2nd Round,3,Zverev A.,Altmaier D.,3.0,64.0,5805.0,860.0,7,5,6,3.0,,	,,,,,2,0,Completed,1.07,9.0,,,1.08,12.0,1.06,8.58,1.09,10.5
25,Rome,Internazionali BNL d'Italia,2026-05-08,Masters 1000,Outdoor,Clay,2nd Round,3,Cerundolo F.,Tabilo A.,27.0,35.0,1620.0,1248.0,6,0,6,2.0,,	,,,,,2,0,Completed,1.62,2.3,,,1.67,2.4,1.6,2.28,1.67,2.46
25,Rome,Internazionali BNL d'Italia,2026-05-08,Masters 1000,Outdoor,Clay,2nd Round,3,Tien L.,Dzumhur D.,21.0,87.0,1870.0,674.0,6,2,6,1.0,	,,,,,,2,0,Completed,1.73,2.1,,,1.8,2.11,1.74,2.04,1.84,2.16
25,Rome,Internazionali BNL d'Italia,2026-05-08,Masters 1000,Outdoor,Clay,2nd Round,3,Blockx A.,Griekspoor T.,36.0,31.0,1200.0,1360.0,6,7,6,3.0,6,4,,,,,2,1,Completed,1.44,2.75,,,1.48,2.88,1.45,2.69,1.51,2.92
25,Rome,Internazionali BNL d'Italia,2026-05-08,Masters 1000,Outdoor,Clay,2nd Round,3,Paul T.,Vukic A.,18.0,99.0,1975.0,626.0,6,4,6,2.0,	,,,,,,2,0,Completed,1.07,9.0,,,1.08,9.5,1.07,8.14,1.09,11.0
25,Rome,Internazionali BNL d'Italia,2026-05-08,Masters 1000,Outdoor,Clay,2nd Round,3,Prizmic D.,Djokovic N.,79.0,4.0,740.0,4700.0,2,6,6,2.0,6,4,,,,,2,1,Completed,2.75,1.44,,,2.9,1.45,2.78,1.42,3.0,1.48
25,Rome,Internazionali BNL d'Italia,2026-05-08,Masters 1000,Outdoor,Clay,2nd Round,3,Bublik A.,Baez S.,11.0,65.0,3355.0,840.0,6,1,6,2.0,,	,,,,,2,0,Completed,1.67,2.2,,,1.68,2.3,1.64,2.22,1.75,2.3
25,Rome,Internazionali BNL d'Italia,2026-05-08,Masters 1000,Outdoor,Clay,2nd Round,3,Humbert U.,Kopriva V.,33.0,55.0,1280.0,896.0,6,3,6,2.0,	,,,,,,2,0,Completed,2.75,1.44,,,2.9,1.44,2.8,1.41,3.0,1.47
25,Rome,Internazionali BNL d'Italia,2026-05-08,Masters 1000,Outdoor,Clay,2nd Round,3,Darderi L.,Hanfmann Y.,20.0,59.0,1890.0,879.0,6,4,6,4.0,,	,,,,,2,0,Completed,1.44,2.75,,,1.53,2.75,1.49,2.57,1.5,2.96
25,Rome,Internazionali BNL d'Italia,2026-05-08,Masters 1000,Outdoor,Clay,2nd Round,3,Musetti L.,Mpetshi G.,10.0,58.0,3415.0,880.0,6,4,6,4.0,	,,,,,,2,0,Completed,1.08,8.0,,,1.12,8.0,1.1,6.52,1.13,8.4
25,Rome,Internazionali BNL d'Italia,2026-05-09,Masters 1000,Outdoor,Clay,2nd Round,3,Medvedev D.,Machac T.,9.0,41.0,3460.0,1100.0,,,,,,,,,,,,,Walkover,1.62,2.3,,,1.67,2.3,1.65,2.2,1.75,2.3
25,Rome,Internazionali BNL d'Italia,2026-05-09,Masters 1000,Outdoor,Clay,2nd Round,3,Llamas Ruiz P.,Moutet C.,139.0,30.0,448.0,1413.0,6,4,3,6.0,7,6,,,,,2,1,Completed,2.2,1.67,,,2.25,1.73,2.15,1.67,2.4,1.7
25,Rome,Internazionali BNL d'Italia,2026-05-09,Masters 1000,Outdoor,Clay,2nd Round,3,Rublev A.,Kecmanovic M.,14.0,70.0,2590.0,795.0,6,4,6,4.0,	,,,,,,2,0,Completed,1.4,3.0,,,1.4,3.2,1.39,2.91,1.49,3.0
25,Rome,Internazionali BNL d'Italia,2026-05-09,Masters 1000,Outdoor,Clay,2nd Round,3,Tirante T.A.,Norrie C.,69.0,19.0,801.0,1918.0,6,3,7,5.0,	,,,,,,2,0,Completed,2.3,1.62,,,2.38,1.62,2.29,1.6,2.32,1.75
25,Rome,Internazionali BNL d'Italia,2026-05-09,Masters 1000,Outdoor,Clay,2nd Round,3,Landaluce M.,Cilic M.,94.0,47.0,639.0,980.0,6,4,6,4.0,,	,,,,,2,0,Completed,2.5,1.53,,,2.5,1.57,2.38,1.55,2.64,1.6
25,Rome,Internazionali BNL d'Italia,2026-05-09,Masters 1000,Outdoor,Clay,2nd Round,3,Navone M.,Auger-Aliassime F.,44.0,5.0,1046.0,4050.0,7,6,7,6.0,,	,,,,,2,0,Completed,2.5,1.53,,,2.55,1.57,2.47,1.52,2.54,1.63
25,Rome,Internazionali BNL d'Italia,2026-05-09,Masters 1000,Outdoor,Clay,2nd Round,3,Davidovich Fokina A.,Garin C.,23.0,104.0,1820.0,602.0,7,6,6,4.0,,	,,,,,2,0,Completed,1.62,2.3,,,1.73,2.3,1.62,2.24,1.81,2.22
25,Rome,Internazionali BNL d'Italia,2026-05-09,Masters 1000,Outdoor,Clay,2nd Round,3,Bellucci M.,Etcheverry T.,80.0,26.0,737.0,1660.0,5,7,6,2.0,6,3,,,,,2,1,Completed,3.75,1.29,,,3.75,1.34,3.46,1.3,4.0,1.33
25,Rome,Internazionali BNL d'Italia,2026-05-09,Masters 1000,Outdoor,Clay,2nd Round,3,Nakashima B.,Bautista Agut R.,32.0,98.0,1295.0,629.0,6,4,6,0.0,	,,,,,,2,0,Completed,1.5,2.63,,,1.52,2.63,1.49,2.54,1.56,2.76
25,Rome,Internazionali BNL d'Italia,2026-05-09,Masters 1000,Outdoor,Clay,2nd Round,3,Cobolli F.,Atmane T.,12.0,51.0,2750.0,958.0,7,6,6,3.0,	,,,,,,2,0,Completed,1.36,3.2,,,1.4,3.25,1.36,3.1,1.4,3.4
25,Rome,Internazionali BNL d'Italia,2026-05-09,Masters 1000,Outdoor,Clay,2nd Round,3,Basilashvili N.,Shelton B.,117.0,6.0,539.0,4030.0,6,4,6,7.0,6,3,,,,,2,1,Completed,4.33,1.22,,,4.5,1.25,4.03,1.23,4.6,1.26
25,Rome,Internazionali BNL d'Italia,2026-05-09,Masters 1000,Outdoor,Clay,2nd Round,3,Tiafoe F.,Buse I.,22.0,62.0,1865.0,863.0,6,7,6,3.0,6,2,,,,,2,1,Completed,2.1,1.73,,,2.29,1.75,2.15,1.68,2.2,1.82
25,Rome,Internazionali BNL d'Italia,2026-05-09,Masters 1000,Outdoor,Clay,2nd Round,3,Sinner J.,Ofner S.,1.0,82.0,14350.0,711.0,6,3,6,4.0,	,,,,,,2,0,Completed,1.01,26.0,,,1.05,36.0,1.01,19.34,1.02,42.0
25,Rome,Internazionali BNL d'Italia,2026-05-09,Masters 1000,Outdoor,Clay,2nd Round,3,Medjedovic H.,Fonseca J.,67.0,29.0,804.0,1435.0,3,6,6,3.0,7,6,,,,,2,1,Completed,2.75,1.44,,,2.75,1.5,2.56,1.49,2.88,1.52
25,Rome,Internazionali BNL d'Italia,2026-05-09,Masters 1000,Outdoor,Clay,2nd Round,3,Pellegrino A.,Fils A.,155.0,17.0,393.0,2130.0,4,0,	,,,,,,,,0,0,Retired,9,1.07,,,10.0,1.08,7.87,1.07,11.0,1.09
25,Rome,Internazionali BNL d'Italia,2026-05-09,Masters 1000,Outdoor,Clay,2nd Round,3,Popyrin A.,Mensik J.,60.0,28.0,870.0,1600.0,6,3,2,6.0,6,4,,,,,2,1,Completed,3,1.4,,,3.0,1.4,2.92,1.39,3.15,1.45
25,Rome,Internazionali BNL d'Italia,2026-05-10,Masters 1000,Outdoor,Clay,3rd Round,3,Ruud C.,Lehecka J.,25.0,13.0,1735.0,2715.0,6,3,6,4.0,	,,,,,,2,0,Completed,1.5,2.63,,,1.53,2.63,1.5,2.53,1.57,2.74
25,Rome,Internazionali BNL d'Italia,2026-05-10,Masters 1000,Outdoor,Clay,3rd Round,3,Zverev A.,Blockx A.,3.0,36.0,5805.0,1200.0,6,1,6,4.0,,	,,,,,2,0,Completed,1.2,4.5,,,1.22,4.6,1.2,4.32,1.23,5.2
25,Rome,Internazionali BNL d'Italia,2026-05-10,Masters 1000,Outdoor,Clay,3rd Round,3,Prizmic D.,Humbert U.,79.0,33.0,740.0,1280.0,6,1,7,5.0,,	,,,,,2,0,Completed,1.36,3.2,,,1.4,3.3,1.36,3.05,1.39,3.5
25,Rome,Internazionali BNL d'Italia,2026-05-10,Masters 1000,Outdoor,Clay,3rd Round,3,Khachanov K.,Van De Zandschulp B.,15.0,54.0,2220.0,898.0,5,7,6,4.0,6,4,,,,,2,1,Completed,1.67,2.2,,,1.68,2.23,1.66,2.18,1.74,2.3
25,Rome,Internazionali BNL d'Italia,2026-05-10,Masters 1000,Outdoor,Clay,3rd Round,3,Musetti L.,Cerundolo F.,10.0,27.0,3415.0,1620.0,7,6,6,4.0,	,,,,,,2,0,Completed,1.8,2.0,,,1.86,2.0,1.82,1.94,1.94,2.04
25,Rome,Internazionali BNL d'Italia,2026-05-10,Masters 1000,Outdoor,Clay,3rd Round,3,Tien L.,Bublik A.,21.0,11.0,1870.0,3355.0,4,6,6,3.0,7,5,,,,,2,1,Completed,2.75,1.44,,,2.88,1.45,2.73,1.43,2.8,1.54
25,Rome,Internazionali BNL d'Italia,2026-05-10,Masters 1000,Outdoor,Clay,3rd Round,3,Darderi L.,Paul T.,20.0,18.0,1890.0,1975.0,3,6,6,3.0,6,2,,,,,2,1,Completed,2.1,1.73,,,2.2,1.73,2.14,1.68,2.26,1.78
25,Rome,Internazionali BNL d'Italia,2026-05-10,Masters 1000,Outdoor,Clay,3rd Round,3,Jodar R.,Arnaldi M.,34.0,106.0,1273.0,596.0,6,1,4,6.0,6,3,,,,,2,1,Completed,1.29,3.75,,,1.36,4.0,1.27,3.68,1.29,4.4
25,Rome,Internazionali BNL d'Italia,2026-05-11,Masters 1000,Outdoor,Clay,3rd Round,3,Rublev A.,Davidovich Fokina A.,14.0,23.0,2590.0,1820.0,6,4,6,4.0,	,,,,,,2,0,Completed,1.62,2.3,,,1.67,2.33,1.61,2.27,1.68,2.46
25,Rome,Internazionali BNL d'Italia,2026-05-11,Masters 1000,Outdoor,Clay,3rd Round,3,Landaluce M.,Bellucci M.,94.0,80.0,639.0,737.0,6,4,6,3.0,,	,,,,,2,0,Completed,2,1.8,,,2.0,1.91,1.94,1.83,2.16,1.84
25,Rome,Internazionali BNL d'Italia,2026-05-11,Masters 1000,Outdoor,Clay,3rd Round,3,Basilashvili N.,Nakashima B.,117.0,32.0,539.0,1295.0,7,6,6,4.0,,	,,,,,2,0,Completed,2.3,1.62,,,2.3,1.67,2.24,1.62,2.42,1.68
25,Rome,Internazionali BNL d'Italia,2026-05-11,Masters 1000,Outdoor,Clay,3rd Round,3,Pellegrino A.,Tiafoe F.,155.0,22.0,393.0,1865.0,7,6,6,1.0,,	,,,,,2,0,Completed,3,1.4,,,3.0,1.44,2.86,1.4,2.92,1.5
25,Rome,Internazionali BNL d'Italia,2026-05-11,Masters 1000,Outdoor,Clay,3rd Round,3,Medjedovic H.,Navone M.,67.0,44.0,804.0,1046.0,4,6,6,3.0,6,4,,,,,2,1,Completed,1.73,2.1,,,1.73,2.2,1.69,2.13,1.87,2.12
25,Rome,Internazionali BNL d'Italia,2026-05-11,Masters 1000,Outdoor,Clay,3rd Round,3,Sinner J.,Popyrin A.,1.0,60.0,14350.0,870.0,6,2,6,0.0,	,,,,,,2,0,Completed,1.02,19.0,,,1.04,26.0,1.02,16.56,1.03,28.0
25,Rome,Internazionali BNL d'Italia,2026-05-11,Masters 1000,Outdoor,Clay,3rd Round,3,Medvedev D.,Llamas Ruiz P.,9.0,139.0,3460.0,448.0,3,6,6,4.0,6,2,,,,,2,1,Completed,1.4,2.75,,,1.47,2.88,1.43,2.76,1.44,3.15
25,Rome,Internazionali BNL d'Italia,2026-05-11,Masters 1000,Outdoor,Clay,3rd Round,3,Tirante T.A.,Cobolli F.,69.0,12.0,801.0,2750.0,6,3,6,4.0,,	,,,,,2,0,Completed,3.2,1.36,,,3.2,1.42,2.91,1.39,3.1,1.45
25,Rome,Internazionali BNL d'Italia,2026-05-12,Masters 1000,Outdoor,Clay,4th Round,3,Ruud C.,Musetti L.,25.0,10.0,1735.0,3415.0,6,3,6,1.0,,	,,,,,2,0,Completed,1.5,2.63,,,1.53,2.63,1.51,2.52,1.61,2.6
25,Rome,Internazionali BNL d'Italia,2026-05-12,Masters 1000,Outdoor,Clay,4th Round,3,Khachanov K.,Prizmic D.,15.0,79.0,2220.0,740.0,6,1,7,6.0,	,,,,,,2,0,Completed,2.63,1.5,,,2.63,1.57,2.48,1.52,2.52,1.65
25,Rome,Internazionali BNL d'Italia,2026-05-12,Masters 1000,Outdoor,Clay,4th Round,3,Jodar R.,Tien L.,34.0,21.0,1273.0,1870.0,6,1,6,4.0,	,,,,,,2,0,Completed,1.25,4.0,,,1.26,4.33,1.23,3.99,1.27,4.5
25,Rome,Internazionali BNL d'Italia,2026-05-12,Masters 1000,Outdoor,Clay,4th Round,3,Darderi L.,Zverev A.,20.0,3.0,1890.0,5805.0,1,6,7,6.0,6,0,,,,,2,1,Completed,4.33,1.22,,,4.5,1.23,4.23,1.21,4.8,1.25
25,Rome,Internazionali BNL d'Italia,2026-05-12,Masters 1000,Outdoor,Clay,4th Round,3,Sinner J.,Pellegrino A.,1.0,155.0,14350.0,393.0,6,2,6,3.0,	,,,,,,2,0,Completed,1,41.0,,,1.02,41.0,1.01,24.16,1.02,38.0
25,Rome,Internazionali BNL d'Italia,2026-05-12,Masters 1000,Outdoor,Clay,4th Round,3,Rublev A.,Basilashvili N.,14.0,117.0,2590.0,539.0,3,6,7,6.0,6,2,,,,,2,1,Completed,1.3,3.5,,,1.33,3.5,1.31,3.37,1.35,3.7
25,Rome,Internazionali BNL d'Italia,2026-05-12,Masters 1000,Outdoor,Clay,4th Round,3,Landaluce M.,Medjedovic H.,94.0,67.0,639.0,804.0,7,5,6,4.0,,	,,,,,2,0,Completed,2.5,1.53,,,2.5,1.57,2.44,1.54,2.56,1.63
25,Rome,Internazionali BNL d'Italia,2026-05-12,Masters 1000,Outdoor,Clay,4th Round,3,Medvedev D.,Tirante T.A.,9.0,69.0,3460.0,801.0,6,3,6,2.0,,	,,,,,2,0,Completed,1.67,2.2,,,1.73,2.21,1.68,2.14,1.74,2.32
25,Rome,Internazionali BNL d'Italia,2026-05-13,Masters 1000,Outdoor,Clay,Quarterfinals,3,Ruud C.,Khachanov K.,25.0,15.0,1735.0,2220.0,6,1,1,6.0,6,2,,,,,2,1,Completed,1.22,4.33,,,1.25,4.33,1.23,4.11,1.25,4.8
25,Rome,Internazionali BNL d'Italia,2026-05-13,Masters 1000,Outdoor,Clay,Quarterfinals,3,Darderi L.,Jodar R.,20.0,34.0,1890.0,1273.0,7,6,5,7.0,6,0,,,,,2,1,Completed,2.75,1.44,,,2.8,1.5,2.7,1.45,2.94,1.51
25,Rome,Internazionali BNL d'Italia,2026-05-14,Masters 1000,Outdoor,Clay,Quarterfinals,3,Sinner J.,Rublev A.,1.0,14.0,14350.0,2590.0,6,2,6,4.0,	,,,,,,2,0,Completed,1.03,15.0,,,1.04,17.0,1.03,12.88,1.04,22.0
25,Rome,Internazionali BNL d'Italia,2026-05-14,Masters 1000,Outdoor,Clay,Quarterfinals,3,Medvedev D.,Landaluce M.,9.0,94.0,3460.0,639.0,1,6,6,4.0,7,5,,,,,2,1,Completed,1.3,3.5,,,1.35,3.5,1.33,3.27,1.35,3.75
25,Rome,Internazionali BNL d'Italia,2026-05-15,Masters 1000,Outdoor,Clay,Semifinals,3,Ruud C.,Darderi L.,25.0,20.0,1735.0,1890.0,6,1,6,1.0,	,,,,,,2,0,Completed,1.4,3.0,,,1.42,3.05,1.4,2.93,1.45,3.2
25,Rome,Internazionali BNL d'Italia,2026-05-16,Masters 1000,Outdoor,Clay,Semifinals,3,Sinner J.,Medvedev D.,1.0,9.0,14350.0,3460.0,6,2,5,7.0,6,4,,,,,2,1,Completed,1.06,10.0,,,1.07,11.0,1.06,8.84,1.09,11.5
25,Rome,Internazionali BNL d'Italia,2026-05-17,Masters 1000,Outdoor,Clay,The Final,3,Sinner J.,Ruud C.,1.0,25.0,14350.0,1735.0,6,4,6,4.0,,,,,,,2,0,Completed,1.13,6.0,,,1.15,7.0,1.13,6.05,1.15,7.6
26,Geneva,Geneva Open,2026-05-17,ATP250,Outdoor,Clay,1st Round,3,Navone M.,Trungelliti M.,42.0,81.0,1066.0,731.0,5,7,7,5.0,6,1,,,,,2,1,Completed,1.36,3.2,,,1.36,3.6,1.31,3.32,1.35,3.75
26,Geneva,Geneva Open,2026-05-18,ATP250,Outdoor,Clay,1st Round,3,Michelsen A.,Baez S.,41.0,62.0,1075.0,860.0,7,5,6,3.0,,	,,,,,2,0,Completed,2.75,1.44,,,2.75,1.5,2.67,1.45,2.82,1.53
26,Geneva,Geneva Open,2026-05-18,ATP250,Outdoor,Clay,1st Round,3,Rinderknech A.,Tirante T.A.,24.0,58.0,1711.0,887.0,6,4,6,1.0,	,,,,,,2,0,Completed,2.3,1.62,,,2.35,1.62,2.29,1.59,2.46,1.66
26,Geneva,Geneva Open,2026-05-18,ATP250,Outdoor,Clay,1st Round,3,Comesana F.,Royer V.,114.0,73.0,570.0,773.0,2,6,6,3.0,6,4,,,,,2,1,Completed,1.5,2.63,,,1.53,2.65,1.49,2.55,1.54,2.72
26,Geneva,Geneva Open,2026-05-18,ATP250,Outdoor,Clay,1st Round,3,Tsitsipas S.,Mpetshi G.,82.0,80.0,725.0,735.0,6,4,7,6.0,	,,,,,,2,0,Completed,1.4,3.0,,,1.4,3.0,1.4,2.86,1.42,3.3
26,Geneva,Geneva Open,2026-05-18,ATP250,Outdoor,Clay,1st Round,3,Wawrinka S.,Brancaccio R.,119.0,241.0,528.0,236.0,6,2,4,6.0,7,6,,,,,2,1,Completed,1.44,2.75,,,1.45,2.75,1.43,2.67,1.48,3.0
26,Geneva,Geneva Open,2026-05-18,ATP250,Outdoor,Clay,1st Round,3,Butvilas E.,Sonego L.,253.0,69.0,215.0,815.0,6,3,6,1.0,,	,,,,,2,0,Completed,2.2,1.67,,,2.38,1.67,2.23,1.63,2.36,1.72
26,Geneva,Geneva Open,2026-05-19,ATP250,Outdoor,Clay,1st Round,3,Popyrin A.,Tabur C.,61.0,165.0,870.0,360.0,7,6,6,7.0,6,4,,,,,2,1,Completed,1.4,3.0,,,1.4,3.25,1.36,3.02,1.42,3.25
26,Geneva,Geneva Open,2026-05-19,ATP250,Outdoor,Clay,1st Round,3,Munar J.,Basavareddy N.,39.0,156.0,1105.0,396.0,6,0,6,3.0,,	,,,,,2,0,Completed,1.4,3.0,,,1.44,3.0,1.4,2.84,1.47,3.05
26,Geneva,Geneva Open,2026-05-19,ATP250,Outdoor,Clay,1st Round,3,Ruud C.,Brooksby J.,17.0,60.0,2185.0,872.0,6,3,7,5.0,,	,,,,,2,0,Completed,1.11,6.5,,,1.13,7.0,1.11,6.39,1.12,8.6
26,Geneva,Geneva Open,2026-05-19,ATP250,Outdoor,Clay,1st Round,3,Collignon R.,Mannarino A.,64.0,44.0,854.0,1037.0,6,3,7,6.0,,	,,,,,2,0,Completed,1.07,9.0,,,1.1,9.0,1.08,7.5,1.11,9.6
26,Geneva,Geneva Open,2026-05-19,ATP250,Outdoor,Clay,1st Round,3,Djere L.,Duckworth J.,238.0,83.0,241.0,722.0,6,4,3,6.0,6,3,,,,,2,1,Completed,1.22,4.33,,,1.22,4.4,1.22,4.21,1.22,5.0
26,Geneva,Geneva Open,2026-05-20,ATP250,Outdoor,Clay,2nd Round,3,Tien L.,Tsitsipas S.,20.0,82.0,1940.0,725.0,7,6,7,6.0,,	,,,,,2,0,Completed,2.63,1.5,,,2.63,1.5,2.55,1.49,2.78,1.56
26,Geneva,Geneva Open,2026-05-20,ATP250,Outdoor,Clay,2nd Round,3,Navone M.,Norrie C.,42.0,22.0,1066.0,1888.0,6,4,6,4.0,,	,,,,,2,0,Completed,1.73,2.1,,,1.78,2.1,1.73,2.05,1.77,2.28
26,Geneva,Geneva Open,2026-05-20,ATP250,Outdoor,Clay,2nd Round,3,Popyrin A.,Fritz T.,61.0,8.0,870.0,3720.0,6,4,6,4.0,,	,,,,,2,0,Completed,2.1,1.73,,,2.1,1.75,2.06,1.73,2.02,1.97
26,Geneva,Geneva Open,2026-05-20,ATP250,Outdoor,Clay,2nd Round,3,Munar J.,Comesana F.,39.0,114.0,1105.0,570.0,6,4,6,4.0,,	,,,,,2,0,Completed,1.57,2.38,,,1.62,2.4,1.57,2.32,1.66,2.48
26,Geneva,Geneva Open,2026-05-20,ATP250,Outdoor,Clay,2nd Round,3,Ruud C.,Collignon R.,17.0,64.0,2185.0,854.0,7,6,6,2.0,,	,,,,,2,0,Completed,1.33,3.4,,,1.37,3.4,1.34,3.17,1.4,3.45
26,Geneva,Geneva Open,2026-05-20,ATP250,Outdoor,Clay,2nd Round,3,Rinderknech A.,Djere L.,24.0,238.0,1711.0,241.0,4,6,7,6.0,6,1,,,,,2,1,Completed,1.62,2.3,,,1.73,2.3,1.67,2.14,1.75,2.3
26,Geneva,Geneva Open,2026-05-20,ATP250,Outdoor,Clay,2nd Round,3,Michelsen A.,Wawrinka S.,41.0,119.0,1075.0,528.0,7,6,7,6.0,,	,,,,,2,0,Completed,1.57,2.38,,,1.57,2.5,1.55,2.39,1.63,2.52
26,Geneva,Geneva Open,2026-05-20,ATP250,Outdoor,Clay,2nd Round,3,Bublik A.,Butvilas E.,10.0,253.0,3230.0,215.0,6,4,6,3.0,,	,,,,,2,0,Completed,1.36,3.2,,,1.36,3.4,1.32,3.28,1.37,3.6
26,Geneva,Geneva Open,2026-05-21,ATP250,Outdoor,Clay,Quarterfinals,3,Navone M.,Munar J.,42.0,39.0,1066.0,1105.0,6,2,6,2.0,	,,,,,,2,0,Completed,1.8,2.0,,,1.82,2.0,1.79,1.98,1.88,2.12
26,Geneva,Geneva Open,2026-05-21,ATP250,Outdoor,Clay,Quarterfinals,3,Ruud C.,Popyrin A.,17.0,61.0,2185.0,870.0,6,4,6,3.0,,	,,,,,2,0,Completed,1.3,3.5,,,1.32,3.75,1.3,3.43,1.34,3.85
26,Geneva,Geneva Open,2026-05-21,ATP250,Outdoor,Clay,Quarterfinals,3,Tien L.,Michelsen A.,20.0,41.0,1940.0,1075.0,6,4,3,6.0,6,1,,,,,2,1,Completed,1.8,2.0,,,1.83,2.0,1.79,1.98,1.92,2.06
26,Geneva,Geneva Open,2026-05-21,ATP250,Outdoor,Clay,Quarterfinals,3,Bublik A.,Rinderknech A.,10.0,24.0,3230.0,1711.0,5,7,6,4.0,6,2,,,,,2,1,Completed,1.53,2.5,,,1.56,2.63,1.53,2.46,1.57,2.72
26,Geneva,Geneva Open,2026-05-22,ATP250,Outdoor,Clay,Semifinals,3,Navone M.,Ruud C.,42.0,17.0,1066.0,2185.0,7,5,6,2.0,,	,,,,,2,0,Completed,4.33,1.22,,,4.5,1.22,4.3,1.21,5.1,1.23
26,Geneva,Geneva Open,2026-05-22,ATP250,Outdoor,Clay,Semifinals,3,Tien L.,Bublik A.,20.0,10.0,1940.0,3230.0,6,1,4,6.0,7,6,,,,,2,1,Completed,2.3,1.62,,,2.3,1.73,2.18,1.66,2.26,1.76
26,Geneva,Geneva Open,2026-05-23,ATP250,Outdoor,Clay,The Final,3,Tien L.,Navone M.,20.0,42.0,1940.0,1066.0,3,6,6,3.0,7,5,,,,,2,1,Completed,2.38,1.57,,,2.4,1.63,2.32,1.58,2.48,1.66
27,Hamburg,Hamburg Open,2026-05-17,ATP500,Outdoor,Clay,1st Round,3,Tiafoe F.,Dedura D.,21.0,281.0,1905.0,187.0,6,4,6,4.0,,	,,,,,2,0,Completed,1.36,3.2,,,1.36,3.4,1.32,3.28,1.36,3.6
27,Hamburg,Hamburg Open,2026-05-17,ATP500,Outdoor,Clay,1st Round,3,Paul T.,Quinn E.,26.0,49.0,1625.0,974.0,6,1,6,3.0,	,,,,,,2,0,Completed,1.33,3.4,,,1.37,3.4,1.34,3.2,1.35,3.7
27,Hamburg,Hamburg Open,2026-05-18,ATP500,Outdoor,Clay,1st Round,3,De Minaur A.,Cerundolo F.,9.0,27.0,3665.0,1570.0,3,6,6,4.0,6,3,,,,,2,1,Completed,2.5,1.53,,,2.5,1.57,2.44,1.53,2.66,1.58
27,Hamburg,Hamburg Open,2026-05-18,ATP500,Outdoor,Clay,1st Round,3,Davidovich Fokina A.,Moutet C.,23.0,32.0,1820.0,1323.0,6,4,6,4.0,	,,,,,,2,0,Completed,1.5,2.63,,,1.52,2.65,1.49,2.59,1.53,2.78
27,Hamburg,Hamburg Open,2026-05-18,ATP500,Outdoor,Clay,1st Round,3,Ugo Carabelli C.,Majchrzak K.,68.0,77.0,825.0,747.0,1,6,6,2.0,6,3,,,,,2,1,Completed,1.44,2.75,,,1.5,2.75,1.47,2.62,1.52,2.82
27,Hamburg,Hamburg Open,2026-05-18,ATP500,Outdoor,Clay,1st Round,3,Etcheverry T.,Atmane T.,25.0,51.0,1630.0,938.0,6,2,7,6.0,,	,,,,,2,0,Completed,1.44,2.75,,,1.45,2.9,1.43,2.72,1.47,3.05
27,Hamburg,Hamburg Open,2026-05-18,ATP500,Outdoor,Clay,1st Round,3,Hanfmann Y.,Schoenhaus M.,55.0,452.0,899.0,101.0,6,3,6,7.0,6,4,,,,,2,1,Completed,1.25,4.0,,,1.25,4.6,1.21,4.19,1.22,5.5
27,Hamburg,Hamburg Open,2026-05-18,ATP500,Outdoor,Clay,1st Round,3,Altmaier D.,Hijikata R.,65.0,102.0,843.0,599.0,7,5,6,2.0,	,,,,,,2,0,Completed,1.33,3.4,,,1.36,3.4,1.34,3.2,1.37,3.6
27,Hamburg,Hamburg Open,2026-05-18,ATP500,Outdoor,Clay,1st Round,3,Shelton B.,Giron M.,6.0,84.0,4030.0,705.0,6,3,4,6.0,7,6,,,,,2,1,Completed,1.29,3.75,,,1.3,3.85,1.26,3.7,1.29,4.3
27,Hamburg,Hamburg Open,2026-05-18,ATP500,Outdoor,Clay,1st Round,3,Mensik J.,Struff J.L.,28.0,79.0,1510.0,739.0,7,6,6,2.0,	,,,,,,2,0,Completed,1.29,3.75,,,1.3,3.75,1.28,3.59,1.31,4.1
27,Hamburg,Hamburg Open,2026-05-19,ATP500,Outdoor,Clay,1st Round,3,Buse I.,Cobolli F.,57.0,12.0,893.0,2790.0,6,2,7,5.0,,	,,,,,2,0,Completed,2.5,1.53,,,2.6,1.57,2.46,1.52,2.56,1.64
27,Hamburg,Hamburg Open,2026-05-19,ATP500,Outdoor,Clay,1st Round,3,Kovacevic A.,Gea A.,94.0,140.0,649.0,436.0,6,2,7,6.0,	,,,,,,2,0,Completed,2.1,1.73,,,2.23,1.73,2.15,1.68,2.38,1.71
27,Hamburg,Hamburg Open,2026-05-19,ATP500,Outdoor,Clay,1st Round,3,Darderi L.,Burruchaga R.,16.0,66.0,2260.0,833.0,6,3,7,6.0,	,,,,,,2,0,Completed,1.5,2.63,,,1.53,2.7,1.47,2.62,1.6,2.62
27,Hamburg,Hamburg Open,2026-05-19,ATP500,Outdoor,Clay,1st Round,3,Auger-Aliassime F.,Kopriva V.,5.0,63.0,4060.0,856.0,7,5,6,1.0,	,,,,,,2,0,Completed,1.44,2.75,,,1.44,3.0,1.4,2.84,1.5,2.98
27,Hamburg,Hamburg Open,2026-05-19,ATP500,Outdoor,Clay,1st Round,3,Khachanov K.,Gaston H.,15.0,120.0,2320.0,527.0,3,6,6,3.0,7,6,,,,,2,1,Completed,1.2,4.5,,,1.22,4.8,1.19,4.41,1.24,4.9
27,Hamburg,Hamburg Open,2026-05-19,ATP500,Outdoor,Clay,1st Round,3,Humbert U.,Engel J.,34.0,190.0,1280.0,316.0,6,3,3,6.0,7,6,,,,,2,1,Completed,1.29,3.75,,,1.3,3.9,1.26,3.69,1.28,4.4
27,Hamburg,Hamburg Open,2026-05-19,ATP500,Outdoor,Clay,2nd Round,3,Altmaier D.,Shelton B.,65.0,6.0,843.0,4030.0,4,6,7,6.0,6,4,,,,,2,1,Completed,3,1.4,,,3.0,1.44,2.8,1.42,2.86,1.53
27,Hamburg,Hamburg Open,2026-05-20,ATP500,Outdoor,Clay,2nd Round,3,Kovacevic A.,Auger-Aliassime F.,94.0,5.0,649.0,4060.0,4,6,7,5.0,6,4,,,,,2,1,Completed,7,1.1,,,7.5,1.13,6.33,1.11,8.0,1.13
27,Hamburg,Hamburg Open,2026-05-20,ATP500,Outdoor,Clay,2nd Round,3,Buse I.,Mensik J.,57.0,28.0,893.0,1510.0,6,0,6,3.0,	,,,,,,2,0,Completed,2.38,1.57,,,2.38,1.62,2.3,1.58,2.4,1.66
27,Hamburg,Hamburg Open,2026-05-20,ATP500,Outdoor,Clay,2nd Round,3,Paul T.,Etcheverry T.,26.0,25.0,1625.0,1630.0,6,7,7,6.0,7,6,,,,,2,1,Completed,1.44,2.75,,,1.53,2.75,1.48,2.58,1.6,2.62
27,Hamburg,Hamburg Open,2026-05-20,ATP500,Outdoor,Clay,2nd Round,3,Humbert U.,Khachanov K.,34.0,15.0,1280.0,2320.0,6,3,3,6.0,7,6,,,,,2,1,Completed,3.2,1.36,,,3.3,1.37,3.09,1.35,3.25,1.44
27,Hamburg,Hamburg Open,2026-05-20,ATP500,Outdoor,Clay,2nd Round,3,De Minaur A.,Davidovich Fokina A.,9.0,23.0,3665.0,1820.0,6,2,4,6.0,6,4,,,,,2,1,Completed,1.62,2.3,,,1.67,2.3,1.62,2.25,1.69,2.42
27,Hamburg,Hamburg Open,2026-05-20,ATP500,Outdoor,Clay,2nd Round,3,Ugo Carabelli C.,Tiafoe F.,68.0,21.0,825.0,1905.0,7,6,7,6.0,	,,,,,,2,0,Completed,2.1,1.73,,,2.1,1.8,2.02,1.77,2.08,1.9
27,Hamburg,Hamburg Open,2026-05-20,ATP500,Outdoor,Clay,2nd Round,3,Darderi L.,Hanfmann Y.,16.0,55.0,2260.0,899.0,7,6,7,5.0,	,,,,,,2,0,Completed,1.44,2.75,,,1.45,2.8,1.44,2.7,1.49,2.86
27,Hamburg,Hamburg Open,2026-05-21,ATP500,Outdoor,Clay,Quarterfinals,3,Buse I.,Humbert U.,57.0,34.0,893.0,1280.0,6,3,5,7.0,6,3,,,,,2,1,Completed,1.3,3.5,,,1.33,3.5,1.3,3.39,1.35,3.75
27,Hamburg,Hamburg Open,2026-05-21,ATP500,Outdoor,Clay,Quarterfinals,3,Paul T.,Altmaier D.,26.0,65.0,1625.0,843.0,6,2,7,5.0,	,,,,,,2,0,Completed,1.4,3.0,,,1.43,3.0,1.41,2.84,1.46,3.1
27,Hamburg,Hamburg Open,2026-05-21,ATP500,Outdoor,Clay,Quarterfinals,3,Kovacevic A.,Ugo Carabelli C.,94.0,68.0,649.0,825.0,6,4,6,7.0,6,2,,,,,2,1,Completed,3,1.4,,,3.1,1.44,2.96,1.38,3.25,1.44
27,Hamburg,Hamburg Open,2026-05-21,ATP500,Outdoor,Clay,Quarterfinals,3,De Minaur A.,Darderi L.,9.0,16.0,3665.0,2260.0,6,0,6,3.0,,	,,,,,2,0,Completed,1.8,2.0,,,1.85,2.0,1.81,1.96,1.93,2.06
27,Hamburg,Hamburg Open,2026-05-22,ATP500,Outdoor,Clay,Semifinals,3,Buse I.,Kovacevic A.,57.0,94.0,893.0,649.0,6,1,6,4.0,,	,,,,,2,0,Completed,1.29,3.75,,,1.33,3.75,1.31,3.35,1.35,3.75
27,Hamburg,Hamburg Open,2026-05-22,ATP500,Outdoor,Clay,Semifinals,3,Paul T.,De Minaur A.,26.0,9.0,1625.0,3665.0,2,6,6,3.0,6,3,,,,,2,1,Completed,2.38,1.57,,,2.38,1.67,2.26,1.6,2.4,1.7
27,Hamburg,Hamburg Open,2026-05-23,ATP500,Outdoor,Clay,The Final,3,Buse I.,Paul T.,57.0,26.0,893.0,1625.0,7,6,4,6.0,6,3,,,,,2,1,Completed,2.38,1.57,,,2.4,1.72,2.29,1.6,2.46,1.67
28,Paris,French Open,2026-05-24,Grand Slam,Outdoor,Clay,1st Round,5,Duckworth J.,Diallo G.,82.0,49.0,722.0,975.0,6,3,4,1.0,	,,,,,,1,0,Retired,2.5,1.53,,,2.53,1.57,2.42,1.55,2.58,1.62
28,Paris,French Open,2026-05-24,Grand Slam,Outdoor,Clay,1st Round,5,Tirante T.A.,Llamas Ruiz P.,60.0,122.0,887.0,515.0,6,3,7,6.0,6,7,6,0,,	,3,1,Completed,1.8,2.0,,,1.85,2.01,1.81,1.97,1.91,2.08
28,Paris,French Open,2026-05-24,Grand Slam,Outdoor,Clay,1st Round,5,Kecmanovic M.,Marozsan F.,48.0,54.0,980.0,935.0,7,6,6,3.0,6,4,	,,,,3,0,Completed,1.62,2.3,,,1.67,2.38,1.62,2.25,1.66,2.48
28,Paris,French Open,2026-05-24,Grand Slam,Outdoor,Clay,1st Round,5,Khachanov K.,Gea A.,15.0,135.0,2320.0,460.0,6,3,7,6.0,6,0,	,,,,3,0,Completed,1.17,5.0,,,1.2,5.25,1.18,4.75,1.22,5.3
28,Paris,French Open,2026-05-24,Grand Slam,Outdoor,Clay,1st Round,5,Davidovich Fokina A.,Dzumhur D.,23.0,87.0,1860.0,694.0,6,7,6,3.0,2,6,7,5,6,3,3,2,Completed,1.11,6.5,,,1.14,6.5,1.12,5.83,1.15,7.2
28,Paris,French Open,2026-05-24,Grand Slam,Outdoor,Clay,1st Round,5,Trungelliti M.,Jacquet K.,81.0,147.0,731.0,411.0,6,4,6,2.0,6,2,,	,,,3,0,Completed,2.2,1.67,,,2.21,1.73,2.15,1.68,2.22,1.79
28,Paris,French Open,2026-05-24,Grand Slam,Outdoor,Clay,1st Round,5,Machac T.,Bergs Z.,43.0,40.0,1080.0,1150.0,6,4,6,4.0,6,3,	,,,,3,0,Completed,1.67,2.2,,,1.73,2.21,1.69,2.14,1.75,2.3
28,Paris,French Open,2026-05-24,Grand Slam,Outdoor,Clay,1st Round,5,Zverev A.,Bonzi B.,3.0,95.0,5705.0,629.0,6,3,6,4.0,6,2,,	,,,3,0,Completed,1.03,15.0,,,1.04,21.0,1.03,13.93,1.04,20.0
28,Paris,French Open,2026-05-24,Grand Slam,Outdoor,Clay,1st Round,5,Mensik J.,Droguet T.,27.0,107.0,1550.0,578.0,6,3,6,2.0,6,4,,	,,,3,0,Completed,1.4,3.0,,,1.5,3.0,1.43,2.78,1.5,2.96
28,Paris,French Open,2026-05-24,Grand Slam,Outdoor,Clay,1st Round,5,Cina F.,Opelka R.,238.0,76.0,242.0,758.0,3,6,6,4.0,6,2,6,7,6,4,3,2,Completed,1.5,2.63,,,1.53,2.83,1.46,2.67,1.5,2.96
28,Paris,French Open,2026-05-24,Grand Slam,Outdoor,Clay,1st Round,5,Borges N.,Etcheverry T.,51.0,28.0,970.0,1510.0,6,3,6,4.0,6,2,,	,,,3,0,Completed,2.75,1.44,,,2.9,1.44,2.78,1.42,3.25,1.44
28,Paris,French Open,2026-05-24,Grand Slam,Outdoor,Clay,1st Round,5,Prizmic D.,Zheng M.,72.0,146.0,785.0,414.0,6,1,6,1.0,6,3,,	,,,3,0,Completed,1.17,5.0,,,1.2,5.6,1.16,5.14,1.17,6.4
28,Paris,French Open,2026-05-24,Grand Slam,Outdoor,Clay,1st Round,5,Fonseca J.,Pavlovic L.,30.0,241.0,1435.0,237.0,7,6,6,4.0,6,2,	,,,,3,0,Completed,1.05,11.0,,,1.07,13.0,1.05,9.97,1.08,11.5
28,Paris,French Open,2026-05-24,Grand Slam,Outdoor,Clay,1st Round,5,Basavareddy N.,Fritz T.,148.0,9.0,409.0,3720.0,7,6,7,6.0,6,7,6,1,,	,3,1,Completed,4.33,1.22,,,4.6,1.25,4.2,1.21,5.1,1.24
28,Paris,French Open,2026-05-24,Grand Slam,Outdoor,Clay,1st Round,5,Halys Q.,Bellucci M.,90.0,73.0,678.0,777.0,6,3,7,6.0,6,3,	,,,,3,0,Completed,1.73,2.1,,,1.73,2.3,1.64,2.22,1.67,2.48
28,Paris,French Open,2026-05-24,Grand Slam,Outdoor,Clay,1st Round,5,Blockx A.,Wong C.,37.0,109.0,1238.0,574.0,6,3,6,4.0,6,2,	,,,,3,0,Completed,1.1,7.0,,,1.1,8.0,1.09,6.94,1.11,9.2
28,Paris,French Open,2026-05-24,Grand Slam,Outdoor,Clay,1st Round,5,Medjedovic H.,Hanfmann Y.,58.0,53.0,894.0,936.0,6,3,6,4.0,6,7,6,4,	,,3,1,Completed,1.5,2.63,,,1.56,2.63,1.5,2.55,1.53,2.86
28,Paris,French Open,2026-05-24,Grand Slam,Outdoor,Clay,1st Round,5,Sonego L.,Herbert P.,70.0,220.0,815.0,259.0,7,6,5,7.0,6,2,1,6,6,4,3,2,Completed,1.53,2.5,,,1.53,2.75,1.48,2.6,1.58,2.72
28,Paris,French Open,2026-05-24,Grand Slam,Outdoor,Clay,1st Round,5,Royer V.,Dellien H.,74.0,144.0,773.0,421.0,6,4,6,2.0,6,2,,	,,,3,0,Completed,2.3,1.62,,,2.3,1.68,2.24,1.63,2.42,1.69
28,Paris,French Open,2026-05-24,Grand Slam,Outdoor,Clay,1st Round,5,Djokovic N.,Mpetshi G.,4.0,83.0,4460.0,710.0,5,7,7,5.0,6,1,6,4,,	,3,1,Completed,1.08,8.0,,,1.1,8.0,1.08,7.39,1.11,9.6
28,Paris,French Open,2026-05-25,Grand Slam,Outdoor,Clay,1st Round,5,Michelsen A.,Shevchenko A.,42.0,88.0,1115.0,689.0,6,2,6,4.0,6,2,,	,,,3,0,Completed,1.53,2.5,,,1.57,2.53,1.54,2.43,1.65,2.52
28,Paris,French Open,2026-05-25,Grand Slam,Outdoor,Clay,1st Round,5,Carreno Busta P.,Lehecka J.,89.0,12.0,685.0,2665.0,6,3,7,6.0,6,3,	,,,,3,0,Completed,4.5,1.2,,,5.5,1.22,4.58,1.2,6.2,1.18
28,Paris,French Open,2026-05-25,Grand Slam,Outdoor,Clay,1st Round,5,De Minaur A.,Samuel T.,7.0,159.0,3855.0,378.0,6,4,6,4.0,6,2,	,,,,3,0,Completed,1.07,9.0,,,1.09,9.5,1.07,8.02,1.08,12.5
28,Paris,French Open,2026-05-25,Grand Slam,Outdoor,Clay,1st Round,5,Rinderknech A.,Rodionov J.,25.0,158.0,1736.0,379.0,7,6,6,2.0,6,3,	,,,,3,0,Completed,1.3,3.5,,,1.33,3.75,1.3,3.5,1.32,4.0
28,Paris,French Open,2026-05-25,Grand Slam,Outdoor,Clay,1st Round,5,Berrettini M.,Fucsovics M.,105.0,65.0,585.0,859.0,6,7,7,5.0,6,1,6,2,,	,3,1,Completed,1.44,2.75,,,1.5,2.8,1.47,2.63,1.55,2.76
28,Paris,French Open,2026-05-25,Grand Slam,Outdoor,Clay,1st Round,5,Van Assche L.,Gaubas V.,100.0,133.0,599.0,464.0,6,4,6,2.0,2,6,7,5,	,,3,1,Completed,1.73,2.1,,,1.73,2.1,1.73,2.1,1.33,2.78
28,Paris,French Open,2026-05-25,Grand Slam,Outdoor,Clay,1st Round,5,Jodar R.,Kovacevic A.,29.0,67.0,1461.0,837.0,6,1,6,0.0,6,4,,	,,,3,0,Completed,1.08,8.0,,,1.12,8.5,1.09,7.28,1.11,9.2
28,Paris,French Open,2026-05-25,Grand Slam,Outdoor,Clay,1st Round,5,Tiafoe F.,Spizzirri E.,22.0,91.0,1905.0,660.0,6,3,6,7.0,6,4,6,3,,	,3,1,Completed,1.07,9.0,,,1.08,9.5,1.07,8.08,1.11,9.8
28,Paris,French Open,2026-05-25,Grand Slam,Outdoor,Clay,1st Round,5,Nakashima B.,Bautista Agut R.,35.0,117.0,1295.0,542.0,6,2,7,5.0,6,2,,	,,,3,0,Completed,1.3,3.5,,,1.32,3.75,1.29,3.47,1.33,4.0
28,Paris,French Open,2026-05-25,Grand Slam,Outdoor,Clay,1st Round,5,De Jong J.,Wawrinka S.,106.0,113.0,580.0,553.0,6,3,3,6.0,6,3,6,4,,	,3,1,Completed,1.62,2.3,,,1.62,2.4,1.58,2.34,1.62,2.58
28,Paris,French Open,2026-05-25,Grand Slam,Outdoor,Clay,1st Round,5,Kokkinakis T.,Atmane T.,855.0,52.0,29.0,938.0,6,7,6,2.0,4,6,6,3,7,5,3,2,Completed,4,1.25,,,4.0,1.29,3.73,1.26,4.4,1.28
28,Paris,French Open,2026-05-25,Grand Slam,Outdoor,Clay,1st Round,5,Navone M.,Brooksby J.,38.0,63.0,1215.0,865.0,6,4,6,4.0,6,4,	,,,,3,0,Completed,1.14,5.5,,,1.16,6.0,1.14,5.46,1.13,8.0
28,Paris,French Open,2026-05-25,Grand Slam,Outdoor,Clay,1st Round,5,Ugo Carabelli C.,Nava E.,59.0,94.0,890.0,631.0,7,6,6,3.0,6,3,,	,,,3,0,Completed,1.8,2.0,,,1.95,2.0,1.86,1.89,2.0,1.98
28,Paris,French Open,2026-05-25,Grand Slam,Outdoor,Clay,1st Round,5,Humbert U.,Mannarino A.,32.0,45.0,1370.0,1037.0,6,3,6,4.0,6,3,	,,,,3,0,Completed,1.11,6.5,,,1.12,7.0,1.11,6.31,1.13,8.0
28,Paris,French Open,2026-05-25,Grand Slam,Outdoor,Clay,1st Round,5,Hurkacz H.,Munar J.,99.0,41.0,600.0,1145.0,6,3,6,3.0,2,6,6,3,,	,3,1,Completed,1.67,2.2,,,1.73,2.25,1.67,2.17,1.75,2.32
28,Paris,French Open,2026-05-25,Grand Slam,Outdoor,Clay,1st Round,5,Paul T.,Hijikata R.,21.0,98.0,1945.0,612.0,4,6,6,3.0,7,5,6,4,,	,3,1,Completed,1.05,11.0,,,1.05,14.0,1.04,11.09,1.06,15.0
28,Paris,French Open,2026-05-25,Grand Slam,Outdoor,Clay,1st Round,5,Rublev A.,Buse I.,13.0,31.0,2460.0,1412.0,6,3,6,7.0,6,3,7,5,,	,3,1,Completed,1.44,2.75,,,1.45,2.85,1.44,2.73,1.49,3.0
28,Paris,French Open,2026-05-25,Grand Slam,Outdoor,Clay,1st Round,5,Ruud C.,Safiullin R.,16.0,141.0,2275.0,430.0,6,2,7,6.0,5,7,0,6,6,2,3,2,Completed,1.1,7.0,,,1.1,8.0,1.09,7.09,1.11,9.4
28,Paris,French Open,2026-05-25,Grand Slam,Outdoor,Clay,1st Round,5,Collignon R.,Vukic A.,62.0,96.0,866.0,626.0,6,3,6,3.0,7,6,	,,,,3,0,Completed,1.08,8.0,,,1.08,9.0,1.07,8.34,1.1,10.0
28,Paris,French Open,2026-05-25,Grand Slam,Outdoor,Clay,1st Round,5,Cerundolo F.,Van De Zandschulp B.,26.0,55.0,1570.0,935.0,6,3,6,4.0,6,7,6,4,	,,3,1,Completed,1.17,5.0,,,1.1,7.0,1.15,5.28,1.16,6.8
28,Paris,French Open,2026-05-25,Grand Slam,Outdoor,Clay,1st Round,5,Cobolli F.,Pellegrino A.,14.0,124.0,2340.0,507.0,6,4,7,6.0,6,3,	,,,,3,0,Completed,1.33,3.4,,,1.37,3.55,1.31,3.37,1.34,3.9
28,Paris,French Open,2026-05-25,Grand Slam,Outdoor,Clay,1st Round,5,Wu Y.,Giron M.,92.0,84.0,655.0,705.0,7,5,6,2.0,6,4,	,,,,3,0,Completed,2.1,1.73,,,2.13,1.8,2.05,1.74,2.22,1.8
28,Paris,French Open,2026-05-25,Grand Slam,Outdoor,Clay,1st Round,5,Shelton B.,Merida Aguilar D.,5.0,86.0,4070.0,696.0,6,3,6,3.0,6,4,,	,,,3,0,Completed,1.29,3.75,,,1.29,4.0,1.25,3.85,1.27,4.6
28,Paris,French Open,2026-05-25,Grand Slam,Outdoor,Clay,1st Round,5,Gaston H.,Monfils G.,118.0,218.0,533.0,260.0,6,2,6,3.0,3,6,2,6,6,0,3,2,Completed,2.1,1.73,,,2.2,1.8,2.05,1.74,2.22,1.8
28,Paris,French Open,2026-05-26,Grand Slam,Outdoor,Clay,1st Round,5,Kouame M.,Cilic M.,318.0,46.0,165.0,1010.0,7,6,6,2.0,6,1,,	,,,3,0,Completed,4,1.25,,,4.0,1.3,3.81,1.26,4.5,1.28
28,Paris,French Open,2026-05-26,Grand Slam,Outdoor,Clay,1st Round,5,Arnaldi M.,Griekspoor T.,104.0,33.0,586.0,1340.0,6,7,6,3.0,7,6,6,3,,	,3,1,Completed,1.73,2.1,,,1.73,2.2,1.7,2.12,1.79,2.24
28,Paris,French Open,2026-05-26,Grand Slam,Outdoor,Clay,1st Round,5,Svajda Z.,Popyrin A.,85.0,61.0,696.0,870.0,3,6,6,3.0,7,6,7,5,,	,3,1,Completed,8,1.08,,,8.0,1.11,6.77,1.1,8.4,1.13
28,Paris,French Open,2026-05-26,Grand Slam,Outdoor,Clay,1st Round,5,Tabilo A.,Majchrzak K.,36.0,78.0,1278.0,747.0,6,1,6,3.0,6,4,	,,,,3,0,Completed,1.22,4.33,,,1.23,4.5,1.21,4.28,1.25,4.9
28,Paris,French Open,2026-05-26,Grand Slam,Outdoor,Clay,1st Round,5,Walton A.,Medvedev D.,97.0,8.0,614.0,3760.0,6,2,1,6.0,6,1,1,6,6,4,3,2,Completed,13,1.04,,,17.0,1.04,12.31,1.03,16.5,1.06
28,Paris,French Open,2026-05-26,Grand Slam,Outdoor,Clay,1st Round,5,Vacherot V.,Faurel T.,19.0,378.0,2103.0,131.0,6,3,6,4.0,3,6,7,6,,	,3,1,Completed,1.13,6.0,,,1.15,6.0,1.14,5.52,1.16,6.6
28,Paris,French Open,2026-05-26,Grand Slam,Outdoor,Clay,1st Round,5,Diaz Acosta F.,Zhang Zh.,151.0,224.0,407.0,254.0,6,1,6,4.0,6,3,	,,,,3,0,Completed,1.36,3.2,,,1.4,3.25,1.35,3.11,1.4,3.4
28,Paris,French Open,2026-05-26,Grand Slam,Outdoor,Clay,1st Round,5,Landaluce M.,Prado Angelo J.C.,69.0,176.0,827.0,338.0,6,3,4,6.0,6,2,6,7,6,4,3,2,Completed,1.3,3.5,,,1.35,3.5,1.33,3.27,1.38,3.55
28,Paris,French Open,2026-05-26,Grand Slam,Outdoor,Clay,1st Round,5,Tsitsipas S.,Muller A.,79.0,127.0,740.0,494.0,6,2,3,0.0,,	,,,,,1,0,Retired,1.14,5.5,,,1.16,6.0,1.14,5.41,1.17,6.4
28,Paris,French Open,2026-05-26,Grand Slam,Outdoor,Clay,1st Round,5,Kopriva V.,Moutet C.,66.0,34.0,856.0,1323.0,6,3,5,7.0,6,4,3,6,6,3,3,2,Completed,2.3,1.62,,,2.35,1.67,2.25,1.63,2.34,1.73
28,Paris,French Open,2026-05-26,Grand Slam,Outdoor,Clay,1st Round,5,Vallejo D.,Norrie C.,71.0,24.0,786.0,1785.0,7,6,2,0.0,,	,,,,,1,0,Retired,1.8,2.0,,,1.8,2.1,1.76,2.02,1.84,2.16
28,Paris,French Open,2026-05-26,Grand Slam,Outdoor,Clay,1st Round,5,Burruchaga R.,Baez S.,68.0,64.0,833.0,860.0,2,6,7,5.0,6,2,2,0,,	,2,1,Retired,2.2,1.67,,,2.25,1.74,2.17,1.67,2.38,1.71
28,Paris,French Open,2026-05-26,Grand Slam,Outdoor,Clay,1st Round,5,Tien L.,Garin C.,18.0,114.0,2180.0,552.0,6,0,2,6.0,6,0,6,2,,	,3,1,Completed,1.44,2.75,,,1.55,2.75,1.49,2.57,1.51,2.92
28,Paris,French Open,2026-05-26,Grand Slam,Outdoor,Clay,1st Round,5,Struff J.L.,Bublik A.,80.0,10.0,739.0,3320.0,7,5,6,7.0,6,4,7,5,,	,3,1,Completed,4,1.25,,,4.1,1.28,3.89,1.25,4.6,1.27
28,Paris,French Open,2026-05-26,Grand Slam,Outdoor,Clay,1st Round,5,Faria J.,Shapovalov D.,115.0,39.0,548.0,1170.0,6,4,7,5.0,6,4,	,,,,3,0,Completed,1.53,2.5,,,1.55,2.54,1.52,2.46,1.55,2.78
28,Paris,French Open,2026-05-26,Grand Slam,Outdoor,Clay,1st Round,5,Cerundolo J.M.,Fearnley J.,56.0,125.0,935.0,505.0,6,2,7,6.0,7,6,,	,,,3,0,Completed,1.25,4.0,,,1.25,4.33,1.24,4.02,1.26,4.7
28,Paris,French Open,2026-05-26,Grand Slam,Outdoor,Clay,1st Round,5,Comesana F.,Quinn E.,102.0,50.0,598.0,974.0,6,4,7,6.0,7,6,,	,,,3,0,Completed,1.62,2.3,,,1.67,2.31,1.63,2.24,1.66,2.46
28,Paris,French Open,2026-05-26,Grand Slam,Outdoor,Clay,1st Round,5,Darderi L.,Ofner S.,17.0,112.0,2260.0,558.0,7,6,6,2.0,6,3,,	,,,3,0,Completed,1.29,3.75,,,1.36,3.75,1.3,3.51,1.32,4.1
28,Paris,French Open,2026-05-26,Grand Slam,Outdoor,Clay,1st Round,5,Auger-Aliassime F.,Altmaier D.,6.0,57.0,4050.0,930.0,4,6,6,4.0,4,6,6,1,7,6,3,2,Completed,1.3,3.5,,,1.36,3.6,1.3,3.41,1.38,3.6
28,Paris,French Open,2026-05-26,Grand Slam,Outdoor,Clay,1st Round,5,Sinner J.,Tabur C.,1.0,171.0,14750.0,348.0,6,1,6,3.0,6,4,	,,,,3,0,Completed,1,67.0,,,1.01,67.0,1.01,40.64,1.01,110.0
28,Paris,French Open,2026-05-27,Grand Slam,Outdoor,Clay,2nd Round,5,De Minaur A.,Blockx A.,7.0,37.0,3855.0,1238.0,	,,,,,,,,,,,,Walkover,1.5,2.63,,,1.57,2.63,1.54,2.44,1.56,2.72
28,Paris,French Open,2026-05-27,Grand Slam,Outdoor,Clay,2nd Round,5,Tirante T.A.,Davidovich Fokina A.,60.0,23.0,887.0,1860.0,4,6,7,6.0,6,1,6,3,,	,3,1,Completed,1.62,2.3,,,1.63,2.43,1.58,2.32,1.63,2.54
28,Paris,French Open,2026-05-27,Grand Slam,Outdoor,Clay,2nd Round,5,Khachanov K.,Trungelliti M.,15.0,81.0,2320.0,731.0,7,6,5,7.0,6,1,7,6,	,,3,1,Completed,1.25,4.0,,,1.26,4.5,1.23,3.99,1.27,4.6
28,Paris,French Open,2026-05-27,Grand Slam,Outdoor,Clay,2nd Round,5,De Jong J.,Cina F.,106.0,238.0,580.0,242.0,6,3,6,1.0,6,3,,	,,,3,0,Completed,1.62,2.3,,,1.62,2.38,1.59,2.3,1.68,2.44
28,Paris,French Open,2026-05-27,Grand Slam,Outdoor,Clay,2nd Round,5,Rublev A.,Ugo Carabelli C.,13.0,59.0,2460.0,890.0,6,1,1,6.0,6,3,7,6,,	,3,1,Completed,1.25,4.0,,,1.29,4.0,1.26,3.73,1.31,4.1
28,Paris,French Open,2026-05-27,Grand Slam,Outdoor,Clay,2nd Round,5,Mensik J.,Navone M.,27.0,38.0,1550.0,1215.0,6,3,2,6.0,6,4,1,6,7,6,3,2,Completed,1.8,2.0,,,1.83,2.04,1.78,1.99,1.87,2.12
28,Paris,French Open,2026-05-27,Grand Slam,Outdoor,Clay,2nd Round,5,Carreno Busta P.,Kokkinakis T.,89.0,855.0,685.0,29.0,7,5,4,6.0,1,0,,	,,,1,1,Retired,1.36,3.2,,,1.4,3.25,1.37,3.06,1.39,3.5
28,Paris,French Open,2026-05-27,Grand Slam,Outdoor,Clay,2nd Round,5,Borges N.,Kecmanovic M.,51.0,48.0,970.0,980.0,3,6,6,2.0,6,1,6,2,	,,3,1,Completed,2.3,1.62,,,2.45,1.62,2.35,1.57,2.58,1.63
28,Paris,French Open,2026-05-27,Grand Slam,Outdoor,Clay,2nd Round,5,Djokovic N.,Royer V.,4.0,74.0,4460.0,773.0,6,3,6,2.0,6,7,6,3,,	,3,1,Completed,1.1,7.0,,,1.12,7.5,1.1,6.61,1.13,8.2
28,Paris,French Open,2026-05-27,Grand Slam,Outdoor,Clay,2nd Round,5,Jodar R.,Duckworth J.,29.0,82.0,1461.0,722.0,6,1,6,7.0,6,4,7,5,,	,3,1,Completed,1.03,15.0,,,1.04,16.0,1.03,12.88,1.04,21.0
28,Paris,French Open,2026-05-27,Grand Slam,Outdoor,Clay,2nd Round,5,Halys Q.,Humbert U.,90.0,32.0,678.0,1370.0,6,4,7,6.0,7,6,,	,,,3,0,Completed,2.3,1.62,,,2.3,1.67,2.23,1.64,2.32,1.74
28,Paris,French Open,2026-05-27,Grand Slam,Outdoor,Clay,2nd Round,5,Michelsen A.,Basavareddy N.,42.0,148.0,1115.0,409.0,7,6,6,3.0,3,6,6,3,,	,3,1,Completed,1.5,2.63,,,1.53,2.63,1.51,2.53,1.55,2.78
28,Paris,French Open,2026-05-27,Grand Slam,Outdoor,Clay,2nd Round,5,Fonseca J.,Prizmic D.,30.0,72.0,1435.0,785.0,3,6,4,6.0,6,3,6,1,6,2,3,2,Completed,1.91,1.91,,,1.95,2.0,1.87,1.9,1.93,2.04
28,Paris,French Open,2026-05-27,Grand Slam,Outdoor,Clay,2nd Round,5,Paul T.,Sonego L.,21.0,70.0,1945.0,815.0,6,3,6,2.0,6,4,,	,,,3,0,Completed,1.13,6.0,,,1.14,6.0,1.13,5.68,1.15,7.4
28,Paris,French Open,2026-05-27,Grand Slam,Outdoor,Clay,2nd Round,5,Zverev A.,Machac T.,3.0,43.0,5705.0,1080.0,6,4,6,2.0,6,2,,	,,,3,0,Completed,1.11,6.5,,,1.12,7.5,1.1,6.56,1.12,8.6
28,Paris,French Open,2026-05-27,Grand Slam,Outdoor,Clay,2nd Round,5,Ruud C.,Medjedovic H.,16.0,58.0,2275.0,894.0,6,3,6,2.0,6,4,	,,,,3,0,Completed,1.36,3.2,,,1.4,3.25,1.36,3.09,1.4,3.45
28,Paris,French Open,2026-05-28,Grand Slam,Outdoor,Clay,2nd Round,5,Faria J.,Struff J.L.,115.0,80.0,548.0,739.0,7,5,7,6.0,6,2,,	,,,3,0,Completed,1.57,2.38,,,1.62,2.38,1.58,2.32,1.67,2.48
28,Paris,French Open,2026-05-28,Grand Slam,Outdoor,Clay,2nd Round,5,Tien L.,Diaz Acosta F.,18.0,151.0,2180.0,407.0,7,5,4,6.0,3,6,7,6,6,3,3,2,Completed,1.22,4.33,,,1.26,5.5,1.22,4.14,1.27,4.6
28,Paris,French Open,2026-05-28,Grand Slam,Outdoor,Clay,2nd Round,5,Kouame M.,Vallejo D.,318.0,71.0,165.0,786.0,6,3,7,5.0,3,6,2,6,7,6,3,2,Completed,3.5,1.3,,,3.75,1.33,3.44,1.3,3.8,1.35
28,Paris,French Open,2026-05-28,Grand Slam,Outdoor,Clay,2nd Round,5,Cobolli F.,Wu Y.,14.0,92.0,2340.0,655.0,6,4,6,4.0,6,4,	,,,,3,0,Completed,1.22,4.33,,,1.22,4.5,1.21,4.27,1.22,5.3
28,Paris,French Open,2026-05-28,Grand Slam,Outdoor,Clay,2nd Round,5,Svajda Z.,Walton A.,85.0,97.0,696.0,614.0,6,3,6,4.0,6,7,6,2,	,,3,1,Completed,1.73,2.1,,,1.8,2.1,1.75,2.04,1.87,2.12
28,Paris,French Open,2026-05-28,Grand Slam,Outdoor,Clay,2nd Round,5,Cerundolo J.M.,Sinner J.,56.0,1.0,935.0,14750.0,3,6,2,6.0,7,5,6,1,6,1,3,2,Completed,26,1.01,,,51.0,1.01,23.5,1.01,36.0,1.02
28,Paris,French Open,2026-05-28,Grand Slam,Outdoor,Clay,2nd Round,5,Tiafoe F.,Hurkacz H.,22.0,99.0,1905.0,600.0,6,7,7,6.0,6,4,6,7,6,4,3,2,Completed,2.2,1.67,,,2.3,1.68,2.23,1.63,2.4,1.7
28,Paris,French Open,2026-05-28,Grand Slam,Outdoor,Clay,2nd Round,5,Cerundolo F.,Gaston H.,26.0,118.0,1570.0,533.0,2,6,6,4.0,6,2,6,1,	,,3,1,Completed,1.08,8.0,,,1.1,9.0,1.09,7.36,1.11,9.4
28,Paris,French Open,2026-05-28,Grand Slam,Outdoor,Clay,2nd Round,5,Landaluce M.,Kopriva V.,69.0,66.0,827.0,856.0,1,6,2,6.0,6,4,7,5,6,0,3,2,Completed,2.1,1.73,,,2.25,1.73,2.2,1.64,2.38,1.7
28,Paris,French Open,2026-05-28,Grand Slam,Outdoor,Clay,2nd Round,5,Tabilo A.,Vacherot V.,36.0,19.0,1278.0,2103.0,	,,,,,,,,,,,,Walkover,1.5,2.63,,,1.53,2.75,1.48,2.59,1.57,2.72
28,Paris,French Open,2026-05-28,Grand Slam,Outdoor,Clay,2nd Round,5,Auger-Aliassime F.,Burruchaga R.,6.0,68.0,4050.0,833.0,4,6,6,0.0,7,5,6,1,	,,3,1,Completed,1.3,3.5,,,1.36,3.75,1.33,3.31,1.37,3.65
28,Paris,French Open,2026-05-28,Grand Slam,Outdoor,Clay,2nd Round,5,Comesana F.,Darderi L.,102.0,17.0,598.0,2260.0,7,6,4,6.0,6,4,2,6,6,4,3,2,Completed,3.75,1.29,,,3.75,1.33,3.41,1.31,3.9,1.33
28,Paris,French Open,2026-05-28,Grand Slam,Outdoor,Clay,2nd Round,5,Nakashima B.,Van Assche L.,35.0,100.0,1295.0,599.0,6,7,6,4.0,5,7,6,1,6,3,3,2,Completed,1.4,3.0,,,1.44,3.25,1.39,2.92,1.42,3.3
28,Paris,French Open,2026-05-28,Grand Slam,Outdoor,Clay,2nd Round,5,Collignon R.,Shelton B.,62.0,5.0,866.0,4070.0,6,4,7,5.0,6,4,	,,,,3,0,Completed,2.75,1.44,,,3.0,1.48,2.77,1.43,3.05,1.48
28,Paris,French Open,2026-05-28,Grand Slam,Outdoor,Clay,2nd Round,5,Arnaldi M.,Tsitsipas S.,104.0,79.0,586.0,740.0,7,6,5,7.0,6,3,6,2,	,,3,1,Completed,2.5,1.53,,,2.75,1.53,2.54,1.5,2.8,1.54
28,Paris,French Open,2026-05-28,Grand Slam,Outdoor,Clay,2nd Round,5,Berrettini M.,Rinderknech A.,105.0,25.0,585.0,1736.0,6,4,6,4.0,6,4,,	,,,3,0,Completed,2,1.8,,,2.16,1.81,2.04,1.75,2.16,1.84
28,Paris,French Open,2026-05-29,Grand Slam,Outdoor,Clay,3rd Round,5,Rublev A.,Borges N.,13.0,51.0,2460.0,970.0,7,5,7,6.0,7,6,,	,,,3,0,Completed,1.33,3.4,,,1.4,3.5,1.33,3.29,1.4,3.4
28,Paris,French Open,2026-05-29,Grand Slam,Outdoor,Clay,3rd Round,5,Carreno Busta P.,Tirante T.A.,89.0,60.0,685.0,887.0,7,6,7,5.0,3,6,6,4,,	,3,1,Completed,3,1.4,,,3.1,1.44,2.89,1.4,3.15,1.45
28,Paris,French Open,2026-05-29,Grand Slam,Outdoor,Clay,3rd Round,5,Jodar R.,Michelsen A.,29.0,42.0,1461.0,1115.0,7,6,6,7.0,4,6,6,3,6,3,3,2,Completed,1.14,5.5,,,1.19,6.0,1.16,5.11,1.21,5.6
28,Paris,French Open,2026-05-29,Grand Slam,Outdoor,Clay,3rd Round,5,Fonseca J.,Djokovic N.,30.0,4.0,1435.0,4460.0,4,6,4,6.0,6,3,7,5,7,5,3,2,Completed,2.75,1.44,,,2.88,1.5,2.71,1.45,2.86,1.53
28,Paris,French Open,2026-05-29,Grand Slam,Outdoor,Clay,3rd Round,5,De Jong J.,Khachanov K.,106.0,15.0,580.0,2320.0,7,5,5,7.0,6,2,6,7,6,2,3,2,Completed,3.4,1.33,,,3.5,1.34,3.3,1.32,3.65,1.37
28,Paris,French Open,2026-05-29,Grand Slam,Outdoor,Clay,3rd Round,5,Mensik J.,De Minaur A.,27.0,7.0,1550.0,3855.0,0,6,6,2.0,6,2,6,3,,	,3,1,Completed,4.33,1.22,,,4.5,1.25,4.27,1.21,4.8,1.26
28,Paris,French Open,2026-05-29,Grand Slam,Outdoor,Clay,3rd Round,5,Ruud C.,Paul T.,16.0,21.0,2275.0,1945.0,4,6,6,7.0,6,4,7,6,7,5,3,2,Completed,1.3,3.5,,,1.33,3.75,1.3,3.43,1.33,3.9
28,Paris,French Open,2026-05-29,Grand Slam,Outdoor,Clay,3rd Round,5,Zverev A.,Halys Q.,3.0,90.0,5705.0,678.0,6,4,6,3.0,5,7,6,2,,	,3,1,Completed,1.05,11.0,,,1.06,13.0,1.05,9.56,1.1,10.5
28,Paris,French Open,2026-05-30,Grand Slam,Outdoor,Clay,3rd Round,5,Svajda Z.,Cerundolo F.,85.0,26.0,696.0,1570.0,6,3,6,4.0,3,6,4,6,6,3,3,2,Completed,8,1.08,,,8.5,1.08,7.73,1.07,10.5,1.09
28,Paris,French Open,2026-05-30,Grand Slam,Outdoor,Clay,3rd Round,5,Cobolli F.,Tien L.,14.0,18.0,2340.0,2180.0,6,2,6,2.0,6,3,	,,,,3,0,Completed,1.53,2.5,,,1.58,2.5,1.55,2.41,1.67,2.46
28,Paris,French Open,2026-05-30,Grand Slam,Outdoor,Clay,3rd Round,5,Berrettini M.,Comesana F.,105.0,102.0,585.0,598.0,7,6,5,7.0,6,7,6,4,7,6,3,2,Completed,1.44,2.75,,,1.45,2.9,1.43,2.76,1.48,3.05
28,Paris,French Open,2026-05-30,Grand Slam,Outdoor,Clay,3rd Round,5,Cerundolo J.M.,Landaluce M.,56.0,69.0,935.0,827.0,6,4,6,7.0,7,6,6,7,7,6,3,2,Completed,1.67,2.2,,,1.67,2.38,1.62,2.26,1.62,2.58
28,Paris,French Open,2026-05-30,Grand Slam,Outdoor,Clay,3rd Round,5,Tabilo A.,Kouame M.,36.0,318.0,1278.0,165.0,4,6,6,3.0,6,4,7,6,,	,3,1,Completed,1.22,4.33,,,1.22,4.5,1.21,4.24,1.26,4.7
28,Paris,French Open,2026-05-30,Grand Slam,Outdoor,Clay,3rd Round,5,Arnaldi M.,Collignon R.,104.0,62.0,586.0,866.0,6,4,6,7.0,5,7,6,4,7,6,3,2,Completed,3,1.4,,,3.0,1.46,2.86,1.41,3.2,1.44
28,Paris,French Open,2026-05-30,Grand Slam,Outdoor,Clay,3rd Round,5,Tiafoe F.,Faria J.,22.0,115.0,1905.0,548.0,4,6,6,7.0,7,6,6,1,6,2,3,2,Completed,1.53,2.5,,,1.62,2.55,1.53,2.45,1.58,2.68
28,Paris,French Open,2026-05-30,Grand Slam,Outdoor,Clay,3rd Round,5,Auger-Aliassime F.,Nakashima B.,6.0,35.0,4050.0,1295.0,5,7,6,1.0,7,6,7,6,	,,3,1,Completed,1.33,3.4,,,1.33,3.75,1.31,3.36,1.37,3.6
28,Paris,French Open,2026-05-31,Grand Slam,Outdoor,Clay,4th Round,5,Jodar R.,Carreno Busta P.,29.0,89.0,1461.0,685.0,4,6,4,6.0,6,1,6,2,6,2,3,2,Completed,1.25,4.0,,,1.27,4.25,1.24,3.96,1.3,4.3
28,Paris,French Open,2026-05-31,Grand Slam,Outdoor,Clay,4th Round,5,Zverev A.,De Jong J.,3.0,106.0,5705.0,580.0,7,6,6,4.0,6,1,,	,,,3,0,Completed,1.05,11.0,,,1.05,11.0,1.05,11.0,1.08,12.5
28,Paris,French Open,2026-05-31,Grand Slam,Outdoor,Clay,4th Round,5,Mensik J.,Rublev A.,27.0,13.0,1550.0,2460.0,6,3,7,6.0,4,6,2,6,6,3,3,2,Completed,2,1.8,,,2.06,1.82,2.0,1.77,2.1,1.9
28,Paris,French Open,2026-05-31,Grand Slam,Outdoor,Clay,4th Round,5,Fonseca J.,Ruud C.,30.0,16.0,1435.0,2275.0,7,5,7,6.0,5,7,6,2,,	,3,1,Completed,2.5,1.53,,,2.63,1.53,2.53,1.5,2.66,1.6
28,Paris,French Open,2026-06-01,Grand Slam,Outdoor,Clay,4th Round,5,Cobolli F.,Svajda Z.,14.0,85.0,2340.0,696.0,6,2,6,3.0,6,7,7,6,	,,3,1,Completed,1.11,6.5,,,1.13,6.5,1.12,6.14,1.12,8.8
28,Paris,French Open,2026-06-01,Grand Slam,Outdoor,Clay,4th Round,5,Berrettini M.,Cerundolo J.M.,105.0,56.0,585.0,935.0,6,3,7,6.0,7,6,,	,,,3,0,Completed,1.57,2.38,,,1.58,2.5,1.55,2.42,1.62,2.58
28,Paris,French Open,2026-06-01,Grand Slam,Outdoor,Clay,4th Round,5,Auger-Aliassime F.,Tabilo A.,6.0,36.0,4050.0,1278.0,6,3,7,5.0,6,1,	,,,,3,0,Completed,1.53,2.5,,,1.55,2.75,1.49,2.57,1.57,2.72
28,Paris,French Open,2026-06-01,Grand Slam,Outdoor,Clay,4th Round,5,Arnaldi M.,Tiafoe F.,104.0,22.0,586.0,1905.0,7,6,6,7.0,3,6,7,6,6,4,3,2,Completed,1.8,2.0,,,1.92,2.2,1.84,1.95,1.92,2.06
28,Paris,French Open,2026-06-02,Grand Slam,Outdoor,Clay,Quarterfinals,5,Zverev A.,Jodar R.,3.0,29.0,5705.0,1461.0,7,6,6,1.0,6,3,,	,,,3,0,Completed,1.25,4.0,,,1.27,4.33,1.24,3.94,1.27,4.6
28,Paris,French Open,2026-06-02,Grand Slam,Outdoor,Clay,Quarterfinals,5,Mensik J.,Fonseca J.,27.0,30.0,1550.0,1435.0,6,4,6,3.0,7,6,	,,,,3,0,Completed,2.75,1.44,,,2.88,1.47,2.75,1.43,2.92,1.51
28,Paris,French Open,2026-06-03,Grand Slam,Outdoor,Clay,Quarterfinals,5,Cobolli F.,Auger-Aliassime F.,14.0,6.0,2340.0,4050.0,4,6,6,4.0,6,4,6,4,,	,3,1,Completed,2,1.8,,,2.05,1.91,1.96,1.82,2.04,1.95
28,Paris,French Open,2026-06-03,Grand Slam,Outdoor,Clay,Quarterfinals,5,Arnaldi M.,Berrettini M.,104.0,105.0,586.0,585.0,7,5,5,2.0,,	,,,,,1,0,Retired,2.63,1.5,,,2.63,1.54,2.53,1.51,2.7,1.58
28,Paris,French Open,2026-06-05,Grand Slam,Outdoor,Clay,Semifinals,5,Zverev A.,Mensik J.,3.0,27.0,5705.0,1550.0,7,5,6,2.0,3,6,6,3,,	,3,1,Completed,1.29,3.75,,,1.29,4.0,1.26,3.82,1.29,4.4
28,Paris,French Open,2026-06-05,Grand Slam,Outdoor,Clay,Semifinals,5,Cobolli F.,Arnaldi M.,14.0,104.0,2340.0,586.0,,	,,,,,,,,,,,Walkover,1.44,2.75,,,1.44,3.2,1.4,2.93,1.38,3.6
28,Paris,French Open,2026-06-07,Grand Slam,Outdoor,Clay,The Final,5,Zverev A.,Cobolli F.,3.0,14.0,5705.0,2340.0,6,1,4,6.0,6,4,6,7,6,1,3,2,Completed,1.18,5.0,,,1.25,5.25,1.21,4.56,1.22,5.4
29,'s-Hertogenbosch,Rosmalen Grass Court Championships,2026-06-08,ATP250,Outdoor,Grass,1st Round,3,Borges N.,Atmane T.,50.0,53.0,970.0,948.0,6,4,6,4.0,,,,,,,2,0,Completed,1.67,2.2,,,1.75,2.2,1.71,2.08,1.87,2.14
29,'s-Hertogenbosch,Rosmalen Grass Court Championships,2026-06-08,ATP250,Outdoor,Grass,1st Round,3,Bonzi B.,Rottgering M.,99.0,464.0,629.0,101.0,6,4,6,4.0,,,,,,,2,0,Completed,1.3,3.5,,,1.33,3.75,1.3,3.43,1.34,3.85
29,'s-Hertogenbosch,Rosmalen Grass Court Championships,2026-06-08,ATP250,Outdoor,Grass,1st Round,3,Cilic M.,Shapovalov D.,47.0,42.0,994.0,1130.0,6,7,6,4.0,7,5,,,,,2,1,Completed,1.62,2.3,,,1.62,2.33,1.61,2.26,1.68,2.46
29,'s-Hertogenbosch,Rosmalen Grass Court Championships,2026-06-08,ATP250,Outdoor,Grass,1st Round,3,Humbert U.,Ymer E.,33.0,184.0,1370.0,328.0,6,4,6,3.0,,,,,,,2,0,Completed,1.17,5.0,,,1.19,5.0,1.17,4.72,1.2,5.8
29,'s-Hertogenbosch,Rosmalen Grass Court Championships,2026-06-09,ATP250,Outdoor,Grass,1st Round,3,Damm M.,Munar J.,114.0,44.0,548.0,1105.0,6,4,6,4.0,,,,,,,2,0,Completed,1.73,2.1,,,1.85,2.11,1.75,2.04,1.86,2.14
29,'s-Hertogenbosch,Rosmalen Grass Court Championships,2026-06-09,ATP250,Outdoor,Grass,1st Round,3,Mannarino A.,Diallo G.,46.0,54.0,1031.0,935.0,6,4,3,6.0,7,5,,,,,2,1,Completed,1.73,2.1,,,1.73,2.25,1.66,2.18,1.71,2.36
29,'s-Hertogenbosch,Rosmalen Grass Court Championships,2026-06-09,ATP250,Outdoor,Grass,1st Round,3,Zhang Zh.,Brooksby J.,214.0,73.0,269.0,825.0,7,6,5,7.0,6,1,,,,,2,1,Completed,2.1,1.73,,,2.3,1.73,2.21,1.63,2.52,1.64
29,'s-Hertogenbosch,Rosmalen Grass Court Championships,2026-06-10,ATP250,Outdoor,Grass,1st Round,3,Majchrzak K.,Virtanen O.,76.0,158.0,782.0,393.0,6,7,6,4.0,7,6,,,,,2,1,Completed,2,1.8,,,2.06,1.85,1.99,1.78,2.06,1.93
29,'s-Hertogenbosch,Rosmalen Grass Court Championships,2026-06-10,ATP250,Outdoor,Grass,1st Round,3,Boogaard T.,Wu Y.,779.0,101.0,37.0,626.0,6,3,2,6.0,6,4,,,,,2,1,Completed,5,1.17,,,5.0,1.22,4.53,1.19,5.1,1.23
29,'s-Hertogenbosch,Rosmalen Grass Court Championships,2026-06-10,ATP250,Outdoor,Grass,1st Round,3,McCabe J.,Bergs Z.,233.0,40.0,248.0,1150.0,6,7,6,2.0,7,6,,,,,2,1,Completed,2.75,1.44,,,2.8,1.5,2.73,1.43,3.15,1.45
29,'s-Hertogenbosch,Rosmalen Grass Court Championships,2026-06-10,ATP250,Outdoor,Grass,1st Round,3,Fucsovics M.,Hurkacz H.,75.0,96.0,819.0,640.0,3,6,7,6.0,7,6,,,,,2,1,Completed,3.2,1.36,,,3.2,1.4,2.94,1.39,3.0,1.48
29,'s-Hertogenbosch,Rosmalen Grass Court Championships,2026-06-10,ATP250,Outdoor,Grass,1st Round,3,Griekspoor T.,Van De Zandschulp B.,41.0,55.0,1150.0,935.0,6,2,6,7.0,6,4,,,,,2,1,Completed,1.53,2.5,,,1.55,2.6,1.5,2.54,1.54,2.82
29,'s-Hertogenbosch,Rosmalen Grass Court Championships,2026-06-10,ATP250,Outdoor,Grass,2nd Round,3,De Minaur A.,Damm M.,6.0,114.0,3905.0,548.0,7,6,7,5.0,,,,,,,2,0,Completed,1.25,4.0,,,1.25,4.2,1.23,3.95,1.26,4.7
29,'s-Hertogenbosch,Rosmalen Grass Court Championships,2026-06-11,ATP250,Outdoor,Grass,2nd Round,3,Bonzi B.,Humbert U.,99.0,33.0,629.0,1370.0,6,4,3,6.0,6,3,,,,,2,1,Completed,3,1.4,,,3.0,1.44,2.79,1.42,3.15,1.45
29,'s-Hertogenbosch,Rosmalen Grass Court Championships,2026-06-11,ATP250,Outdoor,Grass,2nd Round,3,Mannarino A.,Rinderknech A.,46.0,24.0,1031.0,1776.0,7,6,3,6.0,6,3,,,,,2,1,Completed,2,1.8,,,2.1,1.8,2.02,1.75,2.06,1.91
29,'s-Hertogenbosch,Rosmalen Grass Court Championships,2026-06-11,ATP250,Outdoor,Grass,2nd Round,3,Zhang Zh.,Griekspoor T.,214.0,41.0,269.0,1150.0,7,6,6,4.0,,,,,,,2,0,Completed,3.2,1.36,,,3.2,1.42,2.95,1.38,3.35,1.41
29,'s-Hertogenbosch,Rosmalen Grass Court Championships,2026-06-11,ATP250,Outdoor,Grass,2nd Round,3,Majchrzak K.,McCabe J.,76.0,233.0,782.0,248.0,6,0,6,3.0,,,,,,,2,0,Completed,1.33,3.4,,,1.36,3.5,1.33,3.23,1.42,3.3
29,'s-Hertogenbosch,Rosmalen Grass Court Championships,2026-06-11,ATP250,Outdoor,Grass,2nd Round,3,Auger-Aliassime F.,Fucsovics M.,4.0,75.0,4440.0,819.0,6,3,6,4.0,,,,,,,2,0,Completed,1.4,3.0,,,1.44,3.0,1.39,2.88,1.48,3.0
29,'s-Hertogenbosch,Rosmalen Grass Court Championships,2026-06-12,ATP250,Outdoor,Grass,2nd Round,3,Medvedev D.,Boogaard T.,8.0,779.0,3760.0,37.0,6,3,4,6.0,7,6,,,,,2,1,Completed,1.08,8.0,,,1.09,8.0,1.08,7.48,1.1,9.8
29,'s-Hertogenbosch,Rosmalen Grass Court Championships,2026-06-12,ATP250,Outdoor,Grass,2nd Round,3,Cilic M.,Borges N.,47.0,50.0,994.0,970.0,3,6,7,6.0,6,3,,,,,2,1,Completed,1.91,1.91,,,1.95,1.92,1.87,1.88,2.0,1.99
29,'s-Hertogenbosch,Rosmalen Grass Court Championships,2026-06-12,ATP250,Outdoor,Grass,Quarterfinals,3,Mannarino A.,Zhang Zh.,46.0,214.0,1031.0,269.0,7,6,6,3.0,,,,,,,2,0,Completed,1.62,2.3,,,1.67,2.35,1.6,2.27,1.74,2.32
29,'s-Hertogenbosch,Rosmalen Grass Court Championships,2026-06-12,ATP250,Outdoor,Grass,Quarterfinals,3,De Minaur A.,Bonzi B.,6.0,99.0,3905.0,629.0,6,2,6,4.0,,,,,,,2,0,Completed,1.22,4.33,,,1.22,4.5,1.21,4.25,1.24,5.0
29,'s-Hertogenbosch,Rosmalen Grass Court Championships,2026-06-12,ATP250,Outdoor,Grass,Quarterfinals,3,Majchrzak K.,Auger-Aliassime F.,76.0,4.0,782.0,4440.0,6,4,6,3.0,,,,,,,2,0,Completed,3.4,1.33,,,3.5,1.35,3.24,1.33,3.8,1.34
29,'s-Hertogenbosch,Rosmalen Grass Court Championships,2026-06-13,ATP250,Outdoor,Grass,Quarterfinals,3,Medvedev D.,Cilic M.,8.0,47.0,3760.0,994.0,6,2,3,6.0,6,1,,,,,2,1,Completed,1.44,2.75,,,1.53,2.8,1.46,2.66,1.51,2.9
29,'s-Hertogenbosch,Rosmalen Grass Court Championships,2026-06-13,ATP250,Outdoor,Grass,Semifinals,3,De Minaur A.,Mannarino A.,6.0,46.0,3905.0,1031.0,6,4,6,0.0,,,,,,,2,0,Completed,1.2,4.5,,,1.22,4.5,1.21,4.3,1.22,5.3
29,'s-Hertogenbosch,Rosmalen Grass Court Championships,2026-06-13,ATP250,Outdoor,Grass,Semifinals,3,Majchrzak K.,Medvedev D.,76.0,8.0,782.0,3760.0,7,6,6,1.0,,,,,,,2,0,Completed,3,1.4,,,3.1,1.45,2.91,1.39,3.0,1.47
29,'s-Hertogenbosch,Rosmalen Grass Court Championships,2026-06-14,ATP250,Outdoor,Grass,The Final,3,Majchrzak K.,De Minaur A.,76.0,6.0,782.0,3905.0,6,3,2,6.0,7,6,,,,,2,1,Completed,3.75,1.29,,,3.75,1.36,3.5,1.29,3.9,1.33
30,Stuttgart,Stuttgart Open,2026-06-08,ATP250,Outdoor,Grass,1st Round,3,Bellucci M.,Davidovich Fokina A.,78.0,22.0,777.0,1860.0,6,2,6,7.0,6,1,,,,,2,1,Completed,3,1.4,,,3.0,1.4,2.96,1.38,3.15,1.45
30,Stuttgart,Stuttgart Open,2026-06-08,ATP250,Outdoor,Grass,1st Round,3,Landaluce M.,Herbert P.,58.0,232.0,919.0,249.0,5,7,6,3.0,6,4,,,,,2,1,Completed,1.73,2.1,,,1.77,2.2,1.7,2.09,1.83,2.2
30,Stuttgart,Stuttgart Open,2026-06-08,ATP250,Outdoor,Grass,1st Round,3,Onclin G.,Marozsan F.,186.0,61.0,318.0,895.0,7,6,6,3.0,,,,,,,2,0,Completed,2.38,1.57,,,2.4,1.6,2.34,1.57,2.42,1.69
30,Stuttgart,Stuttgart Open,2026-06-09,ATP250,Outdoor,Grass,1st Round,3,Hanfmann Y.,Kovacevic A.,59.0,69.0,906.0,837.0,7,6,7,6.0,,,,,,,2,0,Completed,1.53,2.5,,,1.57,2.55,1.53,2.44,1.61,2.6
30,Stuttgart,Stuttgart Open,2026-06-09,ATP250,Outdoor,Grass,1st Round,3,Giron M.,Bautista Agut R.,88.0,116.0,705.0,542.0,7,6,7,5.0,,,,,,,2,0,Completed,1.67,2.2,,,1.68,2.25,1.65,2.17,1.73,2.34
30,Stuttgart,Stuttgart Open,2026-06-09,ATP250,Outdoor,Grass,1st Round,3,Shimabukuro S.,Halys Q.,104.0,92.0,604.0,678.0,6,4,6,2.0,,,,,,,2,0,Completed,2.38,1.57,,,2.38,1.67,2.26,1.61,2.44,1.68
30,Stuttgart,Stuttgart Open,2026-06-09,ATP250,Outdoor,Grass,1st Round,3,Mpetshi G.,Safiullin R.,93.0,135.0,670.0,460.0,7,5,6,7.0,7,6,,,,,2,1,Completed,,,,,11.0,1.07,8.92,1.05,,
30,Stuttgart,Stuttgart Open,2026-06-09,ATP250,Outdoor,Grass,1st Round,3,Struff J.L.,Galarneau A.,77.0,187.0,779.0,316.0,6,2,6,7.0,6,3,,,,,2,1,Completed,1.44,2.75,,,1.5,2.8,1.46,2.68,1.59,2.68
30,Stuttgart,Stuttgart Open,2026-06-09,ATP250,Outdoor,Grass,1st Round,3,Hijikata R.,Gentzsch T.,106.0,229.0,593.0,254.0,6,7,7,6.0,6,3,,,,,2,1,Completed,1.22,4.33,,,1.22,4.33,1.22,4.14,1.26,4.7
30,Stuttgart,Stuttgart Open,2026-06-09,ATP250,Outdoor,Grass,1st Round,3,Tiafoe F.,Altmaier D.,26.0,85.0,1705.0,740.0,7,6,4,6.0,6,4,,,,,2,1,Completed,1.29,3.75,,,1.3,4.0,1.26,3.7,1.3,4.2
30,Stuttgart,Stuttgart Open,2026-06-09,ATP250,Outdoor,Grass,1st Round,3,Duckworth J.,Dedura D.,79.0,262.0,762.0,209.0,6,4,6,3.0,,,,,,,2,0,Completed,1.36,3.2,,,1.36,3.5,1.32,3.26,1.36,3.6
30,Stuttgart,Stuttgart Open,2026-06-09,ATP250,Outdoor,Grass,1st Round,3,Kyrgios N.,Moutet C.,,36.0,,1283.0,6,3,6,4.0,,,,,,,2,0,Completed,2.75,1.44,,,2.8,1.5,2.71,1.44,3.0,1.49
30,Stuttgart,Stuttgart Open,2026-06-10,ATP250,Outdoor,Grass,2nd Round,3,Mpetshi G.,Onclin G.,93.0,186.0,670.0,318.0,7,6,6,2.0,,,,,,,2,0,Completed,1.53,2.5,,,1.55,2.5,1.52,2.46,1.59,2.66
30,Stuttgart,Stuttgart Open,2026-06-10,ATP250,Outdoor,Grass,2nd Round,3,Bellucci M.,Hanfmann Y.,78.0,59.0,777.0,906.0,7,5,6,7.0,6,2,,,,,2,1,Completed,2.2,1.67,,,2.2,1.87,2.07,1.73,2.18,1.82
30,Stuttgart,Stuttgart Open,2026-06-10,ATP250,Outdoor,Grass,2nd Round,3,Bublik A.,Struff J.L.,11.0,77.0,2930.0,779.0,7,6,3,6.0,6,2,,,,,2,1,Completed,1.36,3.2,,,1.42,3.2,1.38,2.94,1.43,3.25
30,Stuttgart,Stuttgart Open,2026-06-11,ATP250,Outdoor,Grass,2nd Round,3,Lehecka J.,Duckworth J.,12.0,79.0,2575.0,762.0,6,7,6,4.0,7,6,,,,,2,1,Completed,1.29,3.75,,,1.3,3.75,1.28,3.53,1.35,3.75
30,Stuttgart,Stuttgart Open,2026-06-11,ATP250,Outdoor,Grass,2nd Round,3,Tiafoe F.,Hijikata R.,26.0,106.0,1705.0,593.0,6,4,6,4.0,,,,,,,2,0,Completed,1.4,3.0,,,1.44,3.15,1.39,2.92,1.52,2.84
30,Stuttgart,Stuttgart Open,2026-06-11,ATP250,Outdoor,Grass,2nd Round,3,Shimabukuro S.,Kyrgios N.,104.0,,604.0,,4,6,7,6.0,6,4,,,,,2,1,Completed,2.38,1.57,,,2.38,1.6,2.31,1.58,2.58,1.63
30,Stuttgart,Stuttgart Open,2026-06-11,ATP250,Outdoor,Grass,2nd Round,3,Fritz T.,Landaluce M.,9.0,58.0,3720.0,919.0,6,7,7,5.0,7,6,,,,,2,1,Completed,1.36,3.2,,,1.42,3.2,1.39,2.93,1.41,3.35
30,Stuttgart,Stuttgart Open,2026-06-12,ATP250,Outdoor,Grass,2nd Round,3,Shelton B.,Giron M.,5.0,88.0,3920.0,705.0,6,7,6,4.0,7,6,,,,,2,1,Completed,1.36,3.2,,,1.38,3.25,1.35,3.11,1.38,3.55
30,Stuttgart,Stuttgart Open,2026-06-12,ATP250,Outdoor,Grass,Quarterfinals,3,Bublik A.,Mpetshi G.,11.0,93.0,2930.0,670.0,7,6,7,6.0,,,,,,,2,0,Completed,1.53,2.5,,,1.54,2.63,1.5,2.52,1.54,2.8
30,Stuttgart,Stuttgart Open,2026-06-12,ATP250,Outdoor,Grass,Quarterfinals,3,Fritz T.,Bellucci M.,9.0,78.0,3720.0,777.0,5,7,7,5.0,7,5,,,,,2,1,Completed,1.29,3.75,,,1.33,3.8,1.29,3.51,1.3,4.2
30,Stuttgart,Stuttgart Open,2026-06-12,ATP250,Outdoor,Grass,Quarterfinals,3,Lehecka J.,Tiafoe F.,12.0,26.0,2575.0,1705.0,6,4,7,6.0,,,,,,,2,0,Completed,1.73,2.1,,,1.85,2.11,1.75,2.02,1.81,2.22
30,Stuttgart,Stuttgart Open,2026-06-13,ATP250,Outdoor,Grass,Quarterfinals,3,Shelton B.,Shimabukuro S.,5.0,104.0,3920.0,604.0,4,6,6,3.0,6,4,,,,,2,1,Completed,1.29,3.75,,,1.33,3.9,1.3,3.42,1.35,3.65
30,Stuttgart,Stuttgart Open,2026-06-13,ATP250,Outdoor,Grass,Semifinals,3,Fritz T.,Bublik A.,9.0,11.0,3720.0,2930.0,6,4,6,4.0,,,,,,,2,0,Completed,2.1,1.73,,,2.2,1.8,2.09,1.71,2.18,1.84
30,Stuttgart,Stuttgart Open,2026-06-13,ATP250,Outdoor,Grass,Semifinals,3,Shelton B.,Lehecka J.,5.0,12.0,3920.0,2575.0,6,7,7,6.0,7,6,,,,,2,1,Completed,1.91,1.91,,,1.95,1.91,1.89,1.87,2.0,1.96
30,Stuttgart,Stuttgart Open,2026-06-14,ATP250,Outdoor,Grass,The Final,3,Shelton B.,Fritz T.,5.0,9.0,3920.0,3720.0,6,4,2,6.0,6,4,,,,,2,1,Completed,2,1.8,,,2.02,1.91,1.96,1.81,2.12,1.88
31,Halle,Halle Open,2026-06-15,ATP500,Outdoor,Grass,1st Round,3,Tien L.,Schoenhaus M.,19.0,336.0,2270.0,158.0,6,2,6,4.0,,,,,,,2,0,Completed,1.17,5.0,,,1.18,5.0,1.17,4.81,1.19,6.0
31,Halle,Halle Open,2026-06-15,ATP500,Outdoor,Grass,1st Round,3,Altmaier D.,Basilashvili N.,81.0,118.0,740.0,529.0,7,5,6,4.0,,,,,,,2,0,Completed,2.3,1.62,,,2.33,1.67,2.25,1.61,2.5,1.65
31,Halle,Halle Open,2026-06-15,ATP500,Outdoor,Grass,1st Round,3,Atmane T.,Landaluce M.,53.0,55.0,948.0,936.0,6,3,3,6.0,7,6,,,,,2,1,Completed,2.5,1.53,,,2.63,1.53,2.54,1.49,2.62,1.6
31,Halle,Halle Open,2026-06-15,ATP500,Outdoor,Grass,1st Round,3,Auger-Aliassime F.,Borges N.,4.0,54.0,4390.0,945.0,6,3,3,6.0,6,3,,,,,2,1,Completed,1.4,3.0,,,1.4,3.25,1.35,3.11,1.38,3.55
31,Halle,Halle Open,2026-06-15,ATP500,Outdoor,Grass,1st Round,3,Tiafoe F.,Cobolli F.,26.0,10.0,1730.0,3540.0,6,2,7,6.0,,,,,,,2,0,Completed,1.73,2.1,,,1.73,2.2,1.68,2.13,1.74,2.34
31,Halle,Halle Open,2026-06-16,ATP500,Outdoor,Grass,1st Round,3,Collignon R.,Popyrin A.,51.0,90.0,966.0,680.0,6,4,6,2.0,,,,,,,2,0,Completed,1.57,2.38,,,1.57,2.43,1.56,2.37,1.65,2.48
31,Halle,Halle Open,2026-06-16,ATP500,Outdoor,Grass,1st Round,3,Quinn E.,Khachanov K.,66.0,18.0,854.0,2280.0,1,6,6,4.0,6,4,,,,,2,1,Completed,3,1.4,,,3.0,1.44,2.85,1.4,2.9,1.5
31,Halle,Halle Open,2026-06-16,ATP500,Outdoor,Grass,1st Round,3,Bellucci M.,Bublik A.,74.0,11.0,814.0,3020.0,7,6,6,1.0,,,,,,,2,0,Completed,3.4,1.33,,,3.4,1.37,3.16,1.34,3.75,1.36
31,Halle,Halle Open,2026-06-16,ATP500,Outdoor,Grass,1st Round,3,Shimabukuro S.,Griekspoor T.,97.0,40.0,651.0,1165.0,6,4,3,6.0,6,4,,,,,2,1,Completed,2.2,1.67,,,2.25,1.71,2.18,1.66,2.42,1.68
31,Halle,Halle Open,2026-06-16,ATP500,Outdoor,Grass,1st Round,3,Hanfmann Y.,Fonseca J.,59.0,25.0,915.0,1735.0,6,2,6,2.0,,,,,,,2,0,Completed,3.4,1.33,,,3.4,1.38,3.09,1.35,3.55,1.38
31,Halle,Halle Open,2026-06-16,ATP500,Outdoor,Grass,1st Round,3,Hurkacz H.,Rublev A.,103.0,13.0,615.0,2460.0,6,3,6,2.0,,,,,,,2,0,Completed,1.91,1.91,,,1.92,1.95,1.87,1.89,2.0,1.98
31,Halle,Halle Open,2026-06-16,ATP500,Outdoor,Grass,1st Round,3,Zverev A.,Kopriva V.,3.0,64.0,7190.0,856.0,6,3,4,6.0,6,2,,,,,2,1,Completed,1.05,11.0,,,1.06,13.0,1.05,9.88,1.06,14.0
31,Halle,Halle Open,2026-06-16,ATP500,Outdoor,Grass,1st Round,3,Marozsan F.,Kecmanovic M.,61.0,50.0,895.0,980.0,6,3,3,6.0,6,4,,,,,2,1,Completed,2.38,1.57,,,2.45,1.6,2.34,1.56,2.46,1.66
31,Halle,Halle Open,2026-06-16,ATP500,Outdoor,Grass,1st Round,3,Medvedev D.,Etcheverry T.,7.0,30.0,3810.0,1510.0,6,3,6,4.0,,,,,,,2,0,Completed,1.2,4.5,,,1.22,4.6,1.2,4.4,1.23,5.0
31,Halle,Halle Open,2026-06-17,ATP500,Outdoor,Grass,1st Round,3,Fritz T.,Bergs Z.,9.0,48.0,3635.0,1010.0,7,6,5,7.0,6,4,,,,,2,1,Completed,1.22,4.33,,,1.25,4.33,1.23,4.03,1.26,4.7
31,Halle,Halle Open,2026-06-17,ATP500,Outdoor,Grass,1st Round,3,Shelton B.,Sonego L.,5.0,65.0,4070.0,855.0,7,5,6,3.0,,,,,,,2,0,Completed,1.2,4.5,,,1.25,4.5,1.22,4.07,1.27,4.4
31,Halle,Halle Open,2026-06-17,ATP500,Outdoor,Grass,2nd Round,3,Tiafoe F.,Shimabukuro S.,26.0,97.0,1730.0,651.0,6,4,7,5.0,,,,,,,2,0,Completed,1.4,3.0,,,1.4,3.0,1.39,2.9,1.48,3.05
31,Halle,Halle Open,2026-06-17,ATP500,Outdoor,Grass,2nd Round,3,Altmaier D.,Hurkacz H.,81.0,103.0,740.0,615.0,3,6,6,3.0,7,5,,,,,2,1,Completed,4,1.25,,,4.0,1.26,3.83,1.25,4.3,1.29
31,Halle,Halle Open,2026-06-17,ATP500,Outdoor,Grass,2nd Round,3,Auger-Aliassime F.,Tien L.,4.0,19.0,4390.0,2270.0,6,7,7,5.0,7,6,,,,,2,1,Completed,1.73,2.1,,,1.73,2.2,1.69,2.13,1.84,2.16
31,Halle,Halle Open,2026-06-17,ATP500,Outdoor,Grass,2nd Round,3,Medvedev D.,Atmane T.,7.0,53.0,3810.0,948.0,6,4,6,4.0,,,,,,,2,0,Completed,1.17,5.0,,,1.2,6.0,1.17,4.8,1.22,5.5
31,Halle,Halle Open,2026-06-18,ATP500,Outdoor,Grass,2nd Round,3,Fritz T.,Marozsan F.,9.0,61.0,3635.0,895.0,6,2,6,4.0,,,,,,,2,0,Completed,1.2,4.5,,,1.22,4.6,1.2,4.35,1.23,5.1
31,Halle,Halle Open,2026-06-18,ATP500,Outdoor,Grass,2nd Round,3,Shelton B.,Quinn E.,5.0,66.0,4070.0,854.0,6,4,5,7.0,6,4,,,,,2,1,Completed,1.25,4.0,,,1.29,4.0,1.26,3.77,1.26,4.6
31,Halle,Halle Open,2026-06-18,ATP500,Outdoor,Grass,2nd Round,3,Zverev A.,Hanfmann Y.,3.0,59.0,7190.0,915.0,6,3,7,6.0,,,,,,,2,0,Completed,1.11,6.5,,,1.13,7.0,1.11,6.22,1.16,7.0
31,Halle,Halle Open,2026-06-18,ATP500,Outdoor,Grass,2nd Round,3,Collignon R.,Bellucci M.,51.0,74.0,966.0,814.0,4,6,6,4.0,6,3,,,,,2,1,Completed,1.8,2.0,,,1.8,2.1,1.78,2.0,1.95,2.04
31,Halle,Halle Open,2026-06-19,ATP500,Outdoor,Grass,Quarterfinals,3,Fritz T.,Shelton B.,9.0,5.0,3635.0,4070.0,6,7,7,6.0,7,6,,,,,2,1,Completed,1.73,2.1,,,1.83,2.12,1.74,2.05,1.86,2.16
31,Halle,Halle Open,2026-06-19,ATP500,Outdoor,Grass,Quarterfinals,3,Zverev A.,Collignon R.,3.0,51.0,7190.0,966.0,7,6,7,6.0,,,,,,,2,0,Completed,1.17,5.0,,,1.17,5.5,1.16,4.91,1.22,5.5
31,Halle,Halle Open,2026-06-19,ATP500,Outdoor,Grass,Quarterfinals,3,Altmaier D.,Medvedev D.,81.0,7.0,740.0,3810.0,6,4,6,7.0,6,4,,,,,2,1,Completed,5.5,1.14,,,5.5,1.17,5.15,1.15,5.8,1.2
31,Halle,Halle Open,2026-06-19,ATP500,Outdoor,Grass,Quarterfinals,3,Tiafoe F.,Auger-Aliassime F.,26.0,4.0,1730.0,4390.0,3,6,6,3.0,7,6,,,,,2,1,Completed,2.3,1.62,,,2.33,1.63,2.26,1.61,2.4,1.7
31,Halle,Halle Open,2026-06-20,ATP500,Outdoor,Grass,Semifinals,3,Fritz T.,Zverev A.,9.0,3.0,3635.0,7190.0,6,7,6,4.0,7,5,,,,,2,1,Completed,2.3,1.62,,,2.5,1.67,2.27,1.61,2.36,1.72
31,Halle,Halle Open,2026-06-20,ATP500,Outdoor,Grass,Semifinals,3,Tiafoe F.,Altmaier D.,26.0,81.0,1730.0,740.0,6,1,6,3.0,,,,,,,2,0,Completed,1.33,3.4,,,1.36,3.5,1.33,3.2,1.43,3.3
31,Halle,Halle Open,2026-06-21,ATP500,Outdoor,Grass,The Final,3,Tiafoe F.,Fritz T.,26.0,9.0,1730.0,3635.0,6,4,6,4.0,,,,,,,2,0,Completed,3,1.4,,,3.0,1.45,2.81,1.41,2.92,1.51
32,Queens Club,Queen's Club Championships,2026-06-15,ATP500,Outdoor,Grass,1st Round,3,Van De Zandschulp B.,Wendelken H.,56.0,224.0,935.0,258.0,6,4,7,6.0,,,,,,,2,0,Completed,1.44,2.75,,,1.5,2.9,1.45,2.68,1.55,2.76
32,Queens Club,Queen's Club Championships,2026-06-15,ATP500,Outdoor,Grass,1st Round,3,Paul T.,Svajda Z.,28.0,69.0,1645.0,835.0,7,5,6,3.0,,,,,,,2,0,Completed,1.4,3.0,,,1.4,3.25,1.37,2.99,1.41,3.35
32,Queens Club,Queen's Club Championships,2026-06-15,ATP500,Outdoor,Grass,1st Round,3,Shapovalov D.,Pinnington Jones J.,41.0,147.0,1130.0,409.0,6,4,4,6.0,7,6,,,,,2,1,Completed,1.62,2.3,,,1.67,2.3,1.63,2.21,1.69,2.42
32,Queens Club,Queen's Club Championships,2026-06-16,ATP500,Outdoor,Grass,1st Round,3,Mannarino A.,Mensik J.,44.0,16.0,1099.0,2300.0,5,7,7,6.0,7,6,,,,,2,1,Completed,2.63,1.5,,,2.63,1.5,2.6,1.48,2.8,1.54
32,Queens Club,Queen's Club Championships,2026-06-16,ATP500,Outdoor,Grass,1st Round,3,Nakashima B.,Fucsovics M.,32.0,76.0,1385.0,781.0,6,3,6,3.0,,,,,,,2,0,Completed,1.53,2.5,,,1.56,2.6,1.51,2.5,1.57,2.72
32,Queens Club,Queen's Club Championships,2026-06-16,ATP500,Outdoor,Grass,1st Round,3,Buse I.,Giron M.,35.0,86.0,1316.0,705.0,3,6,7,5.0,7,6,,,,,2,1,Completed,3.2,1.36,,,3.3,1.37,3.11,1.35,3.25,1.43
32,Queens Club,Queen's Club Championships,2026-06-16,ATP500,Outdoor,Grass,1st Round,3,Fery A.,Samuel T.,140.0,144.0,441.0,414.0,6,0,6,2.0,,,,,,,2,0,Completed,1.67,2.2,,,1.73,2.23,1.67,2.15,1.83,2.2
32,Queens Club,Queen's Club Championships,2026-06-16,ATP500,Outdoor,Grass,1st Round,3,Cerundolo F.,Kovacevic A.,27.0,68.0,1660.0,837.0,6,4,6,7.0,6,2,,,,,2,1,Completed,1.53,2.5,,,1.57,2.5,1.53,2.44,1.58,2.68
32,Queens Club,Queen's Club Championships,2026-06-16,ATP500,Outdoor,Grass,1st Round,3,Moutet C.,Mpetshi G.,36.0,87.0,1283.0,695.0,6,7,6,4.0,7,6,,,,,2,1,Completed,2.5,1.53,,,2.63,1.83,2.41,1.56,2.74,1.57
32,Queens Club,Queen's Club Championships,2026-06-16,ATP500,Outdoor,Grass,1st Round,3,Brooksby J.,Damm M.,73.0,108.0,817.0,586.0,6,4,3,6.0,6,3,,,,,2,1,Completed,2.2,1.67,,,2.31,1.67,2.2,1.64,2.24,1.79
32,Queens Club,Queen's Club Championships,2026-06-16,ATP500,Outdoor,Grass,1st Round,3,De Minaur A.,Diallo G.,6.0,84.0,4060.0,710.0,7,6,6,3.0,,,,,,,2,0,Completed,1.2,4.5,,,1.2,5.5,1.17,4.74,1.2,5.9
32,Queens Club,Queen's Club Championships,2026-06-16,ATP500,Outdoor,Grass,1st Round,3,Medjedovic H.,Rinderknech A.,67.0,24.0,844.0,1776.0,7,6,7,6.0,,,,,,,2,0,Completed,2.1,1.73,,,2.1,1.91,2.04,1.74,2.24,1.8
32,Queens Club,Queen's Club Championships,2026-06-16,ATP500,Outdoor,Grass,1st Round,3,Humbert U.,Cilic M.,33.0,46.0,1360.0,1036.0,7,5,6,3.0,,,,,,,2,0,Completed,1.73,2.1,,,1.73,2.3,1.65,2.18,1.68,2.44
32,Queens Club,Queen's Club Championships,2026-06-16,ATP500,Outdoor,Grass,1st Round,3,Hijikata R.,Tabilo A.,104.0,31.0,605.0,1428.0,6,2,6,4.0,,,,,,,2,0,Completed,1.91,1.91,,,1.95,2.25,1.8,1.92,1.99,1.99
32,Queens Club,Queen's Club Championships,2026-06-16,ATP500,Outdoor,Grass,1st Round,3,Davidovich Fokina A.,Norrie C.,22.0,29.0,1860.0,1595.0,7,6,6,2.0,,,,,,,2,0,Completed,1.73,2.1,,,1.73,2.2,1.68,2.15,1.72,2.36
32,Queens Club,Queen's Club Championships,2026-06-16,ATP500,Outdoor,Grass,1st Round,3,Lehecka J.,Majchrzak K.,12.0,47.0,2640.0,1032.0,7,5,7,6.0,,,,,,,2,0,Completed,1.5,2.63,,,1.5,2.88,1.43,2.74,1.49,3.0
32,Queens Club,Queen's Club Championships,2026-06-17,ATP500,Outdoor,Grass,2nd Round,3,Nakashima B.,Buse I.,32.0,35.0,1385.0,1316.0,6,2,6,2.0,,,,,,,2,0,Completed,1.29,3.75,,,1.3,3.75,1.28,3.58,1.32,4.0
32,Queens Club,Queen's Club Championships,2026-06-17,ATP500,Outdoor,Grass,2nd Round,3,De Minaur A.,Shapovalov D.,6.0,41.0,4060.0,1130.0,6,4,6,1.0,,,,,,,2,0,Completed,1.25,4.0,,,1.26,4.0,1.24,3.88,1.29,4.3
32,Queens Club,Queen's Club Championships,2026-06-17,ATP500,Outdoor,Grass,2nd Round,3,Fery A.,Mannarino A.,140.0,44.0,441.0,1099.0,7,6,6,4.0,,,,,,,2,0,Completed,2.1,1.73,,,2.1,1.85,2.03,1.75,2.06,1.92
32,Queens Club,Queen's Club Championships,2026-06-17,ATP500,Outdoor,Grass,2nd Round,3,Cerundolo F.,Brooksby J.,27.0,73.0,1660.0,817.0,6,0,6,4.0,,,,,,,2,0,Completed,1.53,2.5,,,1.57,2.63,1.51,2.51,1.61,2.6
32,Queens Club,Queen's Club Championships,2026-06-18,ATP500,Outdoor,Grass,2nd Round,3,Davidovich Fokina A.,Moutet C.,22.0,36.0,1860.0,1283.0,6,4,6,3.0,,,,,,,2,0,Completed,1.5,2.63,,,1.55,2.63,1.52,2.47,1.54,2.8
32,Queens Club,Queen's Club Championships,2026-06-18,ATP500,Outdoor,Grass,2nd Round,3,Paul T.,Van De Zandschulp B.,28.0,56.0,1645.0,935.0,7,6,6,3.0,,,,,,,2,0,Completed,1.25,4.0,,,1.28,4.0,1.26,3.73,1.29,4.4
32,Queens Club,Queen's Club Championships,2026-06-18,ATP500,Outdoor,Grass,2nd Round,3,Hijikata R.,Lehecka J.,104.0,12.0,605.0,2640.0,4,6,7,5.0,7,6,,,,,2,1,Completed,3.5,1.3,,,3.5,1.3,3.44,1.3,4.1,1.32
32,Queens Club,Queen's Club Championships,2026-06-19,ATP500,Outdoor,Grass,2nd Round,3,Humbert U.,Medjedovic H.,33.0,67.0,1360.0,844.0,2,6,7,6.0,7,6,,,,,2,1,Completed,1.67,2.2,,,1.67,2.4,1.62,2.3,1.59,2.66
32,Queens Club,Queen's Club Championships,2026-06-19,ATP500,Outdoor,Grass,Quarterfinals,3,Nakashima B.,De Minaur A.,32.0,6.0,1385.0,4060.0,7,5,6,3.0,,,,,,,2,0,Completed,3.2,1.36,,,3.2,1.4,3.01,1.36,3.3,1.42
32,Queens Club,Queen's Club Championships,2026-06-19,ATP500,Outdoor,Grass,Quarterfinals,3,Cerundolo F.,Fery A.,27.0,140.0,1660.0,441.0,7,6,3,6.0,6,4,,,,,2,1,Completed,1.62,2.3,,,1.63,2.63,1.56,2.35,1.69,2.44
32,Queens Club,Queen's Club Championships,2026-06-19,ATP500,Outdoor,Grass,Quarterfinals,3,Paul T.,Davidovich Fokina A.,28.0,22.0,1645.0,1860.0,6,3,7,6.0,,,,,,,2,0,Completed,1.4,3.0,,,1.4,3.1,1.37,2.99,1.43,3.2
32,Queens Club,Queen's Club Championships,2026-06-19,ATP500,Outdoor,Grass,Quarterfinals,3,Humbert U.,Hijikata R.,33.0,104.0,1360.0,605.0,6,1,6,2.0,,,,,,,2,0,Completed,1.44,2.75,,,1.55,2.75,1.48,2.57,1.57,2.72
32,Queens Club,Queen's Club Championships,2026-06-20,ATP500,Outdoor,Grass,Semifinals,3,Cerundolo F.,Nakashima B.,27.0,32.0,1660.0,1385.0,6,7,6,3.0,6,4,,,,,2,1,Completed,2.38,1.57,,,2.55,1.58,2.41,1.54,2.52,1.65
32,Queens Club,Queen's Club Championships,2026-06-20,ATP500,Outdoor,Grass,Semifinals,3,Paul T.,Humbert U.,28.0,33.0,1645.0,1360.0,6,3,6,3.0,,,,,,,2,0,Completed,1.57,2.38,,,1.57,2.63,1.53,2.45,1.6,2.64
32,Queens Club,Queen's Club Championships,2026-06-21,ATP500,Outdoor,Grass,The Final,3,Cerundolo F.,Paul T.,27.0,28.0,1660.0,1645.0,6,7,6,4.0,6,3,,,,,2,1,Completed,3,1.4,,,3.0,1.45,2.76,1.43,3.05,1.47
33,Eastbourne,Eastbourne International,2026-06-22,ATP250,Outdoor,Grass,1st Round,3,Diallo G.,Atmane T.,91.0,50.0,685.0,982.0,6,7,6,4.0,7,5,,,,,2,1,Completed,1.73,2.1,,,1.75,2.1,1.73,2.07,1.89,2.1
33,Eastbourne,Eastbourne International,2026-06-22,ATP250,Outdoor,Grass,1st Round,3,Pinnington Jones J.,Trungelliti M.,145.0,94.0,409.0,670.0,5,7,6,3.0,7,5,,,,,2,1,Completed,,,,,1.4,2.88,1.38,2.82,,
33,Eastbourne,Eastbourne International,2026-06-22,ATP250,Outdoor,Grass,1st Round,3,Draper J.,Giron M.,160.0,86.0,360.0,705.0,6,4,7,6.0,,,,,,,2,0,Completed,1.36,3.2,,,1.4,3.25,1.36,3.03,1.38,3.55
33,Eastbourne,Eastbourne International,2026-06-22,ATP250,Outdoor,Grass,1st Round,3,Cerundolo J.M.,Collignon R.,45.0,43.0,1055.0,1069.0,6,4,4,6.0,7,6,,,,,2,1,Completed,5,1.17,,,5.0,1.22,4.4,1.2,4.5,1.27
33,Eastbourne,Eastbourne International,2026-06-22,ATP250,Outdoor,Grass,1st Round,3,Choinski J.,Popyrin A.,106.0,100.0,601.0,630.0,1,6,6,2.0,6,2,,,,,2,1,Completed,3,1.4,,,3.0,1.47,2.78,1.42,3.0,1.49
33,Eastbourne,Eastbourne International,2026-06-22,ATP250,Outdoor,Grass,1st Round,3,Bergs Z.,Munar J.,48.0,44.0,1010.0,1065.0,6,2,6,4.0,,,,,,,2,0,Completed,1.67,2.2,,,1.73,2.25,1.69,2.13,1.78,2.26
33,Eastbourne,Eastbourne International,2026-06-23,ATP250,Outdoor,Grass,1st Round,3,Brooksby J.,Vukic A.,67.0,103.0,867.0,614.0,7,5,6,1.0,,,,,,,2,0,Completed,1.62,2.3,,,1.67,2.3,1.62,2.23,1.78,2.24
33,Eastbourne,Eastbourne International,2026-06-23,ATP250,Outdoor,Grass,1st Round,3,Tirante T. A.,Stewart H.,54.0,305.0,944.0,177.0,7,5,6,2.0,,,,,,,2,0,Completed,,,,,1.62,2.3,1.62,2.3,,
33,Eastbourne,Eastbourne International,2026-06-23,ATP250,Outdoor,Grass,1st Round,3,Hussey G.,Arnaldi M.,293.0,35.0,183.0,1336.0,6,4,6,2.0,,,,,,,2,0,Completed,3.5,1.3,,,3.75,1.3,3.59,1.27,,
33,Eastbourne,Eastbourne International,2026-06-23,ATP250,Outdoor,Grass,1st Round,3,Fery A.,Burruchaga R.,118.0,66.0,528.0,875.0,6,2,4,6.0,7,5,,,,,2,1,Completed,1.22,4.33,,,1.25,4.33,1.23,3.98,1.28,4.4
33,Eastbourne,Eastbourne International,2026-06-23,ATP250,Outdoor,Grass,1st Round,3,Altmaier D.,Kovacevic A.,59.0,70.0,924.0,837.0,6,4,7,6.0,,,,,,,2,0,Completed,1.91,1.91,,,1.91,1.95,1.84,1.91,1.92,2.06
33,Eastbourne,Eastbourne International,2026-06-23,ATP250,Outdoor,Grass,1st Round,3,Humbert U.,Bellucci M.,30.0,65.0,1510.0,876.0,7,6,6,7.0,6,4,,,,,2,1,Completed,1.53,2.5,,,1.57,2.5,1.53,2.44,1.61,2.58
33,Eastbourne,Eastbourne International,2026-06-24,ATP250,Outdoor,Grass,2nd Round,3,Samuel T.,Tirante T. A.,142.0,54.0,414.0,944.0,6,1,7,6.0,,,,,,,2,0,Completed,1.62,2.3,,,1.67,2.3,1.6,2.26,1.71,2.38
33,Eastbourne,Eastbourne International,2026-06-24,ATP250,Outdoor,Grass,2nd Round,3,Halys Q.,Hussey G.,101.0,293.0,626.0,183.0,6,1,7,5.0,,,,,,,2,0,Completed,1.62,2.3,,,1.62,2.5,1.56,2.34,1.68,2.44
33,Eastbourne,Eastbourne International,2026-06-24,ATP250,Outdoor,Grass,2nd Round,3,Cerundolo J.M.,Fery A.,45.0,118.0,1055.0,528.0,6,2,7,6.0,,,,,,,2,0,Completed,3,1.4,,,3.25,1.4,3.04,1.35,3.3,1.41
33,Eastbourne,Eastbourne International,2026-06-24,ATP250,Outdoor,Grass,2nd Round,3,Humbert U.,Brooksby J.,30.0,67.0,1510.0,867.0,6,3,6,2.0,,,,,,,2,0,Completed,1.44,2.75,,,1.5,2.75,1.45,2.67,1.52,2.84
33,Eastbourne,Eastbourne International,2026-06-24,ATP250,Outdoor,Grass,2nd Round,3,Bergs Z.,Altmaier D.,48.0,59.0,1010.0,924.0,6,3,3,2.0,,,,,,,1,0,Retired,1.53,2.5,,,1.57,2.6,1.52,2.46,1.6,2.62
33,Eastbourne,Eastbourne International,2026-06-24,ATP250,Outdoor,Grass,2nd Round,3,Choinski J.,Gill F.,106.0,220.0,601.0,260.0,6,4,6,7.0,6,2,,,,,2,1,Completed,1.5,2.63,,,1.62,2.75,1.5,2.57,1.74,2.32
33,Eastbourne,Eastbourne International,2026-06-24,ATP250,Outdoor,Grass,2nd Round,3,Diallo G.,Etcheverry T.,91.0,32.0,685.0,1460.0,6,7,6,3.0,6,2,,,,,2,1,Completed,1.67,2.2,,,1.71,2.31,1.64,2.2,1.74,2.34
33,Eastbourne,Eastbourne International,2026-06-24,ATP250,Outdoor,Grass,2nd Round,3,Draper J.,Pinnington Jones J.,160.0,145.0,360.0,409.0,7,5,6,4.0,,,,,,,2,0,Completed,1.17,5.0,,,1.2,5.0,1.18,4.58,1.21,5.3
33,Eastbourne,Eastbourne International,2026-06-25,ATP250,Outdoor,Grass,Quarterfinals,3,Samuel T.,Cerundolo J.M.,142.0,45.0,414.0,1055.0,6,3,6,4.0,,,,,,,2,0,Completed,1.91,1.91,,,1.91,1.95,1.86,1.89,1.89,2.1
33,Eastbourne,Eastbourne International,2026-06-25,ATP250,Outdoor,Grass,Quarterfinals,3,Bergs Z.,Choinski J.,48.0,106.0,1010.0,601.0,6,3,6,3.0,,,,,,,2,0,Completed,1.3,3.5,,,1.33,3.5,1.31,3.29,1.34,3.85
33,Eastbourne,Eastbourne International,2026-06-25,ATP250,Outdoor,Grass,Quarterfinals,3,Draper J.,Diallo G.,160.0,91.0,360.0,685.0,6,1,6,4.0,,,,,,,2,0,Completed,1.4,3.0,,,1.4,3.1,1.37,2.98,1.41,3.35
33,Eastbourne,Eastbourne International,2026-06-25,ATP250,Outdoor,Grass,Quarterfinals,3,Humbert U.,Halys Q.,30.0,101.0,1510.0,626.0,6,3,6,4.0,,,,,,,2,0,Completed,1.36,3.2,,,1.44,3.2,1.38,2.95,1.42,3.3
33,Eastbourne,Eastbourne International,2026-06-26,ATP250,Outdoor,Grass,Semifinals,3,Bergs Z.,Samuel T.,48.0,142.0,1010.0,414.0,4,6,7,6.0,6,2,,,,,2,1,Completed,1.57,2.38,,,1.62,2.5,1.55,2.39,1.6,2.62
33,Eastbourne,Eastbourne International,2026-06-26,ATP250,Outdoor,Grass,Semifinals,3,Humbert U.,Draper J.,30.0,160.0,1510.0,360.0,7,5,6,3.0,,,,,,,2,0,Completed,2.63,1.5,,,2.75,1.5,2.61,1.47,2.76,1.56
33,Eastbourne,Eastbourne International,2026-06-28,ATP250,Outdoor,Grass,The Final,3,Bergs Z.,Humbert U.,48.0,30.0,1010.0,1510.0,3,6,6,1.0,6,4,,,,,2,1,Completed,3.2,1.36,,,3.25,1.37,3.11,1.35,3.5,1.39
34,Mallorca,Mallorca Championships,2026-06-21,ATP250,Outdoor,Grass,1st Round,3,Borges N.,Mannarino A.,53.0,40.0,945.0,1139.0,6,2,6,2.0,,,,,,,2,0,Completed,1.73,2.1,,,1.8,2.1,1.75,2.04,1.9,2.08
34,Mallorca,Mallorca Championships,2026-06-21,ATP250,Outdoor,Grass,1st Round,3,Sonego L.,Navone M.,72.0,38.0,833.0,1165.0,7,6,2,6.0,6,4,,,,,2,1,Completed,1.57,2.38,,,1.62,2.5,1.56,2.35,1.58,2.66
34,Mallorca,Mallorca Championships,2026-06-21,ATP250,Outdoor,Grass,1st Round,3,Hanfmann Y.,Vallejo D.,55.0,73.0,940.0,828.0,7,6,7,6.0,,,,,,,2,0,Completed,1.29,3.75,,,1.3,4.2,1.26,3.75,1.32,4.0
34,Mallorca,Mallorca Championships,2026-06-22,ATP250,Outdoor,Grass,1st Round,3,Quinn E.,Royer V.,63.0,75.0,894.0,798.0,6,4,6,3.0,,,,,,,2,0,Completed,1.4,3.0,,,1.44,3.0,1.41,2.81,1.47,3.0
34,Mallorca,Mallorca Championships,2026-06-22,ATP250,Outdoor,Grass,1st Round,3,Shelbayh A.,Moutet C.,299.0,36.0,180.0,1278.0,7,5,6,4.0,,,,,,,2,0,Completed,,,,,4.33,1.2,4.33,1.2,,
34,Mallorca,Mallorca Championships,2026-06-22,ATP250,Outdoor,Grass,1st Round,3,Marozsan F.,Molcan A.,62.0,102.0,895.0,626.0,2,6,7,6.0,7,6,,,,,2,1,Completed,1.73,2.1,,,1.8,2.13,1.72,2.08,1.84,2.18
34,Mallorca,Mallorca Championships,2026-06-22,ATP250,Outdoor,Grass,1st Round,3,Struff J.L.,Landaluce M.,77.0,58.0,779.0,926.0,6,3,1,6.0,7,5,,,,,2,1,Completed,2.3,1.62,,,2.3,1.73,2.23,1.62,2.5,1.66
34,Mallorca,Mallorca Championships,2026-06-22,ATP250,Outdoor,Grass,1st Round,3,Kecmanovic M.,Ghibaudo A.,51.0,303.0,980.0,177.0,2,6,6,3.0,7,6,,,,,2,1,Completed,1.14,5.5,,,1.15,7.5,1.1,6.67,1.22,5.3
34,Mallorca,Mallorca Championships,2026-06-22,ATP250,Outdoor,Grass,1st Round,3,Walton A.,Kyrgios N.,92.0,900.0,676.0,25.0,6,3,6,4.0,,,,,,,2,0,Completed,2.3,1.62,,,2.3,1.67,2.23,1.62,2.32,1.74
34,Mallorca,Mallorca Championships,2026-06-23,ATP250,Outdoor,Grass,1st Round,3,Kopriva V.,Dzumhur D.,68.0,104.0,856.0,604.0,6,3,6,4.0,,,,,,,2,0,Completed,1.91,1.91,,,1.91,1.98,1.84,1.93,1.96,2.02
34,Mallorca,Mallorca Championships,2026-06-23,ATP250,Outdoor,Grass,1st Round,3,Dimitrov G.,Polmans M.,164.0,366.0,357.0,140.0,6,1,7,6.0,,,,,,,2,0,Completed,1.14,5.5,,,1.2,5.5,1.16,4.86,1.21,5.5
34,Mallorca,Mallorca Championships,2026-06-23,ATP250,Outdoor,Grass,1st Round,3,Buse I.,Tsitsipas S.,34.0,88.0,1360.0,700.0,7,6,6,3.0,,,,,,,2,0,Completed,2.3,1.62,,,2.3,1.63,2.27,1.6,2.44,1.67
34,Mallorca,Mallorca Championships,2026-06-23,ATP250,Outdoor,Grass,2nd Round,3,Marozsan F.,Tabilo A.,62.0,33.0,895.0,1428.0,6,2,6,3.0,,,,,,,2,0,Completed,2.3,1.62,,,2.3,1.66,2.24,1.62,2.46,1.67
34,Mallorca,Mallorca Championships,2026-06-23,ATP250,Outdoor,Grass,2nd Round,3,Borges N.,Struff J.L.,53.0,77.0,945.0,779.0,6,4,7,5.0,,,,,,,2,0,Completed,1.57,2.38,,,1.58,2.42,1.56,2.38,1.6,2.62
34,Mallorca,Mallorca Championships,2026-06-23,ATP250,Outdoor,Grass,2nd Round,3,Kecmanovic M.,Sonego L.,51.0,72.0,980.0,833.0,2,6,7,6.0,6,4,,,,,2,1,Completed,1.73,2.1,,,1.8,2.1,1.74,2.04,1.83,2.18
34,Mallorca,Mallorca Championships,2026-06-23,ATP250,Outdoor,Grass,2nd Round,3,Darderi L.,Hanfmann Y.,16.0,55.0,2300.0,940.0,7,5,6,3.0,,,,,,,2,0,Completed,2.38,1.57,,,2.5,1.62,2.33,1.58,2.44,1.67
34,Mallorca,Mallorca Championships,2026-06-24,ATP250,Outdoor,Grass,2nd Round,3,Quinn E.,Cassone M.,63.0,291.0,894.0,184.0,6,3,6,7.0,6,3,,,,,2,1,Completed,1.22,4.33,,,1.22,4.5,1.2,4.36,1.27,4.5
34,Mallorca,Mallorca Championships,2026-06-24,ATP250,Outdoor,Grass,2nd Round,3,Kopriva V.,Buse I.,68.0,34.0,856.0,1360.0,7,5,6,1.0,,,,,,,2,0,Completed,2.2,1.67,,,2.25,1.73,2.18,1.66,2.26,1.78
34,Mallorca,Mallorca Championships,2026-06-24,ATP250,Outdoor,Grass,2nd Round,3,Davidovich Fokina A.,Walton A.,25.0,92.0,1910.0,676.0,6,4,7,5.0,,,,,,,2,0,Completed,1.4,3.0,,,1.42,3.05,1.38,2.9,1.48,3.0
34,Mallorca,Mallorca Championships,2026-06-24,ATP250,Outdoor,Grass,2nd Round,3,Dimitrov G.,Shelbayh A.,164.0,299.0,357.0,180.0,6,2,6,4.0,,,,,,,2,0,Completed,1.2,4.5,,,1.2,5.0,1.18,4.59,1.2,5.6
34,Mallorca,Mallorca Championships,2026-06-25,ATP250,Outdoor,Grass,Quarterfinals,3,Quinn E.,Kopriva V.,63.0,68.0,894.0,856.0,5,7,7,5.0,6,3,,,,,2,1,Completed,1.53,2.5,,,1.53,2.63,1.5,2.53,1.56,2.74
34,Mallorca,Mallorca Championships,2026-06-25,ATP250,Outdoor,Grass,Quarterfinals,3,Borges N.,Darderi L.,53.0,16.0,945.0,2300.0,7,6,6,4.0,,,,,,,2,0,Completed,1.57,2.38,,,1.58,2.54,1.53,2.42,1.62,2.58
34,Mallorca,Mallorca Championships,2026-06-25,ATP250,Outdoor,Grass,Quarterfinals,3,Marozsan F.,Kecmanovic M.,62.0,51.0,895.0,980.0,6,4,6,3.0,,,,,,,2,0,Completed,2,1.8,,,2.05,1.81,2.01,1.76,2.16,1.85
34,Mallorca,Mallorca Championships,2026-06-25,ATP250,Outdoor,Grass,Quarterfinals,3,Davidovich Fokina A.,Dimitrov G.,25.0,164.0,1910.0,357.0,6,3,6,3.0,,,,,,,2,0,Completed,1.5,2.63,,,1.54,2.63,1.51,2.5,1.56,2.72
34,Mallorca,Mallorca Championships,2026-06-26,ATP250,Outdoor,Grass,Semifinals,3,Quinn E.,Borges N.,63.0,53.0,894.0,945.0,6,1,6,2.0,,,,,,,2,0,Completed,2.2,1.67,,,2.2,1.7,2.16,1.66,2.3,1.76
34,Mallorca,Mallorca Championships,2026-06-26,ATP250,Outdoor,Grass,Semifinals,3,Davidovich Fokina A.,Marozsan F.,25.0,62.0,1910.0,895.0,5,7,6,2.0,6,4,,,,,2,1,Completed,1.4,3.0,,,1.4,3.05,1.38,2.93,1.43,3.25
34,Mallorca,Mallorca Championships,2026-06-27,ATP250,Outdoor,Grass,The Final,3,Davidovich Fokina A.,Quinn E.,25.0,63.0,1910.0,894.0,7,6,6,3.0,,,,,,,2,0,Completed,1.57,2.38,,,1.6,2.4,1.56,2.35,1.62,2.56
35,London,Wimbledon,2026-06-29,Grand Slam,Outdoor,Grass,1st Round,5,Carreno Busta P.,Shapovalov D.,71.0,41.0,834.0,1130.0,6,3,7,6.0,0,0,,	,,,2,0,Retired,3.2,1.36,,,3.25,1.4,3.02,1.37,3.25,1.42
35,London,Wimbledon,2026-06-29,Grand Slam,Outdoor,Grass,1st Round,5,Brooksby J.,Vukic A.,81.0,104.0,720.0,614.0,7,6,6,1.0,6,1,,	,,,3,0,Completed,1.44,2.75,,,1.45,2.88,1.43,2.74,1.49,2.98
35,London,Wimbledon,2026-06-29,Grand Slam,Outdoor,Grass,1st Round,5,Jodar R.,Gill F.,26.0,220.0,1839.0,260.0,6,3,6,3.0,7,5,	,,,,3,0,Completed,1.14,5.5,,,1.16,6.0,1.14,5.43,1.15,7.2
35,London,Wimbledon,2026-06-29,Grand Slam,Outdoor,Grass,1st Round,5,Fucsovics M.,Van Assche L.,76.0,80.0,781.0,735.0,6,3,4,0.0,,	,,,,,1,0,Retired,1.44,2.75,,,1.5,2.83,1.45,2.68,1.53,2.86
35,London,Wimbledon,2026-06-29,Grand Slam,Outdoor,Grass,1st Round,5,Van De Zandschulp B.,Kovacevic A.,54.0,70.0,969.0,837.0,6,3,6,7.0,6,4,6,0,,	,3,1,Completed,1.53,2.5,,,1.55,2.55,1.52,2.48,1.6,2.66
35,London,Wimbledon,2026-06-29,Grand Slam,Outdoor,Grass,1st Round,5,Buse I.,Nava E.,34.0,86.0,1375.0,704.0,7,6,3,6.0,7,5,6,0,,	,3,1,Completed,1.62,2.3,,,1.67,2.38,1.62,2.25,1.68,2.44
35,London,Wimbledon,2026-06-29,Grand Slam,Outdoor,Grass,1st Round,5,Tien L.,Svrcina D.,17.0,112.0,2270.0,550.0,6,1,6,4.0,6,7,6,3,,	,3,1,Completed,1.1,7.0,,,1.11,7.5,1.1,6.66,1.14,7.6
35,London,Wimbledon,2026-06-29,Grand Slam,Outdoor,Grass,1st Round,5,Damm M.,Trungelliti M.,106.0,94.0,603.0,670.0,7,6,6,7.0,7,6,7,6,,	,3,1,Completed,1.25,4.0,,,1.25,8.5,1.22,4.32,1.26,4.6
35,London,Wimbledon,2026-06-29,Grand Slam,Outdoor,Grass,1st Round,5,Safiullin R.,Rublev A.,132.0,13.0,458.0,2420.0,6,4,6,7.0,3,6,6,3,7,6,3,2,Completed,2.75,1.44,,,2.83,1.45,2.72,1.44,3.0,1.48
35,London,Wimbledon,2026-06-29,Grand Slam,Outdoor,Grass,1st Round,5,Mochizuki S.,Basing M.,151.0,329.0,397.0,162.0,6,3,6,0.0,6,0,	,,,,3,0,Completed,1.4,3.0,,,1.48,3.0,1.41,2.82,1.47,3.05
35,London,Wimbledon,2026-06-29,Grand Slam,Outdoor,Grass,1st Round,5,Paul T.,Muller A.,25.0,126.0,1925.0,494.0,6,1,6,2.0,6,1,,	,,,3,0,Completed,1.03,15.0,,,1.03,19.0,1.02,14.34,1.04,22.0
35,London,Wimbledon,2026-06-29,Grand Slam,Outdoor,Grass,1st Round,5,Merida Aguilar D.,Ugo Carabelli C.,84.0,59.0,706.0,930.0,4,6,3,6.0,6,2,3,0,,	,1,2,Retired,1.73,2.1,,,1.75,2.15,1.71,2.08,1.8,2.2
35,London,Wimbledon,2026-06-29,Grand Slam,Outdoor,Grass,1st Round,5,Zheng M.,Norrie C.,144.0,29.0,410.0,1595.0,6,7,6,2.0,6,7,6,3,7,6,3,2,Completed,2.38,1.57,,,2.45,1.62,2.36,1.56,2.6,1.61
35,London,Wimbledon,2026-06-29,Grand Slam,Outdoor,Grass,1st Round,5,Hurkacz H.,Ruud C.,96.0,12.0,665.0,2425.0,6,4,6,2.0,7,6,,	,,,3,0,Completed,1.44,2.75,,,1.47,2.83,1.45,2.71,1.5,2.96
35,London,Wimbledon,2026-06-29,Grand Slam,Outdoor,Grass,1st Round,5,Ofner S.,Medjedovic H.,110.0,68.0,557.0,844.0,1,6,6,2.0,4,6,6,3,6,4,3,2,Completed,2.75,1.44,,,2.83,1.45,2.73,1.44,2.94,1.5
35,London,Wimbledon,2026-06-29,Grand Slam,Outdoor,Grass,1st Round,5,Sinner J.,Kecmanovic M.,1.0,50.0,13450.0,1020.0,4,6,6,3.0,6,7,6,2,6,3,3,2,Completed,1.01,21.0,,,1.02,26.0,1.01,18.66,1.02,34.0
35,London,Wimbledon,2026-06-29,Grand Slam,Outdoor,Grass,1st Round,5,Fonseca J.,Bautista Agut R.,27.0,183.0,1710.0,318.0,7,6,6,4.0,6,3,,	,,,3,0,Completed,1.29,3.75,,,1.29,4.5,1.22,4.21,1.24,4.9
35,London,Wimbledon,2026-06-29,Grand Slam,Outdoor,Grass,1st Round,5,Borges N.,Boyer T.,48.0,191.0,1020.0,302.0,6,3,7,5.0,7,5,	,,,,3,0,Completed,1.3,3.5,,,1.44,3.6,1.32,3.28,1.38,3.55
35,London,Wimbledon,2026-06-29,Grand Slam,Outdoor,Grass,1st Round,5,Rinderknech A.,Tarvet O.,28.0,348.0,1683.0,147.0,7,6,7,6.0,4,6,7,5,	,,3,1,Completed,1.67,2.2,,,1.7,2.24,1.66,2.18,1.75,2.3
35,London,Wimbledon,2026-06-29,Grand Slam,Outdoor,Grass,1st Round,5,Prizmic D.,Walton A.,89.0,85.0,691.0,704.0,4,6,7,6.0,6,4,6,2,,	,3,1,Completed,1.73,2.1,,,1.8,2.2,1.7,2.11,1.72,2.36
35,London,Wimbledon,2026-06-29,Grand Slam,Outdoor,Grass,1st Round,5,Quinn E.,Darderi L.,47.0,16.0,1021.0,2300.0,7,6,7,5.0,6,2,	,,,,3,0,Completed,1.5,2.63,,,1.57,2.63,1.52,2.47,1.6,2.66
35,London,Wimbledon,2026-06-29,Grand Slam,Outdoor,Grass,1st Round,5,Kwon S.,Landaluce M.,200.0,60.0,280.0,926.0,6,4,6,3.0,6,3,	,,,,3,0,Completed,2.3,1.62,,,2.5,1.66,2.34,1.57,2.56,1.64
35,London,Wimbledon,2026-06-29,Grand Slam,Outdoor,Grass,1st Round,5,Struff J.L.,Baez S.,74.0,57.0,804.0,935.0,6,1,7,6.0,4,6,2,6,7,5,3,2,Completed,1.36,3.2,,,1.38,3.2,1.35,3.06,1.37,3.55
35,London,Wimbledon,2026-06-29,Grand Slam,Outdoor,Grass,1st Round,5,Tsitsipas S.,Gaston H.,87.0,118.0,700.0,533.0,6,1,6,4.0,6,2,,	,,,3,0,Completed,1.44,2.75,,,1.5,2.85,1.44,2.71,1.5,2.9
35,London,Wimbledon,2026-06-29,Grand Slam,Outdoor,Grass,1st Round,5,Marozsan F.,Tirante T.A.,53.0,55.0,970.0,961.0,7,5,6,3.0,6,4,,	,,,3,0,Completed,1.44,2.75,,,1.5,2.8,1.45,2.69,1.49,3.0
35,London,Wimbledon,2026-06-29,Grand Slam,Outdoor,Grass,1st Round,5,Medvedev D.,Cilic M.,9.0,62.0,3580.0,911.0,6,1,6,2.0,6,4,,	,,,3,0,Completed,1.33,3.4,,,1.4,3.45,1.33,3.22,1.38,3.55
35,London,Wimbledon,2026-06-29,Grand Slam,Outdoor,Grass,1st Round,5,Mejia N.,Vallejo D.,165.0,72.0,349.0,828.0,4,6,6,4.0,7,5,7,6,,	,3,1,Completed,2.2,1.67,,,2.2,1.75,2.15,1.68,2.36,1.72
35,London,Wimbledon,2026-06-29,Grand Slam,Outdoor,Grass,1st Round,5,Davidovich Fokina A.,Cerundolo J.M.,23.0,42.0,2060.0,1108.0,6,4,6,4.0,7,6,	,,,,3,0,Completed,1.22,4.33,,,1.25,4.5,1.22,4.14,1.22,5.3
35,London,Wimbledon,2026-06-29,Grand Slam,Outdoor,Grass,1st Round,5,Auger-Aliassime F.,Shevchenko A.,4.0,99.0,4390.0,658.0,6,3,6,1.0,6,4,	,,,,3,0,Completed,1.02,17.0,,,1.04,17.0,1.03,13.41,1.05,18.0
35,London,Wimbledon,2026-06-29,Grand Slam,Outdoor,Grass,1st Round,5,Djokovic N.,Wu Y.,8.0,102.0,3760.0,634.0,6,4,5,7.0,6,4,6,4,,	,3,1,Completed,1.05,11.0,,,1.07,13.0,1.05,9.58,1.07,13.5
35,London,Wimbledon,2026-06-30,Grand Slam,Outdoor,Grass,1st Round,5,Faria J.,Shimabukuro S.,98.0,90.0,660.0,691.0,7,6,6,3.0,6,7,6,3,,	,3,1,Completed,2,1.8,,,2.0,1.86,1.96,1.82,2.12,1.87
35,London,Wimbledon,2026-06-30,Grand Slam,Outdoor,Grass,1st Round,5,Mannarino A.,Droguet T.,40.0,116.0,1139.0,534.0,6,2,6,4.0,6,1,	,,,,3,0,Completed,1.53,2.5,,,1.57,2.5,1.54,2.44,1.59,2.64
35,London,Wimbledon,2026-06-30,Grand Slam,Outdoor,Grass,1st Round,5,Hanfmann Y.,Mpetshi G.,56.0,83.0,949.0,710.0,6,7,7,6.0,6,2,6,3,	,,3,1,Completed,2.3,1.62,,,2.35,1.67,2.24,1.62,2.46,1.67
35,London,Wimbledon,2026-06-30,Grand Slam,Outdoor,Grass,1st Round,5,Royer V.,Wendelken H.,75.0,202.0,798.0,280.0,4,6,6,3.0,6,3,6,3,	,,3,1,Completed,1.73,2.1,,,1.8,2.13,1.74,2.05,1.83,2.16
35,London,Wimbledon,2026-06-30,Grand Slam,Outdoor,Grass,1st Round,5,Majchrzak K.,Tabilo A.,45.0,33.0,1032.0,1428.0,6,3,7,5.0,7,5,	,,,,3,0,Completed,1.44,2.75,,,1.45,2.9,1.43,2.76,1.45,3.15
35,London,Wimbledon,2026-06-30,Grand Slam,Outdoor,Grass,1st Round,5,Fearnley J.,Michelsen A.,159.0,46.0,362.0,1025.0,3,6,4,6.0,6,2,6,3,6,2,3,2,Completed,2.3,1.62,,,2.38,1.64,2.27,1.61,2.5,1.66
35,London,Wimbledon,2026-06-30,Grand Slam,Outdoor,Grass,1st Round,5,De Minaur A.,Burruchaga R.,6.0,65.0,4110.0,875.0,7,6,6,1.0,6,0,	,,,,3,0,Completed,1.03,15.0,,,1.04,15.0,1.03,12.41,1.04,22.0
35,London,Wimbledon,2026-06-30,Grand Slam,Outdoor,Grass,1st Round,5,De Jong J.,Hijikata R.,73.0,82.0,808.0,717.0,7,6,3,6.0,5,7,6,4,6,3,3,2,Completed,3.4,1.33,,,5.0,1.34,3.46,1.31,3.6,1.37
35,London,Wimbledon,2026-06-30,Grand Slam,Outdoor,Grass,1st Round,5,Virtanen O.,Shelton B.,140.0,5.0,432.0,4160.0,6,4,3,6.0,6,7,6,2,7,6,3,2,Completed,4.5,1.2,,,4.5,1.22,4.25,1.21,5.0,1.24
35,London,Wimbledon,2026-06-30,Grand Slam,Outdoor,Grass,1st Round,5,Halys Q.,Arnaldi M.,95.0,35.0,666.0,1349.0,3,6,6,1.0,7,6,6,3,,	,3,1,Completed,1.67,2.2,,,1.75,2.25,1.67,2.16,1.73,2.34
35,London,Wimbledon,2026-06-30,Grand Slam,Outdoor,Grass,1st Round,5,Fery A.,Dzumhur D.,114.0,105.0,547.0,604.0,3,6,6,2.0,6,2,6,1,,	,3,1,Completed,1.22,4.33,,,1.24,4.5,1.21,4.2,1.23,5.1
35,London,Wimbledon,2026-06-30,Grand Slam,Outdoor,Grass,1st Round,5,Svajda Z.,Llamas Ruiz P.,66.0,119.0,855.0,525.0,6,1,6,2.0,6,4,,	,,,3,0,Completed,1.36,3.2,,,1.37,3.4,1.34,3.2,1.35,3.8
35,London,Wimbledon,2026-06-30,Grand Slam,Outdoor,Grass,1st Round,5,Diallo G.,Bonzi B.,88.0,93.0,695.0,673.0,1,6,4,6.0,7,6,6,3,3,1,2,2,Retired,1.91,1.91,,,2.0,1.93,1.92,1.85,2.02,1.95
35,London,Wimbledon,2026-06-30,Grand Slam,Outdoor,Grass,1st Round,5,Fritz T.,Lajovic D.,7.0,153.0,3765.0,378.0,6,3,6,4.0,6,3,	,,,,3,0,Completed,1.05,11.0,,,1.05,16.0,1.04,10.88,1.05,19.5
35,London,Wimbledon,2026-06-30,Grand Slam,Outdoor,Grass,1st Round,5,Bublik A.,Kokkinakis T.,11.0,491.0,2620.0,90.0,4,6,6,3.0,6,7,6,3,6,4,3,2,Completed,1.36,3.2,,,1.44,3.25,1.39,2.94,1.48,3.05
35,London,Wimbledon,2026-06-30,Grand Slam,Outdoor,Grass,1st Round,5,Bergs Z.,Humbert U.,37.0,30.0,1250.0,1575.0,6,2,7,5.0,4,6,3,6,6,3,3,2,Completed,2.63,1.5,,,2.88,1.5,2.7,1.45,3.0,1.48
35,London,Wimbledon,2026-06-30,Grand Slam,Outdoor,Grass,1st Round,5,Nakashima B.,Pinnington Jones J.,31.0,138.0,1485.0,434.0,6,3,7,6.0,7,5,	,,,,3,0,Completed,1.22,4.33,,,1.26,4.4,1.23,3.97,1.26,4.7
35,London,Wimbledon,2026-06-30,Grand Slam,Outdoor,Grass,1st Round,5,Jacquet K.,Gaubas V.,139.0,129.0,433.0,474.0,6,3,6,4.0,7,6,	,,,,3,0,Completed,1.36,3.2,,,1.41,3.2,1.37,3.02,1.39,3.45
35,London,Wimbledon,2026-06-30,Grand Slam,Outdoor,Grass,1st Round,5,Munar J.,Cerundolo F.,44.0,21.0,1075.0,2110.0,6,1,6,4.0,6,3,	,,,,3,0,Completed,3.75,1.29,,,4.0,1.29,3.68,1.27,4.1,1.32
35,London,Wimbledon,2026-06-30,Grand Slam,Outdoor,Grass,1st Round,5,Khachanov K.,Harris B.,22.0,155.0,2080.0,375.0,6,3,5,7.0,6,3,6,3,	,,3,1,Completed,1.29,3.75,,,1.33,3.75,1.29,3.49,1.33,3.9
35,London,Wimbledon,2026-06-30,Grand Slam,Outdoor,Grass,1st Round,5,Mensik J.,Samuel T.,18.0,123.0,2255.0,515.0,5,7,6,3.0,6,3,3,6,7,6,3,2,Completed,1.4,3.0,,,1.4,3.05,1.39,2.96,1.45,3.2
35,London,Wimbledon,2026-06-30,Grand Slam,Outdoor,Grass,1st Round,5,Kypson P.,McDonald M.,113.0,145.0,548.0,409.0,3,6,6,1.0,6,4,6,4,	,,3,1,Completed,3.4,1.33,,,3.4,1.36,3.21,1.33,3.45,1.39
35,London,Wimbledon,2026-06-30,Grand Slam,Outdoor,Grass,1st Round,5,Sonego L.,Etcheverry T.,69.0,32.0,843.0,1460.0,6,4,6,4.0,6,7,7,6,	,,3,1,Completed,1.8,2.0,,,1.8,2.1,1.74,2.04,1.79,2.24
35,London,Wimbledon,2026-06-30,Grand Slam,Outdoor,Grass,1st Round,5,Giron M.,Moutet C.,92.0,39.0,680.0,1163.0,4,6,6,4.0,7,5,6,4,,	,3,1,Completed,1.73,2.1,,,1.76,2.15,1.73,2.08,1.8,2.2
35,London,Wimbledon,2026-06-30,Grand Slam,Outdoor,Grass,1st Round,5,Zverev A.,Blockx A.,3.0,36.0,7190.0,1275.0,6,4,6,7.0,7,6,7,6,,	,3,1,Completed,1.1,7.0,,,1.1,8.0,1.09,7.02,1.13,8.0
35,London,Wimbledon,2026-06-30,Grand Slam,Outdoor,Grass,1st Round,5,Fils A.,Collignon R.,24.0,43.0,1940.0,1091.0,7,5,6,1.0,6,3,,	,,,3,0,Completed,1.67,2.2,,,1.73,2.24,1.67,2.17,1.78,2.26
35,London,Wimbledon,2026-06-30,Grand Slam,Outdoor,Grass,1st Round,5,Duckworth J.,Griekspoor T.,79.0,58.0,748.0,935.0,6,4,4,6.0,7,5,6,4,,	,3,1,Completed,2.75,1.44,,,2.8,1.47,2.72,1.44,2.96,1.5
35,London,Wimbledon,2026-06-30,Grand Slam,Outdoor,Grass,1st Round,5,Berrettini M.,Wawrinka S.,51.0,109.0,985.0,563.0,6,7,7,6.0,7,6,7,6,,	,3,1,Completed,1.22,4.33,,,1.25,4.5,1.22,4.19,1.23,5.1
35,London,Wimbledon,2026-06-30,Grand Slam,Outdoor,Grass,1st Round,5,Dimitrov G.,Sweeny D.,146.0,127.0,407.0,493.0,7,6,6,3.0,7,5,,	,,,3,0,Completed,1.25,4.0,,,1.29,4.0,1.25,3.78,1.27,4.5
35,London,Wimbledon,2026-06-30,Grand Slam,Outdoor,Grass,1st Round,5,Lehecka J.,Popyrin A.,14.0,103.0,2360.0,630.0,6,4,6,2.0,6,4,	,,,,3,0,Completed,1.25,4.0,,,1.27,4.0,1.25,3.82,1.29,4.3
35,London,Wimbledon,2026-06-30,Grand Slam,Outdoor,Grass,1st Round,5,Choinski J.,Kopriva V.,100.0,64.0,657.0,893.0,6,3,7,5.0,6,2,,	,,,3,0,Completed,2.3,1.62,,,2.33,1.67,2.23,1.62,2.34,1.72
35,London,Wimbledon,2026-07-01,Grand Slam,Outdoor,Grass,1st Round,5,Molcan A.,Altmaier D.,101.0,61.0,639.0,924.0,6,4,3,6.0,7,5,6,2,	,,3,1,Completed,2,1.8,,,2.08,1.81,2.01,1.77,2.16,1.84
35,London,Wimbledon,2026-07-01,Grand Slam,Outdoor,Grass,1st Round,5,Cobolli F.,Navone M.,10.0,38.0,3460.0,1165.0,1,6,7,6.0,6,3,7,6,,	,3,1,Completed,1.25,4.0,,,1.26,4.1,1.24,3.89,1.27,4.7
35,London,Wimbledon,2026-07-01,Grand Slam,Outdoor,Grass,1st Round,5,Tiafoe F.,Atmane T.,19.0,52.0,2180.0,982.0,7,6,6,1.0,4,6,6,4,	,,3,1,Completed,1.2,4.5,,,1.25,4.7,1.22,4.25,1.24,4.9
35,London,Wimbledon,2026-07-01,Grand Slam,Outdoor,Grass,2nd Round,5,Paul T.,Kwon S.,25.0,200.0,1925.0,280.0,6,3,7,6.0,6,2,,	,,,3,0,Completed,1.11,6.5,,,1.12,6.5,1.11,6.14,1.13,8.0
35,London,Wimbledon,2026-07-01,Grand Slam,Outdoor,Grass,2nd Round,5,Brooksby J.,Buse I.,81.0,34.0,720.0,1375.0,6,2,6,2.0,6,3,	,,,,3,0,Completed,1.62,2.3,,,1.65,2.38,1.63,2.25,1.66,2.46
35,London,Wimbledon,2026-07-01,Grand Slam,Outdoor,Grass,2nd Round,5,Hurkacz H.,Ofner S.,96.0,110.0,665.0,557.0,7,6,6,4.0,6,4,	,,,,3,0,Completed,1.25,4.0,,,1.29,4.0,1.26,3.81,1.29,4.4
35,London,Wimbledon,2026-07-01,Grand Slam,Outdoor,Grass,2nd Round,5,Fucsovics M.,Tien L.,76.0,17.0,781.0,2270.0,6,7,6,4.0,7,6,6,3,	,,3,1,Completed,3.5,1.3,,,3.5,1.34,3.34,1.32,3.85,1.34
35,London,Wimbledon,2026-07-01,Grand Slam,Outdoor,Grass,2nd Round,5,Zheng M.,Mejia N.,144.0,165.0,410.0,349.0,6,7,7,6.0,6,1,6,4,,	,3,1,Completed,1.2,4.5,,,1.21,4.7,1.2,4.44,1.21,5.5
35,London,Wimbledon,2026-07-01,Grand Slam,Outdoor,Grass,2nd Round,5,Davidovich Fokina A.,Marozsan F.,23.0,53.0,2060.0,970.0,6,3,6,0.0,6,3,	,,,,3,0,Completed,1.44,2.75,,,1.45,2.9,1.42,2.77,1.49,3.0
35,London,Wimbledon,2026-07-01,Grand Slam,Outdoor,Grass,2nd Round,5,Sinner J.,Borges N.,1.0,48.0,13450.0,1020.0,7,6,7,6.0,6,4,	,,,,3,0,Completed,1.02,17.0,,,1.03,23.0,1.02,15.28,1.04,24.0
35,London,Wimbledon,2026-07-01,Grand Slam,Outdoor,Grass,2nd Round,5,Safiullin R.,Van De Zandschulp B.,132.0,54.0,458.0,969.0,6,0,4,6.0,6,3,3,6,7,6,3,2,Completed,1.57,2.38,,,1.62,2.4,1.59,2.29,1.64,2.52
35,London,Wimbledon,2026-07-01,Grand Slam,Outdoor,Grass,2nd Round,5,Medvedev D.,Merida Aguilar D.,9.0,84.0,3580.0,706.0,3,6,6,3.0,7,5,6,2,,	,3,1,Completed,1.03,15.0,,,1.03,18.0,1.02,14.66,1.06,16.5
35,London,Wimbledon,2026-07-01,Grand Slam,Outdoor,Grass,2nd Round,5,Rinderknech A.,Damm M.,28.0,106.0,1683.0,603.0,6,4,7,6.0,6,3,	,,,,3,0,Completed,1.73,2.1,,,1.73,2.21,1.71,2.11,1.86,2.14
35,London,Wimbledon,2026-07-01,Grand Slam,Outdoor,Grass,2nd Round,5,Fonseca J.,De Jong J.,27.0,73.0,1710.0,808.0,6,1,7,5.0,6,4,,	,,,3,0,Completed,1.13,6.0,,,1.18,6.5,1.14,5.48,1.16,6.8
35,London,Wimbledon,2026-07-01,Grand Slam,Outdoor,Grass,2nd Round,5,Mochizuki S.,Quinn E.,151.0,47.0,397.0,1021.0,6,2,7,6.0,7,5,	,,,,3,0,Completed,3.4,1.33,,,3.5,1.35,3.29,1.33,3.6,1.37
35,London,Wimbledon,2026-07-01,Grand Slam,Outdoor,Grass,2nd Round,5,Auger-Aliassime F.,Prizmic D.,4.0,89.0,4390.0,691.0,7,6,6,3.0,7,5,	,,,,3,0,Completed,1.17,5.0,,,1.2,5.6,1.17,4.93,1.21,5.6
35,London,Wimbledon,2026-07-01,Grand Slam,Outdoor,Grass,2nd Round,5,Djokovic N.,Tsitsipas S.,8.0,87.0,3760.0,700.0,6,3,6,4.0,6,2,,	,,,3,0,Completed,1.17,5.0,,,1.17,5.25,1.16,5.02,1.22,5.4
35,London,Wimbledon,2026-07-02,Grand Slam,Outdoor,Grass,2nd Round,5,Sonego L.,Diallo G.,69.0,88.0,843.0,695.0,7,6,4,6.0,7,6,6,7,6,2,3,2,Completed,2,1.8,,,2.0,1.91,1.93,1.84,2.02,1.96
35,London,Wimbledon,2026-07-02,Grand Slam,Outdoor,Grass,2nd Round,5,De Minaur A.,Mannarino A.,6.0,40.0,4110.0,1139.0,6,3,6,2.0,6,2,	,,,,3,0,Completed,1.13,6.0,,,1.13,6.5,1.12,6.11,1.12,8.6
35,London,Wimbledon,2026-07-02,Grand Slam,Outdoor,Grass,2nd Round,5,Fritz T.,Kypson P.,7.0,113.0,3765.0,548.0,6,2,6,2.0,7,5,	,,,,3,0,Completed,1.04,13.0,,,1.05,15.0,1.04,11.0,1.06,15.0
35,London,Wimbledon,2026-07-02,Grand Slam,Outdoor,Grass,2nd Round,5,Fery A.,Virtanen O.,114.0,140.0,547.0,432.0,5,7,7,6.0,6,3,6,3,	,,3,1,Completed,2.1,1.73,,,2.18,1.76,2.12,1.7,2.18,1.83
35,London,Wimbledon,2026-07-02,Grand Slam,Outdoor,Grass,2nd Round,5,Bergs Z.,Faria J.,37.0,98.0,1250.0,660.0,7,6,4,6.0,6,2,6,3,	,,3,1,Completed,1.44,2.75,,,1.45,2.88,1.43,2.74,1.48,3.05
35,London,Wimbledon,2026-07-02,Grand Slam,Outdoor,Grass,2nd Round,5,Svajda Z.,Majchrzak K.,66.0,45.0,855.0,1032.0,2,6,6,2.0,6,7,6,4,6,3,3,2,Completed,2.2,1.67,,,2.38,1.67,2.28,1.61,2.4,1.7
35,London,Wimbledon,2026-07-02,Grand Slam,Outdoor,Grass,2nd Round,5,Jodar R.,Carreno Busta P.,26.0,71.0,1839.0,834.0,3,6,6,3.0,1,6,6,3,6,4,3,2,Completed,1.25,4.0,,,1.25,4.5,1.22,4.09,1.25,4.8
35,London,Wimbledon,2026-07-02,Grand Slam,Outdoor,Grass,2nd Round,5,Struff J.L.,Nakashima B.,74.0,31.0,804.0,1485.0,4,6,7,6.0,7,6,6,7,7,6,3,2,Completed,3.75,1.29,,,3.8,1.29,3.69,1.27,4.1,1.31
35,London,Wimbledon,2026-07-02,Grand Slam,Outdoor,Grass,2nd Round,5,Giron M.,Halys Q.,92.0,95.0,680.0,666.0,7,6,6,3.0,6,4,,	,,,3,0,Completed,1.8,2.0,,,1.84,2.02,1.79,1.98,1.87,2.1
35,London,Wimbledon,2026-07-02,Grand Slam,Outdoor,Grass,2nd Round,5,Munar J.,Fearnley J.,44.0,159.0,1075.0,362.0,6,4,7,6.0,6,4,,	,,,3,0,Completed,1.67,2.2,,,1.7,2.25,1.66,2.18,1.79,2.24
35,London,Wimbledon,2026-07-02,Grand Slam,Outdoor,Grass,2nd Round,5,Zverev A.,Royer V.,3.0,75.0,7190.0,798.0,6,1,6,3.0,7,6,,	,,,3,0,Completed,1.03,15.0,,,1.05,17.0,1.04,11.41,1.04,22.0
35,London,Wimbledon,2026-07-02,Grand Slam,Outdoor,Grass,2nd Round,5,Berrettini M.,Fils A.,51.0,24.0,985.0,1940.0,6,4,7,5.0,3,6,6,3,	,,3,1,Completed,2.75,1.44,,,2.75,1.48,2.69,1.45,2.92,1.51
35,London,Wimbledon,2026-07-02,Grand Slam,Outdoor,Grass,2nd Round,5,Cobolli F.,Duckworth J.,10.0,79.0,3460.0,748.0,7,6,3,6.0,7,6,6,1,,	,3,1,Completed,1.4,3.0,,,1.44,3.2,1.37,3.03,1.43,3.25
35,London,Wimbledon,2026-07-02,Grand Slam,Outdoor,Grass,2nd Round,5,Khachanov K.,Hanfmann Y.,22.0,56.0,2080.0,949.0,6,3,6,4.0,6,4,	,,,,3,0,Completed,1.57,2.38,,,1.62,2.4,1.57,2.35,1.62,2.6
35,London,Wimbledon,2026-07-02,Grand Slam,Outdoor,Grass,2nd Round,5,Lehecka J.,Molcan A.,14.0,101.0,2360.0,639.0,6,3,6,2.0,6,4,	,,,,3,0,Completed,1.14,5.5,,,1.2,5.5,1.17,4.94,1.18,6.2
35,London,Wimbledon,2026-07-02,Grand Slam,Outdoor,Grass,2nd Round,5,Tiafoe F.,Choinski J.,19.0,100.0,2180.0,657.0,4,6,6,2.0,7,5,6,2,	,,3,1,Completed,1.13,6.0,,,1.13,7.0,1.12,6.09,1.15,7.2
35,London,Wimbledon,2026-07-02,Grand Slam,Outdoor,Grass,2nd Round,5,Dimitrov G.,Mensik J.,146.0,18.0,407.0,2255.0,7,6,4,6.0,7,5,6,3,,	,3,1,Completed,2.5,1.53,,,2.55,1.54,2.48,1.52,2.72,1.57
35,London,Wimbledon,2026-07-02,Grand Slam,Outdoor,Grass,2nd Round,5,Bublik A.,Jacquet K.,11.0,139.0,2620.0,433.0,6,3,6,4.0,7,6,,	,,,3,0,Completed,1.25,4.0,,,1.27,4.0,1.25,3.85,1.27,4.5
35,London,Wimbledon,2026-07-03,Grand Slam,Outdoor,Grass,3rd Round,5,Safiullin R.,Fonseca J.,132.0,27.0,458.0,1710.0,6,3,6,3.0,6,3,	,,,,3,0,Completed,4,1.25,,,4.0,1.28,3.84,1.26,4.5,1.28
35,London,Wimbledon,2026-07-03,Grand Slam,Outdoor,Grass,3rd Round,5,Mochizuki S.,Jodar R.,151.0,26.0,397.0,1839.0,1,6,7,6.0,6,4,6,4,,	,3,1,Completed,3.5,1.3,,,3.6,1.33,3.47,1.3,3.9,1.33
35,London,Wimbledon,2026-07-03,Grand Slam,Outdoor,Grass,3rd Round,5,Djokovic N.,Rinderknech A.,8.0,28.0,3760.0,1683.0,7,5,6,4.0,1,6,7,6,,	,3,1,Completed,1.13,6.0,,,1.14,7.0,1.11,6.37,1.15,7.2
35,London,Wimbledon,2026-07-03,Grand Slam,Outdoor,Grass,3rd Round,5,Struff J.L.,Medvedev D.,74.0,9.0,804.0,3580.0,7,6,7,6.0,7,5,	,,,,3,0,Completed,5,1.17,,,5.0,1.2,4.64,1.18,5.7,1.2
35,London,Wimbledon,2026-07-03,Grand Slam,Outdoor,Grass,3rd Round,5,Sinner J.,Brooksby J.,1.0,81.0,13450.0,720.0,6,4,6,3.0,6,4,	,,,,3,0,Completed,1.02,17.0,,,1.06,17.0,1.03,13.77,1.04,21.0
35,London,Wimbledon,2026-07-03,Grand Slam,Outdoor,Grass,3rd Round,5,Hurkacz H.,Paul T.,96.0,25.0,665.0,1925.0,4,6,7,6.0,7,5,6,2,	,,3,1,Completed,2.5,1.53,,,2.55,1.57,2.42,1.55,2.6,1.61
35,London,Wimbledon,2026-07-03,Grand Slam,Outdoor,Grass,3rd Round,5,Davidovich Fokina A.,Fucsovics M.,23.0,76.0,2060.0,781.0,7,6,6,2.0,6,3,	,,,,3,0,Completed,1.29,3.75,,,1.3,3.95,1.27,3.73,1.32,4.0
35,London,Wimbledon,2026-07-03,Grand Slam,Outdoor,Grass,3rd Round,5,Auger-Aliassime F.,Zheng M.,4.0,144.0,4390.0,410.0,7,6,6,2.0,6,1,	,,,,3,0,Completed,1.17,5.0,,,1.18,5.5,1.17,4.92,1.2,5.7
35,London,Wimbledon,2026-07-04,Grand Slam,Outdoor,Grass,3rd Round,5,De Minaur A.,Svajda Z.,6.0,66.0,4110.0,855.0,6,2,5,7.0,6,2,6,4,	,,3,1,Completed,1.17,5.0,,,1.17,5.5,1.15,5.19,1.18,6.2
35,London,Wimbledon,2026-07-04,Grand Slam,Outdoor,Grass,3rd Round,5,Cobolli F.,Khachanov K.,10.0,22.0,3460.0,2080.0,0,6,7,6.0,6,7,6,2,6,2,3,2,Completed,2.3,1.62,,,2.38,1.65,2.27,1.6,2.38,1.71
35,London,Wimbledon,2026-07-04,Grand Slam,Outdoor,Grass,3rd Round,5,Fery A.,Bergs Z.,114.0,37.0,547.0,1250.0,2,6,7,5.0,2,6,7,6,7,6,3,2,Completed,2.1,1.73,,,2.15,1.8,2.08,1.72,2.18,1.83
35,London,Wimbledon,2026-07-04,Grand Slam,Outdoor,Grass,3rd Round,5,Lehecka J.,Munar J.,14.0,44.0,2360.0,1075.0,6,4,6,4.0,4,6,6,4,	,,3,1,Completed,1.22,4.33,,,1.29,4.33,1.26,3.75,1.29,4.3
35,London,Wimbledon,2026-07-04,Grand Slam,Outdoor,Grass,3rd Round,5,Zverev A.,Giron M.,3.0,92.0,7190.0,680.0,6,2,7,6.0,6,4,,	,,,3,0,Completed,1.06,10.0,,,1.07,11.0,1.06,9.11,1.08,12.5
35,London,Wimbledon,2026-07-04,Grand Slam,Outdoor,Grass,3rd Round,5,Fritz T.,Sonego L.,7.0,69.0,3765.0,843.0,4,6,6,3.0,6,4,7,6,	,,3,1,Completed,1.11,6.5,,,1.12,7.0,1.11,6.39,1.14,7.6
35,London,Wimbledon,2026-07-04,Grand Slam,Outdoor,Grass,3rd Round,5,Bublik A.,Tiafoe F.,11.0,19.0,2620.0,2180.0,4,6,7,6.0,7,6,4,6,6,3,3,2,Completed,2,1.8,,,2.02,1.88,1.96,1.82,2.14,1.86
35,London,Wimbledon,2026-07-04,Grand Slam,Outdoor,Grass,3rd Round,3,Dimitrov G.,Berrettini M.,146.0,51.0,407.0,985.0,6,3,6,4.0,3,6,5,7,6,3,3,2,Completed,2.38,1.57,,,2.38,1.66,2.29,1.6,2.48,1.65
35,London,Wimbledon,2026-07-05,Grand Slam,Outdoor,Grass,4th Round,5,Djokovic N.,Safiullin R.,8.0,132.0,3760.0,458.0,7,6,6,3.0,3,6,6,3,,	,3,1,Completed,1.17,5.0,,,1.21,5.5,1.16,5.0,1.2,5.9
35,London,Wimbledon,2026-07-05,Grand Slam,Outdoor,Grass,4th Round,5,Auger-Aliassime F.,Davidovich Fokina A.,4.0,23.0,4390.0,2060.0,6,7,7,6.0,6,3,6,7,6,1,3,2,Completed,1.57,2.38,,,1.6,2.43,1.57,2.37,1.65,2.52
35,London,Wimbledon,2026-07-05,Grand Slam,Outdoor,Grass,4th Round,5,Struff J.L.,Hurkacz H.,74.0,96.0,804.0,665.0,3,6,6,7.0,7,6,7,5,4,2,2,2,Retired,4,1.25,,,4.0,1.3,3.74,1.26,4.4,1.29
35,London,Wimbledon,2026-07-05,Grand Slam,Outdoor,Grass,4th Round,5,Sinner J.,Mochizuki S.,1.0,151.0,13450.0,397.0,6,3,7,6.0,6,3,	,,,,3,0,Completed,1.02,19.0,,,1.03,23.0,1.02,16.63,1.03,27.0
35,London,Wimbledon,2026-07-06,Grand Slam,Outdoor,Grass,4th Round,5,Cobolli F.,De Minaur A.,10.0,6.0,3460.0,4110.0,7,5,7,6.0,6,3,,	,,,3,0,Completed,4,1.25,,,4.1,1.28,3.8,1.26,4.4,1.28
35,London,Wimbledon,2026-07-06,Grand Slam,Outdoor,Grass,4th Round,5,Fery A.,Dimitrov G.,114.0,146.0,547.0,407.0,7,5,3,6.0,4,6,6,4,7,6,3,2,Completed,3,1.4,,,3.2,1.42,2.98,1.38,3.3,1.43
35,London,Wimbledon,2026-07-06,Grand Slam,Outdoor,Grass,4th Round,5,Fritz T.,Bublik A.,7.0,11.0,3765.0,2620.0,7,6,6,4.0,6,4,	,,,,3,0,Completed,1.44,2.75,,,1.46,3.0,1.41,2.83,1.45,3.15
35,London,Wimbledon,2026-07-07,Grand Slam,Outdoor,Grass,4th Round,5,Zverev A.,Lehecka J.,3.0,14.0,7190.0,2360.0,6,4,7,5.0,3,6,7,6,,	,3,1,Completed,1.33,3.4,,,1.33,3.6,1.31,3.35,1.36,3.7
35,London,Wimbledon,2026-07-07,Grand Slam,Outdoor,Grass,Quarterfinals,5,Sinner J.,Struff J.L.,1.0,74.0,13450.0,804.0,7,5,7,6.0,6,3,	,,,,3,0,Completed,1.04,13.0,,,1.06,17.0,1.05,11.02,1.07,13.5
35,London,Wimbledon,2026-07-07,Grand Slam,Outdoor,Grass,Quarterfinals,5,Djokovic N.,Auger-Aliassime F.,8.0,4.0,3760.0,4390.0,7,6,3,6.0,6,3,6,7,7,6,3,2,Completed,1.57,2.38,,,1.62,2.4,1.6,2.31,1.67,2.46
35,London,Wimbledon,2026-07-08,Grand Slam,Outdoor,Grass,Quarterfinals,5,Fery A.,Cobolli F.,114.0,10.0,547.0,3460.0,6,4,7,6.0,6,0,,	,,,3,0,Completed,3,1.4,,,3.3,1.4,3.08,1.36,3.2,1.44
35,London,Wimbledon,2026-07-08,Grand Slam,Outdoor,Grass,Quarterfinals,5,Zverev A.,Fritz T.,3.0,7.0,7190.0,3765.0,6,4,6,4.0,6,2,,	,,,3,0,Completed,2,1.8,,,2.1,1.8,2.02,1.78,2.12,1.87
35,London,Wimbledon,2026-07-10,Grand Slam,Outdoor,Grass,Semifinals,5,Zverev A.,Fery A.,3.0,114.0,7190.0,547.0,7,6,6,2.0,6,4,,,,,3,0,Completed,6,1.13,,,6.5,1.14,5.86,1.13,6.4,1.17
35,London,Wimbledon,2026-07-10,Grand Slam,Outdoor,Grass,Semifinals,5,Sinner J.,Djokovic N.,1.0,8.0,13450.0,3760.0,6,4,6,4.0,6,4,,,,,3,0,Completed,1.18,5.0,,,1.22,5.0,1.19,4.71,1.21,5.6
35,London,Wimbledon,2026-07-12,Grand Slam,Outdoor,Grass,The Final,5,Sinner J.,Zverev A.,1.0,3.0,13450.0,7190.0,6,7,7,6.0,6,3,6,4,,,3,1,Completed,1.2,4.5,,,1.22,5.0,1.19,4.53,1.22,5.4
36,Bastad,Nordea Open,2026-07-13,ATP250,Outdoor,Clay,1st Round,3,De Jong J.,Gaubas V.,73.0,128.0,808.0,508.0,7,6,7,5.0,,,,,,,2,0,Completed,1.4,3.0,,,1.44,3.1,1.4,2.87,1.44,3.2
36,Bastad,Nordea Open,2026-07-14,ATP250,Outdoor,Clay,1st Round,3,Pellegrino A.,Budkov Kjaer N.,138.0,118.0,459.0,530.0,6,3,6,2.0,,,,,,,2,0,Completed,1.8,2.0,,,1.85,2.0,1.8,1.96,1.89,2.08
36,Bastad,Nordea Open,2026-07-14,ATP250,Outdoor,Clay,1st Round,3,Tirante T.A.,Ofner S.,61.0,125.0,921.0,515.0,6,3,6,4.0,,,,,,,2,0,Completed,1.62,2.3,,,1.66,2.3,1.62,2.25,1.7,2.38
36,Bastad,Nordea Open,2026-07-14,ATP250,Outdoor,Clay,1st Round,3,Midon L.,Diaz Acosta F.,213.0,110.0,261.0,604.0,3,6,6,4.0,6,2,,,,,2,1,Completed,4,1.25,,,4.1,1.29,3.94,1.23,4.6,1.26
36,Bastad,Nordea Open,2026-07-14,ATP250,Outdoor,Clay,1st Round,3,Vallejo D.,Damas M.,71.0,300.0,830.0,178.0,6,3,6,3.0,,,,,,,2,0,Completed,1.2,4.5,,,1.2,5.0,1.18,4.61,1.22,5.2
36,Bastad,Nordea Open,2026-07-14,ATP250,Outdoor,Clay,1st Round,3,Dimitrov G.,Svrcina D.,146.0,114.0,407.0,554.0,7,6,1,6.0,6,4,,,,,2,1,Completed,1.53,2.5,,,1.57,2.5,1.55,2.38,1.7,2.4
36,Bastad,Nordea Open,2026-07-14,ATP250,Outdoor,Clay,1st Round,3,Van De Zandschulp B.,Daniel T.,55.0,194.0,969.0,285.0,7,6,6,4.0,,,,,,,2,0,Completed,1.57,2.38,,,1.6,2.4,1.56,2.38,1.61,2.58
36,Bastad,Nordea Open,2026-07-14,ATP250,Outdoor,Clay,1st Round,3,Basilashvili N.,Choinski J.,135.0,75.0,474.0,775.0,6,4,7,6.0,,,,,,,2,0,Completed,2.38,1.57,,,2.5,1.57,2.42,1.54,2.58,1.61
36,Bastad,Nordea Open,2026-07-14,ATP250,Outdoor,Clay,1st Round,3,Travaglia S.,Krumich M.,150.0,278.0,385.0,203.0,6,4,6,2.0,,,,,,,2,0,Completed,2.2,1.67,,,2.2,1.73,2.13,1.69,2.16,1.84
36,Bastad,Nordea Open,2026-07-14,ATP250,Outdoor,Clay,1st Round,3,Altmaier D.,Gaston H.,60.0,107.0,924.0,619.0,6,2,7,5.0,,,,,,,2,0,Completed,1.57,2.38,,,1.58,2.6,1.53,2.46,1.58,2.68
36,Bastad,Nordea Open,2026-07-14,ATP250,Outdoor,Clay,1st Round,3,Borges N.,Kouame M.,52.0,211.0,970.0,263.0,6,4,6,2.0,,,,,,,2,0,Completed,1.29,3.75,,,1.3,3.8,1.29,3.55,1.3,4.2
36,Bastad,Nordea Open,2026-07-14,ATP250,Outdoor,Clay,1st Round,3,Baez S.,Dahlin M.,56.0,1360.0,935.0,6.0,4,6,6,4.0,6,1,,,,,2,1,Completed,1.02,19.0,,,1.02,21.0,1.02,15.18,1.04,23.0
36,Bastad,Nordea Open,2026-07-15,ATP250,Outdoor,Clay,2nd Round,3,Vallejo D.,Van De Zandschulp B.,71.0,55.0,830.0,969.0,4,6,6,3.0,7,6,,,,,2,1,Completed,1.8,2.0,,,1.95,2.07,1.84,1.92,2.0,1.97
36,Bastad,Nordea Open,2026-07-15,ATP250,Outdoor,Clay,2nd Round,3,Borges N.,Dimitrov G.,52.0,146.0,970.0,407.0,6,4,6,2.0,,,,,,,2,0,Completed,1.5,2.63,,,1.5,2.75,1.47,2.63,1.53,2.84
36,Bastad,Nordea Open,2026-07-15,ATP250,Outdoor,Clay,2nd Round,3,Travaglia S.,Navone M.,150.0,48.0,385.0,1016.0,6,4,6,2.0,,,,,,,2,0,Completed,5,1.17,,,5.25,1.18,4.92,1.16,5.9,1.19
36,Bastad,Nordea Open,2026-07-15,ATP250,Outdoor,Clay,2nd Round,3,Darderi L.,Altmaier D.,18.0,60.0,2210.0,924.0,6,4,6,4.0,,,,,,,2,0,Completed,1.53,2.5,,,1.55,2.63,1.51,2.49,1.57,2.7
36,Bastad,Nordea Open,2026-07-16,ATP250,Outdoor,Clay,2nd Round,3,Tirante T.A.,Basilashvili N.,61.0,135.0,921.0,474.0,7,5,3,6.0,6,4,,,,,2,1,Completed,1.4,3.0,,,1.4,3.0,1.38,2.93,1.43,3.2
36,Bastad,Nordea Open,2026-07-16,ATP250,Outdoor,Clay,2nd Round,3,Rublev A.,Pellegrino A.,16.0,138.0,2230.0,459.0,7,6,6,7.0,6,3,,,,,2,1,Completed,1.33,3.4,,,1.35,3.4,1.33,3.22,1.35,3.75
36,Bastad,Nordea Open,2026-07-16,ATP250,Outdoor,Clay,2nd Round,3,Tabilo A.,Midon L.,31.0,213.0,1438.0,261.0,6,4,6,7.0,6,4,,,,,2,1,Completed,1.3,3.5,,,1.3,3.6,1.29,3.51,1.29,4.3
36,Bastad,Nordea Open,2026-07-16,ATP250,Outdoor,Clay,2nd Round,3,Baez S.,De Jong J.,56.0,73.0,935.0,808.0,6,4,6,2.0,,,,,,,2,0,Completed,2,1.8,,,2.1,1.95,1.94,1.82,1.98,1.99
36,Bastad,Nordea Open,2026-07-17,ATP250,Outdoor,Clay,Quarterfinals,3,Vallejo D.,Travaglia S.,71.0,150.0,830.0,385.0,7,6,6,2.0,,,,,,,2,0,Completed,1.36,3.2,,,1.38,3.25,1.35,3.06,1.41,3.35
36,Bastad,Nordea Open,2026-07-17,ATP250,Outdoor,Clay,Quarterfinals,3,Darderi L.,Borges N.,18.0,52.0,2210.0,970.0,7,6,6,4.0,,,,,,,2,0,Completed,1.67,2.2,,,1.73,2.21,1.67,2.17,1.74,2.32
36,Bastad,Nordea Open,2026-07-17,ATP250,Outdoor,Clay,Quarterfinals,3,Rublev A.,Baez S.,16.0,56.0,2230.0,935.0,6,1,6,2.0,,,,,,,2,0,Completed,1.57,2.38,,,1.58,2.54,1.54,2.42,1.61,2.62
36,Bastad,Nordea Open,2026-07-17,ATP250,Outdoor,Clay,Quarterfinals,3,Tabilo A.,Tirante T.A.,31.0,61.0,1438.0,921.0,,,,,,,,,,,,,Walkover,1.73,2.1,,,1.75,2.15,1.7,2.1,1.82,2.18
36,Bastad,Nordea Open,2026-07-18,ATP250,Outdoor,Clay,Semifinals,3,Darderi L.,Vallejo D.,18.0,71.0,2210.0,830.0,6,4,6,7.0,6,3,,,,,2,1,Completed,1.4,3.0,,,3.0,3.0,1.5,2.85,1.43,3.3
36,Bastad,Nordea Open,2026-07-18,ATP250,Outdoor,Clay,Semifinals,3,Rublev A.,Tabilo A.,16.0,31.0,2230.0,1438.0,6,4,4,6.0,6,4,,,,,2,1,Completed,1.44,2.75,,,1.5,2.88,1.44,2.69,1.5,2.96
36,Bastad,Nordea Open,2026-07-19,ATP250,Outdoor,Clay,The Final,3,Rublev A.,Darderi L.,16.0,18.0,2230.0,2210.0,6,4,6,3.0,,,,,,,2,0,Completed,1.67,2.2,,,1.73,2.2,1.67,2.14,1.78,2.26
37,Gstaad,Suisse Open Gstaad,2026-07-13,ATP250,Outdoor,Clay,1st Round,3,Sonego L.,Schwaerzler J.J.,83.0,171.0,743.0,331.0,6,4,7,6.0,,,,,,,2,0,Completed,1.4,3.0,,,1.44,3.0,1.41,2.83,1.46,3.1
37,Gstaad,Suisse Open Gstaad,2026-07-13,ATP250,Outdoor,Clay,1st Round,3,Tabur C.,Rodionov J.,178.0,143.0,319.0,427.0,4,6,7,5.0,6,4,,,,,2,1,Completed,1.62,2.3,,,1.67,2.38,1.61,2.25,1.69,2.44
37,Gstaad,Suisse Open Gstaad,2026-07-13,ATP250,Outdoor,Clay,1st Round,3,Kecmanovic M.,Feldbausch K.,59.0,262.0,930.0,216.0,6,1,1,6.0,6,3,,,,,2,1,Completed,1.36,3.2,,,1.4,3.2,1.36,3.03,1.4,3.4
37,Gstaad,Suisse Open Gstaad,2026-07-13,ATP250,Outdoor,Clay,1st Round,3,Collignon R.,Skatov T.,42.0,163.0,1091.0,343.0,3,6,7,6.0,6,4,,,,,2,1,Completed,1.2,4.5,,,1.21,5.8,1.16,4.99,1.18,6.0
37,Gstaad,Suisse Open Gstaad,2026-07-13,ATP250,Outdoor,Clay,1st Round,3,Stricker D.,Munar J.,360.0,44.0,140.0,1075.0,6,2,6,4.0,,,,,,,2,0,Completed,4,1.25,,,4.1,1.28,3.85,1.24,4.4,1.28
37,Gstaad,Suisse Open Gstaad,2026-07-14,ATP250,Outdoor,Clay,1st Round,3,Cerundolo J.M.,Kolar Z.,45.0,153.0,1054.0,370.0,4,6,6,3.0,6,4,,,,,2,1,Completed,1.17,5.0,,,1.2,5.0,1.18,4.55,1.2,5.8
37,Gstaad,Suisse Open Gstaad,2026-07-14,ATP250,Outdoor,Clay,1st Round,3,Hanfmann Y.,Martinez P.,51.0,157.0,974.0,358.0,7,6,6,1.0,,,,,,,2,0,Completed,1.3,3.5,,,1.3,3.65,1.29,3.5,1.32,4.0
37,Gstaad,Suisse Open Gstaad,2026-07-14,ATP250,Outdoor,Clay,1st Round,3,Kym J.,Dietrich D.,186.0,618.0,310.0,59.0,7,6,2,6.0,7,6,,,,,2,1,Completed,1.62,2.3,,,1.62,2.55,1.54,2.42,1.59,2.66
37,Gstaad,Suisse Open Gstaad,2026-07-14,ATP250,Outdoor,Clay,1st Round,3,Halys Q.,Cina F.,90.0,184.0,706.0,312.0,6,3,3,6.0,7,6,,,,,2,1,Completed,1.8,2.0,,,1.8,2.1,1.75,2.02,1.86,2.12
37,Gstaad,Suisse Open Gstaad,2026-07-14,ATP250,Outdoor,Clay,1st Round,3,Tsitsipas S.,Buse I.,85.0,33.0,740.0,1413.0,6,4,6,4.0,,,,,,,2,0,Completed,2.2,1.67,,,2.2,1.8,2.07,1.73,2.24,1.79
37,Gstaad,Suisse Open Gstaad,2026-07-14,ATP250,Outdoor,Clay,1st Round,3,Shevchenko A.,Muller A.,100.0,132.0,658.0,494.0,3,6,6,3.0,6,4,,,,,2,1,Completed,1.53,2.5,,,1.57,2.63,1.51,2.48,1.58,2.68
37,Gstaad,Suisse Open Gstaad,2026-07-14,ATP250,Outdoor,Clay,1st Round,3,Faria J.,Wawrinka S.,92.0,117.0,700.0,538.0,6,7,6,4.0,6,4,,,,,2,1,Completed,1.44,2.75,,,1.48,2.75,1.45,2.68,1.51,2.92
37,Gstaad,Suisse Open Gstaad,2026-07-15,ATP250,Outdoor,Clay,2nd Round,3,Collignon R.,Sonego L.,42.0,83.0,1091.0,743.0,7,6,7,6.0,,,,,,,2,0,Completed,1.4,3.0,,,1.5,3.0,1.45,2.68,1.51,2.9
37,Gstaad,Suisse Open Gstaad,2026-07-15,ATP250,Outdoor,Clay,2nd Round,3,Rinderknech A.,Tabur C.,28.0,178.0,1683.0,319.0,6,7,7,6.0,7,5,,,,,2,1,Completed,1.44,2.75,,,1.5,2.8,1.45,2.7,1.5,2.94
37,Gstaad,Suisse Open Gstaad,2026-07-15,ATP250,Outdoor,Clay,2nd Round,3,Vacherot V.,Hanfmann Y.,21.0,51.0,2138.0,974.0,4,6,6,3.0,6,4,,,,,2,1,Completed,2.5,1.53,,,2.53,1.57,2.4,1.54,2.58,1.61
37,Gstaad,Suisse Open Gstaad,2026-07-16,ATP250,Outdoor,Clay,2nd Round,3,Cerundolo J.M.,Kecmanovic M.,45.0,59.0,1054.0,930.0,3,6,6,3.0,7,5,,,,,2,1,Completed,1.67,2.2,,,1.77,2.2,1.7,2.12,1.76,2.28
37,Gstaad,Suisse Open Gstaad,2026-07-16,ATP250,Outdoor,Clay,2nd Round,3,Ruud C.,Faria J.,13.0,92.0,2435.0,700.0,6,7,6,4.0,6,2,,,,,2,1,Completed,1.2,4.5,,,1.25,4.7,1.23,4.01,1.24,5.0
37,Gstaad,Suisse Open Gstaad,2026-07-16,ATP250,Outdoor,Clay,2nd Round,3,Tsitsipas S.,Kym J.,85.0,186.0,740.0,310.0,6,4,6,7.0,7,6,,,,,2,1,Completed,1.3,3.5,,,1.33,3.5,1.31,3.37,1.33,3.9
37,Gstaad,Suisse Open Gstaad,2026-07-17,ATP250,Outdoor,Clay,2nd Round,3,Halys Q.,Bublik A.,90.0,11.0,706.0,2810.0,6,7,6,4.0,7,6,,,,,2,1,Completed,3.2,1.36,,,3.2,1.45,2.83,1.41,3.1,1.45
37,Gstaad,Suisse Open Gstaad,2026-07-17,ATP250,Outdoor,Clay,2nd Round,3,Shevchenko A.,Stricker D.,100.0,360.0,658.0,140.0,7,6,6,2.0,,,,,,,2,0,Completed,2,1.8,,,2.0,1.95,1.9,1.86,1.96,2.02
37,Gstaad,Suisse Open Gstaad,2026-07-17,ATP250,Outdoor,Clay,Quarterfinals,3,Collignon R.,Vacherot V.,42.0,21.0,1091.0,2138.0,7,6,4,6.0,7,5,,,,,2,1,Completed,1.67,2.2,,,1.68,2.25,1.66,2.17,1.74,2.32
37,Gstaad,Suisse Open Gstaad,2026-07-17,ATP250,Outdoor,Clay,Quarterfinals,3,Cerundolo J.M.,Ruud C.,45.0,13.0,1054.0,2435.0,3,6,7,5.0,6,2,,,,,2,1,Completed,3.5,1.3,,,3.5,1.33,3.36,1.31,3.9,1.33
37,Gstaad,Suisse Open Gstaad,2026-07-17,ATP250,Outdoor,Clay,Quarterfinals,3,Shevchenko A.,Halys Q.,100.0,90.0,658.0,706.0,7,6,6,3.0,,,,,,,2,0,Completed,2.3,1.62,,,2.3,1.67,2.23,1.62,2.24,1.79
37,Gstaad,Suisse Open Gstaad,2026-07-17,ATP250,Outdoor,Clay,Quarterfinals,3,Tsitsipas S.,Rinderknech A.,85.0,28.0,740.0,1683.0,6,3,3,6.0,6,3,,,,,2,1,Completed,1.62,2.3,,,1.62,2.5,1.54,2.4,1.58,2.68
37,Gstaad,Suisse Open Gstaad,2026-07-18,ATP250,Outdoor,Clay,Semifinals,3,Collignon R.,Cerundolo J.M.,42.0,45.0,1091.0,1054.0,1,6,7,6.0,7,5,,,,,2,1,Completed,1.73,2.1,,,1.78,2.17,1.71,2.09,1.81,2.2
37,Gstaad,Suisse Open Gstaad,2026-07-18,ATP250,Outdoor,Clay,Semifinals,3,Tsitsipas S.,Shevchenko A.,85.0,100.0,740.0,658.0,6,4,3,6.0,6,3,,,,,2,1,Completed,1.25,4.0,,,1.29,4.0,1.26,3.72,1.33,4.0
37,Gstaad,Suisse Open Gstaad,2026-07-19,ATP250,Outdoor,Clay,The Final,3,Tsitsipas S.,Collignon R.,85.0,42.0,740.0,1091.0,6,4,6,7.0,6,3,,,,,2,1,Completed,1.67,2.2,,,1.73,2.33,1.65,2.19,1.75,2.3
38,Umag,Croatia Open,2026-07-13,ATP250,Outdoor,Clay,1st Round,3,Dzumhur D.,Rocha H.,108.0,124.0,604.0,517.0,6,2,6,1.0,,,,,,,2,0,Completed,2.2,1.67,,,2.2,1.75,2.14,1.68,2.28,1.74
38,Umag,Croatia Open,2026-07-13,ATP250,Outdoor,Clay,1st Round,3,Van Assche L.,Lajovic D.,86.0,152.0,737.0,378.0,2,6,7,5.0,6,4,,,,,2,1,Completed,1.73,2.1,,,1.74,2.2,1.7,2.11,1.77,2.26
38,Umag,Croatia Open,2026-07-13,ATP250,Outdoor,Clay,1st Round,3,Trungelliti M.,Jacquet K.,99.0,130.0,666.0,497.0,6,2,6,3.0,,,,,,,2,0,Completed,1.67,2.2,,,1.81,2.2,1.75,2.03,1.8,2.2
38,Umag,Croatia Open,2026-07-13,ATP250,Outdoor,Clay,1st Round,3,Prizmic D.,Kopriva V.,84.0,64.0,741.0,893.0,6,1,6,3.0,,,,,,,2,0,Completed,1.3,3.5,,,1.33,3.8,1.29,3.42,1.36,3.75
38,Umag,Croatia Open,2026-07-14,ATP250,Outdoor,Clay,1st Round,3,Carreno Busta P.,Dodig M.,65.0,254.0,884.0,220.0,6,4,6,2.0,,,,,,,2,0,Completed,1.4,3.0,,,1.4,3.1,1.36,3.0,1.4,3.4
38,Umag,Croatia Open,2026-07-14,ATP250,Outdoor,Clay,1st Round,3,Molcan A.,Royer V.,101.0,77.0,649.0,768.0,6,4,7,5.0,,,,,,,2,0,Completed,1.62,2.3,,,1.62,2.38,1.59,2.29,1.67,2.44
38,Umag,Croatia Open,2026-07-14,ATP250,Outdoor,Clay,1st Round,3,Ugo Carabelli C.,Topo M.,58.0,374.0,930.0,134.0,6,7,7,6.0,6,3,,,,,2,1,Completed,1.36,3.2,,,1.4,3.2,1.36,3.01,1.4,3.4
38,Umag,Croatia Open,2026-07-14,ATP250,Outdoor,Clay,1st Round,3,Burruchaga R.,Cecchinato M.,67.0,175.0,875.0,323.0,6,1,6,4.0,,,,,,,2,0,Completed,1.8,2.0,,,1.8,2.25,1.72,2.07,1.88,2.12
38,Umag,Croatia Open,2026-07-14,ATP250,Outdoor,Clay,1st Round,3,Merida Aguilar D.,Sesko Z.,82.0,957.0,750.0,22.0,6,4,6,1.0,,,,,,,2,0,Completed,1.14,5.5,,,1.17,6.5,1.13,5.86,1.13,8.2
38,Umag,Croatia Open,2026-07-14,ATP250,Outdoor,Clay,1st Round,3,Gomez F.A.,McDonald N.,209.0,505.0,268.0,86.0,6,3,7,6.0,,,,,,,2,0,Completed,1.62,2.3,,,1.67,2.3,1.63,2.23,1.71,2.4
38,Umag,Croatia Open,2026-07-14,ATP250,Outdoor,Clay,1st Round,3,Prado Angelo J.C.,Neumayer L.,173.0,162.0,327.0,343.0,6,3,7,6.0,,,,,,,2,0,Completed,3,1.4,,,3.0,1.44,2.8,1.42,2.86,1.44
38,Umag,Croatia Open,2026-07-14,ATP250,Outdoor,Clay,1st Round,3,Droguet T.,Blockx A.,119.0,37.0,528.0,1233.0,3,6,6,2.0,6,0,,,,,2,1,Completed,2.63,1.5,,,2.63,1.54,2.53,1.49,2.76,1.56
38,Umag,Croatia Open,2026-07-15,ATP250,Outdoor,Clay,2nd Round,3,Merida Aguilar D.,Etcheverry T.,82.0,30.0,750.0,1460.0,7,5,6,4.0,,,,,,,2,0,Completed,2.63,1.5,,,2.63,1.58,2.42,1.53,2.56,1.63
38,Umag,Croatia Open,2026-07-15,ATP250,Outdoor,Clay,2nd Round,3,Arnaldi M.,Gomez F.A.,34.0,209.0,1349.0,268.0,6,3,5,7.0,6,3,,,,,2,1,Completed,1.29,3.75,,,1.29,4.0,1.26,3.74,1.28,4.3
38,Umag,Croatia Open,2026-07-15,ATP250,Outdoor,Clay,2nd Round,3,Dzumhur D.,Prado Angelo J.C.,108.0,173.0,604.0,327.0,7,6,6,1.0,,,,,,,2,0,Completed,1.44,2.75,,,1.5,2.75,1.46,2.65,1.55,2.78
38,Umag,Croatia Open,2026-07-15,ATP250,Outdoor,Clay,2nd Round,3,Davidovich Fokina A.,Trungelliti M.,20.0,99.0,2160.0,666.0,6,4,7,5.0,,,,,,,2,0,Completed,1.3,3.5,,,1.4,3.5,1.34,3.15,1.43,3.3
38,Umag,Croatia Open,2026-07-15,ATP250,Outdoor,Clay,2nd Round,3,Ugo Carabelli C.,Carreno Busta P.,58.0,65.0,930.0,884.0,3,6,7,5.0,7,5,,,,,2,1,Completed,2.38,1.57,,,2.38,1.73,2.21,1.63,2.28,1.78
38,Umag,Croatia Open,2026-07-15,ATP250,Outdoor,Clay,2nd Round,3,Burruchaga R.,Cobolli F.,67.0,9.0,875.0,3460.0,6,2,6,4.0,,,,,,,2,0,Completed,3.2,1.36,,,3.2,1.47,2.83,1.41,2.96,1.5
38,Umag,Croatia Open,2026-07-15,ATP250,Outdoor,Clay,2nd Round,3,Droguet T.,Van Assche L.,119.0,86.0,528.0,737.0,6,1,1,6.0,7,5,,,,,2,1,Completed,1.67,2.2,,,1.67,2.5,1.61,2.26,1.71,2.38
38,Umag,Croatia Open,2026-07-15,ATP250,Outdoor,Clay,2nd Round,3,Molcan A.,Prizmic D.,101.0,84.0,649.0,741.0,3,6,7,6.0,4,0,,,,,1,1,Retired,3.4,1.33,,,3.75,1.33,3.42,1.31,3.4,1.4
38,Umag,Croatia Open,2026-07-16,ATP250,Outdoor,Clay,Quarterfinals,3,Merida Aguilar D.,Droguet T.,82.0,119.0,750.0,528.0,6,1,6,3.0,,,,,,,2,0,Completed,1.62,2.3,,,1.67,2.3,1.63,2.23,1.69,2.4
38,Umag,Croatia Open,2026-07-16,ATP250,Outdoor,Clay,Quarterfinals,3,Dzumhur D.,Arnaldi M.,108.0,34.0,604.0,1349.0,7,6,6,7.0,7,6,,,,,2,1,Completed,2.75,1.44,,,2.75,1.45,2.71,1.44,3.05,1.47
38,Umag,Croatia Open,2026-07-16,ATP250,Outdoor,Clay,Quarterfinals,3,Burruchaga R.,Ugo Carabelli C.,67.0,58.0,875.0,930.0,6,2,2,6.0,6,3,,,,,2,1,Completed,1.67,2.2,,,1.73,2.23,1.66,2.17,1.78,2.26
38,Umag,Croatia Open,2026-07-16,ATP250,Outdoor,Clay,Quarterfinals,3,Molcan A.,Davidovich Fokina A.,101.0,20.0,649.0,2160.0,3,6,6,1.0,6,2,,,,,2,1,Completed,2.3,1.62,,,2.3,1.67,2.24,1.62,2.32,1.74
38,Umag,Croatia Open,2026-07-17,ATP250,Outdoor,Clay,Semifinals,3,Merida Aguilar D.,Burruchaga R.,82.0,67.0,750.0,875.0,6,4,6,2.0,,,,,,,2,0,Completed,1.57,2.38,,,1.67,2.5,1.59,2.3,1.72,2.34
38,Umag,Croatia Open,2026-07-17,ATP250,Outdoor,Clay,Semifinals,3,Dzumhur D.,Molcan A.,108.0,101.0,604.0,649.0,3,6,6,4.0,6,3,,,,,2,1,Completed,3.2,1.36,,,3.2,1.47,2.93,1.39,3.15,1.45
38,Umag,Croatia Open,2026-07-18,ATP250,Outdoor,Clay,The Final,3,Merida Aguilar D.,Dzumhur D.,82.0,108.0,750.0,604.0,6,2,5,7.0,6,2,,,,,2,1,Completed,1.44,2.75,,,1.44,2.95,1.41,2.82,1.47,3.05
39,Estoril,Estoril Open,2026-07-20,ATP250,Outdoor,Clay,1st Round,3,Torres T.,Basilashvili N.,427.0,130.0,109.0,499.0,6,4,6,2.0,,,,,,,2,0,Completed,3.75,1.29,,,3.75,1.32,3.44,1.3,4.2,1.3
39,Estoril,Estoril Open,2026-07-20,ATP250,Outdoor,Clay,1st Round,3,Droguet T.,Ugo Carabelli C.,114.0,69.0,570.0,880.0,6,0,3,6.0,6,4,,,,,2,1,Completed,2.1,1.73,,,2.1,1.79,2.06,1.73,2.18,1.83
39,Estoril,Estoril Open,2026-07-20,ATP250,Outdoor,Clay,1st Round,3,Van Assche L.,Ferreira Silva F.,78.0,235.0,755.0,240.0,7,5,6,7.0,6,1,,,,,2,1,Completed,1.2,4.5,,,1.24,4.5,1.21,4.23,1.24,4.9
39,Estoril,Estoril Open,2026-07-20,ATP250,Outdoor,Clay,1st Round,3,Martinez P.,Rocha H.,159.0,123.0,358.0,517.0,7,5,7,5.0,,,,,,,2,0,Completed,2.1,1.73,,,2.2,1.78,2.09,1.72,2.26,1.78
39,Estoril,Estoril Open,2026-07-21,ATP250,Outdoor,Clay,1st Round,3,Carreno Busta P.,Gaubas V.,65.0,128.0,896.0,507.0,6,1,6,3.0,,,,,,,2,0,Completed,1.36,3.2,,,1.41,3.2,1.38,2.95,1.4,3.35
39,Estoril,Estoril Open,2026-07-21,ATP250,Outdoor,Clay,1st Round,3,Bueno G.,Pereira T.,180.0,371.0,321.0,133.0,6,3,1,6.0,7,6,,,,,2,1,Completed,1.3,3.5,,,1.33,3.5,1.31,3.33,1.33,3.85
39,Estoril,Estoril Open,2026-07-21,ATP250,Outdoor,Clay,1st Round,3,Skatov T.,De Jong J.,163.0,98.0,349.0,668.0,1,6,6,4.0,6,3,,,,,2,1,Completed,,,,,6.0,1.14,5.5,1.14,,
39,Estoril,Estoril Open,2026-07-21,ATP250,Outdoor,Clay,1st Round,3,Borges N.,Luz O.,48.0,1072.0,995.0,15.0,6,3,6,3.0,,,,,,,2,0,Completed,1.04,13.0,,,1.05,13.0,1.03,11.5,1.06,15.0
39,Estoril,Estoril Open,2026-07-21,ATP250,Outdoor,Clay,1st Round,3,Jacquet K.,Merida Aguilar D.,134.0,59.0,489.0,925.0,1,6,6,1.0,7,5,,,,,2,1,Completed,3,1.4,,,3.0,1.44,2.84,1.4,3.25,1.44
39,Estoril,Estoril Open,2026-07-21,ATP250,Outdoor,Clay,1st Round,3,Gaston H.,Dzumhur D.,109.0,87.0,602.0,719.0,5,0,,,,,,,,,0,0,Retired,1.8,2.0,,,1.91,2.0,1.85,1.92,2.0,1.99
39,Estoril,Estoril Open,2026-07-21,ATP250,Outdoor,Clay,1st Round,3,Burruchaga R.,Wawrinka S.,60.0,118.0,925.0,538.0,6,4,4,6.0,6,3,,,,,2,1,Completed,1.44,2.75,,,1.5,2.8,1.44,2.7,1.48,3.0
39,Estoril,Estoril Open,2026-07-21,ATP250,Outdoor,Clay,1st Round,3,Faria J.,Van De Zandschulp B.,88.0,55.0,718.0,969.0,6,3,6,4.0,,,,,,,2,0,Completed,1.62,2.3,,,1.62,2.5,1.55,2.4,1.6,2.62
39,Estoril,Estoril Open,2026-07-22,ATP250,Outdoor,Clay,2nd Round,3,Gaston H.,Droguet T.,109.0,114.0,602.0,570.0,6,0,6,3.0,,,,,,,2,0,Completed,2.38,1.57,,,2.5,1.62,2.35,1.56,2.4,1.69
39,Estoril,Estoril Open,2026-07-22,ATP250,Outdoor,Clay,2nd Round,3,Burruchaga R.,Borges N.,60.0,48.0,925.0,995.0,6,1,4,6.0,6,3,,,,,2,1,Completed,3,1.4,,,3.1,1.44,2.96,1.38,3.25,1.43
39,Estoril,Estoril Open,2026-07-22,ATP250,Outdoor,Clay,2nd Round,3,Torres T.,Tabilo A.,427.0,30.0,109.0,1508.0,6,4,6,4.0,,,,,,,2,0,Completed,7,1.1,,,7.0,1.13,6.55,1.1,7.6,1.14
39,Estoril,Estoril Open,2026-07-22,ATP250,Outdoor,Clay,2nd Round,3,Blockx A.,Jacquet K.,38.0,134.0,1218.0,489.0,3,6,6,4.0,7,6,,,,,2,1,Completed,1.36,3.2,,,1.4,3.2,1.37,2.98,1.4,3.4
39,Estoril,Estoril Open,2026-07-23,ATP250,Outdoor,Clay,2nd Round,3,Van Assche L.,Carreno Busta P.,78.0,65.0,755.0,896.0,6,3,4,6.0,6,2,,,,,2,1,Completed,3,1.4,,,3.0,1.44,2.83,1.41,3.05,1.47
39,Estoril,Estoril Open,2026-07-23,ATP250,Outdoor,Clay,2nd Round,3,Faria J.,Bueno G.,88.0,180.0,718.0,321.0,6,2,6,4.0,,,,,,,2,0,Completed,1.17,5.0,,,1.19,5.0,1.17,4.76,1.19,6.0
39,Estoril,Estoril Open,2026-07-23,ATP250,Outdoor,Clay,2nd Round,3,Rublev A.,Skatov T.,14.0,163.0,2380.0,349.0,6,1,6,1.0,,,,,,,2,0,Completed,1.06,10.0,,,1.06,11.0,1.05,9.8,1.1,10.0
39,Estoril,Estoril Open,2026-07-23,ATP250,Outdoor,Clay,2nd Round,3,Darderi L.,Martinez P.,21.0,159.0,2125.0,358.0,6,0,6,1.0,,,,,,,2,0,Completed,1.3,3.5,,,1.33,3.6,1.3,3.41,1.33,3.9
39,Estoril,Estoril Open,2026-07-24,ATP250,Outdoor,Clay,Quarterfinals,3,Gaston H.,Torres T.,109.0,427.0,602.0,109.0,6,3,6,4.0,,,,,,,2,0,Completed,1.4,3.0,,,1.44,3.15,1.38,2.93,1.45,3.1
39,Estoril,Estoril Open,2026-07-24,ATP250,Outdoor,Clay,Quarterfinals,3,Van Assche L.,Rublev A.,78.0,14.0,755.0,2380.0,3,6,6,3.0,6,4,,,,,2,1,Completed,4.5,1.2,,,4.5,1.23,4.32,1.2,4.9,1.25
39,Estoril,Estoril Open,2026-07-24,ATP250,Outdoor,Clay,Quarterfinals,3,Blockx A.,Burruchaga R.,38.0,60.0,1218.0,925.0,6,4,5,7.0,6,4,,,,,2,1,Completed,1.91,1.91,,,2.0,1.91,1.92,1.83,2.04,1.93
39,Estoril,Estoril Open,2026-07-24,ATP250,Outdoor,Clay,Quarterfinals,3,Darderi L.,Faria J.,21.0,88.0,2125.0,718.0,2,6,7,5.0,6,2,,,,,2,1,Completed,1.5,2.63,,,1.53,2.63,1.51,2.52,1.54,2.74
39,Estoril,Estoril Open,2026-07-25,ATP250,Outdoor,Clay,Semifinals,3,Van Assche L.,Gaston H.,78.0,109.0,755.0,602.0,6,4,7,5.0,,,,,,,2,0,Completed,1.57,2.38,,,1.63,2.45,1.56,2.35,1.63,2.58
39,Estoril,Estoril Open,2026-07-25,ATP250,Outdoor,Clay,Semifinals,3,Blockx A.,Darderi L.,38.0,21.0,1218.0,2125.0,5,7,7,6.0,7,6,,,,,2,1,Completed,2.5,1.53,,,2.5,1.6,2.41,1.55,2.58,1.62
39,Estoril,Estoril Open,2026-07-26,ATP250,Outdoor,Clay,The Final,3,Van Assche L.,Blockx A.,78.0,38.0,755.0,1218.0,6,4,4,6.0,7,5,,,,,2,1,Completed,2.3,1.62,,,2.31,1.63,2.26,1.6,2.42,1.69
40,Kitzbuhel,Generali Open,2026-07-20,ATP250,Outdoor,Clay,1st Round,3,Navone M.,Muller A.,47.0,133.0,1005.0,494.0,6,4,6,0.0,,,,,,,2,0,Completed,1.17,5.0,,,1.2,5.0,1.17,4.79,1.19,5.9
40,Kitzbuhel,Generali Open,2026-07-20,ATP250,Outdoor,Clay,1st Round,3,Hanfmann Y.,Neumayer L.,52.0,172.0,974.0,334.0,7,6,6,4.0,,,,,,,2,0,Completed,1.3,3.5,,,1.34,3.5,1.31,3.35,1.35,3.8
40,Kitzbuhel,Generali Open,2026-07-20,ATP250,Outdoor,Clay,1st Round,3,Rodionov J.,Schwaerzler J.J.,145.0,185.0,427.0,315.0,6,4,6,2.0,,,,,,,2,0,Completed,1.57,2.38,,,1.63,2.4,1.58,2.31,1.61,2.58
40,Kitzbuhel,Generali Open,2026-07-20,ATP250,Outdoor,Clay,1st Round,3,Diaz Acosta F.,Cina F.,108.0,184.0,604.0,317.0,4,6,6,3.0,6,4,,,,,2,1,Completed,1.57,2.38,,,1.63,2.55,1.54,2.43,1.56,2.74
40,Kitzbuhel,Generali Open,2026-07-20,ATP250,Outdoor,Clay,1st Round,3,Buse I.,Kopriva V.,35.0,68.0,1312.0,881.0,7,5,6,7.0,6,1,,,,,2,1,Completed,1.5,2.63,,,1.53,2.63,1.5,2.54,1.55,2.8
40,Kitzbuhel,Generali Open,2026-07-21,ATP250,Outdoor,Clay,1st Round,3,Trungelliti M.,Cerundolo J.M.,95.0,50.0,678.0,989.0,6,2,6,1.0,,,,,,,2,0,Completed,3.5,1.3,,,3.5,1.36,3.2,1.33,3.8,1.35
40,Kitzbuhel,Generali Open,2026-07-21,ATP250,Outdoor,Clay,1st Round,3,Struff J.L.,Shevchenko A.,41.0,84.0,1104.0,736.0,3,6,7,6.0,6,4,,,,,2,1,Completed,1.67,2.2,,,1.68,2.21,1.65,2.19,1.73,2.34
40,Kitzbuhel,Generali Open,2026-07-21,ATP250,Outdoor,Clay,1st Round,3,Baez S.,Kecmanovic M.,56.0,58.0,950.0,930.0,6,3,3,6.0,6,4,,,,,2,1,Completed,2.2,1.67,,,2.21,1.7,2.18,1.66,2.32,1.72
40,Kitzbuhel,Generali Open,2026-07-21,ATP250,Outdoor,Clay,1st Round,3,Halys Q.,Djere L.,83.0,221.0,743.0,255.0,7,6,6,4.0,,,,,,,2,0,Completed,2.38,1.57,,,2.38,1.62,2.28,1.59,2.54,1.61
40,Kitzbuhel,Generali Open,2026-07-21,ATP250,Outdoor,Clay,1st Round,3,Feldbausch K.,Vallejo D.,284.0,63.0,191.0,918.0,7,6,6,1.0,,,,,,,2,0,Completed,2.5,1.53,,,2.5,1.57,2.43,1.54,2.54,1.64
40,Kitzbuhel,Generali Open,2026-07-21,ATP250,Outdoor,Clay,1st Round,3,Molcan A.,Ofner S.,81.0,124.0,747.0,515.0,6,4,6,4.0,,,,,,,2,0,Completed,1.67,2.2,,,1.73,2.2,1.67,2.15,1.71,2.4
40,Kitzbuhel,Generali Open,2026-07-21,ATP250,Outdoor,Clay,1st Round,3,Altmaier D.,Collignon R.,61.0,37.0,924.0,1234.0,6,3,6,2.0,,,,,,,2,0,Completed,2.38,1.57,,,2.4,1.62,2.29,1.59,2.38,1.7
40,Kitzbuhel,Generali Open,2026-07-22,ATP250,Outdoor,Clay,2nd Round,3,Halys Q.,Vacherot V.,83.0,19.0,743.0,2188.0,6,3,6,4.0,,,,,,,2,0,Completed,2.5,1.53,,,2.5,1.55,2.45,1.53,2.74,1.56
40,Kitzbuhel,Generali Open,2026-07-22,ATP250,Outdoor,Clay,2nd Round,3,Baez S.,Rinderknech A.,56.0,27.0,950.0,1723.0,7,6,2,6.0,6,4,,,,,2,1,Completed,1.8,2.0,,,1.87,2.0,1.81,1.96,1.85,2.14
40,Kitzbuhel,Generali Open,2026-07-22,ATP250,Outdoor,Clay,2nd Round,3,Navone M.,Struff J.L.,47.0,41.0,1005.0,1104.0,6,0,6,3.0,,,,,,,2,0,Completed,1.44,2.75,,,1.45,2.9,1.42,2.76,1.45,3.15
40,Kitzbuhel,Generali Open,2026-07-22,ATP250,Outdoor,Clay,2nd Round,3,Hanfmann Y.,Trungelliti M.,52.0,95.0,974.0,678.0,6,4,7,6.0,,,,,,,2,0,Completed,1.44,2.75,,,1.5,2.75,1.45,2.67,1.53,2.84
40,Kitzbuhel,Generali Open,2026-07-22,ATP250,Outdoor,Clay,2nd Round,3,Buse I.,Feldbausch K.,35.0,284.0,1312.0,191.0,2,6,6,2.0,6,2,,,,,2,1,Completed,1.4,3.0,,,1.44,3.0,1.42,2.8,1.45,3.1
40,Kitzbuhel,Generali Open,2026-07-22,ATP250,Outdoor,Clay,2nd Round,3,Etcheverry T.,Rodionov J.,31.0,145.0,1460.0,427.0,6,2,7,6.0,,,,,,,2,0,Completed,1.44,2.75,,,1.58,2.75,1.48,2.56,1.55,2.8
40,Kitzbuhel,Generali Open,2026-07-22,ATP250,Outdoor,Clay,2nd Round,3,Molcan A.,Altmaier D.,81.0,61.0,747.0,924.0,6,3,3,6.0,7,5,,,,,2,1,Completed,1.67,2.2,,,1.71,2.2,1.67,2.16,1.75,2.32
40,Kitzbuhel,Generali Open,2026-07-22,ATP250,Outdoor,Clay,2nd Round,3,Bublik A.,Diaz Acosta F.,11.0,108.0,2610.0,604.0,6,3,7,5.0,,,,,,,2,0,Completed,1.44,2.75,,,1.45,2.88,1.42,2.76,1.48,3.0
40,Kitzbuhel,Generali Open,2026-07-23,ATP250,Outdoor,Clay,Quarterfinals,3,Halys Q.,Navone M.,83.0,47.0,743.0,1005.0,7,5,6,3.0,,,,,,,2,0,Completed,3,1.4,,,3.0,1.44,2.8,1.41,3.15,1.45
40,Kitzbuhel,Generali Open,2026-07-23,ATP250,Outdoor,Clay,Quarterfinals,3,Hanfmann Y.,Baez S.,52.0,56.0,974.0,950.0,6,3,6,1.0,,,,,,,2,0,Completed,1.73,2.1,,,1.78,2.23,1.7,2.11,1.81,2.22
40,Kitzbuhel,Generali Open,2026-07-23,ATP250,Outdoor,Clay,Quarterfinals,3,Etcheverry T.,Buse I.,31.0,35.0,1460.0,1312.0,6,2,7,5.0,,,,,,,2,0,Completed,1.91,1.91,,,2.02,1.91,1.94,1.82,2.04,1.94
40,Kitzbuhel,Generali Open,2026-07-23,ATP250,Outdoor,Clay,Quarterfinals,3,Bublik A.,Molcan A.,11.0,81.0,2610.0,747.0,6,3,6,2.0,,,,,,,2,0,Completed,1.57,2.38,,,1.67,2.38,1.61,2.25,1.71,2.4
40,Kitzbuhel,Generali Open,2026-07-24,ATP250,Outdoor,Clay,Semifinals,3,Halys Q.,Hanfmann Y.,83.0,52.0,743.0,974.0,6,4,7,6.0,,,,,,,2,0,Completed,2.2,1.67,,,2.25,1.67,2.18,1.65,2.32,1.74
40,Kitzbuhel,Generali Open,2026-07-24,ATP250,Outdoor,Clay,Semifinals,3,Bublik A.,Etcheverry T.,11.0,31.0,2610.0,1460.0,6,3,6,4.0,,,,,,,2,0,Completed,1.53,2.5,,,1.57,2.65,1.53,2.46,1.61,2.6
40,Kitzbuhel,Generali Open,2026-07-25,ATP250,Outdoor,Clay,The Final,3,Halys Q.,Bublik A.,83.0,11.0,743.0,2610.0,6,4,7,6.0,,,,,,,2,0,Completed,2.75,1.44,,,2.9,1.46,2.75,1.42,3.1,1.46
41,Los Cabos,Los Cabos Open,2026-07-28,ATP250,Outdoor,Hard,1st Round,3,Boyer T.,Diallo G.,162.0,99.0,350.0,645.0,7,5,6,2.0,,	,,,,,2,0,Completed,2.75,1.44,,,2.75,1.54,2.49,1.52,2.62,1.6
41,Los Cabos,Los Cabos Open,2026-07-28,ATP250,Outdoor,Hard,1st Round,3,Tomic B.,Hernandez A.,171.0,498.0,339.0,89.0,6,1,6,0.0,,	,,,,,2,0,Completed,1.62,2.3,,,1.62,2.48,1.56,2.37,1.66,2.48
41,Los Cabos,Los Cabos Open,2026-07-28,ATP250,Outdoor,Hard,1st Round,3,Norrie C.,Kovacevic A.,39.0,95.0,1165.0,673.0,6,4,6,1.0,	,,,,,,2,0,Completed,1.67,2.2,,,1.67,2.38,1.62,2.23,1.68,2.42
41,Los Cabos,Los Cabos Open,2026-07-28,ATP250,Outdoor,Hard,1st Round,3,Wong C.,Blanch Dar.,108.0,226.0,588.0,249.0,6,3,6,4.0,	,,,,,,2,0,Completed,1.8,2.0,,,1.85,2.1,1.8,1.96,1.83,2.16
41,Los Cabos,Los Cabos Open,2026-07-29,ATP250,Outdoor,Hard,1st Round,3,Winter E.,Kouame M.,391.0,213.0,124.0,263.0,6,1,6,4.0,,	,,,,,2,0,Completed,3.2,1.36,,,3.2,1.4,2.99,1.37,3.3,1.42
41,Los Cabos,Los Cabos Open,2026-07-29,ATP250,Outdoor,Hard,1st Round,3,Duckworth J.,Mayo A.,83.0,689.0,746.0,49.0,4,6,6,3.0,6,4,,,,,2,1,Completed,1.57,2.38,,,1.6,2.38,1.58,2.3,1.65,2.52
41,Los Cabos,Los Cabos Open,2026-07-29,ATP250,Outdoor,Hard,1st Round,3,Pacheco Mendez R.,Shimabukuro S.,320.0,94.0,163.0,677.0,6,7,7,5.0,6,2,,,,,2,1,Completed,2.2,1.67,,,2.33,1.67,2.22,1.63,2.36,1.71
41,Los Cabos,Los Cabos Open,2026-07-29,ATP250,Outdoor,Hard,1st Round,3,Brooksby J.,Moutet C.,77.0,57.0,770.0,965.0,6,4,6,4.0,	,,,,,,2,0,Completed,2.1,1.73,,,2.1,1.85,2.0,1.77,2.08,1.9
41,Los Cabos,Los Cabos Open,2026-07-29,ATP250,Outdoor,Hard,1st Round,3,Gea A.,Kwon S.,127.0,158.0,502.0,360.0,6,4,6,7.0,6,2,,,,,2,1,Completed,2,1.8,,,2.05,1.8,2.01,1.76,2.12,1.86
41,Los Cabos,Los Cabos Open,2026-07-29,ATP250,Outdoor,Hard,1st Round,3,Shapovalov D.,Hijikata R.,68.0,93.0,890.0,677.0,2,6,6,3.0,6,2,,,,,2,1,Completed,1.57,2.38,,,1.62,2.38,1.58,2.32,1.68,2.44
41,Los Cabos,Los Cabos Open,2026-07-29,ATP250,Outdoor,Hard,1st Round,3,Svrcina D.,Walton A.,116.0,96.0,554.0,670.0,6,7,7,6.0,6,3,,,,,2,1,Completed,2.63,1.5,,,2.63,1.55,2.5,1.51,2.74,1.56
41,Los Cabos,Los Cabos Open,2026-07-29,ATP250,Outdoor,Hard,1st Round,3,Zheng M.,Landaluce M.,118.0,63.0,552.0,920.0,6,4,6,3.0,	,,,,,,2,0,Completed,1.67,2.2,,,1.77,2.24,1.68,2.13,1.79,2.24
41,Los Cabos,Los Cabos Open,2026-07-30,ATP250,Outdoor,Hard,2nd Round,3,Cerundolo F.,Boyer T.,20.0,162.0,2060.0,350.0,6,7,4,3.0,	,,,,,,0,1,Retired,1.44,2.75,,,1.45,2.83,1.43,2.73,1.45,3.15
41,Los Cabos,Los Cabos Open,2026-07-30,ATP250,Outdoor,Hard,2nd Round,3,Brooksby J.,Winter E.,77.0,391.0,770.0,124.0,6,3,6,4.0,,	,,,,,2,0,Completed,1.17,5.0,,,1.17,6.0,1.14,5.49,1.18,6.4
41,Los Cabos,Los Cabos Open,2026-07-30,ATP250,Outdoor,Hard,2nd Round,3,Wong C.,Lehecka J.,108.0,12.0,588.0,2470.0,1,6,6,3.0,6,4,,,,,2,1,Completed,4,1.25,,,4.0,1.3,3.72,1.26,4.4,1.28
41,Los Cabos,Los Cabos Open,2026-07-30,ATP250,Outdoor,Hard,2nd Round,3,Gea A.,Zheng M.,127.0,118.0,502.0,552.0,0,6,6,4.0,6,0,,,,,2,1,Completed,2.5,1.53,,,2.63,1.55,2.46,1.52,2.58,1.61
41,Los Cabos,Los Cabos Open,2026-07-30,ATP250,Outdoor,Hard,2nd Round,3,Shapovalov D.,Pacheco Mendez R.,68.0,320.0,890.0,163.0,6,3,6,2.0,	,,,,,,2,0,Completed,1.4,3.0,,,1.46,3.0,1.4,2.86,1.42,3.25
41,Los Cabos,Los Cabos Open,2026-07-30,ATP250,Outdoor,Hard,2nd Round,3,Tomic B.,Khachanov K.,171.0,26.0,339.0,1780.0,6,2,6,4.0,	,,,,,,2,0,Completed,3.75,1.29,,,3.75,1.34,3.4,1.3,3.95,1.32
41,Los Cabos,Los Cabos Open,2026-07-30,ATP250,Outdoor,Hard,2nd Round,3,Svrcina D.,Darderi L.,116.0,23.0,554.0,1975.0,3,0,	,,,,,,,,0,0,Retired,2.75,1.44,,,2.75,1.53,2.59,1.48,2.84,1.53
41,Los Cabos,Los Cabos Open,2026-07-30,ATP250,Outdoor,Hard,2nd Round,3,Norrie C.,Duckworth J.,39.0,83.0,1165.0,746.0,6,4,6,4.0,	,,,,,,2,0,Completed,1.4,3.0,,,1.41,3.3,1.36,3.03,1.36,3.7
41,Los Cabos,Los Cabos Open,2026-07-31,ATP250,Outdoor,Hard,Quarterfinals,3,Gea A.,Cerundolo F.,127.0,20.0,502.0,2060.0,6,7,6,4.0,6,0,,,,,2,1,Completed,2.63,1.5,,,2.9,1.53,2.59,1.48,2.74,1.56
41,Los Cabos,Los Cabos Open,2026-07-31,ATP250,Outdoor,Hard,Quarterfinals,3,Wong C.,Brooksby J.,108.0,77.0,588.0,770.0,6,1,7,5.0,	,,,,,,2,0,Completed,2.63,1.5,,,2.65,1.53,2.53,1.5,2.7,1.57
41,Los Cabos,Los Cabos Open,2026-07-31,ATP250,Outdoor,Hard,Quarterfinals,3,Shapovalov D.,Svrcina D.,68.0,116.0,890.0,554.0,6,4,6,2.0,	,,,,,,2,0,Completed,1.44,2.75,,,1.5,2.9,1.44,2.7,1.46,3.1
41,Los Cabos,Los Cabos Open,2026-07-31,ATP250,Outdoor,Hard,Quarterfinals,3,Norrie C.,Tomic B.,39.0,171.0,1165.0,339.0,6,1,6,0.0,	,,,,,,2,0,Completed,1.36,3.2,,,1.37,3.2,1.35,3.04,1.4,3.4
41,Los Cabos,Los Cabos Open,2026-08-01,ATP250,Outdoor,Hard,Semifinals,3,Gea A.,Wong C.,127.0,108.0,502.0,588.0,7,6,6,3.0,,	,,,,,2,0,Completed,1.73,2.1,,,1.8,2.18,1.72,2.08,1.8,2.22
41,Los Cabos,Los Cabos Open,2026-08-01,ATP250,Outdoor,Hard,Semifinals,3,Shapovalov D.,Norrie C.,68.0,39.0,890.0,1165.0,6,3,5,7.0,6,4,,,,,2,1,Completed,2.3,1.62,,,2.38,1.73,2.28,1.6,2.5,1.65
41,Los Cabos,Los Cabos Open,2026-08-02,ATP250,Outdoor,Hard,The Final,3,Gea A.,Shapovalov D.,127.0,68.0,502.0,890.0,6,3,6,4.0,	,,,,,,2,0,Completed,2.3,1.62,,,2.33,1.63,2.27,1.6,2.48,1.66
42,Washington,Citi Open,2026-07-27,ATP500,Outdoor,Hard,1st Round,3,Tabilo A.,Griekspoor T.,30.0,67.0,1558.0,895.0,7,6,4,6.0,6,4,,,,,2,1,Completed,2.38,1.57,,,2.38,1.64,2.29,1.59,2.48,1.66
42,Washington,Citi Open,2026-07-27,ATP500,Outdoor,Hard,1st Round,3,Musetti L.,Arnaldi M.,15.0,35.0,2315.0,1349.0,6,0,3,1.0,,	,,,,,1,0,Retired,1.62,2.3,,,1.62,2.38,1.58,2.3,1.64,2.52
42,Washington,Citi Open,2026-07-27,ATP500,Outdoor,Hard,1st Round,3,Fritz T.,Bergs Z.,10.0,36.0,3300.0,1340.0,6,3,6,4.0,	,,,,,,2,0,Completed,1.22,4.33,,,1.23,4.4,1.22,4.14,1.26,4.6
42,Washington,Citi Open,2026-07-27,ATP500,Outdoor,Hard,1st Round,3,Nishikori K.,Shang J.,721.0,270.0,45.0,205.0,6,7,6,3.0,6,4,,,,,2,1,Completed,2.2,1.67,,,2.25,1.67,2.19,1.64,2.36,1.73
42,Washington,Citi Open,2026-07-27,ATP500,Outdoor,Hard,1st Round,3,Vukic A.,Svajda Z.,105.0,76.0,624.0,781.0,6,3,6,1.0,	,,,,,,2,0,Completed,2.38,1.57,,,2.38,1.67,2.3,1.58,2.46,1.67
42,Washington,Citi Open,2026-07-28,ATP500,Outdoor,Hard,1st Round,3,Atmane T.,Tiafoe F.,56.0,19.0,967.0,2180.0,4,6,6,3.0,6,4,,,,,2,1,Completed,3.75,1.29,,,4.0,1.32,3.55,1.28,4.3,1.28
42,Washington,Citi Open,2026-07-28,ATP500,Outdoor,Hard,1st Round,3,Humbert U.,Martin A.,29.0,404.0,1575.0,118.0,6,2,7,5.0,	,,,,,,2,0,Completed,1.22,4.33,,,1.22,4.4,1.21,4.14,1.23,5.0
42,Washington,Citi Open,2026-07-28,ATP500,Outdoor,Hard,1st Round,3,Majchrzak K.,Paul T.,72.0,21.0,857.0,2025.0,7,5,7,6.0,	,,,,,,2,0,Completed,4,1.25,,,4.1,1.25,3.84,1.24,4.7,1.26
42,Washington,Citi Open,2026-07-28,ATP500,Outdoor,Hard,1st Round,3,Michelsen A.,McDonald M.,40.0,145.0,1165.0,422.0,6,4,7,5.0,	,,,,,,2,0,Completed,1.25,4.0,,,1.3,4.0,1.25,3.76,1.29,3.75
42,Washington,Citi Open,2026-07-28,ATP500,Outdoor,Hard,1st Round,3,Jodar R.,Fils A.,24.0,22.0,1927.0,1990.0,7,6,6,3.0,,	,,,,,2,0,Completed,2.3,1.62,,,2.48,1.62,2.34,1.57,2.52,1.64
42,Washington,Citi Open,2026-07-28,ATP500,Outdoor,Hard,1st Round,3,Mannarino A.,Tien L.,47.0,16.0,1005.0,2245.0,7,5,6,4.0,	,,,,,,2,0,Completed,5,1.17,,,5.0,1.2,4.73,1.17,5.6,1.21
42,Washington,Citi Open,2026-07-28,ATP500,Outdoor,Hard,1st Round,3,Hewitt C.,Giron M.,612.0,85.0,61.0,730.0,6,3,6,4.0,,	,,,,,2,0,Completed,6,1.13,,,6.0,1.17,5.49,1.14,6.2,1.18
42,Washington,Citi Open,2026-07-28,ATP500,Outdoor,Hard,1st Round,3,Nakashima B.,Etcheverry T.,33.0,31.0,1360.0,1510.0,6,3,6,4.0,	,,,,,,2,0,Completed,1.36,3.2,,,1.41,3.3,1.36,3.02,1.43,3.25
42,Washington,Citi Open,2026-07-28,ATP500,Outdoor,Hard,1st Round,3,Shelton B.,Damm M.,8.0,104.0,3580.0,628.0,6,4,4,6.0,6,4,,,,,2,1,Completed,1.33,3.4,,,1.33,3.6,1.31,3.33,1.34,3.85
42,Washington,Citi Open,2026-07-28,ATP500,Outdoor,Hard,1st Round,3,Mensik J.,Svajda T.,17.0,436.0,2205.0,106.0,6,2,6,7.0,6,3,,,,,2,1,Completed,1.22,4.33,,,1.3,4.33,1.23,4.01,1.23,5.1
42,Washington,Citi Open,2026-07-29,ATP500,Outdoor,Hard,1st Round,3,De Minaur A.,Tsitsipas S.,6.0,51.0,3660.0,980.0,6,4,3,6.0,6,3,,,,,2,1,Completed,1.67,2.2,,,1.73,2.2,1.69,2.13,1.78,2.24
42,Washington,Citi Open,2026-07-29,ATP500,Outdoor,Hard,2nd Round,3,Musetti L.,Vukic A.,15.0,105.0,2315.0,624.0,6,3,5,7.0,6,3,,,,,2,1,Completed,1.36,3.2,,,1.4,3.2,1.37,2.99,1.44,3.25
42,Washington,Citi Open,2026-07-29,ATP500,Outdoor,Hard,2nd Round,3,Fritz T.,Majchrzak K.,10.0,72.0,3300.0,857.0,6,3,6,4.0,	,,,,,,2,0,Completed,1.29,3.75,,,1.29,4.0,1.25,3.77,1.29,4.3
42,Washington,Citi Open,2026-07-30,ATP500,Outdoor,Hard,2nd Round,3,Michelsen A.,Mannarino A.,40.0,47.0,1165.0,1005.0,6,4,7,6.0,	,,,,,,2,0,Completed,1.33,3.4,,,1.36,3.4,1.32,3.24,1.37,3.6
42,Washington,Citi Open,2026-07-30,ATP500,Outdoor,Hard,2nd Round,3,Jodar R.,Nishikori K.,24.0,721.0,1927.0,45.0,6,3,6,2.0,	,,,,,,2,0,Completed,1.14,5.5,,,1.2,5.5,1.16,4.99,1.18,6.2
42,Washington,Citi Open,2026-07-30,ATP500,Outdoor,Hard,2nd Round,3,Nakashima B.,Mensik J.,33.0,17.0,1360.0,2205.0,7,6,3,6.0,6,4,,,,,2,1,Completed,2.3,1.62,,,2.3,1.65,2.26,1.61,2.4,1.71
42,Washington,Citi Open,2026-07-30,ATP500,Outdoor,Hard,2nd Round,3,De Minaur A.,Hewitt C.,6.0,612.0,3660.0,61.0,6,2,6,3.0,	,,,,,,2,0,Completed,1.07,9.0,,,1.08,9.0,1.07,7.98,1.11,9.4
42,Washington,Citi Open,2026-07-30,ATP500,Outdoor,Hard,2nd Round,3,Tabilo A.,Atmane T.,30.0,56.0,1558.0,967.0,6,3,7,6.0,,	,,,,,2,0,Completed,2.2,1.67,,,2.2,1.8,2.09,1.71,2.26,1.78
42,Washington,Citi Open,2026-07-30,ATP500,Outdoor,Hard,2nd Round,3,Shelton B.,Humbert U.,8.0,29.0,3580.0,1575.0,6,7,6,3.0,6,4,,,,,2,1,Completed,1.4,3.0,,,1.46,3.0,1.42,2.76,1.47,3.1
42,Washington,Citi Open,2026-07-31,ATP500,Outdoor,Hard,Quarterfinals,3,Nakashima B.,De Minaur A.,33.0,6.0,1360.0,3660.0,7,6,6,4.0,,	,,,,,2,0,Completed,2.38,1.57,,,2.55,1.58,2.38,1.55,2.58,1.62
42,Washington,Citi Open,2026-07-31,ATP500,Outdoor,Hard,Quarterfinals,3,Fritz T.,Michelsen A.,10.0,40.0,3300.0,1165.0,6,1,3,6.0,7,6,,,,,2,1,Completed,1.4,3.0,,,1.4,3.2,1.36,3.02,1.44,3.2
42,Washington,Citi Open,2026-07-31,ATP500,Outdoor,Hard,Quarterfinals,3,Jodar R.,Musetti L.,24.0,15.0,1927.0,2315.0,1,6,6,1.0,6,4,,,,,2,1,Completed,1.53,2.5,,,1.58,2.5,1.54,2.42,1.63,2.56
42,Washington,Citi Open,2026-08-01,ATP500,Outdoor,Hard,Quarterfinals,3,Tabilo A.,Shelton B.,30.0,8.0,1558.0,3580.0,4,6,7,5.0,6,4,,,,,2,1,Completed,3.75,1.29,,,4.0,1.3,3.61,1.27,4.2,1.31
42,Washington,Citi Open,2026-08-01,ATP500,Outdoor,Hard,Semifinals,3,Fritz T.,Nakashima B.,10.0,33.0,3300.0,1360.0,6,3,3,6.0,6,3,,,,,2,1,Completed,1.53,2.5,,,1.55,2.5,1.52,2.46,1.6,2.66
42,Washington,Citi Open,2026-08-02,ATP500,Outdoor,Hard,Semifinals,3,Jodar R.,Tabilo A.,24.0,30.0,1927.0,1558.0,6,7,6,4.0,6,4,,,,,2,1,Completed,1.36,3.2,,,1.4,3.2,1.36,3.03,1.42,3.3
42,Washington,Citi Open,2026-08-03,ATP500,Outdoor,Hard,The Final,3,Fritz T.,Jodar R.,10.0,24.0,3300.0,1927.0,7,6,6,4.0,,,,,,,2,0,Completed,1.57,2.38,,,1.6,2.63,1.55,2.39,1.61,2.6
43,Montreal,Canadian Open,2026-08-02,Masters 1000,Outdoor,Hard,1st Round,3,Munar J.,Hijikata R.,45.0,93.0,1020.0,677.0,7,6,6,3.0,,,,,,,2,0,Completed,1.73,2.1,,,1.74,2.2,1.7,2.1,1.78,2.24
43,Montreal,Canadian Open,2026-08-02,Masters 1000,Outdoor,Hard,1st Round,3,Shang J.,Vallejo D.,281.0,66.0,195.0,918.0,6,3,6,3.0,,,,,,,2,0,Completed,1.62,2.3,,,1.67,2.3,1.65,2.21,1.71,2.32
43,Montreal,Canadian Open,2026-08-03,Masters 1000,Outdoor,Hard,1st Round,3,Navone M.,Berrettini M.,44.0,40.0,1030.0,1088.0,6,3,6,7.0,6,3,,,,,2,1,Completed,2.75,1.44,,,2.9,1.5,2.71,1.44,3.0,1.48
43,Montreal,Canadian Open,2026-08-03,Masters 1000,Outdoor,Hard,1st Round,3,Kopriva V.,Galarneau A.,71.0,175.0,868.0,320.0,6,4,6,4.0,,,,,,,2,0,Completed,2,1.8,,,2.0,1.83,1.98,1.8,2.1,1.89
43,Montreal,Canadian Open,2026-08-03,Masters 1000,Outdoor,Hard,1st Round,3,Mejia N.,Landaluce M.,129.0,64.0,485.0,920.0,4,6,6,4.0,6,3,,,,,2,1,Completed,3,1.4,,,3.1,1.4,2.98,1.37,3.3,1.42
43,Montreal,Canadian Open,2026-08-03,Masters 1000,Outdoor,Hard,1st Round,3,Droguet T.,Van Assche L.,119.0,49.0,532.0,998.0,6,4,2,6.0,7,6,,,,,2,1,Completed,2,1.8,,,2.14,1.85,1.99,1.79,2.08,1.89
43,Montreal,Canadian Open,2026-08-03,Masters 1000,Outdoor,Hard,1st Round,3,Duckworth J.,O Connell C.,86.0,133.0,721.0,461.0,6,3,6,1.0,,,,,,,2,0,Completed,2.2,1.67,,,2.3,1.67,2.22,1.63,2.38,1.71
43,Montreal,Canadian Open,2026-08-03,Masters 1000,Outdoor,Hard,1st Round,3,Hanfmann Y.,Bonzi B.,57.0,103.0,961.0,639.0,6,1,4,6.0,6,2,,,,,2,1,Completed,1.8,2.0,,,1.8,2.08,1.78,2.01,1.87,2.12
43,Montreal,Canadian Open,2026-08-03,Masters 1000,Outdoor,Hard,1st Round,3,Borges N.,Kovacevic A.,55.0,95.0,970.0,676.0,6,7,6,2.0,6,4,,,,,2,1,Completed,1.4,3.0,,,1.42,3.1,1.39,2.9,1.48,3.0
43,Montreal,Canadian Open,2026-08-04,Masters 1000,Outdoor,Hard,1st Round,3,Diallo G.,Jacquet K.,108.0,121.0,595.0,521.0,6,7,6,3.0,6,2,,,,,2,1,Completed,1.8,2.0,,,1.84,2.0,1.8,1.97,1.88,2.1
43,Montreal,Canadian Open,2026-08-04,Masters 1000,Outdoor,Hard,1st Round,3,Cilic M.,Shimabukuro S.,85.0,94.0,721.0,677.0,7,6,6,1.0,,,,,,,2,0,Completed,1.73,2.1,,,1.8,2.12,1.73,2.06,1.84,2.14
43,Montreal,Canadian Open,2026-08-04,Masters 1000,Outdoor,Hard,1st Round,3,Kecmanovic M.,Zheng M.,62.0,113.0,925.0,565.0,6,4,4,6.0,7,6,,,,,2,1,Completed,2.2,1.67,,,2.2,1.7,2.15,1.67,2.22,1.8
43,Montreal,Canadian Open,2026-08-04,Masters 1000,Outdoor,Hard,1st Round,3,Altmaier D.,Vukic A.,60.0,101.0,939.0,649.0,6,7,7,6.0,6,4,,,,,2,1,Completed,2.63,1.5,,,2.63,1.62,2.34,1.58,2.44,1.68
43,Montreal,Canadian Open,2026-08-04,Masters 1000,Outdoor,Hard,1st Round,3,Michelsen A.,Struff J.L.,42.0,41.0,1065.0,1066.0,6,1,3,6.0,6,1,,,,,2,1,Completed,1.33,3.4,,,1.33,3.75,1.29,3.53,1.34,3.9
43,Montreal,Canadian Open,2026-08-04,Masters 1000,Outdoor,Hard,1st Round,3,Moutet C.,Fucsovics M.,59.0,83.0,945.0,740.0,6,1,6,2.0,,,,,,,2,0,Completed,1.8,2.0,,,1.83,2.0,1.8,1.96,1.9,2.06
43,Montreal,Canadian Open,2026-08-04,Masters 1000,Outdoor,Hard,1st Round,3,Norrie C.,Ugo Carabelli C.,37.0,76.0,1255.0,790.0,7,6,6,4.0,,,,,,,2,0,Completed,1.22,4.33,,,1.22,4.7,1.19,4.43,1.22,5.3
43,Montreal,Canadian Open,2026-08-04,Masters 1000,Outdoor,Hard,1st Round,3,Monfils G.,Majchrzak K.,347.0,67.0,150.0,907.0,6,4,6,4.0,,,,,,,2,0,Completed,3.5,1.3,,,3.6,1.3,3.52,1.29,3.75,1.34
43,Montreal,Canadian Open,2026-08-04,Masters 1000,Outdoor,Hard,1st Round,3,Baez S.,Bellucci M.,48.0,80.0,1000.0,754.0,7,5,6,3.0,,,,,,,2,0,Completed,1.8,2.0,,,1.8,2.1,1.77,2.0,1.89,2.08
43,Montreal,Canadian Open,2026-08-04,Masters 1000,Outdoor,Hard,1st Round,3,Tirante T.A.,Chan D.,65.0,606.0,919.0,63.0,6,3,1,6.0,7,6,,,,,2,1,Completed,1.3,3.5,,,1.34,3.6,1.31,3.37,1.35,3.7
43,Montreal,Canadian Open,2026-08-04,Masters 1000,Outdoor,Hard,1st Round,3,Tsitsipas S.,Damm M.,53.0,100.0,980.0,650.0,6,4,6,4.0,,,,,,,2,0,Completed,1.5,2.63,,,1.5,2.7,1.48,2.62,1.53,2.86
43,Montreal,Canadian Open,2026-08-04,Masters 1000,Outdoor,Hard,1st Round,3,Hurkacz H.,Giron M.,72.0,81.0,865.0,745.0,7,5,4,6.0,6,2,,,,,2,1,Completed,1.53,2.5,,,1.55,2.54,1.52,2.47,1.57,2.72
43,Montreal,Canadian Open,2026-08-04,Masters 1000,Outdoor,Hard,1st Round,3,Brooksby J.,Walton A.,74.0,97.0,810.0,654.0,6,3,6,4.0,,,,,,,2,0,Completed,1.8,2.0,,,1.83,2.1,1.75,2.03,1.83,2.16
43,Montreal,Canadian Open,2026-08-04,Masters 1000,Outdoor,Hard,1st Round,3,Fearnley J.,Mannarino A.,110.0,47.0,574.0,1005.0,7,6,6,4.0,,,,,,,2,0,Completed,1.53,2.5,,,1.57,2.63,1.53,2.44,1.63,2.54
43,Montreal,Canadian Open,2026-08-04,Masters 1000,Outdoor,Hard,1st Round,3,Royer V.,Carreno Busta P.,78.0,68.0,763.0,891.0,1,6,7,5.0,6,2,,,,,2,1,Completed,3,1.4,,,3.0,1.47,2.8,1.42,3.05,1.48
43,Montreal,Canadian Open,2026-08-04,Masters 1000,Outdoor,Hard,1st Round,3,Svajda Z.,Shapovalov D.,87.0,43.0,719.0,1045.0,4,6,6,4.0,3,0,,,,,1,1,Retired,2.3,1.62,,,2.3,1.67,2.23,1.62,2.36,1.72
43,Montreal,Canadian Open,2026-08-04,Masters 1000,Outdoor,Hard,1st Round,3,Merida Aguilar D.,Draxl L.,63.0,209.0,925.0,265.0,3,6,6,4.0,6,4,,,,,2,1,Completed,1.57,2.38,,,1.65,2.38,1.6,2.28,1.6,2.62
43,Montreal,Canadian Open,2026-08-04,Masters 1000,Outdoor,Hard,1st Round,3,Popyrin A.,Burruchaga R.,139.0,56.0,430.0,962.0,4,6,7,5.0,6,3,,,,,2,1,Completed,1.57,2.38,,,1.57,2.63,1.53,2.45,1.6,2.62
43,Montreal,Canadian Open,2026-08-04,Masters 1000,Outdoor,Hard,1st Round,3,Cerundolo J.M.,Medjedovic H.,52.0,73.0,989.0,844.0,6,4,6,2.0,,,,,,,2,0,Completed,2.38,1.57,,,2.5,1.58,2.4,1.55,2.56,1.62
43,Montreal,Canadian Open,2026-08-04,Masters 1000,Outdoor,Hard,1st Round,3,Atmane T.,Draper J.,46.0,143.0,1007.0,410.0,6,3,2,6.0,6,2,,,,,2,1,Completed,2.75,1.44,,,2.8,1.5,2.73,1.43,2.92,1.5
43,Montreal,Canadian Open,2026-08-04,Masters 1000,Outdoor,Hard,1st Round,3,Van De Zandschulp B.,Mpetshi G.,70.0,91.0,882.0,690.0,6,2,3,6.0,6,3,,,,,2,1,Completed,1.67,2.2,,,1.75,2.2,1.71,2.1,1.77,2.24
43,Montreal,Canadian Open,2026-08-04,Masters 1000,Outdoor,Hard,1st Round,3,Griekspoor T.,Sonego L.,69.0,88.0,885.0,718.0,7,6,7,5.0,,,,,,,2,0,Completed,1.73,2.1,,,1.8,2.1,1.74,2.05,1.79,2.24
43,Montreal,Canadian Open,2026-08-04,Masters 1000,Outdoor,Hard,1st Round,3,Marozsan F.,Mochizuki S.,61.0,117.0,930.0,547.0,6,4,6,3.0,,,,,,,2,0,Completed,1.53,2.5,,,1.57,2.6,1.52,2.48,1.57,2.72
43,Montreal,Canadian Open,2026-08-04,Masters 1000,Outdoor,Hard,2nd Round,3,Shang J.,Rublev A.,281.0,16.0,195.0,2230.0,7,5,4,6.0,7,6,,,,,2,1,Completed,4,1.25,,,4.0,1.29,3.76,1.26,4.3,1.29
43,Montreal,Canadian Open,2026-08-04,Masters 1000,Outdoor,Hard,2nd Round,3,Blockx A.,Munar J.,32.0,45.0,1353.0,1020.0,,,,,,,,,,,,,Walkover,1.67,2.2,,,1.67,2.3,1.62,2.24,1.71,2.36
43,Montreal,Canadian Open,2026-08-04,Masters 1000,Outdoor,Hard,2nd Round,3,Lehecka J.,Kopriva V.,12.0,71.0,2380.0,868.0,6,4,6,2.0,,,,,,,2,0,Completed,1.2,4.5,,,1.22,4.8,1.2,4.46,1.23,5.1
43,Montreal,Canadian Open,2026-08-04,Masters 1000,Outdoor,Hard,2nd Round,3,Nakashima B.,Altmaier D.,31.0,60.0,1510.0,939.0,6,2,6,1.0,,,,,,,2,0,Completed,1.29,3.75,,,1.29,3.75,1.28,3.55,1.33,3.9
43,Montreal,Canadian Open,2026-08-05,Masters 1000,Outdoor,Hard,2nd Round,3,Tiafoe F.,Cilic M.,20.0,85.0,2105.0,721.0,5,7,6,2.0,6,2,,,,,2,1,Completed,1.44,2.75,,,1.45,2.88,1.42,2.77,1.49,2.96
43,Montreal,Canadian Open,2026-08-05,Masters 1000,Outdoor,Hard,2nd Round,3,De Minaur A.,Duckworth J.,7.0,86.0,3560.0,721.0,6,2,7,6.0,,,,,,,2,0,Completed,1.1,7.0,,,1.11,8.0,1.1,6.77,1.12,8.2
43,Montreal,Canadian Open,2026-08-05,Masters 1000,Outdoor,Hard,2nd Round,3,Hanfmann Y.,Cobolli F.,57.0,8.0,961.0,3330.0,7,6,7,6.0,,,,,,,2,0,Completed,2.3,1.62,,,2.4,1.67,2.27,1.61,2.44,1.67
43,Montreal,Canadian Open,2026-08-05,Masters 1000,Outdoor,Hard,2nd Round,3,Darderi L.,Diallo G.,22.0,108.0,2025.0,595.0,6,4,2,3.0,,,,,,,1,0,Retired,2.3,1.62,,,2.3,1.68,2.24,1.62,2.44,1.68
43,Montreal,Canadian Open,2026-08-05,Masters 1000,Outdoor,Hard,2nd Round,3,Bergs Z.,Baez S.,34.0,48.0,1340.0,1000.0,3,6,6,3.0,6,2,,,,,2,1,Completed,1.67,2.2,,,1.73,2.25,1.66,2.18,1.71,2.36
43,Montreal,Canadian Open,2026-08-05,Masters 1000,Outdoor,Hard,2nd Round,3,Borges N.,Etcheverry T.,55.0,30.0,970.0,1510.0,6,4,6,2.0,,,,,,,2,0,Completed,1.53,2.5,,,1.57,2.55,1.53,2.45,1.61,2.6
43,Montreal,Canadian Open,2026-08-05,Masters 1000,Outdoor,Hard,2nd Round,3,Musetti L.,Mejia N.,13.0,129.0,2375.0,485.0,7,6,6,2.0,,,,,,,2,0,Completed,1.1,7.0,,,1.14,7.0,1.12,6.05,1.14,7.6
43,Montreal,Canadian Open,2026-08-05,Masters 1000,Outdoor,Hard,2nd Round,3,Fonseca J.,Tsitsipas S.,27.0,53.0,1700.0,980.0,7,6,7,5.0,,,,,,,2,0,Completed,1.62,2.3,,,1.67,2.38,1.62,2.25,1.7,2.4
43,Montreal,Canadian Open,2026-08-05,Masters 1000,Outdoor,Hard,2nd Round,3,Navone M.,Vacherot V.,44.0,18.0,1030.0,2176.0,1,6,6,3.0,6,3,,,,,2,1,Completed,2.38,1.57,,,2.4,1.65,2.3,1.59,2.44,1.68
43,Montreal,Canadian Open,2026-08-05,Masters 1000,Outdoor,Hard,2nd Round,3,Rinderknech A.,Kecmanovic M.,29.0,62.0,1623.0,925.0,6,7,6,4.0,6,4,,,,,2,1,Completed,2,1.8,,,2.01,1.92,1.95,1.82,2.12,1.86
43,Montreal,Canadian Open,2026-08-05,Masters 1000,Outdoor,Hard,2nd Round,3,Norrie C.,Buse I.,37.0,33.0,1255.0,1350.0,6,3,6,3.0,,,,,,,2,0,Completed,1.4,3.0,,,1.41,3.1,1.38,2.96,1.45,3.15
43,Montreal,Canadian Open,2026-08-05,Masters 1000,Outdoor,Hard,2nd Round,3,Shelton B.,Brooksby J.,10.0,74.0,2680.0,810.0,6,3,7,5.0,,,,,,,2,0,Completed,1.33,3.4,,,1.33,3.5,1.31,3.36,1.35,3.75
43,Montreal,Canadian Open,2026-08-05,Masters 1000,Outdoor,Hard,2nd Round,3,Ruud C.,Cerundolo J.M.,14.0,52.0,2345.0,989.0,6,1,6,2.0,,,,,,,2,0,Completed,1.33,3.4,,,1.36,3.4,1.34,3.15,1.41,3.35
43,Montreal,Canadian Open,2026-08-05,Masters 1000,Outdoor,Hard,2nd Round,3,Fils A.,Svajda Z.,24.0,87.0,1940.0,719.0,6,4,3,6.0,6,1,,,,,2,1,Completed,1.33,3.4,,,1.33,3.7,1.31,3.42,1.35,3.75
43,Montreal,Canadian Open,2026-08-05,Masters 1000,Outdoor,Hard,2nd Round,3,Tirante T.A.,Fritz T.,65.0,9.0,919.0,3230.0,7,5,6,3.0,,,,,,,2,0,Completed,5.5,1.14,,,5.5,1.17,4.98,1.16,6.0,1.19
43,Montreal,Canadian Open,2026-08-05,Masters 1000,Outdoor,Hard,2nd Round,3,Hurkacz H.,Tabilo A.,72.0,26.0,865.0,1728.0,6,4,7,6.0,,,,,,,2,0,Completed,1.67,2.2,,,1.67,2.25,1.64,2.22,1.72,2.36
43,Montreal,Canadian Open,2026-08-05,Masters 1000,Outdoor,Hard,2nd Round,3,Griekspoor T.,Zverev A.,69.0,3.0,885.0,8120.0,6,7,6,2.0,6,4,,,,,2,1,Completed,6,1.13,,,6.0,1.15,5.56,1.14,6.6,1.17
43,Montreal,Canadian Open,2026-08-05,Masters 1000,Outdoor,Hard,2nd Round,3,Jodar R.,Moutet C.,15.0,59.0,2243.0,945.0,4,6,6,1.0,6,3,,,,,2,1,Completed,1.3,3.5,,,1.33,4.1,1.29,3.55,1.33,3.9
43,Montreal,Canadian Open,2026-08-05,Masters 1000,Outdoor,Hard,2nd Round,3,Popyrin A.,Collignon R.,139.0,38.0,430.0,1234.0,6,4,6,3.0,,,,,,,2,0,Completed,2.38,1.57,,,2.42,1.58,2.36,1.56,2.52,1.64
43,Montreal,Canadian Open,2026-08-05,Masters 1000,Outdoor,Hard,2nd Round,3,Michelsen A.,Cerundolo F.,42.0,23.0,1065.0,2010.0,6,3,6,4.0,,,,,,,2,0,Completed,1.62,2.3,,,1.67,2.35,1.6,2.28,1.7,2.42
43,Montreal,Canadian Open,2026-08-05,Masters 1000,Outdoor,Hard,2nd Round,3,Arnaldi M.,Marozsan F.,35.0,61.0,1299.0,930.0,7,5,2,6.0,6,4,,,,,2,1,Completed,2.2,1.67,,,2.25,1.68,2.2,1.65,2.4,1.69
43,Montreal,Canadian Open,2026-08-05,Masters 1000,Outdoor,Hard,2nd Round,3,Mensik J.,Fearnley J.,17.0,110.0,2205.0,574.0,6,3,3,6.0,6,3,,,,,2,1,Completed,1.4,3.0,,,1.4,3.2,1.37,3.0,1.42,3.35
43,Montreal,Canadian Open,2026-08-05,Masters 1000,Outdoor,Hard,2nd Round,3,Atmane T.,Khachanov K.,46.0,39.0,1007.0,1130.0,6,4,7,6.0,,,,,,,2,0,Completed,2.2,1.67,,,2.2,1.7,2.15,1.68,2.26,1.77
43,Montreal,Canadian Open,2026-08-05,Masters 1000,Outdoor,Hard,2nd Round,3,Merida Aguilar D.,Humbert U.,63.0,28.0,925.0,1625.0,6,3,6,3.0,,,,,,,2,0,Completed,3,1.4,,,3.05,1.4,2.92,1.39,3.15,1.45
43,Montreal,Canadian Open,2026-08-06,Masters 1000,Outdoor,Hard,2nd Round,3,Van De Zandschulp B.,Medvedev D.,70.0,6.0,882.0,3620.0,6,3,7,6.0,,,,,,,2,0,Completed,3.75,1.29,,,4.33,1.29,3.74,1.27,4.4,1.29
43,Montreal,Canadian Open,2026-08-06,Masters 1000,Outdoor,Hard,2nd Round,3,Droguet T.,Faria J.,119.0,79.0,532.0,760.0,7,6,6,2.0,,,,,,,2,0,Completed,2.3,1.62,,,2.4,1.62,2.3,1.59,2.34,1.68
43,Montreal,Canadian Open,2026-08-06,Masters 1000,Outdoor,Hard,2nd Round,3,Paul T.,Royer V.,21.0,78.0,2075.0,763.0,6,4,7,6.0,,,,,,,2,0,Completed,1.17,5.0,,,1.2,5.0,1.17,4.78,1.21,5.6
43,Montreal,Canadian Open,2026-08-06,Masters 1000,Outdoor,Hard,2nd Round,3,Tien L.,Monfils G.,19.0,347.0,2155.0,150.0,6,3,0,6.0,6,3,,,,,2,1,Completed,1.33,3.4,,,1.4,3.4,1.34,3.17,1.38,3.55
43,Montreal,Canadian Open,2026-08-06,Masters 1000,Outdoor,Hard,3rd Round,3,Darderi L.,Shang J.,22.0,281.0,2025.0,195.0,4,6,6,1.0,6,4,,,,,2,1,Completed,2,1.8,,,2.01,1.85,1.97,1.79,2.14,1.86
43,Montreal,Canadian Open,2026-08-06,Masters 1000,Outdoor,Hard,3rd Round,3,Fils A.,Navone M.,24.0,44.0,1940.0,1030.0,6,3,6,2.0,,,,,,,2,0,Completed,1.29,3.75,,,1.29,3.75,1.28,3.58,1.31,4.2
43,Montreal,Canadian Open,2026-08-06,Masters 1000,Outdoor,Hard,3rd Round,3,Norrie C.,De Minaur A.,37.0,7.0,1255.0,3560.0,5,7,7,6.0,6,1,,,,,2,1,Completed,2.63,1.5,,,2.63,1.53,2.55,1.5,2.78,1.55
43,Montreal,Canadian Open,2026-08-06,Masters 1000,Outdoor,Hard,3rd Round,3,Borges N.,Hanfmann Y.,55.0,57.0,970.0,961.0,6,4,6,2.0,,,,,,,2,0,Completed,1.57,2.38,,,1.62,2.38,1.57,2.33,1.65,2.5
43,Montreal,Canadian Open,2026-08-06,Masters 1000,Outdoor,Hard,3rd Round,3,Lehecka J.,Blockx A.,12.0,32.0,2380.0,1353.0,6,3,6,4.0,,,,,,,2,0,Completed,1.44,2.75,,,1.5,2.8,1.45,2.69,1.48,3.0
43,Montreal,Canadian Open,2026-08-07,Masters 1000,Outdoor,Hard,3rd Round,3,Jodar R.,Musetti L.,15.0,13.0,2243.0,2375.0,6,4,6,3.0,,,,,,,2,0,Completed,1.73,2.1,,,1.73,2.13,1.72,2.08,1.81,2.2
43,Montreal,Canadian Open,2026-08-07,Masters 1000,Outdoor,Hard,3rd Round,3,Nakashima B.,Droguet T.,31.0,119.0,1510.0,532.0,4,6,6,2.0,7,5,,,,,2,1,Completed,1.25,4.0,,,1.26,4.1,1.25,3.84,1.27,4.7
43,Montreal,Canadian Open,2026-08-07,Masters 1000,Outdoor,Hard,3rd Round,3,Rinderknech A.,Tiafoe F.,29.0,20.0,1623.0,2105.0,6,2,2,0.0,,,,,,,1,0,Retired,2.63,1.5,,,2.75,1.52,2.6,1.47,2.9,1.52
43,Montreal,Canadian Open,2026-08-07,Masters 1000,Outdoor,Hard,3rd Round,3,Griekspoor T.,Arnaldi M.,69.0,35.0,885.0,1299.0,3,6,6,4.0,6,3,,,,,2,1,Completed,1.44,2.75,,,1.45,2.9,1.43,2.74,1.51,2.92
43,Montreal,Canadian Open,2026-08-07,Masters 1000,Outdoor,Hard,3rd Round,3,Merida Aguilar D.,Michelsen A.,63.0,42.0,925.0,1065.0,6,4,6,7.0,6,1,,,,,2,1,Completed,3.4,1.33,,,3.5,1.34,3.24,1.33,3.55,1.38
43,Montreal,Canadian Open,2026-08-07,Masters 1000,Outdoor,Hard,3rd Round,3,Van De Zandschulp B.,Hurkacz H.,70.0,72.0,882.0,865.0,3,6,7,6.0,7,5,,,,,2,1,Completed,2.63,1.5,,,2.63,1.53,2.56,1.5,2.76,1.56
43,Montreal,Canadian Open,2026-08-07,Masters 1000,Outdoor,Hard,3rd Round,3,Shelton B.,Bergs Z.,10.0,34.0,2680.0,1340.0,6,3,6,2.0,,,,,,,2,0,Completed,1.3,3.5,,,1.35,3.6,1.3,3.44,1.34,3.85
43,Montreal,Canadian Open,2026-08-07,Masters 1000,Outdoor,Hard,3rd Round,3,Mensik J.,Atmane T.,17.0,46.0,2205.0,1007.0,7,5,6,4.0,,,,,,,2,0,Completed,1.44,2.75,,,1.5,2.75,1.46,2.66,1.52,2.88
43,Montreal,Canadian Open,2026-08-08,Masters 1000,Outdoor,Hard,3rd Round,3,Fonseca J.,Ruud C.,27.0,14.0,1700.0,2345.0,7,6,6,3.0,,,,,,,2,0,Completed,1.73,2.1,,,1.73,2.2,1.68,2.13,1.75,2.3
43,Montreal,Canadian Open,2026-08-08,Masters 1000,Outdoor,Hard,3rd Round,3,Tirante T.A.,Popyrin A.,65.0,139.0,919.0,430.0,6,3,6,4.0,,,,,,,2,0,Completed,2.1,1.73,,,2.11,1.73,2.09,1.7,2.22,1.8
43,Montreal,Canadian Open,2026-08-08,Masters 1000,Outdoor,Hard,3rd Round,3,Tien L.,Paul T.,19.0,21.0,2155.0,2075.0,6,3,6,2.0,,,,,,,2,0,Completed,2.5,1.53,,,2.5,1.57,2.42,1.53,2.62,1.6
43,Montreal,Canadian Open,2026-08-08,Masters 1000,Outdoor,Hard,4th Round,3,Darderi L.,Borges N.,22.0,55.0,2025.0,970.0,4,6,6,3.0,7,5,,,,,2,1,Completed,2.5,1.53,,,2.5,1.55,2.44,1.53,2.72,1.58
43,Montreal,Canadian Open,2026-08-08,Masters 1000,Outdoor,Hard,4th Round,3,Nakashima B.,Rinderknech A.,31.0,29.0,1510.0,1623.0,7,6,5,7.0,7,5,,,,,2,1,Completed,1.44,2.75,,,1.5,2.8,1.44,2.69,1.53,2.84
43,Montreal,Canadian Open,2026-08-09,Masters 1000,Outdoor,Hard,4th Round,3,Jodar R.,Lehecka J.,15.0,12.0,2243.0,2380.0,6,3,6,3.0,,,,,,,2,0,Completed,1.73,2.1,,,1.75,2.1,1.74,2.06,1.79,2.22
43,Montreal,Canadian Open,2026-08-09,Masters 1000,Outdoor,Hard,4th Round,3,Fils A.,Norrie C.,24.0,37.0,1940.0,1255.0,6,2,7,6.0,,,,,,,2,0,Completed,1.4,3.0,,,1.44,3.1,1.4,2.89,1.49,3.0
43,Montreal,Canadian Open,2026-08-09,Masters 1000,Outdoor,Hard,4th Round,3,Merida Aguilar D.,Griekspoor T.,63.0,69.0,925.0,885.0,6,3,6,1.0,,,,,,,2,0,Completed,2,1.8,,,2.2,1.8,2.05,1.73,2.22,1.81
43,Montreal,Canadian Open,2026-08-09,Masters 1000,Outdoor,Hard,4th Round,3,Tien L.,Tirante T.A.,19.0,65.0,2155.0,919.0,6,4,6,4.0,,,,,,,2,0,Completed,1.44,2.75,,,1.44,3.0,1.41,2.81,1.49,3.0
43,Montreal,Canadian Open,2026-08-09,Masters 1000,Outdoor,Hard,4th Round,3,Shelton B.,Fonseca J.,10.0,27.0,2680.0,1700.0,6,3,7,6.0,,,,,,,2,0,Completed,1.73,2.1,,,1.73,2.15,1.71,2.11,1.82,2.2
43,Montreal,Canadian Open,2026-08-10,Masters 1000,Outdoor,Hard,4th Round,3,Mensik J.,Van De Zandschulp B.,17.0,70.0,2205.0,882.0,6,4,7,5.0,,,,,,,2,0,Completed,1.33,3.4,,,1.34,3.4,1.33,3.23,1.38,3.55
43,Montreal,Canadian Open,2026-08-11,Masters 1000,Outdoor,Hard,Quarterfinals,3,Nakashima B.,Darderi L.,31.0,22.0,1510.0,2025.0,6,2,6,3.0,,,,,,,2,0,Completed,1.36,3.2,,,1.4,3.2,1.36,2.92,1.43,3.3
43,Montreal,Canadian Open,2026-08-11,Masters 1000,Outdoor,Hard,Quarterfinals,3,Jodar R.,Fils A.,15.0,24.0,2243.0,1940.0,7,6,6,3.0,,,,,,,2,0,Completed,1.67,2.2,,,2.15,2.33,1.68,2.21,1.72,2.36
43,Montreal,Canadian Open,2026-08-11,Masters 1000,Outdoor,Hard,Quarterfinals,3,Shelton B.,Mensik J.,10.0,17.0,2680.0,2205.0,6,3,6,1.0,,,,,,,2,0,Completed,1.67,2.2,,,1.7,2.25,1.65,2.15,1.72,2.36
43,Montreal,Canadian Open,2026-08-12,Masters 1000,Outdoor,Hard,Quarterfinals,3,Tien L.,Merida Aguilar D.,19.0,63.0,2155.0,925.0,6,3,6,2.0,,,,,,,2,0,Completed,1.5,2.63,,,1.5,2.65,1.46,2.54,1.51,2.94
43,Montreal,Canadian Open,2026-08-12,Masters 1000,Outdoor,Hard,Semifinals,3,Nakashima B.,Jodar R.,31.0,15.0,1510.0,2243.0,7,6,6,4.0,,,,,,,2,0,Completed,3,1.4,,,3.0,1.4,2.9,1.4,3.25,1.44
43,Montreal,Canadian Open,2026-08-13,Masters 1000,Outdoor,Hard,Semifinals,3,Shelton B.,Tien L.,10.0,19.0,2680.0,2155.0,6,2,6,3.0,,,,,,,2,0,Completed,1.44,2.75,,,1.45,2.8,1.43,2.72,1.47,3.05
43,Montreal,Canadian Open,2026-08-14,Masters 1000,Outdoor,Hard,The Final,3,Shelton B.,Nakashima B.,10.0,31.0,2680.0,1510.0,6,3,7,6.0,,,,,,,2,0,Completed,1.4,3.0,,,1.45,3.1,1.4,2.9,1.45,3.15
44,Cincinnati,Western & Southern Financial Group Masters,2026-08-13,Masters 1000,Outdoor,Hard,1st Round,3,Landaluce M.,Draper J.,67.0,143.0,922.0,410.0,6,3,7,5.0,,,,,,,2,0,Completed,3.2,1.36,,,3.25,1.36,3.14,1.34,3.4,1.4
44,Cincinnati,Western & Southern Financial Group Masters,2026-08-13,Masters 1000,Outdoor,Hard,1st Round,3,Norrie C.,Prizmic D.,35.0,101.0,1345.0,652.0,3,6,6,1.0,6,4,,,,,2,1,Completed,1.44,2.75,,,1.5,2.75,1.46,2.64,1.53,2.84
44,Cincinnati,Western & Southern Financial Group Masters,2026-08-13,Masters 1000,Outdoor,Hard,1st Round,3,Struff J.L.,Burruchaga R.,43.0,61.0,1069.0,962.0,7,6,2,6.0,6,3,,,,,2,1,Completed,1.8,2.0,,,1.8,2.1,1.73,2.04,1.81,2.2
44,Cincinnati,Western & Southern Financial Group Masters,2026-08-13,Masters 1000,Outdoor,Hard,1st Round,3,Tirante T.A.,Choinski J.,50.0,77.0,1011.0,770.0,7,6,6,7.0,7,6,,,,,2,1,Completed,1.44,2.75,,,1.48,2.75,1.44,2.68,1.51,2.92
44,Cincinnati,Western & Southern Financial Group Masters,2026-08-13,Masters 1000,Outdoor,Hard,1st Round,3,Shapovalov D.,Mannarino A.,48.0,52.0,1045.0,1005.0,6,1,6,4.0,,,,,,,2,0,Completed,1.73,2.1,,,1.75,2.1,1.73,2.05,1.8,2.22
44,Cincinnati,Western & Southern Financial Group Masters,2026-08-13,Masters 1000,Outdoor,Hard,1st Round,3,Kecmanovic M.,Ugo Carabelli C.,66.0,76.0,930.0,790.0,6,3,6,3.0,,,,,,,2,0,Completed,1.3,3.5,,,1.3,3.5,1.3,3.39,1.32,4.0
44,Cincinnati,Western & Southern Financial Group Masters,2026-08-13,Masters 1000,Outdoor,Hard,1st Round,3,Navone M.,Collignon R.,44.0,38.0,1066.0,1222.0,6,3,7,6.0,,,,,,,2,0,Completed,2.2,1.67,,,2.2,1.68,2.17,1.65,2.32,1.72
44,Cincinnati,Western & Southern Financial Group Masters,2026-08-13,Masters 1000,Outdoor,Hard,1st Round,3,Atmane T.,Fucsovics M.,45.0,82.0,1057.0,750.0,3,1,,,,,,,,,0,0,Retired,1.44,2.75,,,1.45,2.75,1.43,2.7,1.48,3.05
44,Cincinnati,Western & Southern Financial Group Masters,2026-08-14,Masters 1000,Outdoor,Hard,1st Round,3,Hijikata R.,Monfils G.,95.0,305.0,673.0,180.0,2,6,7,6.0,6,3,,,,,2,1,Completed,2.2,1.67,,,2.2,1.73,2.13,1.68,2.22,1.77
44,Cincinnati,Western & Southern Financial Group Masters,2026-08-14,Masters 1000,Outdoor,Hard,1st Round,3,Bellucci M.,Svajda Z.,81.0,84.0,751.0,749.0,7,6,7,6.0,,,,,,,2,0,Completed,2.5,1.53,,,2.54,1.55,2.48,1.52,2.7,1.58
44,Cincinnati,Western & Southern Financial Group Masters,2026-08-14,Masters 1000,Outdoor,Hard,1st Round,3,Vallejo D.,Jacquet K.,70.0,119.0,914.0,551.0,6,2,6,4.0,,,,,,,2,0,Completed,2.75,1.44,,,2.9,1.44,2.82,1.4,3.05,1.48
44,Cincinnati,Western & Southern Financial Group Masters,2026-08-14,Masters 1000,Outdoor,Hard,1st Round,3,Halys Q.,Kopriva V.,57.0,71.0,980.0,886.0,7,6,6,4.0,,,,,,,2,0,Completed,1.4,3.0,,,1.4,3.2,1.35,3.05,1.39,3.5
44,Cincinnati,Western & Southern Financial Group Masters,2026-08-14,Masters 1000,Outdoor,Hard,1st Round,3,Hurkacz H.,Shimabukuro S.,69.0,90.0,915.0,697.0,6,2,6,4.0,,,,,,,2,0,Completed,1.29,3.75,,,1.29,3.75,1.28,3.55,1.3,4.2
44,Cincinnati,Western & Southern Financial Group Masters,2026-08-14,Masters 1000,Outdoor,Hard,1st Round,3,Altmaier D.,Wong C.,65.0,93.0,944.0,680.0,3,6,6,3.0,6,4,,,,,2,1,Completed,2.38,1.57,,,2.38,1.6,2.3,1.58,2.46,1.67
44,Cincinnati,Western & Southern Financial Group Masters,2026-08-14,Masters 1000,Outdoor,Hard,1st Round,3,Tsitsipas S.,Royer V.,49.0,78.0,1020.0,768.0,7,6,7,5.0,,,,,,,2,0,Completed,1.29,3.75,,,1.3,3.75,1.29,3.43,1.34,3.85
44,Cincinnati,Western & Southern Financial Group Masters,2026-08-14,Masters 1000,Outdoor,Hard,1st Round,3,Baez S.,Dimitrov G.,53.0,138.0,1005.0,432.0,1,6,6,3.0,6,4,,,,,2,1,Completed,2.3,1.62,,,2.3,1.64,2.24,1.61,2.38,1.71
44,Cincinnati,Western & Southern Financial Group Masters,2026-08-14,Masters 1000,Outdoor,Hard,1st Round,3,Hanfmann Y.,Van Assche L.,55.0,54.0,986.0,1001.0,6,2,6,4.0,,,,,,,2,0,Completed,1.73,2.1,,,1.8,2.1,1.75,2.02,1.93,2.06
44,Cincinnati,Western & Southern Financial Group Masters,2026-08-14,Masters 1000,Outdoor,Hard,1st Round,3,Berrettini M.,Droguet T.,42.0,111.0,1085.0,594.0,3,6,6,1.0,6,4,,,,,2,1,Completed,1.73,2.1,,,1.73,2.13,1.71,2.08,1.81,2.2
44,Cincinnati,Western & Southern Financial Group Masters,2026-08-14,Masters 1000,Outdoor,Hard,1st Round,3,Carreno Busta P.,Machac T.,72.0,62.0,885.0,960.0,6,3,6,2.0,,,,,,,2,0,Completed,1.8,2.0,,,1.91,2.0,1.82,1.93,1.9,2.1
44,Cincinnati,Western & Southern Financial Group Masters,2026-08-14,Masters 1000,Outdoor,Hard,1st Round,3,Duckworth J.,Wolf J.J.,86.0,285.0,743.0,195.0,7,5,7,6.0,,,,,,,2,0,Completed,2.3,1.62,,,2.38,1.62,2.29,1.58,2.4,1.7
44,Cincinnati,Western & Southern Financial Group Masters,2026-08-14,Masters 1000,Outdoor,Hard,1st Round,3,O Connell C.,Majchrzak K.,129.0,68.0,491.0,917.0,6,4,7,6.0,,,,,,,2,0,Completed,2.38,1.57,,,2.5,1.57,2.42,1.54,2.56,1.63
44,Cincinnati,Western & Southern Financial Group Masters,2026-08-14,Masters 1000,Outdoor,Hard,1st Round,3,Van De Zandschulp B.,Shevchenko A.,59.0,89.0,969.0,699.0,6,4,6,4.0,,,,,,,2,0,Completed,1.44,2.75,,,1.5,2.75,1.46,2.66,1.54,2.68
44,Cincinnati,Western & Southern Financial Group Masters,2026-08-14,Masters 1000,Outdoor,Hard,1st Round,3,Michelsen A.,De Jong J.,41.0,106.0,1090.0,618.0,6,4,6,4.0,,,,,,,2,0,Completed,1.17,5.0,,,1.19,5.0,1.17,4.7,1.21,5.5
44,Cincinnati,Western & Southern Financial Group Masters,2026-08-14,Masters 1000,Outdoor,Hard,1st Round,3,Cerundolo J.M.,Lajal M.,51.0,159.0,1006.0,361.0,6,4,6,4.0,,,,,,,2,0,Completed,2,1.8,,,2.0,2.25,1.91,1.86,2.0,1.98
44,Cincinnati,Western & Southern Financial Group Masters,2026-08-14,Masters 1000,Outdoor,Hard,1st Round,3,Borges N.,Kokkinakis T.,47.0,440.0,1045.0,108.0,5,7,7,6.0,7,6,,,,,2,1,Completed,1.4,3.0,,,1.4,3.0,1.39,2.88,1.43,3.25
44,Cincinnati,Western & Southern Financial Group Masters,2026-08-14,Masters 1000,Outdoor,Hard,1st Round,3,Sonego L.,Shang J.,88.0,228.0,718.0,245.0,6,3,6,3.0,,,,,,,2,0,Completed,2.3,1.62,,,2.31,1.62,2.25,1.61,2.32,1.74
44,Cincinnati,Western & Southern Financial Group Masters,2026-08-14,Masters 1000,Outdoor,Hard,1st Round,3,Walton A.,Mejia N.,98.0,122.0,670.0,530.0,7,6,6,0.0,,,,,,,2,0,Completed,1.5,2.63,,,1.52,2.63,1.48,2.57,1.57,2.72
44,Cincinnati,Western & Southern Financial Group Masters,2026-08-14,Masters 1000,Outdoor,Hard,1st Round,3,Trungelliti M.,Medjedovic H.,91.0,73.0,693.0,854.0,7,5,7,6.0,,,,,,,2,0,Completed,2.75,1.44,,,2.75,1.48,2.65,1.45,2.88,1.52
44,Cincinnati,Western & Southern Financial Group Masters,2026-08-14,Masters 1000,Outdoor,Hard,1st Round,3,Zheng M.,Marozsan F.,110.0,63.0,595.0,950.0,3,6,6,1.0,7,6,,,,,2,1,Completed,1.67,2.2,,,1.68,2.21,1.65,2.18,1.79,2.24
44,Cincinnati,Western & Southern Financial Group Masters,2026-08-14,Masters 1000,Outdoor,Hard,1st Round,3,Merida Aguilar D.,Cilic M.,40.0,80.0,1117.0,751.0,3,6,6,1.0,6,1,,,,,2,1,Completed,1.67,2.2,,,1.7,2.25,1.65,2.17,1.69,2.42
44,Cincinnati,Western & Southern Financial Group Masters,2026-08-15,Masters 1000,Outdoor,Hard,1st Round,3,Faria J.,Brooksby J.,79.0,74.0,762.0,840.0,6,3,6,2.0,,,,,,,2,0,Completed,2.3,1.62,,,2.3,1.8,2.17,1.66,2.38,1.72
44,Cincinnati,Western & Southern Financial Group Masters,2026-08-15,Masters 1000,Outdoor,Hard,1st Round,3,Kovacevic A.,Khachanov K.,96.0,39.0,673.0,1140.0,5,7,6,3.0,7,6,,,,,2,1,Completed,3.2,1.36,,,3.2,1.4,2.94,1.38,3.4,1.4
44,Cincinnati,Western & Southern Financial Group Masters,2026-08-15,Masters 1000,Outdoor,Hard,2nd Round,3,Cobolli F.,Kecmanovic M.,10.0,66.0,3330.0,930.0,6,1,4,6.0,6,3,,,,,2,1,Completed,1.73,2.1,,,1.8,2.2,1.73,2.05,1.87,2.14
44,Cincinnati,Western & Southern Financial Group Masters,2026-08-15,Masters 1000,Outdoor,Hard,2nd Round,3,Blockx A.,Navone M.,32.0,44.0,1396.0,1066.0,6,3,6,4.0,,,,,,,2,0,Completed,1.67,2.2,,,1.67,2.25,1.63,2.21,1.74,2.32
44,Cincinnati,Western & Southern Financial Group Masters,2026-08-15,Masters 1000,Outdoor,Hard,2nd Round,3,Landaluce M.,Arnaldi M.,67.0,34.0,922.0,1349.0,6,4,4,6.0,6,4,,,,,2,1,Completed,1.8,2.0,,,1.8,2.15,1.71,2.07,1.77,2.28
44,Cincinnati,Western & Southern Financial Group Masters,2026-08-15,Masters 1000,Outdoor,Hard,2nd Round,3,Vallejo D.,Vacherot V.,70.0,19.0,914.0,2186.0,6,3,6,3.0,,,,,,,2,0,Completed,2.63,1.5,,,2.7,1.5,2.6,1.47,2.96,1.5
44,Cincinnati,Western & Southern Financial Group Masters,2026-08-15,Masters 1000,Outdoor,Hard,2nd Round,3,Tirante T.A.,Djokovic N.,50.0,5.0,1011.0,3760.0,2,6,6,4.0,6,4,,,,,2,1,Completed,4,1.25,,,4.0,1.25,3.77,1.24,4.2,1.3
44,Cincinnati,Western & Southern Financial Group Masters,2026-08-15,Masters 1000,Outdoor,Hard,2nd Round,3,Mensik J.,Bellucci M.,16.0,81.0,2395.0,751.0,7,5,2,6.0,7,6,,,,,2,1,Completed,1.25,4.0,,,1.28,4.0,1.25,3.7,1.28,4.4
44,Cincinnati,Western & Southern Financial Group Masters,2026-08-15,Masters 1000,Outdoor,Hard,2nd Round,3,Tabilo A.,Struff J.L.,29.0,43.0,1688.0,1069.0,6,3,6,4.0,,,,,,,2,0,Completed,1.57,2.38,,,1.57,2.5,1.54,2.42,1.61,2.6
44,Cincinnati,Western & Southern Financial Group Masters,2026-08-15,Masters 1000,Outdoor,Hard,2nd Round,3,De Minaur A.,Halys Q.,8.0,57.0,3560.0,980.0,1,6,6,3.0,7,6,,,,,2,1,Completed,1.36,3.2,,,1.4,3.2,1.36,3.0,1.39,3.45
44,Cincinnati,Western & Southern Financial Group Masters,2026-08-15,Masters 1000,Outdoor,Hard,2nd Round,3,Hijikata R.,Darderi L.,95.0,20.0,673.0,2175.0,6,4,6,2.0,,,,,,,2,0,Completed,2.38,1.57,,,2.5,1.58,2.36,1.55,2.56,1.62
44,Cincinnati,Western & Southern Financial Group Masters,2026-08-15,Masters 1000,Outdoor,Hard,2nd Round,3,Atmane T.,Etcheverry T.,45.0,31.0,1057.0,1470.0,6,3,7,6.0,,,,,,,2,0,Completed,1.57,2.38,,,1.57,2.5,1.54,2.42,1.65,2.52
44,Cincinnati,Western & Southern Financial Group Masters,2026-08-15,Masters 1000,Outdoor,Hard,2nd Round,3,Paul T.,Hurkacz H.,24.0,69.0,2075.0,915.0,6,4,6,7.0,6,3,,,,,2,1,Completed,1.8,2.0,,,1.83,2.0,1.8,1.96,1.89,2.1
44,Cincinnati,Western & Southern Financial Group Masters,2026-08-15,Masters 1000,Outdoor,Hard,2nd Round,3,Fery A.,Duckworth J.,37.0,86.0,1285.0,743.0,6,4,2,6.0,7,6,,,,,2,1,Completed,1.8,2.0,,,1.91,2.02,1.84,1.91,1.92,2.06
44,Cincinnati,Western & Southern Financial Group Masters,2026-08-15,Masters 1000,Outdoor,Hard,2nd Round,3,Lehecka J.,Berrettini M.,14.0,42.0,2470.0,1085.0,6,4,6,7.0,6,3,,,,,2,1,Completed,1.44,2.75,,,1.5,2.75,1.45,2.65,1.52,2.88
44,Cincinnati,Western & Southern Financial Group Masters,2026-08-16,Masters 1000,Outdoor,Hard,2nd Round,3,Jodar R.,Shapovalov D.,11.0,48.0,2621.0,1045.0,7,5,4,6.0,7,5,,,,,2,1,Completed,1.4,3.0,,,1.4,3.1,1.37,2.97,1.43,3.25
44,Cincinnati,Western & Southern Financial Group Masters,2026-08-16,Masters 1000,Outdoor,Hard,2nd Round,3,Fils A.,Hanfmann Y.,21.0,55.0,2140.0,986.0,7,6,6,1.0,,,,,,,2,0,Completed,1.25,4.0,,,1.26,4.0,1.24,3.8,1.29,4.4
44,Cincinnati,Western & Southern Financial Group Masters,2026-08-16,Masters 1000,Outdoor,Hard,2nd Round,3,Zverev A.,Norrie C.,3.0,35.0,8090.0,1345.0,3,6,6,3.0,6,3,,,,,2,1,Completed,1.25,4.0,,,1.25,4.33,1.22,4.08,1.23,5.3
44,Cincinnati,Western & Southern Financial Group Masters,2026-08-16,Masters 1000,Outdoor,Hard,2nd Round,3,Zheng M.,Humbert U.,110.0,30.0,595.0,1585.0,6,4,6,3.0,,,,,,,2,0,Completed,2,1.8,,,2.0,1.91,1.94,1.81,2.12,1.87
44,Cincinnati,Western & Southern Financial Group Masters,2026-08-16,Masters 1000,Outdoor,Hard,2nd Round,3,Medvedev D.,Trungelliti M.,7.0,91.0,3580.0,693.0,6,4,7,5.0,,,,,,,2,0,Completed,1.14,5.5,,,1.17,5.5,1.15,5.09,1.18,6.2
44,Cincinnati,Western & Southern Financial Group Masters,2026-08-16,Masters 1000,Outdoor,Hard,2nd Round,3,O Connell C.,Ruud C.,129.0,17.0,491.0,2385.0,7,5,1,2.0,,,,,,,1,0,Retired,3.75,1.29,,,3.75,1.29,3.63,1.27,3.95,1.32
44,Cincinnati,Western & Southern Financial Group Masters,2026-08-16,Masters 1000,Outdoor,Hard,2nd Round,3,Cerundolo J.M.,Rinderknech A.,51.0,28.0,1006.0,1723.0,4,6,7,6.0,7,6,,,,,2,1,Completed,2.38,1.57,,,2.45,1.58,2.38,1.55,2.68,1.58
44,Cincinnati,Western & Southern Financial Group Masters,2026-08-16,Masters 1000,Outdoor,Hard,2nd Round,3,Fonseca J.,Van De Zandschulp B.,26.0,59.0,1800.0,969.0,6,4,7,6.0,,,,,,,2,0,Completed,1.36,3.2,,,1.37,3.25,1.35,3.07,1.39,3.55
44,Cincinnati,Western & Southern Financial Group Masters,2026-08-16,Masters 1000,Outdoor,Hard,2nd Round,3,Auger-Aliassime F.,Tsitsipas S.,4.0,49.0,4740.0,1020.0,6,3,7,5.0,,,,,,,2,0,Completed,1.67,2.2,,,1.72,2.25,1.67,2.14,1.72,2.36
44,Cincinnati,Western & Southern Financial Group Masters,2026-08-16,Masters 1000,Outdoor,Hard,2nd Round,3,Musetti L.,Altmaier D.,15.0,65.0,2415.0,944.0,6,4,6,2.0,,,,,,,2,0,Completed,1.22,4.33,,,1.23,4.33,1.22,4.02,1.27,4.5
44,Cincinnati,Western & Southern Financial Group Masters,2026-08-16,Masters 1000,Outdoor,Hard,2nd Round,3,Fritz T.,Michelsen A.,9.0,41.0,3375.0,1090.0,6,3,6,4.0,,,,,,,2,0,Completed,1.57,2.38,,,1.58,2.42,1.55,2.37,1.62,2.6
44,Cincinnati,Western & Southern Financial Group Masters,2026-08-16,Masters 1000,Outdoor,Hard,2nd Round,3,Nakashima B.,Kovacevic A.,22.0,96.0,2135.0,673.0,6,2,7,5.0,,,,,,,2,0,Completed,1.3,3.5,,,1.3,3.6,1.29,3.42,1.33,3.9
44,Cincinnati,Western & Southern Financial Group Masters,2026-08-16,Masters 1000,Outdoor,Hard,2nd Round,3,Borges N.,Cerundolo F.,47.0,25.0,1045.0,1970.0,6,4,6,4.0,,,,,,,2,0,Completed,1.73,2.1,,,1.75,2.2,1.7,2.1,1.79,2.22
44,Cincinnati,Western & Southern Financial Group Masters,2026-08-16,Masters 1000,Outdoor,Hard,2nd Round,3,Rublev A.,Carreno Busta P.,18.0,72.0,2230.0,885.0,7,6,6,1.0,,,,,,,2,0,Completed,1.44,2.75,,,1.44,2.9,1.4,2.82,1.45,3.15
44,Cincinnati,Western & Southern Financial Group Masters,2026-08-16,Masters 1000,Outdoor,Hard,2nd Round,3,Tien L.,Baez S.,12.0,53.0,2545.0,1005.0,6,3,7,6.0,,,,,,,2,0,Completed,1.29,3.75,,,1.3,3.75,1.28,3.47,1.31,4.1
44,Cincinnati,Western & Southern Financial Group Masters,2026-08-16,Masters 1000,Outdoor,Hard,2nd Round,3,Merida Aguilar D.,Bergs Z.,40.0,33.0,1117.0,1365.0,6,3,6,2.0,,,,,,,2,0,Completed,1.8,2.0,,,1.81,2.1,1.73,2.06,1.83,2.18
44,Cincinnati,Western & Southern Financial Group Masters,2026-08-16,Masters 1000,Outdoor,Hard,2nd Round,3,Walton A.,Buse I.,98.0,36.0,670.0,1335.0,6,4,6,3.0,,,,,,,2,0,Completed,1.57,2.38,,,1.62,2.38,1.58,2.3,1.67,2.46
44,Cincinnati,Western & Southern Financial Group Masters,2026-08-17,Masters 1000,Outdoor,Hard,2nd Round,3,Faria J.,Shelton B.,79.0,6.0,762.0,3670.0,6,4,6,4.0,,,,,,,2,0,Completed,5,1.17,,,5.0,1.19,4.73,1.17,5.6,1.21
44,Cincinnati,Western & Southern Financial Group Masters,2026-08-17,Masters 1000,Outdoor,Hard,2nd Round,3,Tiafoe F.,Sonego L.,23.0,88.0,2130.0,718.0,6,3,6,4.0,,,,,,,2,0,Completed,1.53,2.5,,,1.57,2.5,1.55,2.36,1.6,2.6
44,Cincinnati,Western & Southern Financial Group Masters,2026-08-17,Masters 1000,Outdoor,Hard,3rd Round,3,Cobolli F.,Blockx A.,10.0,32.0,3330.0,1396.0,7,5,4,6.0,7,5,,,,,2,1,Completed,2,1.8,,,2.01,1.81,1.98,1.78,2.18,1.83
44,Cincinnati,Western & Southern Financial Group Masters,2026-08-17,Masters 1000,Outdoor,Hard,3rd Round,3,Tirante T.A.,Landaluce M.,50.0,67.0,1011.0,922.0,7,6,7,6.0,,,,,,,2,0,Completed,1.73,2.1,,,1.73,2.2,1.67,2.15,1.8,2.22
44,Cincinnati,Western & Southern Financial Group Masters,2026-08-17,Masters 1000,Outdoor,Hard,3rd Round,3,De Minaur A.,Fery A.,8.0,37.0,3560.0,1285.0,7,5,7,6.0,,,,,,,2,0,Completed,1.2,4.5,,,1.22,4.5,1.2,4.26,1.25,4.8
44,Cincinnati,Western & Southern Financial Group Masters,2026-08-17,Masters 1000,Outdoor,Hard,3rd Round,3,Jodar R.,Tabilo A.,11.0,29.0,2621.0,1688.0,6,2,6,1.0,,,,,,,2,0,Completed,1.4,3.0,,,1.4,3.0,1.39,2.86,1.45,3.15
44,Cincinnati,Western & Southern Financial Group Masters,2026-08-18,Masters 1000,Outdoor,Hard,3rd Round,3,Mensik J.,Hijikata R.,16.0,95.0,2395.0,673.0,6,3,6,4.0,,,,,,,2,0,Completed,1.29,3.75,,,1.29,3.9,1.25,3.72,1.29,4.3
44,Cincinnati,Western & Southern Financial Group Masters,2026-08-18,Masters 1000,Outdoor,Hard,3rd Round,3,Zverev A.,Atmane T.,3.0,45.0,8090.0,1057.0,7,6,7,6.0,,,,,,,2,0,Completed,1.14,5.5,,,1.17,5.5,1.15,5.08,1.17,6.4
44,Cincinnati,Western & Southern Financial Group Masters,2026-08-18,Masters 1000,Outdoor,Hard,3rd Round,3,Fils A.,Lehecka J.,21.0,14.0,2140.0,2470.0,6,1,6,7.0,6,3,,,,,2,1,Completed,1.62,2.3,,,1.62,2.5,1.58,2.3,1.65,2.5
44,Cincinnati,Western & Southern Financial Group Masters,2026-08-18,Masters 1000,Outdoor,Hard,3rd Round,3,Paul T.,Vallejo D.,24.0,70.0,2075.0,914.0,3,6,6,3.0,6,4,,,,,2,1,Completed,1.2,4.5,,,1.22,4.5,1.2,4.26,1.23,5.1
44,Cincinnati,Western & Southern Financial Group Masters,2026-08-18,Masters 1000,Outdoor,Hard,3rd Round,3,O Connell C.,Fonseca J.,129.0,26.0,491.0,1800.0,,,,,,,,,,,-,-,Walkover,4,1.25,,,4.5,1.25,4.26,1.2,4.5,1.27
44,Cincinnati,Western & Southern Financial Group Masters,2026-08-18,Masters 1000,Outdoor,Hard,3rd Round,3,Borges N.,Rublev A.,47.0,18.0,1045.0,2230.0,6,3,6,4.0,,,,,,,2,0,Completed,2.5,1.53,,,2.7,1.53,2.55,1.47,2.72,1.57
44,Cincinnati,Western & Southern Financial Group Masters,2026-08-18,Masters 1000,Outdoor,Hard,3rd Round,3,Fritz T.,Merida Aguilar D.,9.0,40.0,3375.0,1117.0,6,3,6,4.0,,,,,,,2,0,Completed,1.2,4.5,,,1.22,4.5,1.2,4.26,1.23,5.2
44,Cincinnati,Western & Southern Financial Group Masters,2026-08-18,Masters 1000,Outdoor,Hard,3rd Round,3,Musetti L.,Zheng M.,15.0,110.0,2415.0,595.0,6,1,6,3.0,,,,,,,2,0,Completed,1.5,2.63,,,1.5,2.63,1.47,2.6,1.55,2.78
44,Cincinnati,Western & Southern Financial Group Masters,2026-08-18,Masters 1000,Outdoor,Hard,3rd Round,3,Nakashima B.,Medvedev D.,22.0,7.0,2135.0,3580.0,6,7,7,6.0,6,1,,,,,2,1,Completed,2.2,1.67,,,2.2,1.7,2.17,1.66,2.32,1.74
44,Cincinnati,Western & Southern Financial Group Masters,2026-08-18,Masters 1000,Outdoor,Hard,3rd Round,3,Faria J.,Walton A.,79.0,98.0,762.0,670.0,4,6,6,4.0,7,6,,,,,2,1,Completed,1.67,2.2,,,1.67,2.25,1.62,2.24,1.75,2.32
44,Cincinnati,Western & Southern Financial Group Masters,2026-08-19,Masters 1000,Outdoor,Hard,3rd Round,3,Auger-Aliassime F.,Cerundolo J.M.,4.0,51.0,4740.0,1006.0,7,5,6,1.0,,,,,,,2,0,Completed,1.17,5.0,,,1.19,5.0,1.18,4.59,1.22,5.3
44,Cincinnati,Western & Southern Financial Group Masters,2026-08-19,Masters 1000,Outdoor,Hard,3rd Round,3,Tiafoe F.,Tien L.,23.0,12.0,2130.0,2545.0,6,4,4,6.0,6,4,,,,,2,1,Completed,2,1.8,,,2.1,1.8,2.02,1.75,2.18,1.83
44,Cincinnati,Western & Southern Financial Group Masters,2026-08-19,Masters 1000,Outdoor,Hard,4th Round,3,Cobolli F.,Jodar R.,10.0,11.0,3330.0,2621.0,4,6,7,6.0,6,3,,,,,2,1,Completed,3.5,1.3,,,3.5,1.33,3.34,1.3,3.7,1.36
44,Cincinnati,Western & Southern Financial Group Masters,2026-08-19,Masters 1000,Outdoor,Hard,4th Round,3,Tirante T.A.,Mensik J.,50.0,16.0,1011.0,2395.0,5,7,6,4.0,6,4,,,,,2,1,Completed,2.75,1.44,,,2.75,1.47,2.68,1.44,2.86,1.53
44,Cincinnati,Western & Southern Financial Group Masters,2026-08-19,Masters 1000,Outdoor,Hard,4th Round,3,Paul T.,Zverev A.,24.0,3.0,2075.0,8090.0,4,6,7,6.0,6,4,,,,,2,1,Completed,3.4,1.33,,,3.4,1.37,3.15,1.33,3.6,1.37
44,Cincinnati,Western & Southern Financial Group Masters,2026-08-19,Masters 1000,Outdoor,Hard,4th Round,3,Fils A.,De Minaur A.,21.0,8.0,2140.0,3560.0,6,3,6,4.0,,,,,,,2,0,Completed,1.57,2.38,,,1.57,2.5,1.54,2.4,1.61,2.6
44,Cincinnati,Western & Southern Financial Group Masters,2026-08-19,Masters 1000,Outdoor,Hard,4th Round,3,Nakashima B.,Borges N.,22.0,47.0,2135.0,1045.0,6,3,6,7.0,6,3,,,,,2,1,Completed,1.53,2.5,,,1.6,2.55,1.53,2.41,1.62,2.58
44,Cincinnati,Western & Southern Financial Group Masters,2026-08-20,Masters 1000,Outdoor,Hard,4th Round,3,Fritz T.,O Connell C.,9.0,129.0,3375.0,491.0,6,4,6,3.0,,,,,,,2,0,Completed,1.08,8.0,,,1.1,8.0,1.08,7.17,1.12,8.6
44,Cincinnati,Western & Southern Financial Group Masters,2026-08-20,Masters 1000,Outdoor,Hard,4th Round,3,Musetti L.,Faria J.,15.0,79.0,2415.0,762.0,7,5,6,2.0,,,,,,,2,0,Completed,1.3,3.5,,,1.34,3.5,1.31,3.25,1.36,3.7
44,Cincinnati,Western & Southern Financial Group Masters,2026-08-20,Masters 1000,Outdoor,Hard,4th Round,3,Tiafoe F.,Auger-Aliassime F.,23.0,4.0,2130.0,4740.0,6,3,6,4.0,,,,,,,2,0,Completed,2.75,1.44,,,2.75,1.45,2.71,1.43,2.98,1.49
44,Cincinnati,Western & Southern Financial Group Masters,2026-08-20,Masters 1000,Outdoor,Hard,Quarterfinals,3,Cobolli F.,Paul T.,10.0,24.0,3330.0,2075.0,2,6,6,3.0,6,4,,,,,2,1,Completed,2.3,1.62,,,2.33,1.73,2.23,1.62,2.4,1.7
44,Cincinnati,Western & Southern Financial Group Masters,2026-08-21,Masters 1000,Outdoor,Hard,Quarterfinals,3,Fils A.,Tirante T.A.,21.0,50.0,2140.0,1011.0,6,3,6,2.0,,,,,,,2,0,Completed,1.29,3.75,,,1.29,3.75,1.28,3.55,1.31,4.2
44,Cincinnati,Western & Southern Financial Group Masters,2026-08-21,Masters 1000,Outdoor,Hard,Quarterfinals,3,Nakashima B.,Fritz T.,22.0,9.0,2135.0,3375.0,7,6,4,6.0,6,3,,,,,2,1,Completed,2.5,1.53,,,2.54,1.54,2.49,1.51,2.66,1.59
44,Cincinnati,Western & Southern Financial Group Masters,2026-08-22,Masters 1000,Outdoor,Hard,Quarterfinals,3,Tiafoe F.,Musetti L.,23.0,15.0,2130.0,2415.0,7,6,7,5.0,,,,,,,2,0,Completed,1.91,1.91,,,1.92,1.91,1.87,1.87,1.99,1.99
44,Cincinnati,Western & Southern Financial Group Masters,2026-08-22,Masters 1000,Outdoor,Hard,Semifinals,3,Fils A.,Cobolli F.,21.0,10.0,2140.0,3330.0,6,3,6,4.0,,,,,,,2,0,Completed,1.36,3.2,,,1.36,3.2,1.34,3.1,1.42,3.35
44,Cincinnati,Western & Southern Financial Group Masters,2026-08-23,Masters 1000,Outdoor,Hard,Semifinals,3,Tiafoe F.,Nakashima B.,23.0,22.0,2130.0,2135.0,7,5,6,3.0,,,,,,,2,0,Completed,2,1.8,,,2.0,1.85,1.96,1.8,2.04,1.95
44,Cincinnati,Western & Southern Financial Group Masters,2026-08-23,Masters 1000,Outdoor,Hard,The Final,3,Fils A.,Tiafoe F.,21.0,23.0,2140.0,2130.0,6,3,1,6.0,6,0,,,,,2,1,Completed,1.44,2.75,,,1.5,2.75,1.45,2.63,1.5,2.96
45,Winston-Salem,Winston-Salem Open at Wake Forest University,2026-08-23,ATP250,Outdoor,Hard,1st Round,3,Brooksby J.,Mpetshi G.,73.0,104.0,800.0,600.0,6,3,6,2.0,,,,,,,2,0,Completed,1.53,2.5,,,1.54,2.63,1.51,2.48,1.58,2.72
45,Winston-Salem,Winston-Salem Open at Wake Forest University,2026-08-23,ATP250,Outdoor,Hard,1st Round,3,Kecmanovic M.,Shimabukuro S.,64.0,87.0,925.0,705.0,6,4,6,3.0,,,,,,,2,0,Completed,1.4,3.0,,,1.42,3.0,1.39,2.88,1.45,3.15
45,Winston-Salem,Winston-Salem Open at Wake Forest University,2026-08-23,ATP250,Outdoor,Hard,1st Round,3,Comesana F.,Wu Y.,123.0,113.0,503.0,551.0,6,3,6,4.0,,,,,,,2,0,Completed,2.38,1.57,,,2.5,1.57,2.46,1.52,2.58,1.61
45,Winston-Salem,Winston-Salem Open at Wake Forest University,2026-08-23,ATP250,Outdoor,Hard,1st Round,3,Bellucci M.,Landaluce M.,96.0,65.0,656.0,922.0,6,4,6,7.0,6,1,,,,,2,1,Completed,2.1,1.73,,,2.1,1.8,2.05,1.73,2.14,1.86
45,Winston-Salem,Winston-Salem Open at Wake Forest University,2026-08-23,ATP250,Outdoor,Hard,1st Round,3,Vallejo D.,Carreno Busta P.,61.0,66.0,948.0,899.0,6,4,3,0.0,,,,,,,1,0,Retired,2.1,1.73,,,2.12,1.73,2.09,1.7,2.2,1.81
45,Winston-Salem,Winston-Salem Open at Wake Forest University,2026-08-24,ATP250,Outdoor,Hard,1st Round,3,Hijikata R.,Blanch Dar.,85.0,241.0,709.0,232.0,6,4,7,6.0,,,,,,,2,0,Completed,1.4,3.0,,,1.43,3.05,1.4,2.88,1.46,3.1
45,Winston-Salem,Winston-Salem Open at Wake Forest University,2026-08-24,ATP250,Outdoor,Hard,1st Round,3,Bonzi B.,Majchrzak K.,109.0,72.0,572.0,827.0,6,4,7,6.0,,,,,,,2,0,Completed,2.63,1.5,,,2.75,1.5,2.66,1.45,2.92,1.51
45,Winston-Salem,Winston-Salem Open at Wake Forest University,2026-08-24,ATP250,Outdoor,Hard,1st Round,3,Duckworth J.,Vandecasteele Q.,79.0,456.0,763.0,102.0,6,2,6,1.0,,,,,,,2,0,Completed,1.29,3.75,,,1.3,3.75,1.29,3.41,1.35,3.85
45,Winston-Salem,Winston-Salem Open at Wake Forest University,2026-08-24,ATP250,Outdoor,Hard,1st Round,3,Suresh D.,Giron M.,394.0,77.0,124.0,765.0,6,3,7,5.0,,,,,,,2,0,Completed,3.4,1.33,,,3.4,1.36,3.17,1.33,3.3,1.41
45,Winston-Salem,Winston-Salem Open at Wake Forest University,2026-08-24,ATP250,Outdoor,Hard,1st Round,3,Sonego L.,Herbert P.,91.0,288.0,683.0,194.0,7,6,4,6.0,6,3,,,,,2,1,Completed,1.29,3.75,,,1.5,3.75,1.4,3.01,1.98,2.0
45,Winston-Salem,Winston-Salem Open at Wake Forest University,2026-08-24,ATP250,Outdoor,Hard,1st Round,3,Hewitt C.,Gorzny S.,368.0,760.0,139.0,39.0,1,6,7,6.0,6,4,,,,,2,1,Completed,1.8,2.0,,,1.91,2.02,1.85,1.9,2.0,1.99
45,Winston-Salem,Winston-Salem Open at Wake Forest University,2026-08-24,ATP250,Outdoor,Hard,1st Round,3,Walton A.,De Jong J.,93.0,99.0,670.0,628.0,6,2,6,4.0,,,,,,,2,0,Completed,1.53,2.5,,,1.54,2.5,1.52,2.46,1.58,2.62
45,Winston-Salem,Winston-Salem Open at Wake Forest University,2026-08-24,ATP250,Outdoor,Hard,1st Round,3,Damm M.,Shelbayh A.,92.0,256.0,675.0,218.0,6,4,7,6.0,,,,,,,2,0,Completed,1.36,3.2,,,1.4,3.2,1.35,3.06,1.41,3.3
45,Winston-Salem,Winston-Salem Open at Wake Forest University,2026-08-24,ATP250,Outdoor,Hard,1st Round,3,Rottgering M.,Choinski J.,389.0,75.0,127.0,773.0,7,5,2,6.0,6,4,,,,,2,1,Completed,2.3,1.62,,,2.3,1.67,2.22,1.62,2.34,1.73
45,Winston-Salem,Winston-Salem Open at Wake Forest University,2026-08-24,ATP250,Outdoor,Hard,1st Round,3,Grenier H.,Safiullin R.,255.0,98.0,218.0,634.0,7,6,4,6.0,6,3,,,,,2,1,Completed,,,,,5.75,1.14,5.59,1.13,6.4,1.17
45,Winston-Salem,Winston-Salem Open at Wake Forest University,2026-08-25,ATP250,Outdoor,Hard,1st Round,3,Kovacevic A.,Balshaw F.,89.0,257.0,690.0,218.0,6,4,7,6.0,,,,,,,2,0,Completed,1.44,2.75,,,1.45,2.95,1.42,2.74,1.47,3.05
45,Winston-Salem,Winston-Salem Open at Wake Forest University,2026-08-24,ATP250,Outdoor,Hard,2nd Round,3,Tsitsipas S.,Brooksby J.,53.0,73.0,1000.0,800.0,6,4,7,6.0,,,,,,,2,0,Completed,1.62,2.3,,,1.62,2.3,1.6,2.26,1.73,2.32
45,Winston-Salem,Winston-Salem Open at Wake Forest University,2026-08-25,ATP250,Outdoor,Hard,2nd Round,3,Altmaier D.,Comesana F.,57.0,123.0,964.0,503.0,6,1,7,6.0,,,,,,,2,0,Completed,1.91,1.91,,,1.98,1.91,1.89,1.86,2.0,1.98
45,Winston-Salem,Winston-Salem Open at Wake Forest University,2026-08-25,ATP250,Outdoor,Hard,2nd Round,3,Darderi L.,Bellucci M.,22.0,96.0,2175.0,656.0,2,6,6,4.0,6,2,,,,,2,1,Completed,1.73,2.1,,,1.8,2.1,1.76,2.0,1.96,2.02
45,Winston-Salem,Winston-Salem Open at Wake Forest University,2026-08-25,ATP250,Outdoor,Hard,2nd Round,3,Buse I.,Walton A.,36.0,93.0,1310.0,670.0,6,2,5,7.0,6,3,,,,,2,1,Completed,2.5,1.53,,,2.5,1.57,2.39,1.54,2.58,1.62
45,Winston-Salem,Winston-Salem Open at Wake Forest University,2026-08-25,ATP250,Outdoor,Hard,2nd Round,3,Van De Zandschulp B.,Vallejo D.,71.0,61.0,834.0,948.0,6,2,6,0.0,,,,,,,2,0,Completed,1.62,2.3,,,1.67,2.3,1.62,2.23,1.76,2.28
45,Winston-Salem,Winston-Salem Open at Wake Forest University,2026-08-25,ATP250,Outdoor,Hard,2nd Round,3,Bonzi B.,Halys Q.,109.0,52.0,572.0,1030.0,2,6,7,6.0,6,3,,,,,2,1,Completed,2.5,1.53,,,2.5,1.54,2.45,1.53,2.62,1.6
45,Winston-Salem,Winston-Salem Open at Wake Forest University,2026-08-25,ATP250,Outdoor,Hard,2nd Round,3,Kovacevic A.,Van Assche L.,89.0,40.0,690.0,1140.0,6,1,7,6.0,,,,,,,2,0,Completed,2.1,1.73,,,2.15,1.73,2.12,1.69,2.16,1.85
45,Winston-Salem,Winston-Salem Open at Wake Forest University,2026-08-25,ATP250,Outdoor,Hard,2nd Round,3,Cerundolo J.M.,Suresh D.,51.0,394.0,1040.0,124.0,7,6,6,3.0,,,,,,,2,0,Completed,1.4,3.0,,,1.4,3.0,1.38,2.9,1.45,3.1
45,Winston-Salem,Winston-Salem Open at Wake Forest University,2026-08-25,ATP250,Outdoor,Hard,2nd Round,3,Hijikata R.,Collignon R.,85.0,38.0,709.0,1207.0,3,6,7,6.0,7,6,,,,,2,1,Completed,2,1.8,,,2.02,1.8,1.99,1.77,2.1,1.87
45,Winston-Salem,Winston-Salem Open at Wake Forest University,2026-08-25,ATP250,Outdoor,Hard,2nd Round,3,Fery A.,Hewitt C.,37.0,368.0,1253.0,139.0,6,1,7,5.0,,,,,,,2,0,Completed,1.17,5.0,,,1.19,5.0,1.18,4.6,1.22,5.1
45,Winston-Salem,Winston-Salem Open at Wake Forest University,2026-08-25,ATP250,Outdoor,Hard,2nd Round,3,Duckworth J.,Navone M.,79.0,48.0,763.0,1065.0,6,3,7,6.0,,,,,,,2,0,Completed,2.38,1.57,,,2.38,1.62,2.32,1.57,2.4,1.7
45,Winston-Salem,Winston-Salem Open at Wake Forest University,2026-08-25,ATP250,Outdoor,Hard,2nd Round,3,Rottgering M.,Machac T.,389.0,58.0,127.0,960.0,6,2,7,6.0,,,,,,,2,0,Completed,2.75,1.44,,,2.9,1.44,2.83,1.4,2.98,1.47
45,Winston-Salem,Winston-Salem Open at Wake Forest University,2026-08-25,ATP250,Outdoor,Hard,2nd Round,3,Damm M.,Medvedev D.,92.0,8.0,675.0,3580.0,7,5,6,3.0,,,,,,,2,0,Completed,4,1.25,,,4.0,1.25,3.82,1.24,4.6,1.26
45,Winston-Salem,Winston-Salem Open at Wake Forest University,2026-08-26,ATP250,Outdoor,Hard,2nd Round,3,Baez S.,Grenier H.,50.0,255.0,1044.0,218.0,7,5,7,6.0,,,,,,,2,0,Completed,1.25,4.0,,,1.25,4.0,1.23,3.89,1.27,4.5
45,Winston-Salem,Winston-Salem Open at Wake Forest University,2026-08-26,ATP250,Outdoor,Hard,2nd Round,3,Marozsan F.,Kecmanovic M.,63.0,64.0,930.0,925.0,6,3,6,4.0,,,,,,,2,0,Completed,2.1,1.73,,,2.2,1.73,2.13,1.68,2.22,1.79
45,Winston-Salem,Winston-Salem Open at Wake Forest University,2026-08-26,ATP250,Outdoor,Hard,2nd Round,3,Sonego L.,Mannarino A.,91.0,67.0,683.0,895.0,6,1,7,6.0,,,,,,,2,0,Completed,1.67,2.2,,,1.7,2.24,1.67,2.15,1.77,2.26
45,Winston-Salem,Winston-Salem Open at Wake Forest University,2026-08-26,ATP250,Outdoor,Hard,3rd Round,3,Buse I.,Altmaier D.,36.0,57.0,1310.0,964.0,7,6,7,5.0,,,,,,,2,0,Completed,1.73,2.1,,,1.75,2.1,1.71,2.09,1.81,2.2
45,Winston-Salem,Winston-Salem Open at Wake Forest University,2026-08-26,ATP250,Outdoor,Hard,3rd Round,3,Bonzi B.,Hijikata R.,109.0,85.0,572.0,709.0,6,1,6,1.0,,,,,,,2,0,Completed,1.91,1.91,,,1.93,1.91,1.89,1.85,2.02,1.96
45,Winston-Salem,Winston-Salem Open at Wake Forest University,2026-08-26,ATP250,Outdoor,Hard,3rd Round,3,Van De Zandschulp B.,Darderi L.,71.0,22.0,834.0,2175.0,6,1,6,0.0,,,,,,,2,0,Completed,1.62,2.3,,,1.65,2.31,1.61,2.25,1.71,2.38
45,Winston-Salem,Winston-Salem Open at Wake Forest University,2026-08-26,ATP250,Outdoor,Hard,3rd Round,3,Fery A.,Rottgering M.,37.0,389.0,1253.0,127.0,6,3,6,3.0,,,,,,,2,0,Completed,1.44,2.75,,,1.44,2.83,1.43,2.71,1.5,2.98
45,Winston-Salem,Winston-Salem Open at Wake Forest University,2026-08-26,ATP250,Outdoor,Hard,3rd Round,3,Cerundolo J.M.,Baez S.,51.0,50.0,1040.0,1044.0,6,2,4,0.0,,,,,,,1,0,Retired,2.3,1.62,,,2.31,1.62,2.26,1.6,2.44,1.67
45,Winston-Salem,Winston-Salem Open at Wake Forest University,2026-08-26,ATP250,Outdoor,Hard,3rd Round,3,Duckworth J.,Sonego L.,79.0,91.0,763.0,683.0,7,5,6,3.0,,,,,,,2,0,Completed,2,1.8,,,2.1,1.8,2.06,1.72,2.2,1.8
45,Winston-Salem,Winston-Salem Open at Wake Forest University,2026-08-26,ATP250,Outdoor,Hard,3rd Round,3,Kovacevic A.,Tsitsipas S.,89.0,53.0,690.0,1000.0,6,3,7,6.0,,,,,,,2,0,Completed,3,1.4,,,3.1,1.4,2.99,1.36,3.3,1.42
45,Winston-Salem,Winston-Salem Open at Wake Forest University,2026-08-27,ATP250,Outdoor,Hard,3rd Round,3,Marozsan F.,Damm M.,63.0,92.0,930.0,675.0,2,6,6,3.0,6,3,,,,,2,1,Completed,1.73,2.1,,,1.73,2.2,1.69,2.12,1.76,2.28
45,Winston-Salem,Winston-Salem Open at Wake Forest University,2026-08-27,ATP250,Outdoor,Hard,Quarterfinals,3,Bonzi B.,Van De Zandschulp B.,109.0,71.0,572.0,834.0,7,6,6,4.0,,,,,,,2,0,Completed,2.75,1.44,,,2.75,1.5,2.65,1.46,2.84,1.53
45,Winston-Salem,Winston-Salem Open at Wake Forest University,2026-08-27,ATP250,Outdoor,Hard,Quarterfinals,3,Buse I.,Cerundolo J.M.,36.0,51.0,1310.0,1040.0,7,6,4,6.0,6,2,,,,,2,1,Completed,2.1,1.73,,,2.1,1.8,2.03,1.74,2.16,1.84
45,Winston-Salem,Winston-Salem Open at Wake Forest University,2026-08-28,ATP250,Outdoor,Hard,Quarterfinals,3,Fery A.,Kovacevic A.,37.0,89.0,1253.0,690.0,3,6,7,5.0,6,3,,,,,2,1,Completed,1.91,1.91,,,1.91,1.96,1.86,1.88,2.0,1.99
45,Winston-Salem,Winston-Salem Open at Wake Forest University,2026-08-28,ATP250,Outdoor,Hard,Quarterfinals,3,Duckworth J.,Marozsan F.,79.0,63.0,763.0,930.0,6,7,6,2.0,6,4,,,,,2,1,Completed,2.38,1.57,,,2.38,2.0,2.26,1.62,2.52,1.64
45,Winston-Salem,Winston-Salem Open at Wake Forest University,2026-08-28,ATP250,Outdoor,Hard,Semifinals,3,Buse I.,Bonzi B.,36.0,109.0,1310.0,572.0,6,2,4,6.0,6,1,,,,,2,1,Completed,2.1,1.73,,,2.2,1.73,2.12,1.68,2.26,1.78
45,Winston-Salem,Winston-Salem Open at Wake Forest University,2026-08-29,ATP250,Outdoor,Hard,Semifinals,3,Fery A.,Duckworth J.,37.0,79.0,1253.0,763.0,6,4,1,2.0,,,,,,,1,0,Retired,1.57,2.38,,,1.65,2.38,1.59,2.28,1.67,2.48
45,Winston-Salem,Winston-Salem Open at Wake Forest University,2026-08-29,ATP250,Outdoor,Hard,The Final,3,Buse I.,Fery A.,36.0,37.0,1310.0,1253.0,6,3,6,2.0,,,,,,,2,0,Completed,2.1,1.73,,,2.1,1.8,2.04,1.74,2.22,1.8
